date,precip_mm,CEDI,EDI,SPI6,SPI3
2010-01-01,0.0,-0.267052753954676,0.5285633284158597,-0.21467142425102415,0.30417790128347927
2010-01-02,2.5,-0.180754184418114,0.6057732590037304,-0.18108067232040426,0.34700604872952356
2010-01-03,0.0,-0.27143591071802625,0.6200906502812804,-0.17097010193676523,0.3714561491557032
2010-01-04,13.5,0.2354383687882221,1.0300416332285605,-0.0915625588861498,0.4874129104218493
2010-01-05,0.0,0.1452135823305107,0.9803343018966021,-0.6288538319562774,0.4853031860658811
2010-01-06,0.0,0.08162931111066583,0.9433297392027755,-0.6030891630444396,0.4974489412562279
2010-01-07,0.0,0.03578620609106631,0.8839098955114939,-0.5806329989376836,0.5192301637742338
2010-01-08,0.0,-0.0006394803224773904,0.8774825793051589,-1.1866215030234784,0.5406592045628257
2010-01-09,0.0,-0.04375318620389218,0.8618486198606666,-1.1598389247419374,0.561975133647184
2010-01-10,0.0,-0.05875893863736168,0.8528745154762113,-1.284120047366285,0.582664935749206
2010-01-11,0.0,-0.060311407410856076,0.8160519537438579,-1.2642276997100765,0.6042407330519223
2010-01-12,0.0,-0.08283032404967043,0.7853857283457641,-1.2395012373607228,0.5700269926574674
2010-01-13,0.0,-0.11537274795770638,0.7711873115742492,-1.3547915200975136,0.5906729451202631
2010-01-14,0.0,-0.13092738926971323,0.7050631302415403,-1.434104767332953,0.6113056281501543
2010-01-15,0.0,-0.1523914407678223,0.7053026209273098,-1.4142091177618996,0.6292088996615817
2010-01-16,0.0,-0.176194738332032,0.7070607923482825,-1.396465154994338,0.6335812573138121
2010-01-17,0.0,-0.18747916727160002,0.7110091562450684,-1.3750718406671663,0.6042457685547876
2010-01-18,0.0,-0.1992165445186162,0.7163139573922896,-1.3535472131988715,0.621469516689917
2010-01-19,0.0,-0.20597875228136908,0.7096492473508653,-1.4619159700300375,0.6370709422453676
2010-01-20,5.5,-0.02890550370386339,0.8468494073299792,-1.4365576400518782,0.6916965618469473
2010-01-21,14.0,0.3998157958067304,1.256834946616607,-1.4095070166725718,0.8060112051169729
2010-01-22,0.0,0.3115224957986635,1.2039671262274225,-1.3851403668877345,0.8211405050079614
2010-01-23,0.0,0.257973947670843,1.1244944588706833,-1.3602015726037087,0.838203164039474
2010-01-24,0.0,0.23145121473332098,1.1034064854576868,-1.3361600515212504,0.8555789984580346
2010-01-25,0.0,0.21386101845566827,1.0960654525521774,-1.3783973527485873,0.8720869800510781
2010-01-26,0.0,0.2029138396103208,1.1093975684297377,-1.3552159462731634,0.8868054643390658
2010-01-27,0.1,0.1834391978918061,1.1003937613811932,-1.3307367793500273,0.9029330566277157
2010-01-28,0.0,0.14153189666172705,1.0262253517805346,-1.306719520431104,0.9163254609400743
2010-01-29,0.0,0.09721098557026363,0.9883286510012284,-1.2818879018562446,0.8526352708861982
2010-01-30,0.0,0.056692325294369975,0.9201128946848635,-1.2547625626429963,0.4721166938891416
2010-01-31,0.0,0.02831257299041043,0.8467021723827207,-1.2241426477454893,0.11148156807439367
2010-02-01,0.2,0.020357150020159157,0.8340576900914651,-1.1933364434628855,0.12567917032950554
2010-02-02,0.0,0.01812646391597938,0.870206715231145,-1.1837059280621327,0.13753180782510468
2010-02-03,0.0,0.02043413224766582,0.8965476911663464,-1.187393482149121,0.14857288037677316
2010-02-04,0.0,0.024183386329448477,0.9013816952703889,-1.157695803853668,0.15799291952194508
2010-02-05,0.0,0.02316028530707805,0.9113087770892874,-1.125226339984231,0.16796541630885103
2010-02-06,0.0,0.024506038666869588,0.9508633810573127,-1.0897979892289713,0.13572436117664108
2010-02-07,0.0,0.019802498875575832,0.9651143184609187,-1.3878684789270062,-0.10287842273155813
2010-02-08,0.0,0.010457919516152953,0.9511115742105462,-1.9127123947623454,-0.5232194594799501
2010-02-09,10.0,0.3542257507506472,1.2950550355107195,-1.8013732493802048,-0.5278156422896815
2010-02-10,18.5,0.9335256014991818,1.8130924844713225,-1.6306068463111525,-0.32563475956542803
2010-02-11,28.5,0.46423104831651696,0.1992036559264812,-1.404974345442266,-0.08168658790514126
2010-02-12,33.5,1.4546599212420794,1.0355731644818589,-1.1628469440431435,0.28468855400077075
2010-02-13,0.1,1.13400259528628,0.7608176036359714,-1.1205092177417018,0.29267256637977573
2010-02-14,0.0,0.9196148688742195,0.5576526232211815,-1.0749887072204702,0.29815863765177164
2010-02-15,0.5,0.7044295915582446,0.40205433605049784,-1.0266634869805977,0.3078254288024913
2010-02-16,2.0,0.573067636135519,0.32140988499247597,-0.9743697839350152,0.33042800764711255
2010-02-17,0.0,0.4083078212350385,0.19646491285004655,-0.9312925666240133,0.3332551012882179
2010-02-18,0.0,0.30389622053317095,0.09975249397901181,-0.8895305480383752,0.33500753552287527
2010-02-19,0.0,0.23223403060948897,0.031221479926812675,-0.8602033720413246,0.3362444019093995
2010-02-20,0.0,0.1604648881651088,-0.030364043249477106,-0.8190105335324422,0.3370359159986519
2010-02-21,0.0,0.09284931542665584,-0.07188295227640573,-0.7797201838576897,0.3374829129862681
2010-02-22,0.0,0.02866030139227565,-0.10692348134688968,-0.7470350597786023,0.33594630766171474
2010-02-23,0.0,-0.029606351139695213,-0.1400393333679304,-0.7405558281937193,0.33258979482983847
2010-02-24,0.0,-0.06534438821128752,-0.17298333471398383,-0.7011925662060736,0.3302437092864404
2010-02-25,0.1,-0.09127680407439134,-0.1935307740655659,-0.6908601609339604,0.32817835022454467
2010-02-26,1.0,-0.09795607917862298,-0.19821851121742828,-0.6471646095082504,0.23103023639642337
2010-02-27,0.3,-0.14211259361345202,-0.24098420297635614,-0.6079388710846002,0.19023576241656295
2010-02-28,0.0,-0.18698161590937612,-0.28226131734703674,-0.5710815511533989,0.17058174517962638
2010-03-01,43.0,0.9347922956116785,0.7269524574413677,-0.31102407773429985,0.571093330957902
2010-03-02,0.5,0.7223119799819712,0.5170009333318606,-0.27269934363954956,0.5689761507575734
2010-03-03,0.0,0.48383180556703187,0.31662784871914845,-0.23855650670209244,0.5543704368171404
2010-03-04,6.5,0.5606997032707439,0.3894600371321563,-0.17232293533457507,0.604776870760525
2010-03-05,3.0,0.5276661448635835,0.3532666171362491,-0.1232192592113445,0.6120718732679219
2010-03-06,9.0,0.6767910615838851,0.4850208762660864,-0.05663964004163946,0.6834326994071593
2010-03-07,13.5,0.9320858726423502,0.7203837912527019,0.010664313216656451,0.789367176193517
2010-03-08,19.1,1.3802236709871885,1.1093602572461665,0.13521843192898797,0.9348839549401318
2010-03-09,14.5,1.6458522818769965,1.3758957962864484,0.23497489698000174,1.0390348998699843
2010-03-10,15.0,1.9310632457524006,1.6580202595288993,0.33632816649774,1.0872796698749985
2010-03-11,0.0,1.743949832015486,1.4771405845701244,0.32626385305439354,1.0331029089732529
2010-03-12,0.0,1.6085662470688338,1.3507144238792737,0.35708682742493,1.0308706641351733
2010-03-13,0.0,1.5468132507531955,1.2705156743318484,0.38840751412647123,1.0291406703254873
2010-03-14,0.0,1.5126121087693132,1.2060237884889533,0.41998055824972746,1.0268404389445707
2010-03-15,3.5,1.5849281637359205,1.2636052292630542,0.46378639418099954,1.0505641177554033
2010-03-16,0.0,1.4766487885830015,1.138232309241833,0.49010196854635274,1.0462430451400972
2010-03-17,0.0,1.3920911945667682,1.0433787399152288,0.5149495245707917,1.0422712333245656
2010-03-18,0.0,1.3231307088102662,0.9772027384384898,0.5408506338781138,1.039331917679888
2010-03-19,0.0,1.22123350227997,0.8926115131363762,0.5679414246118679,1.0367118485510376
2010-03-20,1.5,1.20839057928638,0.8849316368502216,0.5875063468420104,1.0455262673359649
2010-03-21,0.1,1.1367065617698788,0.819474571155158,0.6138244763787212,1.043565983406264
2010-03-22,0.0,1.0229359367379294,0.7157924759769148,0.6393569169046,1.0409310486090582
2010-03-23,0.0,0.916974083504957,0.629433131690288,0.6650748783783283,1.038419043824514
2010-03-24,0.0,0.7637420821432381,0.5469514504554366,0.6909060616287771,1.036095595052185
2010-03-25,31.0,1.7205082815029678,1.4239746925325547,0.8714760829315427,1.284507978212571
2010-03-26,0.0,1.551845225026229,1.2547037706866013,0.8317739276220406,1.2840713089787892
2010-03-27,12.0,1.7907747515452537,1.4775413140163196,0.835090713945657,1.3773864061251757
2010-03-28,0.0,1.5918955258977103,1.315164358156317,0.8571143491353665,1.3773830096643662
2010-03-29,0.0,1.4139079273197914,1.1725265563000482,0.8778586654246712,1.3771891521918853
2010-03-30,0.0,1.265609002343022,1.0536707727279557,0.8974106862481509,1.37682692355127
2010-03-31,0.3,1.251786764300297,1.007016437275238,0.9168960222000297,1.3766529977517203
2010-04-01,0.2,1.2146911441705663,0.9769549844312234,0.9355409177053418,1.3759079508202245
2010-04-02,0.0,1.1429662831012517,0.8879356597882333,0.952649320083858,1.3521556500912575
2010-04-03,0.0,1.1091658328767886,0.8573830418538478,0.9691383814527395,1.3461191720544465
2010-04-04,0.0,0.9569896509391038,0.7362718814299085,0.9846332408187614,1.2260010490003002
2010-04-05,0.0,0.9084216499601165,0.6801257785850144,0.9803601798065177,1.2187279133012447
2010-04-06,3.5,0.9339134022869903,0.7104849295969454,1.00522987541752,1.2404056754171506
2010-04-07,5.0,1.0474526153525534,0.820077352233439,1.0459848342258988,1.2750236324362256
2010-04-08,0.0,0.9355222898826162,0.7010205082832612,1.059541424573387,1.2679496383544897
2010-04-09,0.0,0.8653765618992016,0.6308620075138685,1.072474625073381,1.2610824147364328
2010-04-10,0.0,0.7602181238207771,0.5562930448663436,1.0854337686121498,1.2528270834079438
2010-04-11,0.0,0.7082588089853337,0.5087060200684697,1.0981448200396025,1.243648888100294
2010-04-12,0.1,0.6004575035353303,0.43042402541248104,1.0690705907408007,1.2360663771475093
2010-04-13,0.1,0.5533561961779274,0.38450803950807116,1.0824650398165225,1.2277710425645731
2010-04-14,0.0,0.5106183691455735,0.34500590547504434,1.094486580232022,1.217516121870562
2010-04-15,0.0,0.46284300735319506,0.3023181582108149,1.1046696794359863,1.2096436730313238
2010-04-16,0.0,0.4257356480166595,0.26480035235069443,1.1168382075971057,1.2017803782194398
2010-04-17,0.0,0.382490364158108,0.21590194273041,1.0899777008531024,1.1934593565285208
2010-04-18,0.0,0.3404125239098797,0.16048829498449724,1.0983655664027634,1.1847832293113694
2010-04-19,0.0,0.2761152620616686,0.10531670183600615,1.1053624397933866,1.1776035949734212
2010-04-20,0.0,0.20598522700197044,0.04081430982025507,1.1127886286054465,1.123804388127113
2010-04-21,5.5,0.3611317322890997,0.17296579541188797,1.1510882580042874,1.0415204281331183
2010-04-22,8.5,0.5654213763166719,0.3736892326535442,1.206286892340339,1.1105694075386392
2010-04-23,2.0,0.5306014080283048,0.34520665801593525,1.22593175884939,1.1197127156602984
2010-04-24,0.0,0.3924178258975892,0.23952453799814116,1.2352010280321906,1.1105774506561843
2010-04-25,0.0,0.3070858487410968,0.1540684625762712,1.2440594641985891,1.1011659953858317
2010-04-26,3.0,0.3208658377251652,0.16706994076076942,1.2684770857499803,1.1189756012845709
2010-04-27,0.5,0.2191863174324796,0.0779798744576837,1.2795013722385526,1.1138151321864038
2010-04-28,0.0,0.11456555659940672,-0.010620153376592252,1.2853704408243019,1.1027383759581377
2010-04-29,0.0,0.027705893206024693,-0.06809106840828888,1.229208640459062,1.0921366375623551
2010-04-30,0.0,-0.04496528208726202,-0.13147064176289475,0.9369227002130749,1.0812427825948168
2010-05-01,0.0,-0.08754659142294971,-0.17095217060244136,0.6842592436839702,1.0706761605142145
2010-05-02,0.0,-0.098658795429827,-0.18720314765758989,0.6878264143635439,1.0591730625904325
2010-05-03,0.0,-0.10409083761455978,-0.1957585843342037,0.6908030180983187,1.0505937589091152
2010-05-04,0.0,-0.12461811201165003,-0.2138556244089473,0.6930784239596512,1.0421529890964636
2010-05-05,0.0,-0.16624264225342383,-0.2497781472746797,0.6946409277521677,1.0333696601100453
2010-05-06,0.0,-0.21822385941504036,-0.2899389561301125,0.696367236416975,1.0240780928099802
2010-05-07,0.0,-0.20479379465240555,-0.2600759007570761,0.6699640245498659,1.0160239679586447
2010-05-08,0.0,-0.26426413057945464,-0.3153402951177177,0.51586824055635,1.0091884456585039
2010-05-09,0.0,-0.307489973187327,-0.3522733147686688,0.2745233289339719,0.9999774207556025
2010-05-10,0.0,-0.32522648793694064,-0.35472696209952814,0.19095820135184224,0.894230721509887
2010-05-11,8.0,-0.09974047199973392,-0.16370964120692716,0.21577290634052354,0.7814282911709161
2010-05-12,0.0,-0.19145673394644336,-0.24046572178263773,0.14279065751950837,0.47467260439803255
2010-05-13,0.0,-0.21424669070091534,-0.26779642175998486,0.14191631628354381,0.0827403904719873
2010-05-14,0.0,-0.2785397132914168,-0.3283112912075528,0.14209304858633198,0.07360372777174207
2010-05-15,0.0,-0.34695112192019945,-0.3889563138373856,0.1422249013371673,0.06689611228573128
2010-05-16,0.0,-0.38490266879804635,-0.40442968443465194,0.14175587474656168,0.05431277327638709
2010-05-17,0.5,-0.3942390704271039,-0.42668963056379366,0.14418708474050895,0.030206934634826016
2010-05-18,16.0,0.09295831147340827,0.0121445619279661,0.2620887536133191,0.21504923558223546
2010-05-19,0.0,0.0010851589247221887,-0.07510079151073423,0.2599483024949083,0.20969738263399468
2010-05-20,0.0,-0.04489562906760338,-0.11780472643038285,0.25763883889349476,0.20467904586438304
2010-05-21,0.0,-0.07752202008389182,-0.14430673562383375,0.25471987616419256,0.19915884963843916
2010-05-22,1.0,-0.08760290351245248,-0.15382757596367913,0.25968039590358566,0.20660376222316454
2010-05-23,78.0,2.1525304916175507,1.8904432769394584,0.7939815923933154,1.026634259275018
2010-05-24,1.5,1.4036998975619561,1.2436962134465297,0.7994403207790501,1.037792329773379
2010-05-25,4.0,1.3778216832301287,1.1471517935503972,0.8213462569327434,1.0721288613626556
2010-05-26,1.0,1.277028311560252,1.0305382479533585,0.8230773574087752,1.0769063394396714
2010-05-27,0.0,1.2155976418563559,0.9705613353385033,0.750323660841806,1.0636786662510682
2010-05-28,0.0,1.1653857633801277,0.9173661512930034,0.7193691627564012,1.056824333458413
2010-05-29,0.0,1.1321788113668718,0.874290317239386,0.7045909085005639,1.0543558448609343
2010-05-30,0.0,1.0538241945109916,0.801059441800485,0.6992851915717397,0.6236913738741735
2010-05-31,0.0,0.9835656042841995,0.7346360168137812,0.6937611674250179,0.616067636986941
2010-06-01,0.0,0.8544809574894406,0.6329142358172402,0.68240553105168,0.6141929501742734
2010-06-02,0.0,0.7078987937211958,0.5085624347117224,0.6780505769072391,0.5446365596044389
2010-06-03,0.0,0.6481868293203452,0.42378882727089245,0.6635757009650641,0.5111436478970088
2010-06-04,0.0,0.5776282482640439,0.3655742863857666,0.6584662037356593,0.41090920178305806
2010-06-05,0.0,0.4784503102410251,0.29040174884427294,0.6525595910093295,0.2561083303200313
2010-06-06,0.0,0.41779001840180635,0.22771831217064686,0.6453319690976569,0.026534721276810395
2010-06-07,0.0,0.3242510505144527,0.14907287336064526,0.6379743660491288,-0.15661484038936543
2010-06-08,0.0,0.2322161890566777,0.07493225335602188,0.5762122938794636,-0.356162973276408
2010-06-09,0.0,0.1736130565426553,0.0175567170264308,0.519772524725872,-0.36319634417853064
2010-06-10,0.0,0.13019845300473554,-0.023864536755814715,0.5097713081137968,-0.3725795101312818
2010-06-11,0.0,0.08004015920293875,-0.05390929533169963,0.4972934566562768,-0.3855316629406211
2010-06-12,0.5,0.0537983802399618,-0.055476545058067164,0.4863302991193739,-0.3928568775537522
2010-06-13,0.0,0.010859632633569174,-0.07287432349481772,0.4709368830144857,-0.4541065993972196
2010-06-14,0.1,-0.029515581773704728,-0.0914113956460842,0.4549103565015601,-0.46904393570377295
2010-06-15,8.0,0.21360625253600227,0.0579469360345138,0.4931547213070621,-0.3818194429673264
2010-06-16,0.0,0.13305913485136886,-0.01683553845723304,0.4725807382898375,-0.40363124692086144
2010-06-17,0.0,0.0541131912521331,-0.07263856382765492,0.45085298834597126,-0.4279869664887569
2010-06-18,0.0,-0.04851725091025446,-0.1530582720887612,0.4277013963406813,-0.4725455448179748
2010-06-19,0.0,-0.13735312433475458,-0.23270117379846014,0.4039260964664018,-0.4995132631991367
2010-06-20,2.5,-0.13421115442886777,-0.22106785909925156,0.39532760121577865,-0.4943870300953051
2010-06-21,0.0,-0.20628476657988296,-0.2807059356655534,0.3686731257628438,-0.5214032316374568
2010-06-22,0.0,-0.29922777322843086,-0.35923852357119646,0.34087467469462196,-0.5497114762925495
2010-06-23,0.0,-0.41888176198771876,-0.46460666649715887,0.3130732125126759,-0.9942078874069239
2010-06-24,0.0,-0.479451583904701,-0.5350686110512569,0.28339135182438496,-1.0223071051765957
2010-06-25,0.0,-0.5408000331101301,-0.6022767789874324,0.2524363202135325,-1.224288656005481
2010-06-26,10.5,-0.33584937632757317,-0.4078866594671001,0.29335369824008783,-1.1009739704696035
2010-06-27,11.5,-0.18752028350727976,-0.2649122957336756,0.3386288415228642,-0.9734907102367274
2010-06-28,0.0,-0.3202241536527377,-0.40012452436167434,0.30403056154430325,-1.0033905784559205
2010-06-29,0.1,-0.4201832445911338,-0.4943194297245888,0.26944933886901906,-1.0364105839079336
2010-06-30,1.5,-0.4807461993833225,-0.5677528923372469,0.24216839870789614,-1.052692139790836
2010-07-01,3.0,-0.4413247058802077,-0.5289384706988288,0.2063514343914684,-1.0490765872251349
2010-07-02,9.5,-0.3901277620780412,-0.4621660245559351,0.23045795027730995,-0.9672790569593946
2010-07-03,7.5,-0.3609581279901725,-0.43212774198036996,0.14872480753316078,-0.9163221396324215
2010-07-04,2.0,-0.4619094718120534,-0.5382000998636614,0.12087796718423544,-0.9330574290073883
2010-07-05,2.0,-0.5164466529737325,-0.5911871067955252,0.09384806146992054,-0.9910236358505589
2010-07-06,6.0,-0.441308181646785,-0.5355789774893921,0.09419045210687657,-1.0196035202464178
2010-07-07,1.0,-0.5381107980151332,-0.6341553143328872,0.061173600319938466,-1.0491618208738136
2010-07-08,0.0,-0.6324097907854838,-0.7111716902714452,0.02061136464643393,-1.09586389655441
2010-07-09,9.0,-0.5039923176739177,-0.6005564421014954,0.04033856248476447,-1.0395258048212257
2010-07-10,0.0,-0.6651176312068657,-0.7608808057029749,-0.000899523048887367,-1.0870947282937125
2010-07-11,29.0,-0.1387513789252285,-0.28142462692333503,0.1480000471531964,-0.8176254363735757
2010-07-12,0.0,-0.32181940297390826,-0.4423813101587687,0.1081888980277259,-0.8591841960454575
2010-07-13,0.0,-0.4641510708386028,-0.5679672857408838,0.06919482759230619,-0.8976477293830504
2010-07-14,0.0,-0.5523405944957499,-0.6378161621240322,0.030458537297188084,-0.936223360400437
2010-07-15,0.0,-0.612519368632323,-0.693986815521803,-0.007504520207106624,-0.9744911695007379
2010-07-16,1.0,-0.6368478323071978,-0.6981739339930002,-0.0380419047302644,-1.001077625171337
2010-07-17,4.0,-0.6668561913391949,-0.7175883085428914,-0.04775097187168358,-0.99447177822147
2010-07-18,0.0,-0.6565969680185595,-0.7021809869917541,-0.08209807436340977,-1.0255382390960752
2010-07-19,0.0,-0.7352723082856644,-0.7776119274811599,-0.15083377079385937,-1.0555941189747087
2010-07-20,0.0,-0.8144926883063759,-0.8453780187739393,-0.27486065709559526,-1.1413683207933265
2010-07-21,0.0,-0.8766852633241887,-0.8992632598368439,-0.30479838639606194,-1.2572527824447652
2010-07-22,0.0,-0.889569323246504,-0.9069173844617678,-0.3355180550724667,-1.3068617880027888
2010-07-23,1.0,-0.945535244978132,-0.9575630535868935,-0.35984872600031365,-1.3237202944908395
2010-07-24,1.0,-1.0666951866614724,-1.052849548251926,-0.3842686661463792,-1.3426314478255166
2010-07-25,12.5,-0.8371645285031125,-0.8636071303605625,-0.33361720490173424,-1.2744437061415268
2010-07-26,0.0,-0.7869178663061765,-0.8257006292657244,-0.36512385182003737,-1.3085686080183447
2010-07-27,0.0,-0.8066488184043819,-0.825376785310941,-0.3947273547516447,-1.3346536094243318
2010-07-28,0.0,-0.8207690967486972,-0.8420268911316375,-0.42277805202173824,-1.3584819698276838
2010-07-29,0.0,-0.8592712203289524,-0.8803811565166545,-0.4506383832134082,-1.383559167598909
2010-07-30,0.0,-0.9047457822877136,-0.9173956215803956,-0.477858834403468,-1.409560885892339
2010-07-31,0.0,-0.9561547090138575,-0.9600018120514517,-0.5049508294688314,-1.430417602648741
2010-08-01,0.0,-1.009096983068988,-1.011901552020469,-0.5302774411673609,-1.4500756619875144
2010-08-02,4.5,-0.885353361311878,-0.9177779741313818,-0.5269072415560224,-1.4237880256639008
2010-08-03,0.5,-0.8181003211189539,-0.8564002803085751,-0.5491269120318708,-1.4387228013885394
2010-08-04,0.0,-0.9156409842568479,-0.9222071866251106,-0.5733561011601919,-1.4561385254336883
2010-08-05,0.0,-0.989688600466308,-0.9856184853527209,-0.5979730826976387,-1.4727283848363641
2010-08-06,0.5,-0.9984261116920055,-1.0155748589599323,-0.6200210589313765,-1.4843334800193493
2010-08-07,2.5,-1.0713579613958688,-1.0607306603606665,-0.6293173494706272,-1.4773223546840217
2010-08-08,0.0,-1.1605541831588257,-1.1479959174697798,-0.7139897394775009,-1.4945174912990968
2010-08-09,0.0,-1.2707026201824574,-1.2650869743927562,-0.852232974035753,-1.588067906623067
2010-08-10,13.5,-0.7426612795384316,-0.8658686470675855,-0.9695636538397656,-1.4782628132400282
2010-08-11,23.0,-0.6391813644147603,-0.7233663726739927,-1.0602935092322763,-1.2938489301720266
2010-08-12,0.2,-0.7775395201063798,-0.8255912563892894,-1.085463492706041,-1.3145605978420192
2010-08-13,12.0,-0.6873454719735382,-0.7625539387260791,-1.0376353538752199,-1.239930666054522
2010-08-14,3.0,-0.7593562947864497,-0.8340230517474618,-1.0507444079495514,-1.2425078473643834
2010-08-15,9.5,-0.6105403207012678,-0.7401633814526962,-1.0343613264604656,-1.1989660185237838
2010-08-16,0.5,-0.7247514755384952,-0.8133594241333654,-1.0608465549872634,-1.352197441286656
2010-08-17,0.0,-0.8467155208368488,-0.9158463113744422,-1.0896227365753135,-1.3800415825060608
2010-08-18,7.5,-0.7939705031050506,-0.8883437623373766,-1.0741609066604259,-1.3482984683840393
2010-08-19,0.0,-0.794690338764732,-0.8985492135224449,-1.1045758487639878,-1.3769747454495451
2010-08-20,0.0,-0.7545915680064186,-0.8622093421237802,-1.135570017478087,-1.4150279837131101
2010-08-21,0.0,-0.8805115152411226,-0.9417636213492104,-1.1678178447135514,-2.135806222319728
2010-08-22,0.0,-1.0182383608264989,-1.0485979207970604,-1.1997682926584274,-2.1811512893419
2010-08-23,0.0,-1.1340738301880666,-1.153355797160169,-1.2310133268060568,-2.2507861878906033
2010-08-24,7.5,-1.0799573514205967,-1.107315020111055,-1.2179701640567213,-2.2126884722678897
2010-08-25,36.0,-0.6576993889521547,-0.782295338011827,-1.0489512661032856,-1.90771595391371
2010-08-26,33.0,-0.30291613676422985,-0.5178548002136577,-0.9000157402033462,-1.6610901721423823
2010-08-27,0.1,-0.486356355634191,-0.6831029448949234,-0.9294838295138398,-1.6901124330830273
2010-08-28,0.1,-0.6286627306334999,-0.7907565836886403,-1.1959709030612182,-1.723807988271556
2010-08-29,7.5,-0.7165861243679429,-0.8762517236470386,-1.1884096484018731,-1.7002844300749334
2010-08-30,0.5,-0.8850338624278584,-1.0456162558862856,-1.217930167778529,-1.7320128538878778
2010-08-31,13.5,-0.33090074507145834,-0.49496952755327706,-1.2110126447307756,-1.665508422579887
2010-09-01,0.5,-0.6437295461354343,-0.6601724301269482,-1.2564178953279217,-1.6978064258031431
2010-09-02,7.5,-0.7910082937615889,-0.7327116580291275,-1.2972611310396402,-1.678860409052625
2010-09-03,0.0,-0.730835049516756,-0.7511541909485482,-1.4032974562372078,-1.713370053909699
2010-09-04,0.0,-0.8987520850605856,-0.8377904302503608,-1.5430603453397669,-1.7486102335268412
2010-09-05,27.5,-0.564291603225535,-0.6555901211426289,-1.5004377121155195,-1.5870239609100976
2010-09-06,10.5,-0.44202122494681045,-0.6136395526320888,-1.5577818368693428,-1.5513349889472863
2010-09-07,0.0,-0.5588719477760377,-0.6916489114985646,-1.5919550661032034,-1.5904878962360935
2010-09-08,0.0,-0.5172513420532144,-0.6714234859675533,-1.6256599331231272,-1.6278333882806848
2010-09-09,1.5,-0.63427088192846,-0.7424450401949123,-1.6485391785223247,-1.6495984867988094
2010-09-10,14.5,-0.5213629646172034,-0.6871725124600111,-1.5953421243597534,-1.5829309335038788
2010-09-11,44.0,0.09474469835900376,-0.2852013902520961,-1.400828208378209,-1.3250992195223616
2010-09-12,73.5,0.3506866637079818,0.3166957523037647,-1.0486438457170515,-0.9174684389299849
2010-09-13,0.5,0.06824941550565145,0.12261316513157909,-1.0708215187734569,-0.9781706768291487
2010-09-14,0.0,-0.10195928972713308,0.014098332126615497,-1.0950345416350367,-0.9956207426485622
2010-09-15,0.0,-0.23203514920609275,-0.06847711443184348,-1.1189911084516178,-1.012921880197534
2010-09-16,0.0,-0.3450603924719624,-0.1414017550122356,-1.1483622406416907,-1.0270947214291912
2010-09-17,0.0,-0.4317635508488639,-0.20310979844371538,-1.170405309846032,-1.0397996894346866
2010-09-18,0.0,-0.4488918605443429,-0.24288311279226263,-1.1902232215226864,-1.063685358734226
2010-09-19,22.5,-0.23227700620937614,-0.07154385883314036,-1.098643637626449,-0.9470590317775363
2010-09-20,0.5,-0.331859427569289,-0.1480962368250563,-1.114790016717048,-0.9512525500543186
2010-09-21,54.0,0.32195718734658,0.34997527305445,-1.0233426398898584,-0.6752135900647059
2010-09-22,13.5,0.3228767692507083,0.36068607689411514,-0.9777491891951947,-0.6119494086670703
2010-09-23,0.5,0.1858861583447407,0.27416035459979343,-1.0494439181435318,-0.6130757595697247
2010-09-24,0.0,0.08641862041586339,0.21264912931232863,-1.06764259601206,-0.6684371832564121
2010-09-25,0.0,0.003490921403972603,0.17001557337972556,-1.0851611712876184,-0.7269708619111783
2010-09-26,0.0,-0.07118676898666415,0.13269087068948254,-1.1008645827987242,-0.7252834763172492
2010-09-27,0.0,-0.12122764856370817,0.10027609054095635,-1.117376458000043,-0.7228095534091372
2010-09-28,0.0,-0.1821106351300485,0.06344365663850353,-1.1315333047224825,-0.7231968218857365
2010-09-29,0.0,-0.24261884639146383,0.031113718541677503,-1.144653511917138,-0.7288172236490514
2010-09-30,0.0,-0.25815832069175393,0.00901318310887752,-1.157622857628612,-0.7664690457738063
2010-10-01,0.0,-0.31719347994115926,-0.02283329436978346,-1.170163790795101,-0.7923884042494432
2010-10-02,11.5,-0.17666079871761725,0.08693725518728805,-1.1266860607091784,-0.7295185121442251
2010-10-03,3.0,-0.1589768104421678,0.0639457890992307,-1.1389872216148325,-0.7107210241830023
2010-10-04,0.0,-0.25309565066111395,0.01597788891790098,-1.1728937640834771,-0.7277191645718012
2010-10-05,0.0,-0.30807738906037396,-0.026638341708570264,-1.1836729888766393,-0.7186675252072391
2010-10-06,0.0,-0.33970809344672853,-0.05718330907591603,-1.1946654982647893,-0.703610524032331
2010-10-07,0.0,-0.4018291516442623,-0.08870186435650465,-1.2042840344589496,-0.7334654400198476
2010-10-08,0.5,-0.4473171729744794,-0.1051780506719159,-1.2096488634156686,-0.7143649776423034
2010-10-09,1.0,-0.4612352869426826,-0.10886532134575914,-1.212762104308112,-0.8430199677804999
2010-10-10,0.0,-0.5113900628694111,-0.13683076260625002,-1.220242006198906,-0.8266980087903281
2010-10-11,0.0,-0.5607975411279049,-0.16515307027847628,-1.2265610843283037,-0.8094563940489388
2010-10-12,0.0,-0.569614430542726,-0.1819951063558547,-1.2330874568317367,-0.7920304531251086
2010-10-13,6.0,-0.48783585583566974,-0.1257629712032905,-1.2099452159228594,-0.7436599300814558
2010-10-14,0.0,-0.5238157834442899,-0.15041701206855257,-1.2151455469537944,-0.73398091991411
2010-10-15,0.0,-0.5779910472933733,-0.17305071527219987,-1.2204135601630601,-0.7406164343998605
2010-10-16,0.0,-0.663325882195122,-0.19965361401711532,-1.225293297682002,-0.7261114954408545
2010-10-17,0.0,-0.6674070194055673,-0.21360852449764658,-1.2305215366247835,-0.7122951697313822
2010-10-18,0.0,-0.6520149369297515,-0.21771131650736017,-1.2629038558953984,-0.6994785244572603
2010-10-19,0.0,-0.7060390913634795,-0.2348686801737132,-1.309914976325744,-0.6870739209614481
2010-10-20,0.0,-0.7462534751688716,-0.2446384489352248,-1.3254943769769332,-0.6745007902084016
2010-10-21,23.0,-0.32944222322716377,0.03173703141850956,-1.2201115607552446,-0.547980810676676
2010-10-22,0.0,-0.4318275957780289,-0.027648750002498466,-1.2249091776060226,-0.5390996458919519
2010-10-23,0.0,-0.36298155682475824,-0.04887119743024586,-1.2447628144836025,-0.5904921699768435
2010-10-24,0.0,-0.44969244281510384,-0.0642939427682353,-1.2533577373248792,-0.5747838471591888
2010-10-25,3.5,-0.4374536252269253,-0.03537617788196925,-1.2421418104875825,-0.5406633761890662
2010-10-26,0.0,-0.46232127462266503,-0.04639023225381514,-1.2469238932864815,-0.5253881436475416
2010-10-27,0.0,-0.4914568018204074,-0.06429661190171958,-1.250833063792826,-0.5098455176239208
2010-10-28,0.0,-0.50813662263702,-0.08152910511390885,-1.2543061000151368,-0.494266404400699
2010-10-29,0.0,-0.5280783307632473,-0.10015886856639858,-1.2581989502355535,-0.47954111129809335
2010-10-30,0.0,-0.596143396714443,-0.12388315728280011,-1.2626591248687817,-0.4646894454873374
2010-10-31,5.0,-0.5471502727875268,-0.07678657961620372,-1.241425510946123,-0.4459993387921143
2010-11-01,0.0,-0.5858050231293814,-0.10089568286679113,-1.2435094268543323,-0.4315281288202516
2010-11-02,0.0,-0.6204263445426796,-0.12087376281111976,-1.2464166762039728,-0.4132842154922144
2010-11-03,0.0,-0.6650559785337056,-0.13535358171781492,-1.2499073663767781,-0.39305711620168604
2010-11-04,0.0,-0.696555959267701,-0.14510916859106926,-1.2527739255004795,-0.37463948950749415
2010-11-05,0.0,-0.6996901970732597,-0.14546246710044458,-1.2547601901895815,-0.3669500421415833
2010-11-06,0.0,-0.7045202931834473,-0.15990977885833174,-1.2564791613061108,-0.3442580977945605
2010-11-07,0.0,-0.7889789732289687,-0.19143025376342046,-1.2976010053685694,-0.31905204646670937
2010-11-08,0.0,-0.7723141535012742,-0.20682859344576077,-1.3002247634951813,-0.3622978201426736
2010-11-09,0.0,-0.8189906813274598,-0.23223883157998454,-1.3030065461589275,-0.4560616394697466
2010-11-10,0.0,-0.8896580570370607,-0.25690713575388546,-1.306361629536183,-0.4268960495368696
2010-11-11,12.0,-0.5937130805535962,-0.046168109585323046,-1.2509243176123817,-0.3960472155071353
2010-11-12,0.0,-0.6857711231734585,-0.09326087213095414,-1.2533761415395341,-0.38059417188150885
2010-11-13,0.0,-0.7372133163932467,-0.1328940008046475,-1.2578891943152812,-0.3988030226123704
2010-11-14,0.0,-0.69415550732808,-0.15349174997388304,-1.339893097740366,-0.36671373485728115
2010-11-15,0.0,-0.644418772229952,-0.15920789270978558,-1.3416784530940475,-0.3316296485024327
2010-11-16,0.0,-0.7071358076341387,-0.17619238175484742,-1.342884457246008,-0.333775394161777
2010-11-17,0.0,-0.7612695162032146,-0.18969739504165242,-1.3431140055011173,-0.29391805214734895
2010-11-18,0.0,-0.7873395329328567,-0.18741134715720414,-1.346942114861812,-0.253771431184518
2010-11-19,0.0,-0.7895717063031482,-0.18214697611656697,-1.7519055391168699,-0.21350680549771434
2010-11-20,0.0,-0.8124147534944867,-0.1813500688539466,-1.7592815730010845,-0.17324368497650475
2010-11-21,0.0,-0.8261583750311497,-0.1818797376101687,-1.7807475728103257,-0.1343501687255706
2010-11-22,0.0,-0.8298338095215327,-0.17636887142291452,-1.7856381468132179,-0.13216937796104694
2010-11-23,0.0,-0.8346241458354381,-0.1738516539956658,-1.7834551697311138,-0.2767429930436855
2010-11-24,0.0,-0.8452860164348355,-0.17109349675211097,-1.7795677524504598,-0.41488900661846123
2010-11-25,0.0,-0.8314568702266474,-0.16445231513260156,-1.7760263621436059,-0.3750242044138452
2010-11-26,0.0,-0.8552935172433488,-0.17008754089330239,-1.7730535815003927,-0.33359675523565946
2010-11-27,0.5,-0.8294039252908685,-0.16198023575516596,-1.7675413833910558,-0.32912662846331103
2010-11-28,0.0,-0.7707758554126823,-0.16194846617873862,-1.7641726067258576,-0.288174162448478
2010-11-29,0.0,-0.8029417898112735,-0.17397637801632942,-1.7603033166888946,-0.31932292658308103
2010-11-30,0.0,-0.8084247240668259,-0.17713177220416304,-1.7549638478587828,-0.27959182386056913
2010-12-01,0.0,-0.8166029752523153,-0.17071616263447986,-1.7492830350930426,-0.27846697957456645
2010-12-02,0.0,-0.813936412098303,-0.1550776794909422,-1.742045775495074,-0.23495851327481787
2010-12-03,0.0,-0.7808890821853017,-0.1358927834651736,-1.734353188748134,-0.19276896797173293
2010-12-04,0.0,-0.7873430430675736,-0.12801129591034305,-1.726375769201018,-0.3083847516364722
2010-12-05,0.0,-0.8108281995428279,-0.12284810407459355,-1.7187721089733534,-0.32807233761907006
2010-12-06,23.0,-0.19151740249630755,0.3760973781873342,-1.5897220427415681,-0.15031893837815366
2010-12-07,2.0,-0.24194110802328256,0.347806716914657,-1.5715034366200875,-0.09673772975952323
2010-12-08,0.0,-0.30498285592717184,0.2883578191483905,-1.5606967359160273,-0.06396838347712869
2010-12-09,0.0,-0.3442538137997733,0.25484537040471306,-1.5524430035730779,-0.1074975210029281
2010-12-10,0.0,-0.3742646187096599,0.2397671479625106,-1.5414620500785439,-0.34093784732751664
2010-12-11,0.0,-0.383968043245874,0.23193927026718897,-1.5301276770617622,-0.8425098090259381
2010-12-12,0.0,-0.40963757753665253,0.23267632893320286,-1.5577094336736566,-0.8090460432300449
2010-12-13,0.5,-0.4166095952140112,0.24703888912574154,-1.5406872902915392,-0.7684453420567857
2010-12-14,0.5,-0.39251567212276894,0.26637233517402853,-1.523447757696884,-0.7275148117417463
2010-12-15,0.0,-0.37784609716633366,0.2671680311822165,-1.5070077145029759,-0.6901111382460564
2010-12-16,0.0,-0.3968871428751941,0.27571772692409474,-1.4910970976057465,-0.6540283811871112
2010-12-17,0.0,-0.4150677651089946,0.2813240658623042,-1.5007847212707464,-0.6225839533903964
2010-12-18,0.0,-0.41662654672874044,0.2915961045291197,-1.4840261263448307,-0.7851933894958132
2010-12-19,0.0,-0.38748707057798676,0.2891701977754412,-1.466805023658774,-0.7571600453219743
2010-12-20,0.0,-0.3629479223830585,0.28607110482375536,-1.449770143798908,-1.2931604430171881
2010-12-21,0.0,-0.37974240002579446,0.295702925283031,-1.4324713757824674,-1.4338643197813805
2010-12-22,0.0,-0.3878981324947295,0.3058668654345248,-1.4132790407536207,-1.4073757574895216
2010-12-23,0.0,-0.3994498846700046,0.30634207482080633,-1.4468416670288167,-1.3760929013136096
2010-12-24,0.0,-0.40448897422352487,0.31196510296109925,-1.4859765731177927,-1.347044635285954
2010-12-25,0.0,-0.4022774790211861,0.31047043728663665,-1.464499522954724,-1.3178091783413877
2010-12-26,0.0,-0.39784558087377603,0.32037475823686906,-1.4422152769743648,-1.2867114198372833
2010-12-27,0.0,-0.39091729959862503,0.3260961734410551,-1.4252105323060025,-1.2571520555047035
2010-12-28,0.0,-0.3948978081720135,0.3474461107694079,-1.4137290986619686,-1.2284810638875663
2010-12-29,0.0,-0.39014599505755476,0.36425192408156987,-1.4346150141242955,-1.2014217701593313
2010-12-30,0.0,-0.32806654282487213,0.3799405867788906,-1.4446049483666843,-1.1720622015786735
2010-12-31,0.0,-0.3332734135563842,0.3939733877132806,-1.4265415331784288,-1.3083434239978549
2011-01-01,6.0,-0.0938997440672067,0.5722289025030581,-1.3515881563971166,-1.2136628590159213
2011-01-02,0.5,-0.09927392873111861,0.5763550962450897,-1.3547643973977403,-1.182264646317789
2011-01-03,6.5,0.0529854733643504,0.7749460246502836,-1.2989279394583382,-1.0657238672152098
2011-01-04,0.0,0.024003341094364535,0.7736622065316839,-1.2714629589723123,-1.0401014966025068
2011-01-05,0.0,-0.00918837131302929,0.7661402494463365,-1.2899554437547258,-1.0151269208564404
2011-01-06,0.0,-0.04289506176408266,0.7504002491289843,-1.2625328785615375,-0.9992705747113183
2011-01-07,0.0,-0.06584286898356025,0.712190657535364,-1.3891415093331436,-0.9926621065335126
2011-01-08,0.0,-0.08559707085828899,0.7143127959569655,-1.3617856407400155,-0.9746300653679436
2011-01-09,0.0,-0.11803826299340503,0.7065159029273818,-1.3347078876725376,-0.9573153589633759
2011-01-10,0.0,-0.12120299073545573,0.7064733115361156,-1.307978427466991,-0.9417879085682386
2011-01-11,0.0,-0.10927489389996854,0.6833372709594495,-1.2827808744146836,-1.0137308489126138
2011-01-12,0.0,-0.12222151481507548,0.6620459114380335,-1.263337639709925,-0.9989046766245651
2011-01-13,0.0,-0.14789522154758825,0.6533961708351105,-1.260497580190988,-0.9846756811532814
2011-01-14,0.0,-0.15478490007331455,0.6008499201410062,-1.2379384160541131,-0.972112096473237
2011-01-15,0.0,-0.1700926581399179,0.6044890685502262,-1.2153296034179029,-0.9590627281953932
2011-01-16,0.0,-0.18867350148612885,0.6097470669975507,-1.1983878334898668,-0.9565897135596879
2011-01-17,0.0,-0.19510495371974224,0.6185239670476284,-1.1770968542054576,-0.9416951346321942
2011-01-18,0.0,-0.2017810920905217,0.6282267465329986,-1.1556700374377455,-0.9252855601130318
2011-01-19,0.0,-0.2034480638947699,0.6270505943466873,-1.1397836718846317,-1.2981056005988845
2011-01-20,0.0,-0.19594114095927787,0.6110743046902115,-1.123202896440413,-1.2836985225627981
2011-01-21,0.0,-0.20866319490153362,0.6254485145906407,-1.168731634356583,-1.269992398185227
2011-01-22,0.0,-0.22132304168931669,0.636561381212695,-1.1445348243279068,-1.2560834218609092
2011-01-23,0.0,-0.2172181399637271,0.6181572000232544,-1.1198465953026187,-1.3105099126233535
2011-01-24,0.0,-0.21111192013350294,0.6268089658909725,-1.0950555474089545,-1.2970211934712013
2011-01-25,0.0,-0.20027988646743264,0.6409286023120078,-1.0716450027859783,-1.2846590781019855
2011-01-26,0.0,-0.20266883211425799,0.6633150483837151,-1.048770384269438,-1.2729954985350416
2011-01-27,0.0,-0.20994620104410994,0.6660188494179149,-1.0252719542644333,-1.2632413285967719
2011-01-28,0.0,-0.2191014064684699,0.6258287224259955,-1.0017838820281024,-1.2536427753465114
2011-01-29,0.0,-0.2314922487156008,0.6043463988302131,-1.0016697277700601,-1.3488690825436809
2011-01-30,0.0,-0.24251255750685025,0.5631091353737692,-0.9779411856563404,-1.3392137926767238
2011-01-31,0.0,-0.23596123969255176,0.5208396301394034,-0.9484995646474511,-1.329651205016356
2011-02-01,0.0,-0.2356332210243284,0.5153106230038127,-0.9197602832053926,-1.3229127507822505
2011-02-02,0.0,-0.2421755337370275,0.5471816205057951,-0.8937297024988682,-1.3153843370090348
2011-02-03,0.0,-0.2425150059633535,0.5742033920867026,-0.8799542002380765,-1.308344586272898
2011-02-04,0.0,-0.22695977257244118,0.5879043647647539,-0.8507407006171966,-1.3045424529205034
2011-02-05,0.0,-0.2269356837732605,0.602779695624536,-0.819814148806839,-1.3000392173728108
2011-02-06,0.0,-0.22641749122062585,0.6379233699812217,-0.8576472197260051,-1.2932879805211035
2011-02-07,0.0,-0.22787545827655672,0.6545932906617085,-0.9455063162999113,-1.2851942467101647
2011-02-08,0.0,-0.23919818307898238,0.6505634851102023,-0.9084589222099192,-1.2736334026658276
2011-02-09,0.0,-0.2612074333161796,0.6681240342046569,-0.9343466511695168,-1.5536367676457918
2011-02-10,0.0,-0.2731818037957707,0.6513521374676396,-0.91197811099844,-1.5395490099414233
2011-02-11,60.5,1.926523019094492,2.5750756205620027,-0.6103996320847119,-0.41290807611832664
2011-02-12,22.0,0.22551922153671294,2.96969603422194,-0.46817637276440266,-0.12366124084194187
2011-02-13,0.0,-0.10230084829443603,2.8206470305143467,-0.43120047169679376,-0.116009418591631
2011-02-14,12.0,0.1440099095288678,3.060058824816606,-0.37071596826333386,0.027058514295812467
2011-02-15,0.0,-0.0994836256559386,2.7933214037475698,-0.33167778948870635,0.03210566852541933
2011-02-16,0.0,-0.23775232618762296,2.582013975232167,-0.29338001832636296,0.03540909045759354
2011-02-17,0.0,-0.3322419271698365,2.4399767620398665,-0.255100599548064,0.03847083510457154
2011-02-18,0.0,-0.41176626621695084,2.3058771983408652,-0.21735141294367386,0.04016565952897006
2011-02-19,0.0,-0.47713226070345033,2.2811826420771864,-0.17922438559690038,0.04156665076042509
2011-02-20,0.0,-0.5144300910390655,2.223599317366049,-0.17647739317788397,0.04247290478148165
2011-02-21,0.0,-0.5435264874038205,2.121043985049088,-0.307767891178542,0.04296126014129061
2011-02-22,0.0,-0.5633574782145939,1.9437545398820808,-0.4317703082846593,0.04170284768495418
2011-02-23,0.0,-0.5574114931268669,1.812219056527292,-0.3952529742177254,0.039632978817171545
2011-02-24,0.0,-0.5836325892477998,1.7830013442573287,-0.35831808680339294,0.03745185198158452
2011-02-25,0.0,-0.60763273765667,1.7338544042677024,-0.35716780439173806,0.02896489903913998
2011-02-26,0.0,-0.6488066549505808,1.7264643656683603,-0.3219848128246249,0.025611963529220617
2011-02-27,44.5,0.3999368085431018,0.006497702620147492,-0.13723174745713096,0.46694986354564366
2011-02-28,5.0,0.2970499713826446,-0.08867888119191972,-0.08029253603286919,0.5079016385132483
2011-03-01,1.0,0.15093494508515376,-0.2197840235156678,-0.0739162255719585,0.5111671585893279
2011-03-02,0.0,0.00855997828928981,-0.35504964841123404,-0.0386495016793023,0.5046331210889593
2011-03-03,0.0,-0.09617886855919618,-0.3964801611200932,-0.004850924351843201,0.4986069885715473
2011-03-04,0.0,-0.17327374185429958,-0.47517069277277774,-0.10113933574928483,0.4924451767071148
2011-03-05,0.0,-0.2365691787244688,-0.5272944696010342,-0.11782691438538749,0.4863968629805553
2011-03-06,0.0,-0.28953924394336156,-0.56536039243002,-0.08302211100227094,0.26355719574523534
2011-03-07,0.0,-0.33686999193688216,-0.6062377407741437,-0.04974801172194037,0.23706979522936594
2011-03-08,0.0,-0.3956422428367261,-0.6609852984187167,-0.02404520786191828,0.22977846761142098
2011-03-09,0.0,-0.4294766883457752,-0.7078703385468593,-0.06554993022531358,0.22110555123429043
2011-03-10,0.0,-0.4633647945650792,-0.7507019573397936,-0.266861662517881,0.21298158034556944
2011-03-11,0.0,-0.4896153825721934,-0.7731597984761784,-0.6691091060489989,0.20428483771267467
2011-03-12,0.0,-0.5031144558300228,-0.7830857301128771,-0.6487289681654155,0.19561384154837932
2011-03-13,0.0,-0.5292718954959768,-0.8027269007436761,-0.6250367622477858,0.18114377522623018
2011-03-14,0.0,-0.5673586990224441,-0.8305147251282048,-0.6008453545286746,0.1649471351901181
2011-03-15,0.0,-0.6019621432648168,-0.866971627637703,-0.5768709075763894,0.1531946053610707
2011-03-16,0.0,-0.6210099479378397,-0.8597156311320774,-0.5544566854451528,0.1421502643834049
2011-03-17,0.0,-0.6663825723210356,-0.8863537972589516,-0.5341427898046796,0.13226077511958131
2011-03-18,0.0,-0.7142478312033893,-0.9284715569247047,-0.6645863112347107,0.12244273686490971
2011-03-19,0.0,-0.7312469517226268,-0.937368731248913,-0.6500693075258154,0.11209493675213687
2011-03-20,12.5,-0.3213481788882519,-0.591515385849251,-0.9331015498189749,0.2361900360182725
2011-03-21,0.0,-0.42538035883378394,-0.6820154713329741,-1.02120297425652,0.22682464409979505
2011-03-22,10.0,-0.13458259728245855,-0.42020930770618853,-0.9318422872940013,0.32156333630506817
2011-03-23,0.0,-0.24409848400814996,-0.5058813911500895,-0.9174915856936351,0.31250205913875745
2011-03-24,0.0,-0.29469635988247433,-0.5571634056396733,-0.9019289766225007,0.30345980544100676
2011-03-25,1.0,-0.3203134256391122,-0.5826994461582454,-0.8787811927020839,0.3049495846404128
2011-03-26,0.0,-0.3843252218633857,-0.6435670926555629,-0.8645862900481386,0.2948190430230233
2011-03-27,0.0,-0.3937497938405506,-0.6420081518796199,-0.8516250690368043,0.2837541537949893
2011-03-28,2.0,-0.3408113280493344,-0.5905641316393302,-0.8228168326020392,0.29431602289221165
2011-03-29,0.0,-0.35890694224766423,-0.5999285595049315,-0.8100386103213998,0.2833187281745187
2011-03-30,0.0,-0.3640017074835982,-0.5969515121070293,-0.7973419301958469,0.2722946381204839
2011-03-31,0.0,-0.40025907174080055,-0.6220843390944389,-0.8800305357400302,0.26124091609811306
2011-04-01,0.0,-0.4432218585699234,-0.6727369117891059,-0.8946108360820144,0.18290957714653572
2011-04-02,0.0,-0.4821883593164799,-0.692142237029734,-0.8839388479313944,0.16673971009202013
2011-04-03,0.0,-0.5288327115767278,-0.7455826542566384,-0.873798621250128,0.08003619695003954
2011-04-04,0.0,-0.5352797669692971,-0.7393305072058295,-0.8639589919082463,0.06880646867372993
2011-04-05,0.0,-0.6076144092413004,-0.8067934444108712,-0.8554846302746162,0.057681561751678385
2011-04-06,0.0,-0.6283002009135943,-0.8234016493561317,-0.851121630866748,0.04654209823777485
2011-04-07,0.5,-0.647641308343543,-0.8548658966107618,-0.8470706689929169,0.04123518567334084
2011-04-08,0.0,-0.683621608764009,-0.8636903143485034,-0.840407729214411,0.02975028212479932
2011-04-09,0.0,-0.7215693432598059,-0.8909748247802062,-0.8328295742730301,0.01953981042069011
2011-04-10,0.5,-0.6930036834574455,-0.8716652212930275,-0.8215662895454501,0.014658000084990273
2011-04-11,0.0,-0.734656086274148,-0.916232184527801,-0.8681681016107812,0.0035110956823912755
2011-04-12,0.0,-0.712078780466195,-0.8991829229700631,-0.862124494851358,-0.00840162345150932
2011-04-13,0.0,-0.7483059884672825,-0.9350862588807478,-0.857849441224489,-0.021642260983818166
2011-04-14,0.0,-0.7736836480368992,-0.9657806449964241,-0.8548906423558658,-0.03481210317684622
2011-04-15,0.0,-0.7813035911320437,-0.974003643547084,-0.8523996317108335,-0.04814230562561655
2011-04-16,1.0,-0.7766665555811175,-0.9723076293071606,-0.8397735593362804,-0.04953139940562904
2011-04-17,0.0,-0.8461818247035792,-1.0368350412162333,-0.8362574698865942,-0.06323328394088878
2011-04-18,27.0,0.08473217933570677,-0.16765695567407346,-0.5954689209872615,0.24080149210303065
2011-04-19,20.0,0.6505372343816395,0.338064392658162,-0.617042831499407,0.4479683129211403
2011-04-20,0.0,0.4310078695637907,0.1384119141408745,-0.6140683204330328,0.43888407856538325
2011-04-21,0.0,0.3051748132702458,0.022588730000297375,-0.6128232828526069,0.4287499985069872
2011-04-22,21.5,0.21925205877522275,0.6543092408168832,-0.42933354998562634,0.642325534247274
2011-04-23,0.0,0.007089238860448432,0.49522522620000015,-0.456011171426454,0.6312665078954323
2011-04-24,0.5,-0.11110876907404943,0.37743524482100194,-0.4501987077625712,0.6249788985166757
2011-04-25,0.0,-0.20156458028865643,0.2684274749796056,-0.449314169889035,0.6136318649533689
2011-04-26,5.5,-0.11977179559196417,0.3557077167941401,-0.40262009493153494,0.6588898250603329
2011-04-27,12.5,0.12701764554276268,0.6175174949972578,-0.2982964166774441,0.7736864459580225
2011-04-28,3.5,0.06152043555938063,0.5413103091343818,-0.2694334165541182,0.7962877612749977
2011-04-29,0.0,-0.07227140664703022,0.3707868791386256,-0.30959072225524203,0.7848457119447372
2011-04-30,40.5,1.0315847958110809,0.716112360051129,0.013066083201685955,1.152579843379057
2011-05-01,2.0,0.8864943863207853,0.5355189153049671,0.0300138058437171,1.160208800999429
2011-05-02,0.0,0.7272312980290648,0.4047138113265549,0.030582917243389157,1.1509578465449655
2011-05-03,0.0,0.6263081583315532,0.31435078120980886,0.030679946843250736,1.1429357606004746
2011-05-04,0.0,0.5364590825343827,0.225164194183535,0.03020471091739654,1.1350550350423525
2011-05-05,0.0,0.4409956947101876,0.13008251454045497,0.02935882559620362,1.1266871282558228
2011-05-06,0.0,0.3324513313304841,0.028828159983927282,0.02911942904913873,1.1177223677552504
2011-05-07,0.5,0.18239458832817634,-0.040350446641346224,0.03179102410289369,1.114749207757196
2011-05-08,0.0,0.09507580495216962,-0.11531419301459876,0.030515142658456867,1.1085173548385496
2011-05-09,4.0,0.14656646264111664,-0.06403104734286931,0.06024604396279984,1.1367366364049836
2011-05-10,18.5,0.6778317655487965,0.35455529541745784,0.10875372791377734,1.296242861482029
2011-05-11,34.0,1.5985504274533027,1.1292543632728713,0.36093812496118777,1.5846930747946781
2011-05-12,6.0,1.5402507929872928,1.0680337578511996,0.40265850728971114,1.095172691678947
2011-05-13,0.0,1.1484736905198947,0.8316030292205985,0.40150390569237343,0.8760468508029571
2011-05-14,0.0,1.0513861223350724,0.7326667628192858,0.401465422029879,0.8698700684827738
2011-05-15,0.0,0.9336783523012441,0.6175034392651494,0.4014836348553789,0.7454403202015373
2011-05-16,0.0,0.8493842109982006,0.5126733024287375,0.40090838092665154,0.7406265457837208
2011-05-17,0.0,0.7390267248989302,0.4393929979305712,0.39949963515148645,0.7357660783434323
2011-05-18,0.0,0.6046270512530468,0.34180867554088085,0.3977081507603267,0.7304543754178885
2011-05-19,0.0,0.5455321514523633,0.3004129815104495,0.3954821670320819,0.7253619902068684
2011-05-20,0.0,0.4968267574948329,0.2486394752596744,0.3930589001603446,0.7213181941823075
2011-05-21,14.0,0.9083224890597232,0.6303282489789674,0.48865193877477403,0.8590189055307079
2011-05-22,0.0,0.7993801864332286,0.5197565064052108,0.4860877929287388,0.855104520854339
2011-05-23,0.0,0.6809892544893209,0.4171068082980784,0.48272924694099634,0.8521014312672291
2011-05-24,0.0,0.47364858027622775,0.27077313014118554,0.4791783068105142,0.8489945918387662
2011-05-25,0.0,0.4292332769487323,0.20340044553806455,0.47525533183427293,0.8452875337165223
2011-05-26,0.0,0.3834015403250255,0.14978574463881114,0.46730104178255416,0.8416489092270919
2011-05-27,4.5,0.5142165720948442,0.2586880868118831,0.49393076878043257,0.8827288625388819
2011-05-28,0.0,0.48091574307402557,0.21980872251812686,0.4891338545417337,0.4154840954218526
2011-05-29,0.0,0.4588147700024475,0.18926252070209665,0.48426898735281076,0.35733226315661404
2011-05-30,0.0,0.41005059980986175,0.14409492912960034,0.4788408161759837,0.343820616055356
2011-05-31,4.5,0.5178848762572739,0.23758065555821142,0.5040655541087787,0.3916203942342972
2011-06-01,16.0,0.9842725450218108,0.6833132147884524,0.6077741015817889,0.5626713502101095
2011-06-02,0.0,0.7576133066639757,0.49046362607733224,0.6032656702958079,0.561597031954553
2011-06-03,0.0,0.6700282906061653,0.38077605819275057,0.5985584183143358,0.5601470501744928
2011-06-04,0.0,0.5834495992970784,0.3074936006071416,0.4349985257772343,0.557671275099493
2011-06-05,0.0,0.4746804650325804,0.22571433966037643,0.4145817579513907,0.5542472050556967
2011-06-06,0.0,0.40786527122706806,0.15752650010289554,0.40679118008293425,0.5486828972476082
2011-06-07,0.0,0.3107648235184734,0.07689199894233355,0.39882042510433985,0.5441314584516294
2011-06-08,1.0,0.25157114067335434,0.03769731268611971,0.39761423153944464,0.5484854249654484
2011-06-09,0.0,0.18663884382104445,-0.025230841330479495,0.3886352215519422,0.5416275562002324
2011-06-10,0.0,0.13989617901257018,-0.05279886256007295,0.3782384006174759,0.5328484610431544
2011-06-11,0.0,0.08770338444892267,-0.08740728690269368,0.36166434665696867,0.5201019390333859
2011-06-12,2.0,0.11324809175920147,-0.042239921490952514,0.3574942555471736,0.5268488747042173
2011-06-13,0.5,0.07552218497541419,-0.054179257266880804,0.34525046142597543,0.5173611571084012
2011-06-14,0.0,0.024849489943682603,-0.08448442356510237,0.3281160432571445,0.5003721913172184
2011-06-15,0.0,-0.017784466390093685,-0.1103271618091735,0.309903077865207,0.48078638235244436
2011-06-16,0.0,-0.04288363347584126,-0.13074564658709278,0.2890355431534363,0.4567975581330197
2011-06-17,0.0,-0.08991353830300015,-0.17246248108210466,0.26685195828963826,0.4314602932960082
2011-06-18,0.0,-0.1612724684364971,-0.24698214820828432,0.24332088013051884,0.27222803705674303
2011-06-19,0.0,-0.23137371363749706,-0.3127848015989586,0.2192574199007944,0.24471240886550716
2011-06-20,0.0,-0.2947334128801797,-0.36562023670895777,0.19272529114689593,0.1062409770559375
2011-06-21,0.0,-0.3353502334723728,-0.394787181797425,0.16569780205661053,0.07605623964207886
2011-06-22,0.0,-0.42393787105451924,-0.4640655180548751,0.13768303189987405,0.04468663634492727
2011-06-23,29.5,0.23217599730059468,0.05789968191428103,0.3215078018058708,0.3103032982244102
2011-06-24,121.0,3.1891155522795485,2.846492770857149,1.0767216503487753,1.3427882412461631
2011-06-25,54.0,3.2458265052993402,3.2869621520937424,1.362220587063221,1.7067766712425132
2011-06-26,91.5,4.298916041497923,4.448433582020466,1.8278839787942336,2.2657947422844575
2011-06-27,0.5,3.563228741649272,3.7793258613915826,1.7968996004952316,2.21850667212195
2011-06-28,0.0,3.3089445676441422,3.611273738014561,1.763126055919379,2.16424483156245
2011-06-29,21.0,3.475893859999851,3.750781664979691,1.836909103917595,2.2394458906775805
2011-06-30,6.0,3.229458581450172,3.586373141679788,1.7993465826014348,2.2174725168299165
2011-07-01,0.0,2.398114958164429,2.7593982859784707,1.756184522522657,2.1570094179083825
2011-07-02,0.0,2.4038064224870492,2.596823644415541,1.6811517260592708,2.098201859525351
2011-07-03,72.0,3.6289722779564455,3.611552485011801,1.9963931605945677,2.447314558735524
2011-07-04,0.0,3.410070333373221,3.4292407375513334,1.9539318095991598,2.388741079487794
2011-07-05,0.0,3.0626505735851617,3.1057210841033305,1.9155402070053231,2.3353867398607298
2011-07-06,0.0,2.7120533029679508,2.8334108000398186,1.8781915084874738,2.2827067464468622
2011-07-07,20.5,2.9914809069126007,3.1036736225710735,1.9392519900936036,2.3446199748275887
2011-07-08,20.0,3.203066146176202,3.217623254819387,1.9981717203375293,2.4069019705480352
2011-07-09,35.0,3.499552652642019,3.509387174184617,2.1258255256730294,2.544341532656701
2011-07-10,8.0,3.5510875370466035,3.5657551968526926,2.1259285671693955,2.545001672413506
2011-07-11,16.5,3.5447952519516823,3.56474232035471,2.163483905913921,2.584538848900638
2011-07-12,20.5,3.534918924266607,3.488408741954854,2.212685876260635,2.6387308138714234
2011-07-13,0.5,3.0985002679702784,3.0631914996331755,2.1734652366357037,2.595067868415521
2011-07-14,30.5,3.205849484849718,3.1056003605142646,2.268339863860312,2.6942163448754437
2011-07-15,1.5,2.7613848700784964,2.6933855180276742,2.23914738532247,2.655099731774029
2011-07-16,0.5,2.3888126519008877,2.281039986230644,2.208055813208445,2.618405146307334
2011-07-17,5.5,2.378520246457993,2.210985460533346,2.202595340565088,2.481344450904938
2011-07-18,1.5,2.09966814973842,1.9407759256443757,2.174940289371876,2.3505990046948946
2011-07-19,18.5,2.482683448754729,2.2509969834847876,2.219861442503442,2.3953146822666374
2011-07-20,1.5,2.5428615403737935,2.271406635504239,2.1922229391506654,2.362652690549282
2011-07-21,0.0,2.5173457576950864,2.237571288756819,2.157061557259667,2.225694821752621
2011-07-22,0.0,2.391260355459676,2.125251316531143,2.122243460269911,2.192269896891915
2011-07-23,6.0,2.408593735454125,2.147545294407715,2.113737994974429,2.1839818507939657
2011-07-24,0.1,2.391880953947123,2.103583319452797,2.079407033058432,2.151626027976091
2011-07-25,0.5,2.0941950635427515,1.8605614978994605,2.0471387399890735,2.0970812430308876
2011-07-26,9.5,1.781955362526016,1.629076694831719,2.0463254991560924,2.0440040726904884
2011-07-27,38.5,2.134802891593126,1.8909691008095773,2.165021850808742,2.1687018478421463
2011-07-28,0.1,1.9243469666426722,1.7100688398830837,2.12665840956002,2.132686592939451
2011-07-29,2.5,1.9223382215959406,1.702970164998477,2.100568540176672,1.9249126032972321
2011-07-30,3.0,1.9806825450542092,1.7372095724135563,2.0783394439648863,1.9007441896548256
2011-07-31,5.5,2.0631618061043766,1.7985396521270176,2.0661858805546043,1.894444581660384
2011-08-01,2.5,2.0683500651388322,1.8089850516244195,2.0427276153654343,1.8741197362872497
2011-08-02,16.5,2.095071134590991,1.8663960683884784,2.07386215653014,1.9169572382793876
2011-08-03,11.0,1.945518797962892,1.749746784961027,2.082124356199257,1.932289113612276
2011-08-04,15.5,2.2015057608072266,1.9083420894812924,2.1027046774548874,1.9625563503227537
2011-08-05,0.0,2.1628302663770023,1.8531924257182637,2.0610908330017463,1.918523512671522
2011-08-06,0.5,2.02485994838189,1.7690198476168928,2.0230867348575527,1.8786208975590935
2011-08-07,0.0,2.0397758007357294,1.7259807978715025,1.9853510832351497,1.8232474433019854
2011-08-08,1.5,1.842194971715078,1.5748264863078791,1.9525351419067287,1.7117931653916214
2011-08-09,0.4,1.7398732335066756,1.4826154581985411,1.915560741057508,1.525573188364214
2011-08-10,0.0,1.0967525137258691,1.03978490989921,1.6502521339441028,1.4606153177200087
2011-08-11,0.0,1.2753826033053313,1.0484757449929245,1.5321773157871617,1.4245935833799095
2011-08-12,3.5,1.342508185526424,1.0360456591427472,1.5132811565432789,1.4033358638496842
2011-08-13,0.0,1.413909245470496,1.0366085989345917,1.4359156962314765,1.3676987754993315
2011-08-14,0.0,1.4066849170520428,1.0130112051366298,1.4051238000447472,1.3324501511807276
2011-08-15,0.0,1.1694235471727241,0.8814805844036627,1.3747118508700105,1.2975332608096752
2011-08-16,4.5,1.119401882368185,0.8147011768070755,1.3532439624792416,1.2734998051591127
2011-08-17,45.5,1.7324917752353926,1.2980525539086043,1.4854179506153389,1.4196993847061106
2011-08-18,10.0,1.60862036459482,1.2230891120791707,1.4838273331161838,1.4172119154884033
2011-08-19,0.0,1.2775028269769866,0.9944656522112266,1.4439468929664299,1.316600478244965
2011-08-20,0.0,1.0252174108541907,0.8085302193664543,1.4046921366205292,1.2730657567010413
2011-08-21,0.0,1.0291539145098578,0.7583120358139331,1.365980414444758,1.2303495393693087
2011-08-22,0.0,1.0170284685852826,0.7176867735836518,1.3272211452374147,1.187566166925584
2011-08-23,0.0,0.9602208410375833,0.6635437008824031,1.2893430809182338,1.1464234103815427
2011-08-24,8.5,0.9926751544513956,0.6853176237881488,1.2820933116642683,1.1383486248719816
2011-08-25,0.3,0.8908457985139975,0.5937541289939452,1.2465432811703288,1.0814352174878914
2011-08-26,0.1,0.7810851019057888,0.5010110162278341,1.0512190005113329,1.0445110736729433
2011-08-27,0.4,0.6301921812189345,0.4040178347656607,0.9995690270371804,1.00867365346256
2011-08-28,0.0,0.5475655211511372,0.3195160573656181,0.960836298921955,0.9714355497535961
2011-08-29,0.0,0.38346384356402,0.17729149407767764,0.9251918472804985,0.9162870861281902
2011-08-30,0.5,0.27765151876205474,0.06304736342645198,0.891795968202336,0.8179743874564012
2011-08-31,0.0,0.06729658431861907,-0.03345775830410729,0.8574491718683722,0.7814517512004424
2011-09-01,0.0,0.009341339485845817,-0.11863675432455262,0.8239271087533626,0.7460903406893944
2011-09-02,8.5,0.04066825154535551,-0.13000486897749927,0.8219523989615302,0.7450659852888748
2011-09-03,2.5,0.032338166707605996,-0.14717427777282316,0.7985722723971065,0.7214047576707266
2011-09-04,69.5,1.0595941951409886,0.4183320688837273,1.0138620926700979,0.9548856229394631
2011-09-05,41.0,1.6438185869523345,0.697143120983522,1.125120556049042,1.0748748116133244
2011-09-06,0.0,1.2909680774992174,0.5478707165500315,1.0955731946770202,1.0428508466061717
2011-09-07,0.0,1.2126795363702285,0.4665048645597839,1.0662959894177766,1.0150077154583084
2011-09-08,0.1,0.8819185221040224,0.34882991571187544,1.0385307707136329,0.9891973119935269
2011-09-09,0.3,0.9110319404859689,0.3044981557237895,1.0119106723973847,0.9655175796514707
2011-09-10,19.5,1.1809431987236616,0.43941017546993955,1.0509344032285157,1.0053875514495447
2011-09-11,62.0,1.6368997413881436,0.9225101068678297,1.22945734591706,1.1992106362505024
2011-09-12,16.0,1.6777811643950957,0.9035586197008132,1.2544804957877564,1.2315252590835035
2011-09-13,0.0,1.3770390405022346,0.7153887150984747,1.2283826475961894,1.2093828425479791
2011-09-14,0.0,1.3849699443388899,0.6486168918571854,1.2031889340657,1.1902215101720006
2011-09-15,0.0,1.3259445226742728,0.5889191040752872,1.1781922264275342,1.172544813316943
2011-09-16,0.0,1.2265094745041405,0.5205068627264395,1.1176262265327643,1.1604974345571994
2011-09-17,19.0,1.4200418377070656,0.667038986888928,1.1595142346056582,1.2136402014560401
2011-09-18,53.5,1.84709877649169,1.0758368962083356,1.278207340805819,1.3807537833605823
2011-09-19,5.5,1.843561052155136,0.9959884016526097,1.2780784984108657,1.3910145150285231
2011-09-20,0.0,1.6074688218085427,0.8648854431576021,1.2606911717788085,1.383767162478383
2011-09-21,0.0,1.5562724974402649,0.7817545378732348,1.240178844290094,1.279800809120406
2011-09-22,0.0,1.4513590253574502,0.709743618515482,1.2247221452874628,0.8581145078506633
2011-09-23,0.0,1.3986189962323414,0.6599557346186555,1.2096572455072907,0.6564983872443513
2011-09-24,0.0,1.3365302112408488,0.6122109161367038,1.1899485473543738,0.3002642085243248
2011-09-25,0.0,1.3285107640807647,0.5897400760388343,1.176519459937385,0.29734794975912676
2011-09-26,0.0,1.2885017890088653,0.5663909242600202,1.1628399257972908,0.2976846332667852
2011-09-27,0.0,1.2094055913977033,0.5373113662484236,1.1502407602113438,0.21445382013888223
2011-09-28,0.0,1.174810092043481,0.5023484758509241,1.138160587585908,0.19477700033847384
2011-09-29,22.0,1.548249628767608,0.7409788908145706,1.196396956760763,0.29061246197138546
2011-09-30,1.5,1.3767187746509484,0.6855514512034709,1.1906273585342402,0.3042997262372931
2011-10-01,0.3,1.3474037723062786,0.6309385192261818,1.1818946639619368,0.01873100666798595
2011-10-02,0.0,1.336826397992833,0.5942878219236652,1.172565514009621,0.029947255461373896
2011-10-03,0.0,1.0182720378187855,0.4884741392664828,1.1631561530136492,0.041116447204184815
2011-10-04,0.0,1.1051141197512349,0.4614165535108723,1.1535560417082555,0.052651347140377544
2011-10-05,0.0,1.0359726330041652,0.39908640536156287,1.1457312383455092,-0.022683092475827487
2011-10-06,0.0,0.9688970025748552,0.3613947936907145,1.1383371081700915,-0.09605209098209333
2011-10-07,0.0,0.9748692359383935,0.3347600807536429,1.1303471516835235,-0.23678331726623736
2011-10-08,0.0,0.9945365046786064,0.321164760960981,1.1230504593747557,-0.2577537689762608
2011-10-09,0.0,0.971708475160991,0.3000376449978325,1.116161687530218,-0.31773253835756315
2011-10-10,0.0,0.9313273702038145,0.2694854004924048,1.1105684288652653,-0.39771704784853695
2011-10-11,0.0,0.9020607487465506,0.24432384696095083,1.1055900662005977,-0.3837996663228382
2011-10-12,0.0,0.8085651473179893,0.20006627951943623,1.1010889849865484,-0.5130742265483649
2011-10-13,0.0,0.7489273341728643,0.16379846226116843,1.0938680317792877,-0.5037358440694494
2011-10-14,5.0,0.7865583840072915,0.19268463549563422,1.1052325076852725,-0.4670340216775265
2011-10-15,3.0,0.8470932115934822,0.2127049414357834,1.0245168221983116,-0.4650912862328134
2011-10-16,0.0,0.8661321494881616,0.1856311376046962,0.9557702517540204,-0.45796937271663946
2011-10-17,0.0,0.787293932413652,0.1531234764176417,0.9510919309387375,-0.535241747442265
2011-10-18,0.0,0.6892993109934156,0.11451975852912089,0.946924604675752,-0.5298209246896846
2011-10-19,0.0,0.6619828847295396,0.08272666085684195,0.8738817403818809,-0.5173063813921257
2011-10-20,0.0,0.6212737900951552,0.051032678490601065,0.8712602731059257,-0.5045625573465587
2011-10-21,4.5,0.6630585094379731,0.07638576108584766,0.8826472545744981,-0.49893541859212037
2011-10-22,38.5,1.4187731711697473,0.5613260704082448,1.007202551299394,-0.2961896518003502
2011-10-23,0.0,0.9730918520535052,0.4085417695952318,0.9886669262356853,-0.2846488745880949
2011-10-24,0.0,1.091846424014302,0.38139741213223277,0.9469157409203403,-0.3144670814991122
2011-10-25,0.0,1.1272387558153338,0.35165840565299883,0.9347278383459734,-0.49105922564919974
2011-10-26,0.0,1.1237954600955056,0.3295041620567823,0.934016767371299,-0.47624158889375845
2011-10-27,0.0,1.0754334830648582,0.303970864347842,0.7981999424854779,-0.4735480635425183
2011-10-28,0.0,0.9943832030745441,0.2709749295565357,0.7909013368204948,-0.47346828764822013
2011-10-29,12.0,1.1698382485447025,0.4099108781785093,0.8311429385073075,-0.4251080428534973
2011-10-30,1.5,1.17646070302604,0.38408092139114697,0.8364739247024765,-0.4153424524287446
2011-10-31,0.0,1.1156854275427073,0.3301189903277085,0.8361338298632287,-0.48537704913839863
2011-11-01,0.0,1.041392280967551,0.29071687123594925,0.8353073864258153,-0.5267904390183185
2011-11-02,0.0,0.9819147985985913,0.25822956233178707,0.834517306031333,-0.5923791077556352
2011-11-03,0.0,0.9583589825328187,0.23035122828433424,0.832678231730895,-0.5718740881611434
2011-11-04,0.0,0.934838063963494,0.20941291378961324,0.8323763501517969,-0.5532601187284154
2011-11-05,8.5,1.107505417286341,0.3349255844136476,0.8482083093460069,-0.48628504316031584
2011-11-06,25.5,1.5939105053036229,0.7089789224592504,0.8730047911911651,-0.33645227998333416
2011-11-07,1.0,1.541440415136338,0.6448477984350597,0.7615678216040934,-0.3081775779512364
2011-11-08,10.5,1.5664811352727657,0.7221749306897576,0.7788661992066166,-0.22772186327902344
2011-11-09,5.5,1.5932158424627676,0.7468420049607486,0.7994746031255534,-0.17331245251364136
2011-11-10,0.0,1.5423077487885657,0.6802484798942251,0.800395562245277,-0.16310679498865
2011-11-11,0.0,1.4113904395946522,0.6066887051906491,0.8010806409620491,-0.13484291952747238
2011-11-12,0.0,1.378633744653984,0.5691347032821578,0.8012963290229949,-0.10626583599789469
2011-11-13,0.0,1.2791822764721323,0.5116894327033897,0.8010754312155796,-0.07745517967026128
2011-11-14,0.0,1.0690884767221966,0.42999038783812216,0.801679272743392,-0.06676890385218595
2011-11-15,0.0,0.894953324775925,0.34432378496031346,0.8020880341335195,-0.25807970681702114
2011-11-16,0.0,0.91258895986561,0.3197368178630521,0.8027958596356835,-0.27283724429759487
2011-11-17,0.0,0.9306797281698437,0.30295680276833575,0.7552697824347789,-0.23366358758725797
2011-11-18,0.3,0.9491925325592125,0.2956586072673667,0.757360100106766,-0.19263713979855362
2011-11-19,0.1,0.9304231606685474,0.2791959269913582,0.7585804876400406,-0.15244617234603952
2011-11-20,0.0,0.9272831143130889,0.2637750770111725,0.7596507628450654,-0.11271556230026583
2011-11-21,0.0,0.9148249558705182,0.25201679403625604,0.7609786634748174,-0.07426885766097169
2011-11-22,0.0,0.9049050219443819,0.24369259118486117,0.7622642153357498,-0.07680921753205656
2011-11-23,0.0,0.8772193884977187,0.22340307131152295,0.747182531653737,-0.0398822704298776
2011-11-24,0.0,0.8623898089574473,0.20848362762804892,0.7481165714156368,-0.0032628230766625272
2011-11-25,0.0,0.8205362121958059,0.1869353490237204,0.7489055322090946,0.03246179471737515
2011-11-26,0.0,0.7921279364252662,0.16000720049102024,0.7495191875194688,0.07149582706259003
2011-11-27,0.0,0.7104001040501737,0.11551891053115039,0.7347098818139117,0.11146023275818333
2011-11-28,0.0,0.6066559411798121,0.08063313374655685,0.6793895568695512,0.1497437697901446
2011-11-29,30.0,1.3241773757978412,0.6388071756187662,0.785110441294031,0.3272831047788904
2011-11-30,51.5,2.464312816059058,1.5644817670191558,0.9616931626604595,0.588268855327654
2011-12-01,6.0,2.3895411074855546,1.4930347125132173,0.9831847657088851,0.6172903261696361
2011-12-02,11.5,2.5709937378955723,1.6278122159964468,1.0229549785515206,0.6933268577406064
2011-12-03,33.5,3.23611672436298,2.202189077230509,1.1354711483206423,0.5817505336509636
2011-12-04,0.0,3.0412462550387134,2.0271551159636756,1.1374381015264872,0.44166401951233186
2011-12-05,0.0,2.9705852256010634,1.9038519068879103,1.1371659638290714,0.4826933505993391
2011-12-06,0.0,2.8749168156626035,1.8406909498458242,1.1405492483022184,0.5250771992232691
2011-12-07,0.0,2.833275835217569,1.7470588045995783,1.1447333071704975,0.5666949974953933
2011-12-08,23.0,3.298620198333594,2.08292702242766,1.223245316152569,0.7087894200541462
2011-12-09,25.0,3.724772362660417,2.4331532936436018,1.3014279380920768,0.7738123180167321
2011-12-10,0.0,3.4733139292521473,2.298444431915,1.3046877539374098,0.5339894967668193
2011-12-11,0.0,3.2969914922879426,2.170472347667171,1.31014637414731,0.4973938747395653
2011-12-12,0.0,3.283857285463059,2.140105326659759,1.3151874121696907,0.5372185787556228
2011-12-13,0.0,3.2896085077172947,2.1081697382245372,1.3224259399773106,0.5774439298304211
2011-12-14,0.0,3.175107957682828,2.052848580210104,1.3310113912310597,0.6190037630923884
2011-12-15,0.0,3.0073015341466633,1.9598258666597437,1.3398206870349254,0.6553019478865738
2011-12-16,0.0,3.060780543175062,1.9521573995592867,1.3494184796799042,0.5960686645186091
2011-12-17,0.0,3.082750653481119,1.9345453806262949,1.3592637836077242,0.33884971863977936
2011-12-18,0.0,3.048342501457524,1.9147057656670283,1.3702205179232556,0.3417206271232491
2011-12-19,0.0,2.7777208672937816,1.8234548948668683,1.3818760344118974,0.3756780589237593
2011-12-20,0.0,2.558164751019169,1.7296394699680706,1.3019120676123688,0.4098840760898976
2011-12-21,0.0,2.6139662376265362,1.7243523910085221,0.9227209877269821,0.4436675050444252
2011-12-22,0.0,2.630945786318158,1.7105838385868872,0.7538287076103591,0.47804552960545005
2011-12-23,0.0,2.599804309577612,1.6748037216922695,0.44754825546325633,0.5123409389712443
2011-12-24,0.0,2.542253093924642,1.6602789693805533,0.46250307115953987,0.546430827860108
2011-12-25,0.0,2.4629393296683926,1.598878119738905,0.48023833449488973,0.5793641567117808
2011-12-26,0.0,2.416044055748011,1.577329955766912,0.42282738764195565,0.6115103053001819
2011-12-27,0.0,2.3471062311547017,1.5392903599362684,0.42062150245255586,0.6432087081995118
2011-12-28,0.0,2.3988356023176,1.5515468045615914,0.441371465674665,0.5433849450341619
2011-12-29,6.0,2.561512958219982,1.7103675507306844,0.48463771054520033,0.6004946249459522
2011-12-30,0.0,2.6429169828530408,1.6780446520663692,0.24249286658999797,0.6275761476153702
2011-12-31,0.0,2.630229553961817,1.657760890166843,0.26559439937380164,0.6555717658722835
2012-01-01,0.2,2.688691015187983,1.6280455517592465,0.31248422420282257,0.7092698124225494
2012-01-02,0.5,2.721140484988051,1.6041880018186587,0.3367903056686749,0.73811953479056
2012-01-03,0.0,2.6708182693311513,1.6063903028235162,0.2833595491282574,0.7628130235112817
2012-01-04,0.0,2.712419699580153,1.6133031344824755,0.2311660879030608,0.785702208261757
2012-01-05,0.0,2.7077380405550118,1.593822359497387,0.1204656895858814,0.8066996543604872
2012-01-06,0.0,2.62315102501983,1.5520837329083093,0.11325998957769352,0.8291047022998642
2012-01-07,0.0,2.4745993731231253,1.455500948128605,0.0721409121143115,0.8513173495465306
2012-01-08,0.0,2.3549241588545495,1.4383689568813938,0.015076862755263511,0.8736336365701277
2012-01-09,0.0,2.3284039390368036,1.4063007094597502,0.03793773790224539,0.8959692052567912
2012-01-10,0.0,2.22966255900705,1.3710982043827458,-0.06049517258842138,0.9179298702384028
2012-01-11,0.0,2.007785137181924,1.2870283147472272,-0.04230954123313377,0.9411688922660191
2012-01-12,0.0,1.8718991237606237,1.2218313237092189,-0.02118063354621703,0.9338725148446909
2012-01-13,0.0,1.8276691414480493,1.1845802528950764,-0.02111940784330131,0.9373342234392088
2012-01-14,0.0,1.6383294810004814,1.065745983416738,-0.005262916041453149,0.9598857635292313
2012-01-15,0.0,1.5636248154217673,1.0474003067918094,-0.05947878666317238,0.9825237372616715
2012-01-16,0.3,1.5587547879587897,1.0374847255547892,-0.05213306276252578,0.9892602651204954
2012-01-17,0.2,1.5872138585233286,1.0198984740414314,-0.030519896801983658,1.0095870100725877
2012-01-18,0.0,1.5925200616860569,0.9980477270660892,-0.009574159377827648,1.027167228498035
2012-01-19,16.5,2.079644145624596,1.4543241322605558,0.054960909269448036,1.1185593818375987
2012-01-20,12.0,2.242353437768032,1.6585035145433635,0.12552082405675757,0.963111533171856
2012-01-21,7.0,2.439037795699051,1.7801345092193264,0.1735990026414777,1.02341835260145
2012-01-22,0.3,2.3616485576586754,1.706864408289357,0.15956930795638286,1.040708109133033
2012-01-23,0.0,2.2202077534235034,1.5657772941109447,0.023536212763502543,1.0581955382246604
2012-01-24,0.0,2.1503691598764925,1.502510732684785,0.04615665628782797,1.076064287927066
2012-01-25,0.0,2.077655973616903,1.4565533016311927,0.05796719386661658,1.093086769984242
2012-01-26,0.0,2.084052867863127,1.438657277546826,0.06717888275858898,1.108199064022433
2012-01-27,0.0,2.034716111494893,1.389174905290241,0.06608865842610136,1.0442520597076652
2012-01-28,0.0,1.8785754643621162,1.2658011147372847,0.07720686332367406,1.050030227599803
2012-01-29,0.0,1.7121595641993488,1.1899091476782144,0.029085039733445697,1.0666359421761529
2012-01-30,0.0,1.5523901918151988,1.07933940486416,0.005686030481777942,1.083856100353597
2012-01-31,2.0,1.4256873197457183,1.0190885248600297,-0.02735974493324608,1.114512185261752
2012-02-01,0.0,1.3489906782998147,0.9608011736705345,-0.001652178765043953,1.1308761352875736
2012-02-02,0.0,1.3849065733410775,0.9682225105400175,0.02221361578618859,1.1461025680641526
2012-02-03,0.0,1.413926968144222,0.9634518759531245,0.04733751979675436,1.1008522933340859
2012-02-04,0.0,1.3655198133147353,0.9355639113241797,0.0669966514586851,0.9276296225611742
2012-02-05,0.0,1.3681050736925722,0.9131810276107174,0.09168015029862077,0.9331071265956972
2012-02-06,0.0,1.381650499597014,0.9194449379511775,0.11910343857721306,0.8623577940514536
2012-02-07,0.0,1.3660441260594818,0.8993006683692067,0.14632785058966288,0.8282112097491152
2012-02-08,0.0,1.373150227759477,0.8523129504541842,0.15918708602741677,0.8368903136339846
2012-02-09,0.0,1.376159846761467,0.8348336766492686,0.18714416037836026,0.845117874019001
2012-02-10,0.0,1.292253983622644,0.7746314350454694,0.21472763913635604,0.8519575093445397
2012-02-11,0.0,1.2616532101319362,0.7172974111266679,0.24261586184792908,0.8577788648474618
2012-02-12,0.0,1.2235314191760813,0.6654270680331817,0.2556204621875258,0.8633702639227436
2012-02-13,0.0,1.2007710495694668,0.6396001527543553,0.09980523272390028,0.8694860146872693
2012-02-14,0.0,1.1634998428139534,0.5831728378275809,0.09210447599391496,0.8744618940086263
2012-02-15,0.0,1.0284652168321093,0.5082114045125194,0.12696078725672438,0.878628543478016
2012-02-16,0.0,0.882584031647563,0.43485612160321263,0.16162304672079397,0.8789175475992204
2012-02-17,0.0,0.7653740009874682,0.37266302863984224,0.1967650159464135,0.880538250304312
2012-02-18,0.0,0.7075859493191102,0.31954153853741674,0.23190169696020463,0.8824066769261947
2012-02-19,0.0,0.6836615059835927,0.2929046801973856,0.2668216584944905,0.8833446437717724
2012-02-20,0.0,0.6346571010669447,0.2621870795819798,0.2663402544319942,0.8839268259126849
2012-02-21,0.0,0.5795668828431592,0.22337407259489228,0.29878151378619344,0.8842991878631521
2012-02-22,0.0,0.516711659956024,0.17540211599773617,0.3301499202834611,0.8822375354441349
2012-02-23,0.0,0.4360779931700268,0.13177449405105554,0.36119238753229427,0.8792461856273137
2012-02-24,0.1,0.39835156720570264,0.1026743649102899,0.39488712115099256,0.877360979491019
2012-02-25,9.5,0.6226059607316784,0.318561668400074,0.46672821007851134,0.9473931277958286
2012-02-26,13.5,0.9313905126860126,0.6043587728873007,0.552237726380793,1.044709608806728
2012-02-27,0.0,0.8408079147504378,0.5065095302538256,0.5864779881741475,0.8121131120050186
2012-02-28,0.0,0.7524278337565621,0.4260532766832961,0.6212542234831989,0.36140460573566896
2012-02-29,0.0,0.6828156697633796,0.35652186532638985,0.6231124096717651,0.2979183593895031
2012-03-01,0.0,0.6302319455762981,0.2934108751919934,0.6471182407854801,0.17628504070819134
2012-03-02,12.5,0.8192149749938998,0.5172686692572818,0.45241262713096786,-0.05723123405248402
2012-03-03,6.5,0.9011363742162377,0.5945069558259976,0.3417440437545456,0.00800950878247533
2012-03-04,1.5,0.8388605117688563,0.5285497100164049,0.3826288077312969,0.016564299357251993
2012-03-05,16.0,1.2006395372804184,0.854711417891534,0.48579828397654057,0.17906374619705542
2012-03-06,4.0,1.1769971379669646,0.8317966541623525,0.5366616864834735,0.21294873496789324
2012-03-07,0.0,1.118274305724423,0.753378057029949,0.5700208387837694,-0.0403248303105964
2012-03-08,0.0,1.0567549981775395,0.7085372236133712,0.520326322307318,-0.35401235866932274
2012-03-09,8.0,1.246494209313104,0.892089225722195,0.3123917609849778,-0.2628529916630916
2012-03-10,1.0,1.1912521057500922,0.8368049705864249,0.2735665079846286,-0.26266049850699336
2012-03-11,0.0,1.1210976081792465,0.7724945614710526,0.30399608299443664,-0.2749991768234587
2012-03-12,0.0,1.0966250756087896,0.7322624958362567,0.3349064530852708,-0.28855222675591236
2012-03-13,0.0,1.0864159585018853,0.6968005507451448,0.3660821223506479,-0.30430742677619826
2012-03-14,0.0,1.0634379282552826,0.6670567154311272,0.3929775300870328,-0.32063839876595646
2012-03-15,0.0,1.0057516123227024,0.6017255989932969,0.32513196707529035,-0.3352860882055781
2012-03-16,0.0,0.9508893962223093,0.5408050800348794,0.07097380329646942,-0.34834828843182086
2012-03-17,5.0,1.0821160320042131,0.6465320117258689,0.09148441349331302,-0.29629801203903877
2012-03-18,20.5,1.7077643624151138,1.1885727414776939,0.2263216791778436,-0.056939956329139514
2012-03-19,0.2,1.5538050943147987,1.0597893909631575,0.2520162648693577,-0.06671127102686518
2012-03-20,0.0,1.446873251723271,0.962655152734534,0.2759277886470775,-0.07856850587280156
2012-03-21,0.0,1.3087242328933983,0.8390184994459853,0.2990825758640325,-0.09174493701043694
2012-03-22,0.0,1.1847895842289646,0.7404979624171657,0.32229353957297163,-0.10459982112734863
2012-03-23,47.0,2.5392810450910974,2.048936845380275,0.5971757098097258,0.40454651832770566
2012-03-24,4.5,2.3906110911248084,1.9225670646132988,0.6454566525818058,0.4422169572639336
2012-03-25,0.0,2.257727544294582,1.7785690438020647,0.6690608939224746,0.433452515609078
2012-03-26,0.0,2.0617757604388505,1.611377350818987,0.691588416545192,0.4238414067854472
2012-03-27,0.0,1.8989342493015344,1.4872515711533703,0.5949364285301156,0.4141289114762759
2012-03-28,0.0,1.7210921395093788,1.3524532455358775,0.60620851879672,0.3406752319207502
2012-03-29,0.0,1.5636605143356312,1.2327812592797809,0.6229802928603845,0.3302141379381013
2012-03-30,0.0,1.5549076599489215,1.1824684963851917,0.6399718777446329,0.3196086130631608
2012-03-31,0.0,1.5224473829829501,1.1555900410100106,0.6564961901267727,0.30743850012098467
2012-04-01,0.0,1.454523212301335,1.0653613487523803,0.6725962009329656,0.2922380096830704
2012-04-02,4.5,1.5845120853466692,1.1804953310446316,0.713112986409832,0.3319078767039356
2012-04-03,51.5,3.0245053913890603,2.519864909259438,1.005016511049714,0.8435813060210773
2012-04-04,0.0,2.7933422579188476,2.2788796595174894,1.0192398593502738,0.8350529459525826
2012-04-05,0.0,2.5309152591929713,2.0602461749134666,1.0336570278321793,0.8260165639403277
2012-04-06,0.5,2.4548824180728976,2.009801574284791,1.0507228231619854,0.8219207099892015
2012-04-07,0.0,2.2989292254873215,1.8239018238877898,1.064297055885754,0.8132477938267766
2012-04-08,0.0,2.20730513089754,1.7238470487068205,1.0772440481966503,0.8051716766441375
2012-04-09,0.0,2.00691748251926,1.5926944933389717,1.090218749108161,0.7959552600191159
2012-04-10,0.0,1.9491187795692542,1.5426489429100645,1.1029460608288317,0.7860717639175058
2012-04-11,8.0,1.9805501794848492,1.6276209469564569,1.1324476385068354,0.8523460872836955
2012-04-12,0.0,1.890493063536334,1.5406281827590176,1.1294836566291262,0.8419587436467507
2012-04-13,0.0,1.8248498506092246,1.4856220075893718,1.141727808221113,0.8308260642738136
2012-04-14,0.0,1.7372889241301783,1.4112785398386478,1.1543485514316028,0.8212896290802494
2012-04-15,0.0,1.6965108245485965,1.3687721288239323,1.1667393454452983,0.8087892457567281
2012-04-16,0.0,1.6842072260464032,1.334476613957424,1.176112413141652,0.7968828724110897
2012-04-17,0.0,1.6798765234104396,1.246299525658459,1.1847519295177198,0.7865367597231918
2012-04-18,0.0,1.5958593977123332,1.1916953291264039,1.1671018726746933,0.6145060670167741
2012-04-19,0.0,1.5122845141878636,1.090140840712417,0.9563181110918895,0.48226317581264605
2012-04-20,0.0,1.4726038131711559,1.0522531257676304,0.963168873289131,0.39753876290592
2012-04-21,54.0,3.277121421843696,2.736604309793495,1.2758244318536915,0.9279094407565535
2012-04-22,1.0,2.980939377166922,2.4990646218653625,1.2900778828352615,0.9276306921918422
2012-04-23,0.0,2.517681871911142,2.1748674476218555,1.2996407024458343,0.9176106782300905
2012-04-24,0.0,2.295104502262016,1.871597581257837,1.3088057010986718,0.9074333501850694
2012-04-25,7.0,2.4046372323340783,1.9898694038455018,1.3554077941486842,0.9636292282883198
2012-04-26,0.0,2.1527335902211155,1.7856431174595564,1.2969661573267612,0.9543962853501915
2012-04-27,0.0,1.8308517303200116,1.5433484549182068,1.2961354214271223,0.9430104320825536
2012-04-28,0.0,1.5287425419153056,1.2550705449396893,1.3030580934188913,0.9319720274596914
2012-04-29,0.0,1.585667416331239,1.2604953309177833,1.309584263979196,0.9205994853932508
2012-04-30,0.0,1.6117465697676865,1.2038296580793193,1.3159032449267705,0.890388534388993
2012-05-01,0.0,1.5555201916453276,1.1815930664036571,1.3223692524827224,0.8798838930134611
2012-05-02,2.5,1.6138888562439255,1.2442567402239555,1.3425402847661754,0.8942748785224317
2012-05-03,6.5,1.8060616953997342,1.3990523450085455,1.3359588023818432,0.9471708838366316
2012-05-04,0.1,1.7524594660533186,1.3261839120070602,1.1899214305798846,0.9389172413391279
2012-05-05,0.0,1.675863516522464,1.2256782878909604,1.1870968312964254,0.9292940470806181
2012-05-06,0.1,1.2016231564901072,0.8905956342713404,1.125610324357739,0.9217223308861546
2012-05-07,0.0,1.1733811491522597,0.8543710289459552,1.0932738749282682,0.9143093766838172
2012-05-08,0.0,1.1470938859992643,0.8147274260180872,1.093579495246601,0.9047305620394459
2012-05-09,0.0,1.1281788178785483,0.7615961468721093,1.093369038636297,0.8952075662905041
2012-05-10,3.5,1.1597183359581573,0.789633957055057,1.1135648513944858,0.9209334452904894
2012-05-11,1.5,1.1418082430048475,0.7644813675487556,1.120262901194315,0.9278270611932485
2012-05-12,0.0,0.9165864566859679,0.6492317672229103,1.1183321237383577,0.920286581851088
2012-05-13,0.0,0.8848666341152869,0.6102326131821508,1.1176995405126537,0.9142066725132986
2012-05-14,15.5,1.3216069482055721,0.9918437458034964,1.211482229748208,1.0609440610514593
2012-05-15,0.0,1.2179900589352266,0.8535243692674029,1.210573644626047,1.0569166511666193
2012-05-16,0.0,1.1039965333291906,0.7899871774581977,1.2072082015276013,1.052497979523922
2012-05-17,2.5,1.0352950294653023,0.7594572392774229,1.219241762087787,1.0713050640753983
2012-05-18,0.0,0.9815122923698123,0.74575453380874,1.2164922153882958,1.0663784602777702
2012-05-19,0.0,0.9439620441241968,0.7008844847400155,1.213373709264749,1.0629737862183615
2012-05-20,0.0,0.8929987497101826,0.6410269378605609,1.209606752198304,1.0592451562142513
2012-05-21,0.0,0.8604661170342434,0.6019654834683842,1.2064597946938709,1.055425697943085
2012-05-22,0.0,0.78027292496636,0.5354360949005105,1.2028595257688928,1.0525267623361003
2012-05-23,0.0,0.574341050351004,0.3885840815062404,1.1991239971457373,1.0492734713454195
2012-05-24,0.0,0.5516673456111009,0.335889953295442,1.1951150551519325,1.0445100571828556
2012-05-25,0.0,0.5225412916270453,0.2955580202411839,1.19015235579888,0.9491425455321679
2012-05-26,0.0,0.5246560981456073,0.28768959710034575,1.1852597120641333,0.8120550411567761
2012-05-27,0.0,0.5233781214622156,0.2782049181460308,0.9984085430120084,0.8080953482858155
2012-05-28,0.0,0.522394237749042,0.2667258686311545,0.6636296617071961,0.8055205120058332
2012-05-29,0.0,0.48812592293672524,0.23420218801172646,0.6182869795337916,0.8028555891978876
2012-05-30,13.0,0.9246174965881402,0.6278402778292389,0.6227120457504055,0.9286862249195703
2012-05-31,7.5,1.0346067092233904,0.7483912654582174,0.4401128236301273,0.8777021133264185
2012-06-01,0.0,0.833433003107379,0.5774810972315844,0.4352589124207986,0.8122329153280976
2012-06-02,0.0,0.7623266524241004,0.47778677707623163,0.4300897219419205,0.7960586340959593
2012-06-03,0.0,0.6860607169431766,0.4151537060050714,0.424478794725637,0.630221987642544
2012-06-04,0.0,0.5791082833225548,0.3366834975748189,0.41810091733087457,0.5849266580541569
2012-06-05,0.0,0.5198799267875192,0.2740543092378695,0.24509796165776598,0.5793562000333657
2012-06-06,0.0,0.4232993583725395,0.19527134930444007,0.049293576667713314,0.5747820825111386
2012-06-07,0.0,0.324644758702798,0.11947466902582037,0.03989316828627469,0.4835306146222892
2012-06-08,0.0,0.2670968824764395,0.06335108903510579,0.02953827870380198,0.46591492848991506
2012-06-09,0.0,0.22381335856159687,0.021858343089795496,0.018052111984956373,0.4570874806095753
2012-06-10,0.0,0.17528000656679874,-0.026802856735958912,0.0036489746802603,0.44432688598538717
2012-06-11,0.1,0.1316054108359524,-0.03677846400097968,-0.011837907159679088,0.4310928360335822
2012-06-12,5.0,0.25475404125477136,0.06456221212160856,0.009963057041791087,0.46983122429940194
2012-06-13,1.5,0.23603547851211887,0.047754694235655544,0.0033946790743143943,0.4687700472424219
2012-06-14,0.1,0.18784861626809807,-0.0031660578168076934,-0.015062259243221757,0.45027392875858013
2012-06-15,0.4,0.15032224082836243,-0.013021856566368124,-0.033343549498830685,0.3776331470215111
2012-06-16,2.0,0.15433874945062376,0.012712779453228554,-0.04074582052890105,0.1506275273336327
2012-06-17,0.0,0.04325093416503037,-0.06386416605280072,-0.06492187575580777,0.1221164061558877
2012-06-18,0.0,-0.07620183291199688,-0.1472804033465916,-0.08947785275395095,0.0949831214313299
2012-06-19,2.0,-0.08920301296560992,-0.15414023693692927,-0.10102796331115121,0.087538875735863
2012-06-20,2.0,-0.10631728303959376,-0.1636909093418046,-0.1130028416791266,0.0793299480159855
2012-06-21,0.0,-0.2011472372539188,-0.2483172503797549,-0.14132547424557673,-0.4992094419783265
2012-06-22,0.0,-0.31576474568363855,-0.3512386933608687,-0.16958104453383643,-0.5843827387565201
2012-06-23,0.0,-0.38802338729916547,-0.4302214661017828,-0.19957917330744548,-0.6142315271990305
2012-06-24,0.0,-0.4573506584851706,-0.5045816515358255,-0.23104601696763555,-0.6440273940996608
2012-06-25,1.5,-0.456308278025002,-0.5081786713416617,-0.2522923490270976,-0.6571598239839446
2012-06-26,6.0,-0.3992550992767554,-0.44860941694484036,-0.286509844761232,-0.6168631149015591
2012-06-27,2.0,-0.462328305901146,-0.5164691182393347,-0.30597371278070123,-0.6253817517285801
2012-06-28,0.2,-0.546808564343376,-0.5947810283990884,-0.34006100421601154,-0.6560423954852006
2012-06-29,0.0,-0.6308948518370415,-0.692451981839614,-0.3792743765674524,-0.6920667817068017
2012-06-30,4.0,-0.5334295708098303,-0.6033145156918298,-0.3908990151280613,-0.6834392239726346
2012-07-01,0.0,-0.6934810708779039,-0.7196144697834297,-0.43064207898339174,-0.7748341497707051
2012-07-02,0.0,-0.7769672203772541,-0.7858964517280497,-0.47126391669383133,-1.4726852416726148
2012-07-03,0.0,-0.9001485699413864,-0.9116937015555451,-0.5124283991962107,-1.510441321631765
2012-07-04,0.0,-0.9566987463888703,-0.9677608697449173,-0.5538621241101449,-1.5489113772409464
2012-07-05,3.5,-0.8844194330555394,-0.9253580643790152,-0.5679235587863002,-1.5461160756114884
2012-07-06,119.5,1.3489797146404805,1.0559945111729423,0.23367721111699946,-0.2500404233253389
2012-07-07,1.5,0.6292610545839985,0.6381428436176309,0.20329575213232873,-0.28129292397286665
2012-07-08,0.0,0.1942297473201108,0.35826792200032626,0.16327496909767739,-0.32630279127207157
2012-07-09,0.0,-0.0863854094498267,0.16747641046187645,0.12233079378839021,-0.3719003194336394
2012-07-10,0.0,-0.2981451578262316,-0.022749394662553806,0.08126133039359805,-0.4919662959066664
2012-07-11,5.0,-0.34008668897282734,-0.06899686361789079,0.0740031114875946,-0.48551533445318906
2012-07-12,0.0,-0.4946889829307586,-0.22353230402385968,0.035042575526353356,-0.5246243988066019
2012-07-13,15.0,-0.3096367288878258,-0.08248697307178132,0.09236562543159925,-0.42579776741938385
2012-07-14,10.5,-0.2478566324779115,-0.05352921731144689,0.11885149659341286,-0.37067982965649415
2012-07-15,86.5,0.9911871193118084,1.0301659264743448,0.5982835540794681,0.2893806747285433
2012-07-16,0.2,0.6501524977136084,0.7326383614793799,0.5657460830192058,0.2561388542112501
2012-07-17,0.0,0.42431349321098416,0.5230209413155137,0.436333425993725,0.22121279644895406
2012-07-18,0.4,0.3411211372250033,0.4559811830420713,0.3347882649521318,0.18963975889701987
2012-07-19,16.5,0.5581229539873507,0.6388248126133375,0.3574161498880877,0.276050286841992
2012-07-20,0.1,0.43716070864749285,0.5353913823332429,0.3250518382864925,-0.15649763098379357
2012-07-21,1.0,0.3501504309726585,0.45550593577740395,0.29916226929587647,-0.1862505153279469
2012-07-22,1.5,0.25331895036242863,0.37456830086392084,0.27622407482595895,-0.2038933733476078
2012-07-23,0.0,0.1224650656525291,0.26418240404942317,0.2443781138965465,-0.23413679570435875
2012-07-24,0.0,-0.016767680034949106,0.13077245459011821,0.21329336546512773,-0.3192496467227101
2012-07-25,0.0,-0.10301646407490703,0.01865817219161672,0.18022482788022384,-0.35081743894902967
2012-07-26,0.0,-0.1745688497881112,-0.06512393425846585,0.14833878977566298,-0.37992026050548955
2012-07-27,0.0,-0.21541117744914523,-0.11050447119808585,0.1180843233371019,-0.40694902285751355
2012-07-28,0.0,-0.24818337896701426,-0.1421257628583396,0.08852645778703618,-0.4338330187740452
2012-07-29,0.0,-0.27747919609351973,-0.1655535545818255,0.048546292492585415,-0.4604393459278993
2012-07-30,0.0,-0.3168161817045089,-0.19670672865584057,0.02106510124268019,-0.4842474564115811
2012-07-31,0.0,-0.36285364942764764,-0.2366056809098856,-0.005848005338193831,-0.5265797049405465
2012-08-01,0.0,-0.37076148438335627,-0.2578731111222835,-0.03226274391932697,-0.5994340136942049
2012-08-02,4.5,-0.29542993019168096,-0.20545554432574442,-0.03412768866255976,-0.5883283039004982
2012-08-03,0.2,-0.3669163058995764,-0.2596713646835137,-0.06005118842132223,-0.6092014014249114
2012-08-04,0.0,-0.4273526693835536,-0.31180807128752214,-0.08785742284609437,-0.6325918659257171
2012-08-05,0.0,-0.46356776942103084,-0.35646554140882963,-0.11570912315413821,-0.6551389450544977
2012-08-06,0.0,-0.5535274754666175,-0.4243817049124705,-0.14255477593516866,-0.67701989257166
2012-08-07,0.0,-0.6590534302110204,-0.5251959391011992,-0.16952427036505846,-0.6991466370194556
2012-08-08,0.0,-0.7653046693718146,-0.6337407381627495,-0.1973991776016127,-0.7482221098796743
2012-08-09,0.0,-0.5664188060261783,-0.5435986811243219,-0.22471019909714313,-0.7815818823453774
2012-08-10,0.3,-0.7338365390389145,-0.6361130914531321,-0.25013037527851784,-0.802015227131328
2012-08-11,0.0,-0.8189918897095589,-0.6915245952934345,-0.2778876623282227,-0.8268512608628523
2012-08-12,31.5,-0.3588413289988017,-0.33470375344740577,-0.1414183002080313,-0.7383377429409201
2012-08-13,15.0,-0.22523143562370324,-0.24393375876561152,-0.09410760676998796,-0.6618603976438545
2012-08-14,1.5,-0.30480972425053826,-0.32217406435923146,-0.11648163589577226,-0.6816454490072512
2012-08-15,12.0,-0.23376311777299527,-0.26244812555946073,-0.08928035918945784,-0.6485331175528617
2012-08-16,18.5,-0.08391453370107956,-0.1495447026459517,-0.031156724347379313,-0.5587894187860268
2012-08-17,0.0,-0.24012069157115437,-0.28210178709431943,-0.06438153623337414,-0.5914364703456001
2012-08-18,0.4,-0.31066064251485653,-0.3474068285154644,-0.09647093453019061,-0.6216321993513542
2012-08-19,0.1,-0.3405059350892959,-0.3758373841523473,-0.13012361351958457,-0.654672643192421
2012-08-20,5.5,-0.36279356208051283,-0.3857269889886348,-0.13842127947497648,-0.6554534692419132
2012-08-21,0.3,-0.47531362637236657,-0.4770162697155859,-0.17157808927877424,-0.6890246404163979
2012-08-22,36.5,-0.0020746984294238813,-0.10857350682124593,-0.035131611045187756,-0.5029978633271979
2012-08-23,32.5,0.06774052782375228,0.16823974280336096,0.035469064153978186,-0.3517128928465094
2012-08-24,2.5,-0.14647899149841878,0.014313525442507137,-0.04756172026315717,-0.3717030553752614
2012-08-25,5.0,-0.25857741117342736,-0.0704961779035176,-0.05666096915515311,-0.3762079715144611
2012-08-26,0.0,-0.3914223780507731,-0.1955470197837036,-0.08866102910607261,-0.4093718056163838
2012-08-27,3.0,-0.4636849897893275,-0.24976475948384957,-0.10842026223207535,-0.42864423109199845
2012-08-28,17.0,-0.37927449265324886,-0.1794289477639937,-0.06669282042153102,-0.4431578982141446
2012-08-29,0.0,-0.5765048122952899,-0.35713670047518653,-0.15558005476412298,-0.5199718629138103
2012-08-30,99.0,0.4542383607174083,0.33430065133987036,0.2056335995567731,-0.052968726892842634
2012-08-31,10.0,0.46182671347071724,0.2373437290110998,0.20750755836367313,-0.0409126285885942
2012-09-01,1.0,0.27336578197918565,0.08134140703018343,0.11335836245227489,-0.07117344804358913
2012-09-02,0.5,0.11448605913593105,-0.01747094105346152,0.06706162015714696,-0.10244810601464358
2012-09-03,0.0,-0.017185319285577344,-0.11087323047135689,0.036318192881519704,-0.13458205945664933
2012-09-04,1.0,-0.11082215930902066,-0.1816837272675307,0.010435519092772528,-0.1617263073217351
2012-09-05,7.5,-0.051468017121205974,-0.1599671007286539,-0.022007819808490103,-0.15844528630576835
2012-09-06,0.0,-0.14181497477654126,-0.22462058367250162,-0.057372366407947455,-0.19134423466483969
2012-09-07,0.0,-0.18247151874316622,-0.25385138374092076,-0.0877294246111044,-0.22252038132930027
2012-09-08,44.0,0.3771678614629684,0.07829577656143474,0.06309681096150982,-0.04619842207306755
2012-09-09,0.0,0.1797029003385853,-0.060306403056583725,0.035433660183900054,-0.07213138024387783
2012-09-10,0.0,0.016398521770256413,-0.1482669114414732,0.008360013361379232,-0.11951261713010385
2012-09-11,0.0,-0.09822640659877425,-0.23014598264267916,-0.017620711542682903,-0.14870072040098725
2012-09-12,0.1,-0.17548770468217523,-0.28252631849523413,-0.04244240241542052,-0.16877282789814246
2012-09-13,0.0,-0.26891753380583877,-0.3530552256194274,-0.08715982666503769,-0.18861982425113694
2012-09-14,0.1,-0.3399576828791905,-0.4091853897122544,-0.1944104485350085,-0.21469290624858994
2012-09-15,1.5,-0.383961954713393,-0.4442854211355707,-0.21025761371788024,-0.22117175253168964
2012-09-16,45.0,0.21741902521821144,-0.0155097320556969,-0.04958080346421494,-0.031950714946517245
2012-09-17,190.0,2.625384941890324,1.7350989290297194,0.636887315594758,0.7139270763572344
2012-09-18,0.0,1.7514617718472885,1.3947296734856647,0.6192552343958377,0.6988770126026155
2012-09-19,0.0,1.1472417450813555,1.161559097696982,0.43476779873573174,0.6917534614211607
2012-09-20,0.0,0.8695387177114944,1.0153732369957353,0.4008048764045358,0.684668559696329
2012-09-21,0.0,0.6481857035345959,0.897879599244847,0.38448382192258224,0.6796102628983566
2012-09-22,0.0,0.5109641441575075,0.8139523518250359,0.3684892976464262,0.6754868730169988
2012-09-23,0.0,0.4088152023962618,0.7357686249065394,0.35334220792778226,0.6681148447628891
2012-09-24,0.0,0.3387973697789038,0.691907040798791,0.33843336261721135,0.6445946626911312
2012-09-25,0.0,0.27095599397388176,0.6491054841925118,0.32403794899676336,0.6370019900187704
2012-09-26,0.0,0.20775479691903903,0.6012483296526782,0.3105500679892439,0.6376747504479623
2012-09-27,0.0,0.14862655862975213,0.5496069255841491,0.2980830948452973,0.6414565874192011
2012-09-28,0.0,0.09781557843636104,0.5111055413845701,0.2861994225753821,0.632031147442135
2012-09-29,0.0,0.053967171427764526,0.46505972270423657,0.2583294845949661,0.6386835594753343
2012-09-30,0.0,0.0010137121443223587,0.4152946041366075,0.05561105718557793,0.6464923392349363
2012-10-01,0.0,-0.051112586312984896,0.3755537429790375,0.045395426563899735,0.65540007898502
2012-10-02,0.0,-0.07363911003468704,0.29136075147685864,0.035753380977731196,0.6644890847922253
2012-10-03,0.0,-0.1310273648418525,0.2520822634979152,0.02481062262505479,0.6616358037215143
2012-10-04,0.0,-0.17194087234956104,0.19367768882727707,0.015575953006045822,0.21089620620941754
2012-10-05,0.0,-0.19556916437556374,0.1529472529430922,0.006459079898261446,0.2168692076042647
2012-10-06,4.0,-0.17198594448496082,0.164599794440276,0.013752358043352031,0.24600289510350004
2012-10-07,0.0,-0.21518072344863262,0.1326571848016607,0.0062552265791275185,0.25974585337684186
2012-10-08,0.0,-0.24149713831829195,0.10253430096993685,-0.031399558730388535,0.273974151847217
2012-10-09,0.0,-0.2828926383202005,0.06332322684330331,-0.03767092363021495,0.26840242970744976
2012-10-10,0.0,-0.3228168521831985,0.026165855056287393,-0.04329555204447547,0.2831977030542174
2012-10-11,0.1,-0.3380305239144171,-0.012279537597173516,-0.04839723996218503,0.23847452671907918
2012-10-12,0.0,-0.36583219389674326,-0.04230752123949613,-0.05316367093760852,0.21131942900423173
2012-10-13,0.0,-0.3850410230119272,-0.0649762267925894,-0.057996408304405014,-0.14306167302089898
2012-10-14,0.0,-0.4201199482836468,-0.08334704715221947,-0.06272569593910624,-0.13005095507282993
2012-10-15,0.0,-0.4824516650085362,-0.10787246906437255,-0.06728033970184187,-0.11573629926474378
2012-10-16,0.0,-0.4865225463374438,-0.12572042859066776,-0.07220568351546805,-0.10365707520421244
2012-10-17,0.0,-0.4780820037772901,-0.13838046618880148,-0.07724290944379958,-0.16489282946709913
2012-10-18,0.0,-0.5220169647840387,-0.15979960708602037,-0.29334886363487445,-0.15258729829154666
2012-10-19,0.0,-0.5561315331882588,-0.1757302466296231,-0.30169794410695416,-0.14402742603811813
2012-10-20,0.0,-0.5990016855104633,-0.2047878952580827,-0.30543383106139466,-0.13708526539073568
2012-10-21,0.0,-0.6325029653423473,-0.22945617331241192,-0.3085803596923578,-0.12215831504663417
2012-10-22,2.0,-0.45587437061762875,-0.1876650805835385,-0.33227603542831546,-0.09847149014963272
2012-10-23,0.0,-0.542628566279984,-0.2042455218667645,-0.3363215502685839,-0.08187021533204533
2012-10-24,0.0,-0.5953359534731145,-0.22187730255532648,-0.33989347046677304,-0.06548295372077792
2012-10-25,0.0,-0.599393391956933,-0.2250894439829935,-0.34298376138617037,-0.049655162830464276
2012-10-26,0.0,-0.611470266107638,-0.24249329459473254,-0.34562165129365724,-0.03380122884367491
2012-10-27,3.5,-0.5369727532060133,-0.20814434898431886,-0.3335342330796407,-0.001744487485956292
2012-10-28,0.0,-0.5558135098687391,-0.23349159311393763,-0.3357698964557312,0.013703231304402637
2012-10-29,0.0,-0.6208012982555781,-0.2650421902962067,-0.3483629558535842,0.029216300012324805
2012-10-30,1.0,-0.6589180824479502,-0.28394908026413684,-0.37279120814816097,0.04980049506935493
2012-10-31,0.0,-0.6773389955827137,-0.30160881817757246,-0.3747589487892169,0.04606961652939426
2012-11-01,0.0,-0.699804564499411,-0.322358986916517,-0.3767786540395339,0.06292999266805861
2012-11-02,0.0,-0.7368550109853158,-0.3386993127703271,-0.37928330524367465,0.08244127120116856
2012-11-03,0.0,-0.7612227057981077,-0.35222558555130024,-0.3810756120897017,0.1026258639281235
2012-11-04,0.5,-0.7443324884190825,-0.345642238097349,-0.3799129693926332,0.12523819153165616
2012-11-05,3.5,-0.6601074029401656,-0.30393605939327917,-0.3659586661578697,0.16293491501904647
2012-11-06,0.0,-0.7494348740341191,-0.3547797567855734,-0.3811797289465644,0.18587963837241644
2012-11-07,0.0,-0.7365853933221426,-0.37117241824647257,-0.3880738138258238,0.20960364742581408
2012-11-08,0.0,-0.7819324920806772,-0.40649653350016235,-0.38889532936266574,0.23154255981807034
2012-11-09,0.0,-0.8492731150833787,-0.4407374345439137,-0.39039065264827477,0.2552365406904296
2012-11-10,1.0,-0.825739168059546,-0.43365699160700816,-0.45323917829939697,0.1425894871759197
2012-11-11,9.5,-0.636428548987976,-0.28699459291992707,-0.41451057531858676,0.14347613653902372
2012-11-12,0.0,-0.7017363819919562,-0.3455509480957756,-0.41581746065452113,0.16304769790060972
2012-11-13,0.0,-0.6644444294974859,-0.36178028745762003,-0.4277400306705591,0.13934650814353405
2012-11-14,0.0,-0.6176064449596528,-0.35197213122771764,-0.42859041298726985,0.08622546226003974
2012-11-15,0.0,-0.6771845301345737,-0.3788156120149828,-0.4289815713119179,0.1191153755640487
2012-11-16,0.0,-0.7277563342867636,-0.4040738702199456,-0.42858117284572084,0.15211021250429022
2012-11-17,0.0,-0.7505703591210816,-0.4080643377126657,-0.4274637358608253,0.18723199816397051
2012-11-18,0.0,-0.7505644189206633,-0.40553241269941964,-0.42633499440048556,0.19891528459974098
2012-11-19,0.1,-0.7676522524267019,-0.40917283803565524,-0.4249874591087366,0.23472261048141493
2012-11-20,0.0,-0.7788996682039129,-0.41912961191790093,-0.4241375229312421,0.10608601885584262
2012-11-21,0.0,-0.7800521847050685,-0.4216770894113183,-0.42318795316309815,-0.008931329279017441
2012-11-22,0.0,-0.7827610100275031,-0.42260272980702546,-0.42181646125518846,0.01699571974471334
2012-11-23,11.0,-0.49047855381980066,-0.19574735305980812,-0.37312862447018724,0.08198188881166986
2012-11-24,0.0,-0.5241856406275954,-0.225058293424275,-0.3711226398285097,0.11906040497719902
2012-11-25,0.0,-0.5635637440352188,-0.2507372330312378,-0.3694656903028391,0.1435440380588088
2012-11-26,0.0,-0.5748516149700594,-0.2610213377986221,-0.4224367449283448,0.10340449829747443
2012-11-27,0.0,-0.5453036163280663,-0.2641458273045409,-0.452194297434225,0.14409389316770094
2012-11-28,0.0,-0.5775777139502748,-0.28681554266373593,-0.44992054499297573,-0.31988008714032967
2012-11-29,0.0,-0.5870949774748359,-0.2988211597541694,-0.4469232891505208,-0.3333946102519026
2012-11-30,0.0,-0.5947382718414654,-0.29998027006047906,-0.44333792885594886,-0.2959180792075952
2012-12-01,4.0,-0.48641206990254715,-0.2090311353555724,-0.4220415128929633,-0.23272670690710304
2012-12-02,0.0,-0.476325939877752,-0.20681466060121348,-0.41696694405166523,-0.1905467174868584
2012-12-03,0.2,-0.4819465484530176,-0.206416152878292,-0.4109251758804734,-0.15362558131988213
2012-12-04,0.0,-0.5032355194304146,-0.21089238276023062,-0.4054612507686719,-0.15315969665058174
2012-12-05,0.0,-0.5221021724029283,-0.22413609945893773,-0.3999481551687297,-0.1101481992669777
2012-12-06,0.0,-0.5476311434807634,-0.2315473596096375,-0.3937471513737796,-0.06795627769560551
2012-12-07,0.0,-0.5530675244911699,-0.23580143261726147,-0.38572043143310686,-0.2861023726505701
2012-12-08,0.0,-0.5567603083522329,-0.24359652230013096,-0.37774817561559176,-0.24583441701096323
2012-12-09,0.0,-0.5642115539641503,-0.2555524068416222,-0.39008242529423226,-0.20620793256341177
2012-12-10,0.0,-0.5556622023512329,-0.2506992411769784,-0.38707503472198945,-0.16704043019516004
2012-12-11,0.0,-0.5731637471231028,-0.25704460735931844,-0.3772541687544236,-0.12908505794075484
2012-12-12,0.0,-0.5884318614197899,-0.2593591462829745,-0.3674677011978347,-0.09089796477145581
2012-12-13,0.0,-0.5647903546037244,-0.24624272298579933,-0.3635941766391565,-0.052516282761140315
2012-12-14,29.0,0.2953069780717639,0.42275353989923214,-0.2320967188436574,0.15130924501862247
2012-12-15,2.0,0.24802550529319997,0.3873337643200487,-0.21101657907709032,-0.07907560797778397
2012-12-16,0.0,0.1858295358960698,0.3420343259306225,-0.21290988057082924,-1.877180593417144
2012-12-17,0.0,0.15082340259383745,0.319515726224007,-0.20687131494396824,-1.844239069079629
2012-12-18,0.0,0.1150627196801581,0.29244632171581286,-0.19219394822093663,-1.8120820089921443
2012-12-19,0.0,0.09125884090207709,0.27095385435606123,-0.1774097716510041,-1.7809190772827992
2012-12-20,0.0,0.07920870177048189,0.2647534532199178,-0.16252888683296063,-1.7474735595553983
2012-12-21,0.0,0.07057954847951399,0.26109102852794763,-0.14645149403457963,-1.7141187901522514
2012-12-22,0.0,0.05343733877587417,0.24927782074115243,-0.13528714771944397,-1.6830666368533316
2012-12-23,0.0,0.03913694997313315,0.2430247961243948,-0.14141078659223913,-1.6545789339752313
2012-12-24,0.0,0.02872822892237848,0.23277661929487045,-0.130543871312793,-1.625693160644028
2012-12-25,0.0,0.02584588346680215,0.2333376167117126,-0.11158409818524316,-1.5945193435084193
2012-12-26,0.0,0.022374051068585525,0.23118807716373035,-0.09054698180641052,-1.5650633518872388
2012-12-27,0.0,0.028366129402099313,0.24256922715334706,-0.08399843574731257,-1.5364698320503334
2012-12-28,7.5,0.26799670925916347,0.44871704395161266,-0.030819373368535186,-1.3907191558812362
2012-12-29,0.5,0.32700672747601,0.4426020199533751,-0.004897598505859677,-1.3535622992422884
2012-12-30,0.0,0.30912623309984616,0.43412869612473337,0.018980558394859213,-1.3249757045584327
2012-12-31,0.0,0.600939838660503,1.1392935399684345,0.04295594788723863,-1.2993675190975122
2013-01-01,0.0,0.2954828075336336,0.39026031376772025,0.05259503995014534,-1.274829937340385
2013-01-02,0.5,0.318875424331964,0.40722433315468726,-0.4104620630349764,-1.243179167187464
2013-01-03,0.0,0.2506185083155864,0.4210099186106297,-0.39188348131308554,-1.2188934133012506
2013-01-04,0.0,0.26523484850620865,0.4368041181547839,-0.36678048987279854,-1.2544656201522044
2013-01-05,0.0,0.25532894544107365,0.43338708008295646,-0.34135012170283113,-1.2289122128992567
2013-01-06,0.0,0.23117876356595213,0.4198873252573109,-0.31629089928968873,-1.2060101700384025
2013-01-07,0.0,0.20645875244230025,0.39427872115888113,-0.3132557390233847,-1.1856202889678946
2013-01-08,0.0,0.18525672474855762,0.3904134270629032,-0.28815588715597357,-1.167933953858812
2013-01-09,0.0,0.1619189272977828,0.3764917667407947,-0.32681171065890974,-1.1526107413826723
2013-01-10,0.0,0.15534902761458677,0.3755244569713772,-0.3467762772859587,-1.1376611210352217
2013-01-11,0.0,0.1462425444485737,0.364832492553708,-0.7113570990192589,-1.1238059450056974
2013-01-12,0.0,0.12445321769253082,0.346501192951139,-0.6882912426212677,-1.1094178695740395
2013-01-13,0.0,0.10237485014698641,0.3314932200798397,-0.6649210275109779,-1.0955936414385365
2013-01-14,1.5,0.12379407104484826,0.33806762125304735,-0.6375114441525855,-1.0597257056145915
2013-01-15,0.5,0.1138779576103045,0.34040015664278145,-0.6903565354011572,-1.0391652503472373
2013-01-16,0.5,0.11230870542089406,0.34602614634605183,-0.6736323190867055,-1.0289061214333117
2013-01-17,14.0,0.5660750461117043,0.7581024949715304,-0.5916515995645083,-0.8065714723449585
2013-01-18,0.0,0.5094797046414158,0.7028095201569835,-0.5774763194621928,-0.7901300474988272
2013-01-19,0.0,0.4637843037903288,0.6666097415737671,-0.5563178336871291,-0.774412166337126
2013-01-20,0.0,0.4163265406816719,0.6260997572010895,-0.5344683098035489,-0.7883657627738577
2013-01-21,21.5,1.1290880826604814,1.2654944979276903,-0.41377288934296946,-0.49166761965202177
2013-01-22,16.0,1.5687923942597726,1.6708359837964695,-0.31759696519329755,-0.2905992859845841
2013-01-23,0.1,1.4000654836311088,1.4918728135689652,-0.2932641665078354,-0.2743246839959181
2013-01-24,0.0,1.3249221877105553,1.423900763964445,-0.26975405607566816,-0.2591937233578576
2013-01-25,0.0,1.2669695739619187,1.3855403585769641,-0.2471471986303665,-0.2846756769357343
2013-01-26,0.0,1.2642533330909684,1.3805241605928285,-0.22504076778348286,-0.27179304163586926
2013-01-27,0.0,1.2297339512683263,1.3493679209268432,-0.20257259444244213,-0.2596150623679276
2013-01-28,0.0,1.1300661166867865,1.24827422888807,-0.180453888262494,-0.25900914890121685
2013-01-29,0.0,1.0249806141450242,1.1947486634711224,-0.1779645891913697,-0.24687332802059023
2013-01-30,0.0,0.9258334285517401,1.1065318423283532,-0.15450159730279386,-0.23403264198177642
2013-01-31,0.0,0.8175828292416385,1.012314832202368,-0.12850160785849316,-0.2213698446834786
2013-02-01,5.0,0.9218045985375283,1.118307354053821,-0.08036796420690881,-0.15268035208618508
2013-02-02,0.0,0.9416897606787583,1.1392414209188473,-0.05411634955059405,-0.1474440473447977
2013-02-03,0.0,0.9684610493636837,1.1550236391503335,-0.02883794646404698,-0.17790760366286032
2013-02-04,0.5,0.9619375372354886,1.1604986470423455,-0.0002825102394261674,-0.1639173220109066
2013-02-05,2.0,1.0370204007176784,1.2181483451921953,0.03513717027960882,-0.13174867341665283
2013-02-06,2.5,1.1350274983987958,1.3262087722420015,0.0724086765480222,-0.09418886457921319
2013-02-07,0.0,1.1241125800337144,1.320985162243208,0.1000191197484336,-0.08550553928922673
2013-02-08,0.0,1.1402460560431487,1.2866202642631428,-0.007181177695547199,-0.08724865689443766
2013-02-09,0.0,1.1564795908803864,1.305511678730103,-0.04273344573875492,-0.19080956416501263
2013-02-10,0.0,1.101603491665251,1.263338710343872,-0.019433401175761606,-0.18097250050660563
2013-02-11,0.0,1.093555480447611,1.2276205582063229,-0.04130761712578524,-0.17053900103788494
2013-02-12,0.0,1.0809082755164998,1.1927188155395785,-0.08886286349082402,-0.16067963404929458
2013-02-13,0.0,1.0829599370882637,1.2085433653768767,-0.05445391847050201,-0.15296733659886969
2013-02-14,0.0,1.073359370089699,1.1774655267839733,-0.02046416303689682,-0.14706041013686402
2013-02-15,1.0,1.0105815172362769,1.1403303600189487,0.01927181849387018,-0.12985512290929008
2013-02-16,0.0,0.8888607919779249,1.0657569685806052,0.031281107282024684,-0.126419521897856
2013-02-17,0.0,0.7951127308865722,1.0135560159813293,0.06603953745050396,-0.12441850230424646
2013-02-18,0.1,0.7643251273614599,0.9682648546437546,-0.05516268127819268,-0.12156192080156927
2013-02-19,2.5,0.8468144014151907,1.0453309713622758,-0.15154229860975432,-0.09050395293931297
2013-02-20,0.0,0.8061940618422956,1.0200622069816203,-0.1261246600127175,-0.08954579301705617
2013-02-21,0.0,0.7638337328981233,0.9757550619133709,-0.11294951918547816,-0.22231778187132079
2013-02-22,0.0,0.712631473817133,0.8949826325757456,-0.07880427791621135,-0.2233286889187977
2013-02-23,0.0,0.6351507441257559,0.8330635796315797,-0.05723305009605794,-0.22511672889617923
2013-02-24,0.0,0.6114410501385045,0.8195015284095606,-0.09809215720398715,-0.22715315507727257
2013-02-25,0.0,0.5990481138382363,0.7988863647997293,-0.061566222350252414,-0.23008173269302568
2013-02-26,0.0,0.596881879964966,0.7949312986262256,-0.5012463538874872,-0.2334123359571662
2013-02-27,0.0,0.5948225656303813,0.7989920598992839,-0.5158600537488452,-0.23651836216490363
2013-02-28,0.0,0.5711863976713062,0.7804148720460257,-0.48439340099764594,-0.24088504763287624
2013-03-01,0.0,0.550875790051965,0.7694235711835637,-0.44924395216007806,-0.29769635545469136
2013-03-02,0.0,0.5405967013968764,0.770038395909042,-0.41307257513166334,-0.3051151957075326
2013-03-03,0.0,0.4431562712558905,0.6509050533939884,-0.3839042710249974,-0.3157748958973161
2013-03-04,0.0,0.42828772473922333,0.6442414871922677,-0.3889419544657681,-0.32408737100005514
2013-03-05,0.0,0.41073469766242743,0.6205083146893696,-0.3546152246519757,-0.3334227815788068
2013-03-06,0.0,0.3979024128682187,0.5984940422352691,-0.32008815165660537,-0.34237691648770796
2013-03-07,0.0,0.38564775694044967,0.5870802985121312,-0.5277516048835382,-0.35112065653490265
2013-03-08,0.0,0.39336009729974003,0.5958852151440894,-0.49580280038902547,-0.36097171279924606
2013-03-09,0.0,0.4002775437412676,0.6188970524059346,-0.4664378155506199,-0.37238620694382235
2013-03-10,0.0,0.40617478310067784,0.6368871805633143,-0.43842510684390396,-0.3838999119568651
2013-03-11,0.0,0.41168235297955647,0.643305347363136,-0.41246467300838663,-0.39722480238901176
2013-03-12,0.1,0.42329921333526893,0.6550429852609949,-0.38649887546701067,-0.409279766635662
2013-03-13,21.5,1.1244836508901346,1.3005361463313203,-0.23772056873554326,-0.15014266681810348
2013-03-14,0.3,1.0866731264399816,1.25025959336895,-0.21758111335658986,-0.5424099961850455
2013-03-15,0.0,1.0705042612647968,1.2420428990029742,-0.46018310442449434,-0.5903675281232587
2013-03-16,0.0,1.0344624470392911,1.1807906216161443,-1.9393179427931015,-0.6070842553646716
2013-03-17,3.5,1.1311218054909276,1.2487822230886148,-1.8896489751569994,-0.5702430005920562
2013-03-18,9.0,1.4240764463574045,1.5024286153127318,-1.7847608366467447,-0.4569077626951834
2013-03-19,0.0,1.3271839186586136,1.4176617881565585,-1.7749360756817711,-0.47219786133606634
2013-03-20,30.0,2.3721667816754657,2.3337297646371677,-1.4722002022936815,-0.09882919392770456
2013-03-21,0.0,2.2032372713334945,2.18815816560855,-1.4576902525382052,-0.11095139126860541
2013-03-22,0.0,2.044920638322096,2.0255992473773654,-1.4463290700845333,-0.12443467327574594
2013-03-23,0.2,1.9217902645320701,1.9180568816463592,-1.433698891859263,-0.13513221192657804
2013-03-24,0.2,1.6955075099916184,1.8181931689351105,-1.4194730977990548,-0.14587216978202672
2013-03-25,15.5,2.157429883302487,2.2519860598853154,-1.264212210006995,0.027624535571551905
2013-03-26,0.0,2.105524972840344,2.1969485048971187,-1.2523190770409305,0.014725915561556169
2013-03-27,0.0,1.9872336056183248,2.0844437325331127,-1.241703175191399,0.0007149985703573812
2013-03-28,0.0,1.8885827738505485,2.009775606085131,-1.2311066478741668,-0.10506795813293207
2013-03-29,0.0,1.7649182205957856,1.9077288946386044,-1.2201916776669681,-0.12637763215339926
2013-03-30,0.0,1.6524888646176805,1.812310680067862,-1.2090915190959328,-0.14143685043770327
2013-03-31,1.5,1.7403166519967985,1.8545401422493177,-1.1842428790890167,-0.13655226911186058
2013-04-01,0.0,1.7527597077320827,1.890506094886484,-1.1746052813928118,-0.14985061715905804
2013-04-02,3.0,1.826702339150475,1.9152786079449373,-1.1370894718651419,-0.13018621443162762
2013-04-03,0.0,1.8454698239105312,1.954072671531821,-1.1277897831333892,-0.14179502822201717
2013-04-04,0.0,1.6786149874719876,1.8031355539422487,-1.156034928495107,-0.15370777564271143
2013-04-05,0.0,1.6969199346721389,1.816374082592851,-1.1484243888133228,-0.16559274134926769
2013-04-06,27.0,2.5142402516258273,2.564993311850997,-0.8953972634302004,0.15256593162501128
2013-04-07,9.0,2.7229413103322284,0.0729076059180623,-0.8091832073723666,0.24445572103361524
2013-04-08,0.0,2.5664980388528287,-0.08474165744899731,-0.8023856569339483,0.23371018104092986
2013-04-09,0.0,2.5073643053815955,-0.17445698851663327,-0.7955653064241811,0.22406195762231004
2013-04-10,0.0,2.328687023075474,-0.23404094735285325,-0.7885548641280282,0.21358637573582978
2013-04-11,0.5,2.33384953082801,-0.28330270151451653,-0.7777395886906573,0.20844380836882784
2013-04-12,0.0,2.1229811220484,-0.32541873237718116,-0.7713628285695417,0.19711968413205747
2013-04-13,0.0,2.112263467639674,-0.37820569687020605,-0.766691493648437,0.18456981646973655
2013-04-14,0.5,2.124115627381102,-0.40571143897714923,-0.7589302742026686,0.16043735836020712
2013-04-15,0.0,2.083887554369418,-0.4370379227895347,-0.7559588227490855,0.14220170054814713
2013-04-16,0.1,2.101212650567199,-0.47279353515195427,-0.7511159921705963,0.12476687684713753
2013-04-17,5.5,2.3497493490894827,-0.3525432461383683,-0.6989321934533878,0.011072225061516169
2013-04-18,0.0,2.399149989401672,-0.4137096151060678,-0.6956949923426666,-0.002642973057743451
2013-04-19,0.0,2.3520404109228394,-0.47641065682297606,-0.6917462028139749,-0.01508885877375796
2013-04-20,4.5,2.482378069856158,-0.37337871774352444,-0.667024691402165,0.027885038011154994
2013-04-21,0.0,2.491169678791238,-0.45621250127750057,-0.6659671260410855,-0.2558826413176591
2013-04-22,0.0,2.2778609305601165,-0.48261476748352544,-0.6645039758727533,-0.48887460521759213
2013-04-23,0.3,2.277669398881656,-0.5260348088355072,-0.6603028363815945,-0.5025476082374616
2013-04-24,0.1,2.049450945024551,-0.5371800364180565,-0.6587134930599058,-0.5178727730342249
2013-04-25,0.0,1.9602724232100661,-0.5310463184896556,-0.690142133205673,-0.533892172690132
2013-04-26,1.5,1.9806291141564407,-0.5505298585890201,-0.6770927789591608,-0.526893033245517
2013-04-27,0.0,1.8550997206796538,-0.6075970112991147,-0.6772507345750117,-0.5406287820000967
2013-04-28,0.0,1.6418300884027266,-0.6231370488760376,-0.6877713423865024,-0.5550625311594927
2013-04-29,0.0,1.4246291889602538,-0.5998892652466338,-0.6885145698280405,-0.5703470090737529
2013-04-30,6.0,1.7175233061152826,-0.5361214076742952,-0.6341937436952075,-0.5007090250374552
2013-05-01,0.5,1.8059564652830613,-0.5882389824181026,-0.6303153183614759,-0.5101592938177589
2013-05-02,11.0,2.1534173748188383,-0.3031345414148644,-0.5341090409264487,-0.44337319914468054
2013-05-03,4.5,2.2827559326557614,-0.23286813135846643,-0.5010899093860024,-0.3992742631182318
2013-05-04,0.0,2.282983682893989,-0.29919848343675043,-0.5348596059725936,-0.41663680914767265
2013-05-05,0.0,2.308037305294387,-0.3650230237592742,-0.5377584893409806,-0.43896224552370977
2013-05-06,0.0,2.29879995951575,-0.424286829146841,-0.5396724078291274,-0.4813718680443774
2013-05-07,0.0,1.714787536093789,-0.37668662021639493,-0.5423229731676216,-0.5324920733769911
2013-05-08,0.0,1.7556607344770647,-0.44708322255462984,-0.5450486860675184,-0.5489181876700239
2013-05-09,0.2,1.8011837381386808,-0.49029063396102124,-0.5546853951031158,-0.5614156841468642
2013-05-10,9.5,2.147616606286855,-0.2401429680256418,-0.5573491984307049,-0.4428156502066464
2013-05-11,0.0,2.0579265033003242,-0.3106247501518951,-0.5589072992062634,-0.45756896851275664
2013-05-12,0.0,2.05687384435975,-0.38183273014872626,-0.5591485616900229,-0.4717815203614215
2013-05-13,0.0,1.7511587568125468,-0.40108576048436506,-0.5592682695178077,-0.4843032421099518
2013-05-14,0.0,1.803885767818256,-0.4709802050836903,-0.5585100281311557,-0.49351602316734766
2013-05-15,0.0,1.8081064802253408,-0.5377591249697763,-0.5580710312645946,-0.5025718030527941
2013-05-16,0.0,1.8319949793814612,-0.5527361126682121,-0.5582543560187551,-0.5247202995733319
2013-05-17,0.0,1.7856137408589523,-0.5963850630733186,-0.55948870944472,-0.5313914287361852
2013-05-18,1.5,1.7080286792902373,-0.5682596737248461,-0.5480045084411653,-0.5165652765906562
2013-05-19,35.0,2.857089102678955,0.4510280207161646,-0.24720644905574485,-0.05901254146127616
2013-05-20,0.0,2.750398217492878,0.28432345663138786,-0.24909269003618553,-0.09592960950868143
2013-05-21,0.0,2.6742624168841567,0.19312512566872667,-0.2515692910531469,-0.10208453762968157
2013-05-22,0.0,2.7073731379986357,0.12497869697420762,-0.3458753244805501,-0.10647207872138256
2013-05-23,0.0,2.6092668372766643,0.0584906571538999,-0.3489688654782731,-0.1099889249019227
2013-05-24,0.0,2.0647536352435076,-0.0026521135019431648,-0.3523216911685017,-0.11240393239419812
2013-05-25,0.0,2.144016892133297,-0.0473358626721108,-0.35616218768324726,-0.11563948986803219
2013-05-26,0.0,2.1854457108575445,-0.08175329910006152,-0.3600963668886778,-0.11879712567536375
2013-05-27,12.0,2.6691104399293577,0.2613009201144956,-0.26383790559610115,0.026784364241029545
2013-05-28,4.5,2.8642176740836844,0.3519742006035182,-0.23170057758813056,0.07719670470489134
2013-05-29,0.0,2.942064148229111,0.31316380642972175,-0.23639494872035027,0.07430192066067363
2013-05-30,0.0,2.9286139808350953,0.27253924716047284,-0.27514552532721265,0.07215245804436997
2013-05-31,0.0,2.9703030404811246,0.2287290743005914,-0.28188837544750744,0.07022953628722271
2013-06-01,0.0,2.8521364320223452,0.16848429055573494,-0.28997717735567496,0.06870568772921383
2013-06-02,0.0,2.6199906705907625,0.1114281698258059,-0.29634710940713244,0.06762389128101713
2013-06-03,0.0,2.689760250562292,0.06660074849209505,-0.30354042685139354,0.06560158745894859
2013-06-04,0.0,2.708347565834919,0.029621994934195126,-0.3107410719825971,0.06248353633568498
2013-06-05,0.0,2.574526537611976,-0.007933123783752754,-0.31861564239890283,0.05847032497735373
2013-06-06,0.2,2.634933674432779,-0.03666386066353512,-0.3264831526868332,0.055397010053138185
2013-06-07,0.0,2.5376880679285527,-0.08265864359793319,-0.3363583497898415,0.05120601354406798
2013-06-08,0.0,2.347119565567546,-0.1161817240791209,-0.34698251863757795,0.04563883933768092
2013-06-09,0.0,2.3587013232334066,-0.14620437278519618,-0.35883456503633226,0.03868898782594261
2013-06-10,0.0,2.364829901441825,-0.1562787323338877,-0.37150924660453555,0.028384395170257648
2013-06-11,0.5,2.4265091565288124,-0.16005404325440692,-0.38319337278700516,-0.24449079510949623
2013-06-12,2.0,2.430693424335473,-0.10185966793641844,-0.6384364241415994,-0.2368007950268245
2013-06-13,0.0,2.285419607809711,-0.1169424613787573,-0.6760556988425783,-0.251312237719344
2013-06-14,1.0,2.3033075745970546,-0.1020341556198806,-0.6873893608273749,-0.25502793125228407
2013-06-15,0.0,2.3843762605772585,-0.12168044349004485,-0.7088408122242181,-0.3184584676207352
2013-06-16,0.0,2.3894073620220007,-0.13375180776839632,-0.7314198443321078,-0.4573645764945715
2013-06-17,0.0,2.427010880870442,-0.16639244229011924,-0.7562221545572795,-0.48166397069142464
2013-06-18,22.0,3.1544218095667635,0.5430842192042274,-0.5836508501418164,-0.6134654915483213
2013-06-19,4.5,2.7904439846274407,0.46763666323599495,-0.5695904973487159,-0.5784417052573674
2013-06-20,0.0,2.4793514414062208,0.29448806190859783,-0.5978078996019429,-0.6052564007381745
2013-06-21,0.4,2.116906899683696,0.1680476070701123,-0.6228480516168656,-0.6290631809841792
2013-06-22,0.0,2.0796464385468103,0.06934438571857512,-0.6517677106587703,-0.6594514375717657
2013-06-23,0.0,2.0983549600327702,-0.03278244226825988,-0.6805460118374969,-0.8957295851502396
2013-06-24,0.0,1.7447166056342158,-0.14233186313654086,-0.7109236379273367,-0.9242446185315757
2013-06-25,0.0,1.4742000472904413,-0.24215494401612753,-0.7429788287683936,-0.952429766775411
2013-06-26,0.0,1.2571833417683433,-0.3033891082877778,-0.8430037679190938,-0.9827145929254045
2013-06-27,0.4,1.2101899254066713,-0.36171935217950085,-0.878442579829805,-1.008589415875949
2013-06-28,5.0,1.3506281594311897,-0.33863599176876535,-0.8694491137425097,-0.9715458430903893
2013-06-29,0.0,1.2817893575934074,-0.4222386990143131,-0.9055134480710585,-1.0218673458007081
2013-06-30,0.0,1.1950667230060195,-0.5152296744480112,-0.9433482868236163,-1.0553110396977696
2013-07-01,0.0,0.906578878577539,-0.5274685358704563,-0.9863002021615673,-1.1296873495194875
2013-07-02,0.5,0.9302660861942056,-0.6179155543650282,-1.021224744445628,-1.159898060569399
2013-07-03,0.0,0.8064319164019009,-0.6826066180320859,-1.061367992825343,-1.198519851435908
2013-07-04,0.3,0.7935401031609581,-0.7911763215621399,-1.0997610797215367,-1.233663406977795
2013-07-05,1.5,0.7486043647930815,-0.8163249188418995,-1.1288240484315593,-1.6202053668362466
2013-07-06,0.0,0.6670670068754592,-0.8470238226952962,-1.1710105611798003,-1.7917312485372374
2013-07-07,0.0,0.6115419599430544,-0.9342429163060331,-1.2127447727815264,-1.8322598391977987
2013-07-08,1.0,0.5822852771717345,-0.9589317083575263,-1.2479862655917562,-1.86563702939489
2013-07-09,0.2,0.48972523958479386,-0.9877629223344606,-1.2905140536448236,-1.9129135995351796
2013-07-10,6.5,0.5893091772173549,-0.9969896826208836,-1.2774904756923446,-1.873907015809594
2013-07-11,14.0,0.7813115115938419,-0.8054416806901454,-1.1995660057471362,-1.722165174529942
2013-07-12,6.0,0.7516435417049869,-0.7672315503065237,-1.1866179645543897,-1.6807077484534076
2013-07-13,15.5,0.9037906998344173,-0.579586641135677,-1.1076043543615468,-1.5238878210886915
2013-07-14,51.0,1.64607690054909,0.18531227499529584,-0.748463826569937,-0.9780101862817605
2013-07-15,69.0,0.40261380179322537,0.24684801221440475,-0.29659338115908357,-0.3566125026796726
2013-07-16,0.0,0.05071205710411197,-0.07049146928214982,-0.43058871799755316,-0.4422375443127209
2013-07-17,3.5,-0.10219951491447217,-0.20456718135981763,-0.4427847948819867,-0.4458397346557288
2013-07-18,22.0,0.12144374779790514,-0.0026031119896074728,-0.3267155094443629,-0.28993937725132013
2013-07-19,0.0,-0.020834256640104198,-0.1305510392123565,-0.3598964588938373,-0.36028452607857053
2013-07-20,0.0,-0.13174972377654265,-0.23197948722806627,-0.5395390111584216,-0.3916661396131508
2013-07-21,0.0,-0.23318377282958228,-0.3207105621381503,-0.681032489495356,-0.4205670414082445
2013-07-22,37.0,0.3663803049990025,0.15568485457179626,-0.45690231612213805,-0.15428583391219242
2013-07-23,4.5,0.23481844405259555,0.0445355618610654,-0.45754619886073233,-0.14972761472105098
2013-07-24,0.2,0.051923340503849766,-0.11793008767320715,-0.487025014703017,-0.17848131544554094
2013-07-25,0.0,-0.1143964730743253,-0.24297566592977224,-0.5169165733211654,-0.2202728661276412
2013-07-26,0.0,-0.20496423846951736,-0.30816196432181153,-0.5470581442584146,-0.2521175109357008
2013-07-27,0.0,-0.2855282409152742,-0.3684994396606097,-0.5759099730045616,-0.2815437213122943
2013-07-28,0.4,-0.3299945099311468,-0.40964932195839365,-0.6006092810818557,-0.30586514471385123
2013-07-29,0.5,-0.37001324762888294,-0.4495672102466543,-0.6246506587455554,-0.3749936738235729
2013-07-30,0.3,-0.41142771408932516,-0.4865025009143308,-0.6494633345556043,-0.4031797149078952
2013-07-31,8.0,-0.33179195379541804,-0.42105834446695284,-0.6553188305619133,-0.45021031619454077
2013-08-01,0.0,-0.408136728507507,-0.4904452740724028,-0.6801985407047347,-0.5079506242990404
2013-08-02,4.0,-0.36466808367221415,-0.45435681724689553,-0.6786370489671952,-0.4994498703897139
2013-08-03,0.0,-0.37622916822819796,-0.45743604678124705,-0.706621161338624,-0.5230088059195747
2013-08-04,0.0,-0.4607470089561737,-0.5243916959135448,-0.7427063757751475,-0.5458128107594812
2013-08-05,0.3,-0.5268248219534061,-0.5845729278541218,-0.7802091081665931,-0.5666419239504809
2013-08-06,0.0,-0.5685323171218765,-0.634270440210745,-0.8043102531839732,-0.5896769449166538
2013-08-07,0.0,-0.6723516240639164,-0.7153061269823253,-0.8277732278822877,-0.6134471257418945
2013-08-08,0.0,-0.7810092530922593,-0.8150974760220048,-0.8511833094109881,-0.7066505051504781
2013-08-09,0.5,-0.8866232003051627,-0.9262967290957109,-0.8726811599420202,-0.7257933785456655
2013-08-10,6.0,-0.5812828893041261,-0.7012310678549654,-0.8597453146050537,-0.7039825209250451
2013-08-11,0.0,-0.77451424849843,-0.824154144170335,-0.884630453350942,-0.7270879847099838
2013-08-12,0.0,-0.8730683620997202,-0.8894260336942849,-0.9108494456718366,-0.7522981726004626
2013-08-13,0.0,-0.9757220084002832,-0.97180656359347,-0.9385431226731374,-0.7799065265078222
2013-08-14,0.0,-1.070929964539206,-1.059465056907547,-0.9733294113467253,-0.808343103232414
2013-08-15,0.0,-1.0170586949801765,-1.0577634909875122,-1.003188381037475,-0.8381284198179498
2013-08-16,0.0,-1.0968758034701367,-1.0957917764697778,-1.0328413722752718,-0.8791143334763535
2013-08-17,0.0,-1.1953557274078257,-1.1805005527900503,-1.0623367547960292,-1.1678818675860456
2013-08-18,0.0,-1.234811813619932,-1.2339867425004047,-1.1072927817830722,-1.1976082608064789
2013-08-19,0.1,-1.1605073670198276,-1.1954750749983603,-1.1369898829510054,-1.2263216855345038
2013-08-20,0.1,-1.0620354111707122,-1.1179180659327017,-1.1672855105430555,-1.256390307472616
2013-08-21,0.5,-1.2001517922233709,-1.1931671196643974,-1.1964648976141519,-1.2860074886832187
2013-08-22,0.1,-1.3565575949251103,-1.307545482585798,-1.2277474765026806,-1.3184872211027947
2013-08-23,15.0,-1.2434966442116888,-1.229526111610391,-1.170456407791677,-1.240587756738456
2013-08-24,0.0,-1.3395586357204021,-1.3023105449381847,-1.201050349223695,-1.2710478145246733
2013-08-25,0.0,-1.5392452827725236,-1.465415593788379,-1.2316508249735683,-1.388141210586245
2013-08-26,1.0,-1.6942978366612735,-1.6062150838675424,-1.2549797139615861,-1.442299863935875
2013-08-27,0.0,-1.6764901358881772,-1.6610688467642643,-1.2841757851270694,-1.4726475936752434
2013-08-28,0.0,-1.778150097783617,-1.7110412464339377,-1.3154918397861906,-1.5072745518350303
2013-08-29,6.5,-1.8776231257709144,-1.806190070649095,-1.3095109879610234,-1.494983248772312
2013-08-30,0.0,-2.053026576357775,-1.981929005978439,-1.3416603364900168,-1.530664537796227
2013-08-31,20.5,-0.7654343951353002,-0.9027353595441787,-1.2579430233157605,-1.421400664771994
2013-09-01,0.0,-1.3371148164514193,-1.124632899656071,-1.2895724169147118,-1.4572964731092206
2013-09-02,0.0,-1.7502936640834255,-1.2946268692012604,-1.3221511928509915,-1.4937173274833029
2013-09-03,0.0,-1.5410504803791167,-1.2704868860723602,-1.3531180094594557,-1.528090150794586
2013-09-04,0.5,-1.7909317881367373,-1.3615656858739609,-1.3815956000284397,-1.5608495641114715
2013-09-05,0.0,-2.0145882715462937,-1.4738305905457059,-1.413010464917307,-1.5960874465684112
2013-09-06,1.0,-1.8483043447549123,-1.4724251423075185,-1.4391397764068297,-1.6259930996361203
2013-09-07,0.0,-1.9735491038924773,-1.5325985718407098,-1.4730721225253178,-1.6654944603702384
2013-09-08,0.0,-1.6304398039936934,-1.4082168107564237,-1.5070625545805454,-1.7031831116188747
2013-09-09,0.0,-1.9049958001487912,-1.5218968513888471,-1.6599990977692383,-1.7390849886551805
2013-09-10,3.0,-2.048933416623745,-1.6062694945022187,-1.6736133457471012,-1.7609767855044427
2013-09-11,5.0,-1.592820369508359,-1.5036694778582398,-1.6727711530103277,-1.752525234682406
2013-09-12,0.1,-1.718322280048856,-1.555623956969273,-1.6972696300324683,-1.7810745763133964
2013-09-13,13.0,-1.4784365241400004,-1.3838989077519788,-1.6679548443662382,-1.7088823705517788
2013-09-14,11.5,-1.5395116573270358,-1.3889173998823503,-1.6779995737333127,-1.64813120533914
2013-09-15,0.0,-1.6733628278229067,-1.4836222403879122,-1.701783936113468,-1.6654290629457302
2013-09-16,0.0,-1.744211214862309,-1.5397751625397427,-1.8955577228921234,-1.8308412302220314
2013-09-17,0.0,-1.7731891483941318,-1.5969341270895445,-1.9178767033511024,-1.8757983341601026
2013-09-18,0.0,-1.580665696114407,-1.5283109416983516,-1.9378468457819034,-1.885619757199193
2013-09-19,0.0,-1.7476087647076277,-1.5953440056106167,-1.9578383520655953,-1.8961531188745937
2013-09-20,0.0,-1.7122065828155888,-1.601676025958233,-1.9781044058465544,-1.9029985921148223
2013-09-21,0.1,-1.8013873062270274,-1.6204333792033792,-2.0881159186628935,-1.9088308894357846
2013-09-22,28.5,-1.4065244849934813,-1.3554804627081882,-1.94024145464997,-1.7169504934427595
2013-09-23,0.0,-1.5137376142469698,-1.4299262914740969,-1.9590535504866111,-1.7201537161115161
2013-09-24,6.0,-1.4580713934217568,-1.3826126682077025,-1.944795340576937,-1.6841376297285608
2013-09-25,9.0,-1.4166540936021137,-1.3582593339063989,-1.9126623878974147,-1.6275102013762113
2013-09-26,0.2,-1.483553045525934,-1.4281276663604763,-1.9280500954303765,-1.6558826011084231
2013-09-27,0.0,-1.4779591330301465,-1.4615220169557177,-1.952646262575649,-1.6518186567582045
2013-09-28,0.1,-1.5399331784236447,-1.5004749795579082,-1.965763320287296,-1.6415391117894615
2013-09-29,25.5,-1.2009814889584265,-1.2604565796536915,-1.8531944936114648,-1.4672962839591956
2013-09-30,32.0,-0.6771936675674305,-0.9206840460829749,-1.692788853194339,-1.2645586764074102
2013-10-01,0.0,-0.8382134948503203,-1.0203117460544455,-1.7060174682968767,-1.2501371623808368
2013-10-02,1.0,-0.9452800947784812,-1.0985980635056096,-1.7123718222986146,-1.2301014089797142
2013-10-03,3.0,-0.7701597964915663,-1.002063120624173,-1.852650731897751,-1.2059803693605315
2013-10-04,0.0,-0.9552848508979247,-1.1090407028490283,-1.913337667246388,-1.1912879131970615
2013-10-05,0.0,-1.0031958796877753,-1.1193051770439033,-1.925099403639124,-1.1755682559053344
2013-10-06,7.5,-0.897455854825491,-1.0648764035415494,-1.8955866162755908,-1.1219807143830471
2013-10-07,6.0,-0.9050902328763065,-1.070430727000144,-1.873073731579403,-1.0722195878535554
2013-10-08,40.5,-0.277007860534344,-0.6413513715100468,-1.6659385063644154,-0.8697105117986823
2013-10-09,1.5,-0.39631050151455394,-0.7273468274941219,-1.6655986801152758,-0.919833320759513
2013-10-10,0.0,-0.5047344648822302,-0.8077660877010788,-1.6728897955785238,-0.9358068537045157
2013-10-11,0.5,-0.5826627426618883,-0.8804828436955372,-1.6794831694599752,-1.0004903653913584
2013-10-12,0.0,-0.617334676016868,-0.8889118265345906,-1.6864162481745555,-1.2766244204256547
2013-10-13,0.0,-0.6633504656461093,-0.9197312183787877,-1.6927741161554026,-1.7013607078423192
2013-10-14,0.0,-0.6952025811184591,-0.9184277623806996,-1.7271789759718805,-1.6862494969117492
2013-10-15,65.0,0.47609708213486407,-0.11956287052891817,-1.4000796352377842,-1.2745874518792393
2013-10-16,0.0,0.2841561116892868,-0.2813176877312719,-1.4050120351897013,-1.3963503143883118
2013-10-17,0.0,0.14762351933979498,-0.36394098525667207,-1.4326068777836656,-1.3825393254353666
2013-10-18,0.0,0.04790160230386478,-0.4034113281670413,-1.4388303388957842,-1.370038086042726
2013-10-19,0.0,-0.03026241921680587,-0.4526368286783501,-1.4450582311017228,-1.3580380596771389
2013-10-20,4.0,-0.020239821376094612,-0.4298896378890671,-1.4326929528675891,-1.5624374453816983
2013-10-21,1.5,-0.0726639989200416,-0.4683014863926672,-1.4313645781403588,-1.5715394203399722
2013-10-22,0.0,-0.13604133882022137,-0.5207068658379618,-1.4365446097545873,-1.5611759803584577
2013-10-23,0.3,-0.12704663881750483,-0.480842388791925,-1.4484707153095293,-1.5489911695105474
2013-10-24,0.0,-0.17079535847777175,-0.5224990642822708,-1.455139831799526,-1.5349261465432473
2013-10-25,0.0,-0.2113711714190217,-0.5603173153600389,-1.461233313592192,-1.5199621229457758
2013-10-26,0.0,-0.22444944338837733,-0.5765121139473591,-1.4664272340686257,-1.5084910976577006
2013-10-27,0.0,-0.2527504973287706,-0.6109909835156537,-1.5009653397062952,-1.4969520194480421
2013-10-28,0.0,-0.2772857625301489,-0.6340763121013455,-1.5073353929368962,-1.484061057439583
2013-10-29,0.0,-0.30444912199191765,-0.6621713427626688,-1.5679660090630243,-1.52657756185617
2013-10-30,0.0,-0.36128354344266655,-0.7116660453460673,-1.59639316074734,-1.5130276227031525
2013-10-31,0.0,-0.42256645886395566,-0.7561576609376948,-1.5998053283709528,-1.5249576865223249
2013-11-01,0.0,-0.44811501294438694,-0.7750709024368116,-1.602108164714834,-1.5077067445856265
2013-11-02,0.1,-0.4747231685845225,-0.8033174166466722,-1.6048633708129552,-1.4876028100219494
2013-11-03,0.0,-0.5124929986513364,-0.8286602341566189,-1.6089317300085821,-1.4677601401184464
2013-11-04,0.2,-0.5346158604246865,-0.8510784078019087,-1.6112001359538666,-1.4433007462341105
2013-11-05,0.0,-0.5386216022220919,-0.8591287562436613,-1.6146736110843594,-1.4215267262293205
2013-11-06,0.0,-0.5483940338164858,-0.8776818018326249,-1.6667614587373507,-1.3964304284605795
2013-11-07,1.5,-0.5847997346480092,-0.925120253818248,-1.6614039099391287,-1.3593691648631627
2013-11-08,0.0,-0.5868997139949196,-0.9224030075567224,-1.6648100841740523,-1.3676016458062248
2013-11-09,0.5,-0.6206980289026713,-0.9645799834654591,-1.6657262455904733,-1.327681097483797
2013-11-10,1.5,-0.647397758276122,-0.9883901637063679,-1.661865573097049,-1.278667724839382
2013-11-11,0.0,-0.663165137154641,-0.9974215393996428,-1.666259784752907,-1.2393701614226535
2013-11-12,0.0,-0.7164082021890188,-1.0517173299802636,-1.669252610744915,-1.1997063681663718
2013-11-13,0.0,-0.7481143383075728,-1.0921620034043509,-1.6716845115121526,-1.1598944735606356
2013-11-14,0.0,-0.6928123871842773,-1.0553482801560214,-1.6830731458656225,-1.1192747628228372
2013-11-15,0.0,-0.6361332403223449,-0.9712759935558338,-1.8758205131071464,-1.0784334107552098
2013-11-16,0.0,-0.6925335135973648,-1.0125546289038188,-1.8775029445813451,-1.0347506056715383
2013-11-17,0.0,-0.7409326179812984,-1.0600534589969468,-1.8780997782605546,-0.9875823236190007
2013-11-18,0.0,-0.7622701039931395,-1.0717252723040698,-1.8768817962915725,-0.9408145997823959
2013-11-19,0.0,-0.7609327980951989,-1.0668214434805838,-1.875430790071463,-0.8972110175313585
2013-11-20,0.0,-0.7798195277627987,-1.0808736826462688,-1.8746797762110137,-0.8515099692123292
2013-11-21,0.0,-0.7901613417869872,-1.1073989470191634,-1.874407304149924,-0.9024211105191109
2013-11-22,0.0,-0.7909132496655507,-1.123566378303433,-1.8738612692932461,-0.8563212151581566
2013-11-23,0.0,-0.7931456119520995,-1.1241547163461794,-1.9387999813455656,-0.8116282436365584
2013-11-24,1.0,-0.7737078239348081,-1.115926917333607,-1.954473554934361,-0.768480451528529
2013-11-25,4.0,-0.6550205651084529,-1.0178255295459995,-1.9282076870439462,-0.7008102816379957
2013-11-26,0.0,-0.6918478234896838,-1.0440979325349413,-1.9250918582177372,-0.656430106007027
2013-11-27,1.0,-0.6658543471852032,-0.9806511998115697,-1.9165777428596389,-0.6452604402223091
2013-11-28,0.0,-0.6272128059920021,-0.9422510231229114,-1.9130585316287825,-0.5993308712631175
2013-11-29,0.0,-0.6593159502702861,-0.9799604953660204,-1.9090075479061195,-0.6820333718405495
2013-11-30,0.0,-0.6670046979617965,-1.0007147192254882,-1.9034015016183095,-0.6377347772525278
2013-12-01,0.0,-0.6745327997144517,-1.0079751361954523,-1.8974818125600612,-0.5932780331621995
2013-12-02,0.0,-0.6707290420497563,-1.0093127271676834,-1.889926066422401,-0.5480852595902516
2013-12-03,0.0,-0.6414550529498092,-0.991807301802894,-1.883048608283727,-0.5076589760126252
2013-12-04,0.0,-0.6464076325697149,-0.9950727186530661,-1.8747564336463123,-0.46543310423604356
2013-12-05,0.0,-0.6659113905088291,-0.994753732864823,-1.8669094777985817,-0.42862122207462183
2013-12-06,0.0,-0.6817256451347694,-1.0205943858253046,-1.8593410108364095,-0.3852540848516276
2013-12-07,0.0,-0.7071000085053547,-1.0217770367391406,-1.851185684087927,-0.3429247759375236
2013-12-08,0.0,-0.7047863612019389,-0.991102071918997,-1.8424650306771306,-0.3016610377454388
2013-12-09,2.5,-0.6329824682476675,-0.9322168934715628,-1.828276565266472,-0.2645261420169351
2013-12-10,12.0,-0.31636117545266507,-0.7040302199438466,-1.7514007998861048,-0.18146171913185824
2013-12-11,0.0,-0.35946213099154095,-0.7332000805592427,-1.7444632503702593,-0.14286916537762687
2013-12-12,1.0,-0.36684262903626147,-0.7494211377637678,-1.724630939952121,-0.17949435254203644
2013-12-13,0.0,-0.3959363744725784,-0.7772434819582436,-1.7097698426438996,-0.21593509263488467
2013-12-14,0.0,-0.38858791052115277,-0.774941385329467,-1.6947426733797075,-0.17736814850436866
2013-12-15,0.0,-0.3726941055187288,-0.7551012541186368,-1.7966673467581533,-0.1405569741855934
2013-12-16,0.0,-0.39027881166963196,-0.7730119025701095,-1.8047161398544853,-0.10464831962576068
2013-12-17,5.0,-0.2518116214253561,-0.670589277373564,-1.7748208095086297,-0.04199408986964763
2013-12-18,3.5,-0.16270749279345925,-0.6076081444041413,-1.7406025462670416,0.014201758944481151
2013-12-19,0.1,-0.17161157444647712,-0.6073028294435381,-1.7223164698033595,0.0483247273435967
2013-12-20,2.0,-0.1166416755138049,-0.5506540531281823,-1.6940029841727766,0.09410387753766307
2013-12-21,0.3,-0.1304252190349534,-0.5676486125622947,-1.6746118764952382,-0.060543206220019255
2013-12-22,0.0,-0.14347120848646558,-0.5818167002263319,-1.6548137160066685,-0.026702035308473697
2013-12-23,0.0,-0.16012365179853832,-0.5953553707484419,-1.6339630185999252,-0.035515186221281435
2013-12-24,0.0,-0.1711312306922481,-0.6127890652168526,-1.6153446152465256,-0.06781075353278085
2013-12-25,0.0,-0.1760707694787565,-0.6083612304815219,-1.6204018501517878,-0.037800814260868836
2013-12-26,0.0,-0.17572927283752218,-0.6109435620529776,-1.5972334584015193,-0.006255371828785776
2013-12-27,0.0,-0.17422469588306433,-0.6076544192869093,-1.5720199478729322,0.023758417685338592
2013-12-28,0.0,-0.1729151512466819,-0.6148366787066601,-1.5445159965937674,-0.1410589384962799
2013-12-29,0.0,-0.169386422206948,-0.6211985017041138,-1.5182869489465747,-0.382776525016608
2013-12-30,0.0,-0.10363691138022912,-0.621668101578849,-1.4888307260692748,-0.35388105509697587
2013-12-31,0.0,-0.1063916352495068,-0.6255894162352916,-1.4617467194175267,-0.3348862202955186
2014-01-01,0.0,-0.07078049605105154,-0.6157605900428277,-1.415286791252161,-0.31137041692809964
2014-01-02,0.0,-0.06393209278182467,-0.5990033025168474,-1.3897916575913467,-0.2867282924456875
2014-01-03,0.0,-0.1302557533070659,-0.5948881243869306,-1.3623456650035166,-0.2625140633724191
2014-01-04,9.0,0.2222481098237654,-0.333413399044485,-1.2931376553147944,-0.22464915085206483
2014-01-05,0.1,0.17366803807801454,-0.3768508793352101,-1.2656433197827974,-0.2557383434405164
2014-01-06,0.0,0.13237527700027135,-0.4076599194406413,-1.271854915233428,-0.6481115108214838
2014-01-07,0.0,0.10149969979916977,-0.412276173443476,-1.319144494542853,-0.6445998476841722
2014-01-08,0.0,0.07715783275268283,-0.4356094402519695,-1.3235510824172665,-0.6258900353055216
2014-01-09,0.0,0.048199552805265396,-0.4645239401488513,-1.3791245934373235,-0.6135402381011691
2014-01-10,0.0,0.04153877177063046,-0.4666034435841897,-1.6353009623400587,-0.5969443237961713
2014-01-11,0.0,0.04015985628110607,-0.4432558535474216,-2.0255973186052594,-0.5808273706530446
2014-01-12,0.0,0.021884257717617536,-0.44864232965640466,-1.9998116912021264,-0.5642096041076986
2014-01-13,0.0,-0.0014539399492943404,-0.47258705066873524,-1.9969046792635463,-1.5469980328859188
2014-01-14,0.0,-0.018449996429696604,-0.4561265500966904,-2.1163699795307513,-1.5370027949176919
2014-01-15,0.0,-0.03481046080042667,-0.4810899598786421,-2.093390726573594,-1.5264010029054624
2014-01-16,0.0,-0.049485152931073605,-0.5033253276839733,-2.0728885738263743,-1.524540844833414
2014-01-17,0.0,-0.05010421848314032,-0.5032684667399874,-2.051111039762708,-1.510544945706874
2014-01-18,0.0,-0.05202354497617024,-0.5067209704249449,-2.2798107851314517,-1.582780177206455
2014-01-19,0.0,-0.05474350764456426,-0.5059872737751538,-2.290087778128756,-1.6013061034113207
2014-01-20,0.0,-0.05377637394177758,-0.49086016825668566,-2.269412052804876,-1.5867579324725365
2014-01-21,22.0,0.6720199682020956,0.15642027947011236,-2.0959094422507425,-1.1365174703641123
2014-01-22,0.4,0.585928209848455,0.07221513395379184,-2.068306006027136,-1.1155739154180844
2014-01-23,0.0,0.5213323535415116,0.02517136402477856,-2.042612694441316,-1.1015173448086975
2014-01-24,0.0,0.49378943737719966,0.0028168439717442726,-2.018989644041613,-1.0877370732151277
2014-01-25,9.0,0.7764509201382318,0.26141985741528984,-1.9376421017005199,-0.9241510258357516
2014-01-26,5.5,0.9317295046066941,0.3858134806927897,-1.8794902026217633,-0.8259279294732822
2014-01-27,0.0,0.8679696836620789,0.3271165827022725,-1.9078131155766611,-0.8151400182919526
2014-01-28,0.0,0.7751626612424114,0.26451842470139736,-1.882763561598397,-0.8044535652562314
2014-01-29,0.0,0.6855798967150163,0.2174617098511287,-1.8833605841294276,-0.7940086045365411
2014-01-30,0.0,0.6047672390260149,0.1692743059178649,-1.8546556970241275,-0.7828131344628828
2014-01-31,0.0,0.5244859673972242,0.13243272279308846,-1.821443280370223,-0.7733027675115204
2014-02-01,11.0,0.8023670175937262,0.41112671187752786,-1.7195974258409397,-0.6008307447767081
2014-02-02,0.5,0.807918567706895,0.3947155963515867,-1.685264741872535,-0.5869545085390198
2014-02-03,0.0,0.8161683121601728,0.38082224486012445,-1.6564851862012395,-0.5779927069794835
2014-02-04,0.0,0.7895737145939781,0.3677215268588959,-1.6245791356684087,-0.5714502902202566
2014-02-05,0.0,0.7949575578183263,0.3581437460042261,-1.5929332360779085,-0.5860193240145688
2014-02-06,0.4,0.8237525294267811,0.3760369524179614,-1.590144807597799,-0.5723832198941368
2014-02-07,35.5,2.001698566055194,1.4768329416123844,-1.3291921452360185,-0.10986633112458911
2014-02-08,21.5,0.14559765022693535,1.9607346103084209,-1.161627642453654,0.12156910092255813
2014-02-09,32.0,1.0533113129844534,0.4263467745009419,-0.9424891641606202,0.44613004571917153
2014-02-10,7.0,0.9447341549275828,0.3435646623278741,-0.8664174130051009,0.5178742711310541
2014-02-11,6.0,0.926137786799019,0.30705063668280447,-0.7969768902437172,0.5783519493225481
2014-02-12,2.5,0.8112531707192379,0.19884187311160703,-0.7457037578588681,0.6068362492567723
2014-02-13,16.5,1.2798390563154567,0.5882998283033832,-0.6228311282003924,0.7522932711487852
2014-02-14,1.5,1.10531533112812,0.4167234012680926,-0.57444067814349,0.7696366919423747
2014-02-15,0.0,0.8445279592241743,0.23756670569339575,-0.5340388839246337,0.7739085230865066
2014-02-16,0.0,0.625200780213996,0.09516723339826731,-0.4946100770292679,0.7766289542977997
2014-02-17,26.0,1.302652253380775,0.7724485694771602,-0.33293746744019026,0.9828833698472031
2014-02-18,8.5,1.3308455718059329,0.7953935414851404,-0.25561587507857886,1.0482936130452856
2014-02-19,0.0,1.164097290792126,0.6340661857622559,-0.28684175392546796,1.0491423911941147
2014-02-20,0.0,1.0032775597029502,0.5075683335134981,-0.24932113542461667,1.049662021476676
2014-02-21,0.0,0.8614313060021503,0.3916514919464983,-0.21302711058956397,1.0500122781362413
2014-02-22,0.0,0.7274840868808364,0.27902754573208255,-0.18290525604055274,1.0404049224393306
2014-02-23,0.0,0.5838627330028624,0.18740978155961094,-0.14733857410107384,1.0075376653000563
2014-02-24,0.0,0.5025396547011749,0.11887480994392785,-0.1112865931213314,1.0047941160383342
2014-02-25,0.0,0.437225089548079,0.05902340360391951,-0.1043037837379913,0.9941385940416753
2014-02-26,0.0,0.3810054184246283,0.0006803400135983965,-0.06757259727151453,0.9906563283163136
2014-02-27,0.0,0.31991513551456496,-0.0688807071732614,-0.1260195782667706,0.9871678754837763
2014-02-28,0.0,0.24846244451836194,-0.12232252582048926,-0.0900571462008662,0.9830980477605636
2014-03-01,0.2,0.18021761970179448,-0.18018506402222276,-0.05249896086191212,0.9792333931253405
2014-03-02,15.5,0.5827264056279448,0.15979406645486172,0.05379186047008111,1.086843288638282
2014-03-03,0.0,0.376970417041876,0.018440932040617596,0.08519149626660451,1.0822451336144896
2014-03-04,0.0,0.2907489867343776,-0.06807315694142411,0.11913919561238792,1.077570127037314
2014-03-05,12.0,0.5456036028831113,0.174784846595923,0.20312120243195814,1.1596084615591327
2014-03-06,0.0,0.43148844613919307,0.06672218711072599,0.23833372584110352,1.1568010349757665
2014-03-07,0.0,0.34743578589679097,-0.009763976415104968,0.2722887324506312,1.1533498301879874
2014-03-08,0.0,0.29038704042470054,-0.06275825091150397,0.3062092680778314,1.1499551798810714
2014-03-09,0.0,0.23961808260135892,-0.1012783056066006,0.3249873124772829,1.1274888256628168
2014-03-10,0.0,0.1907997024736161,-0.1380927838454433,0.3344923812713662,1.0362482848857495
2014-03-11,0.0,0.14572699261867778,-0.1669330756915556,0.36576403038964755,1.0338546398367188
2014-03-12,7.5,0.3383489767440743,0.028823012774100078,0.3711804844315868,1.0804643194901415
2014-03-13,6.5,0.4832952193364751,0.08864364117891206,0.3789093137142203,1.1276737555701937
2014-03-14,0.0,0.41457383056380653,0.01190374030236531,0.41041175161993826,1.1263691523429653
2014-03-15,0.0,0.35779468812603304,-0.0481473924050227,0.4374467950230281,1.1238805154909122
2014-03-16,0.0,0.2944841989036436,-0.08618726374849071,0.4636603646050213,1.1201033537463596
2014-03-17,0.0,0.22493756343382432,-0.13407226837745645,0.48979935218273346,1.0781092718525191
2014-03-18,0.0,0.16034545549729404,-0.17990186583987236,0.5155486658612298,1.048003504550189
2014-03-19,0.1,0.10279698814374293,-0.20951380418350726,0.5429361680211247,1.0454560099105035
2014-03-20,9.0,0.3666934151583658,0.02888642970713346,0.6135508846404456,1.0978667302559402
2014-03-21,0.0,0.2603981193403101,-0.050548403282023466,0.4965922554274523,1.0931445438345926
2014-03-22,0.0,0.1593293457325544,-0.11643590759310457,0.5212971629616657,1.0909714836163602
2014-03-23,0.0,0.07563887564067764,-0.1673482600950292,0.5149351187541668,1.0889126699700584
2014-03-24,0.0,0.0010766949580491274,-0.21011524614312163,0.49217846366294743,1.0870542063757
2014-03-25,0.0,-0.061320233848652234,-0.2536631536327464,0.5152909474863938,1.0859650962903598
2014-03-26,0.0,-0.1060064487428596,-0.2965050279484632,0.538074277578714,1.0835735837966731
2014-03-27,0.0,-0.11806838503266275,-0.2997647527024695,0.5592259058032144,1.0807432883657566
2014-03-28,0.0,-0.13457290664152063,-0.31081398825415524,0.43812326172231447,1.0777323846121876
2014-03-29,0.0,-0.15101090773886805,-0.3193310528025322,0.27084101321662835,1.0745649303455322
2014-03-30,4.5,-0.02671935486315244,-0.19586272626019174,0.3146829948853972,1.1100326827599536
2014-03-31,0.0,-0.06709666120444086,-0.23222933746162472,0.32466500275509147,1.1054179766737429
2014-04-01,0.0,-0.10862095733987262,-0.2756144121606048,0.32196105017894927,1.1011160874522332
2014-04-02,0.0,-0.15052970652735678,-0.30625077363851927,0.33686412397727966,1.0961320734644557
2014-04-03,24.5,0.5090679350874947,0.1465080677133875,0.49691380394613943,1.2982592301096838
2014-04-04,3.5,0.41178662744459194,0.08099102578900137,0.4874144351409238,1.2445890535015947
2014-04-05,6.5,0.5006576589423889,0.1494005452356544,0.5029656965415729,1.291115895223839
2014-04-06,0.0,0.35928924418979985,0.0297217607910099,0.2682961048358562,1.283279650319702
2014-04-07,0.0,0.2760664956591744,-0.051660067931073056,0.2707295645564525,1.275862304805384
2014-04-08,0.0,0.18192021861717694,-0.11853996932171819,0.2814239519996912,1.26879124927986
2014-04-09,0.0,0.10720229410338245,-0.17235809915981895,0.28893317824914,1.2619262443798918
2014-04-10,0.0,0.040242167394823246,-0.20971628522955924,0.2993605181540999,1.253672671379867
2014-04-11,0.0,-0.022768056736759038,-0.2577031767957243,0.3094234504731805,1.2444957602192355
2014-04-12,0.0,-0.06702294588322887,-0.2872748125486614,0.31986563563984316,1.2360663771475093
2014-04-13,0.0,-0.1099558119768202,-0.3292661795544409,-0.11623974099885491,1.2269193157069878
2014-04-14,0.0,-0.14256333175239466,-0.36309055609643687,-0.10984763024690873,1.2166624776652255
2014-04-15,0.0,-0.16796938327170624,-0.3855887776276854,-0.1036082839933451,1.2087863749253218
2014-04-16,0.0,-0.19832622483251588,-0.4168231639241836,-0.09679838189850305,1.200919180066439
2014-04-17,2.5,-0.16177129320951253,-0.3871536001016078,-0.07270039338938014,1.2141592541474835
2014-04-18,0.2,-0.21544608393973527,-0.42197749199364504,-0.09582048760072767,1.2072971239540915
2014-04-19,0.0,-0.2675783934121359,-0.474413724660681,-0.10205353927708857,1.200215824485973
2014-04-20,0.0,-0.32417267436404906,-0.5124555663750271,-0.09776100891874731,1.1950411429454078
2014-04-21,0.0,-0.38259364209348123,-0.5708600935143006,-0.09693721795927403,0.9920503368449766
2014-04-22,0.0,-0.39007731142689234,-0.5768601861810312,-0.09353360871197987,0.980167386498528
2014-04-23,0.0,-0.42931140571394955,-0.6213048052223676,-0.08987792621090347,0.970707965242802
2014-04-24,0.0,-0.4270115782276376,-0.6208246745300919,-0.08659930484224307,0.9608867483361508
2014-04-25,0.0,-0.44704566317984096,-0.6007138103989904,-0.08400233396673916,0.8654241717224637
2014-04-26,0.0,-0.5065762874533151,-0.6619448227186204,-0.08197825989706506,0.8020386470693665
2014-04-27,0.1,-0.5489442237431399,-0.701775460663886,-0.07882050975734706,0.7933080049892054
2014-04-28,26.5,0.028088899642134024,0.05518297728697006,0.1225191688582393,1.0333350250440565
2014-04-29,119.0,3.089790892691465,2.679074279299288,0.9249028818278147,2.001904760454713
2014-04-30,6.5,2.5711663251847763,2.4857303472329475,0.9700927503804312,2.0417156814061777
2014-05-01,0.0,2.160455976358458,2.181889100917551,0.9745757509970279,2.0346143617576375
2014-05-02,0.0,1.8192965917771031,2.0153335978735982,0.9794747927986857,1.9471307433108296
2014-05-03,0.0,1.6199425680636013,1.9028368975846448,0.9824902701850033,1.9401107775971485
2014-05-04,0.0,1.4817605442857862,1.7864375710260778,0.9859815176044193,1.937028637578222
2014-05-05,0.0,1.3698468662414254,1.6811168275603032,0.9886081745840333,1.9322132746182477
2014-05-06,0.0,1.2460269461264175,1.5393783855973937,0.9817930442904752,1.9260367610606277
2014-05-07,0.0,0.8471495861713497,1.1052980975905615,0.982950162060609,1.9194231346975625
2014-05-08,7.5,1.0068717003102132,1.2526630224953799,1.028050207101493,1.6950437640188671
2014-05-09,0.0,0.9239504615127151,1.171148732377652,1.018843013301787,1.5092032643533873
2014-05-10,0.0,0.8694580005437548,1.0787396679840955,1.0185218798012186,1.2206914131520334
2014-05-11,1.5,0.8172148599230425,1.0237453091173783,1.02651513208805,1.1633167646005829
2014-05-12,0.5,0.7482726761038674,0.9620659866383012,1.0272416925822476,1.105483388281761
2014-05-13,0.0,0.5711919982654287,0.8245499313792733,1.025411706730161,1.0750143517355795
2014-05-14,0.0,0.5156842209678713,0.7833588655576826,1.0248561178859412,0.9102838250522428
2014-05-15,0.0,0.4362749553435262,0.7108015079063865,1.0246013544972332,0.8922097748365786
2014-05-16,0.0,0.3829230894156284,0.634214843497083,1.0237698600573157,0.887762356145267
2014-05-17,0.0,0.3133689476116006,0.5886472467797589,1.0222432377418957,0.883107910285737
2014-05-18,0.0,0.22981037765684117,0.5057546181291028,1.0200137336501163,0.6116892616708893
2014-05-19,0.0,0.1868743616793149,0.4937167371615961,1.0173919800888733,0.5157178162317563
2014-05-20,0.0,0.1527626259474723,0.45904870919664975,1.0144429636425367,0.5112790261182649
2014-05-21,0.0,0.11588517807873834,0.41273387552337426,1.0108538931169846,0.5064022369576624
2014-05-22,0.2,0.07409979172986898,0.38008435691175585,1.0091119047722648,0.5044871137284559
2014-05-23,0.0,0.016644167018255083,0.3197498207575847,0.9993601371497529,0.5012994115425253
2014-05-24,0.0,-0.03369171257616593,0.2138655407743334,0.9707281626210098,0.49844703602619395
2014-05-25,0.1,-0.06541153751198746,0.16778002842764914,0.967373123304513,0.49599823873473936
2014-05-26,0.1,-0.08855102284965516,0.13148403528607874,0.9569392269507974,0.4936199000964837
2014-05-27,0.0,-0.09010372243342102,0.11927750332895688,0.9521566517752512,0.4902887518535508
2014-05-28,0.0,-0.08959825992903683,0.1081323480152006,0.9474076027859674,0.4863888812909034
2014-05-29,0.0,-0.0925215847702193,0.09497711328008697,0.9424256300039962,0.4836746259716507
2014-05-30,0.0,-0.10695035571024124,0.06591511540620788,0.937250156917769,0.4790745550914914
2014-05-31,0.0,-0.1449154643809474,0.018923623986858436,0.9320179606911706,0.3057644338112958
2014-06-01,0.0,-0.18950869244892657,-0.042863292027752624,0.9276724161651343,0.3040896640636797
2014-06-02,0.0,-0.2144285288364376,-0.07632700095259355,0.9238205412021196,0.30301168665895567
2014-06-03,5.0,-0.08400848650443196,0.01714943987038501,0.9514040213846305,0.22156147091023098
2014-06-04,7.0,0.10797900919706019,0.17526578856479125,0.9906386250980765,0.29845120774098605
2014-06-05,4.5,0.1796387225700941,0.22651381530421036,1.013357312243762,0.34526617329086934
2014-06-06,0.0,0.09940782633900326,0.13571359121996143,1.0069776781060757,0.33974272438063247
2014-06-07,0.0,0.022162946034551576,0.048323982327399456,0.9849544468690083,0.3353449523518289
2014-06-08,0.0,-0.03544254494680327,-0.02373261848047585,0.9027212805950035,0.3293993556191141
2014-06-09,1.5,-0.02653794870953888,-0.01610108122500288,0.9052436454300052,0.33917939877077646
2014-06-10,2.0,0.012557449899041848,0.02019543522276643,0.9027884676012943,0.26874767600559124
2014-06-11,2.5,0.05807230090487638,0.013655495251174338,0.9078345753393118,0.21060453197579007
2014-06-12,0.0,0.01622258984205919,-0.0404601642561766,0.8948682548402053,0.19639709866969124
2014-06-13,0.2,-0.004741062257627587,-0.058904666896782254,0.8821806000657568,0.18404044502296557
2014-06-14,0.0,-0.033988838174937294,-0.08645803643961222,0.8667653301812891,0.1673083328122255
2014-06-15,0.0,-0.057643974062682485,-0.11033612213164598,0.8177506317807252,0.14806921993016417
2014-06-16,0.0,-0.07799056022126698,-0.12883606514042992,0.7747936415362519,0.12493625957086699
2014-06-17,1.0,-0.08367937838509538,-0.13501241999990254,0.7597181944199671,0.11017266767921774
2014-06-18,1.5,-0.1000238432831964,-0.15842240526557103,0.7339035826445074,-0.0014540931848139164
2014-06-19,0.5,-0.16509265355750394,-0.2226742418094446,0.7119146700527473,-0.022537153947658366
2014-06-20,6.5,-0.03479704193911225,-0.09221165332268236,0.7291215309308402,0.02194186942636662
2014-06-21,2.5,-0.06244807482786418,-0.1161049173327049,0.7194371812802187,0.019986035620420884
2014-06-22,0.0,-0.16676697106215635,-0.2139485625941593,0.6919974133902724,-0.01109230957731294
2014-06-23,3.5,-0.1806233900569302,-0.22976787878499855,0.6873732879849781,-0.0037658182050494034
2014-06-24,1.5,-0.2464018099908306,-0.30002507615453394,0.6676849958056361,-0.019998409966913593
2014-06-25,0.0,-0.3431953826582597,-0.4000105252399133,0.637108434801381,-0.05296103657085652
2014-06-26,0.0,-0.3938021359989332,-0.4540073135253093,0.6048347357469412,-0.08781710932189747
2014-06-27,0.0,-0.46949616063420335,-0.522827497038058,0.5709684702574866,-0.1240956861248443
2014-06-28,16.0,-0.18737083728879686,-0.26869020314799413,0.6399060515017733,-0.04119816953292538
2014-06-29,0.0,-0.315702317267835,-0.3927851585910952,0.6048194821434388,-0.078433584581765
2014-06-30,0.0,-0.4197652139322132,-0.5073998411348518,0.5673153615230384,-0.11863507596598434
2014-07-01,0.0,-0.44766579158560915,-0.5345620001361183,0.5278377340587361,-0.16062950661074563
2014-07-02,0.0,-0.5935952770697739,-0.6461984395523362,0.48734942130516873,-0.45435447414533
2014-07-03,31.5,-0.010827581516088546,-0.12499474552213168,0.587429101398446,-0.21281498858729678
2014-07-04,0.5,-0.1845924220801934,-0.2973227463197861,0.5483411758055458,-0.315350241932353
2014-07-05,0.0,-0.30817435634122575,-0.4128040332678535,0.5083636006105402,-0.3578107006868716
2014-07-06,0.0,-0.37569298817792074,-0.4839397319771341,0.46900784992804095,-0.3996894505521783
2014-07-07,0.0,-0.47839084659515263,-0.589276911064833,0.4298182616127598,-0.441688066415995
2014-07-08,0.0,-0.563120540161762,-0.6601136544095272,0.39022516677501945,-0.4872184016166511
2014-07-09,27.5,-0.04962888399655432,-0.19712705541880698,0.5201190690930766,-0.27181236988998575
2014-07-10,0.0,-0.23865292018413323,-0.3856930385142021,0.48001103427877767,-0.317266970166986
2014-07-11,0.0,-0.3778675469252393,-0.5188241488988741,0.4396019222115555,-0.3617954360909055
2014-07-12,0.0,-0.4758135525788146,-0.6003191259195891,0.3993880757277848,-0.4027787591088792
2014-07-13,6.0,-0.45953092958483804,-0.5823205615392333,0.3964040298864973,-0.38736151163257704
2014-07-14,0.0,-0.546231866137151,-0.6508295935015873,0.35759991334515523,-0.4267009743732265
2014-07-15,0.0,-0.6022067085571066,-0.7032781105112513,0.3200135946094624,-0.4652004813579818
2014-07-16,0.0,-0.6394001330347883,-0.718501404564007,0.28362869835945925,-0.5248698726891597
2014-07-17,0.0,-0.730411038723644,-0.7917607940883425,0.2490828894872659,-0.5612489073588898
2014-07-18,0.0,-0.7019836551128649,-0.7596065133794755,0.21479851677571618,-0.5936050345661043
2014-07-19,0.0,-0.7760119820051263,-0.8325777026862307,0.18128085172267236,-0.6251593153507162
2014-07-20,0.0,-0.8515493617920514,-0.8985132387969724,0.013369911422060001,-0.6558316230218332
2014-07-21,0.0,-0.9095926224168224,-0.9501769241246171,-0.019618673031126566,-0.6841660857149104
2014-07-22,5.5,-0.8137972781974303,-0.8673499134901175,-0.01680381501260603,-0.6642474844133001
2014-07-23,8.0,-0.7451079725754234,-0.8146790756494041,0.0009131557888837407,-0.6226953396768515
2014-07-24,6.0,-0.7759841744321141,-0.8404894207966911,-0.04881394912080351,-0.6009521638280315
2014-07-25,10.5,-0.6291245383267065,-0.7173966297897576,-0.04903206642486453,-0.5424600603820715
2014-07-26,0.0,-0.6200538936500851,-0.7062532577056065,-0.08103986141408048,-0.574245530316615
2014-07-27,0.3,-0.6500912138935303,-0.7159173818866639,-0.11002475401474507,-0.8267874251977401
2014-07-28,0.0,-0.6722327318335894,-0.7390453670663822,-0.13922564327455197,-2.0994474652164836
2014-07-29,0.1,-0.708202510493195,-0.776609098508203,-0.167374625373023,-2.2062449168942324
2014-07-30,0.1,-0.7481032377465329,-0.8115091933247905,-0.19474521882827073,-2.2305730670475112
2014-07-31,13.5,-0.5688109109934113,-0.6628965358050062,-0.20666517275156782,-2.0772410218157207
2014-08-01,0.0,-0.64639643136066,-0.7362272586333343,-0.23583411147680616,-2.094772506204899
2014-08-02,0.0,-0.6394981681405602,-0.7346303578775107,-0.2614498538989791,-2.110833746485057
2014-08-03,18.0,-0.34045706540984366,-0.46673717240240864,-0.1833509000449995,-1.9154927240326578
2014-08-04,1.0,-0.4316946556892818,-0.5426924080954975,-0.2038656630383529,-1.9188573446653079
2014-08-05,0.0,-0.5099938241812088,-0.6155179440993094,-0.23304012841702335,-1.932223606882696
2014-08-06,24.5,-0.1509582523555904,-0.32427148343836937,-0.3224643554644571,-1.761561919446875
2014-08-07,6.5,-0.17262224215827074,-0.35055102497430934,-0.43419218811216675,-1.7096268767587393
2014-08-08,0.0,-0.33439547374453826,-0.49041568415416387,-0.6471719341190904,-1.7254194928715376
2014-08-09,26.5,0.004139628017584685,-0.22751592736867615,-0.5581496180619686,-1.499056108396442
2014-08-10,60.5,0.18671874693715715,0.07399892131562427,-0.2786639022661741,-1.001905959569743
2014-08-11,3.0,0.04996978602475064,-0.08541771785382955,-0.30280169595578926,-0.9996789334535277
2014-08-12,0.0,-0.10023378888321931,-0.21779494830543972,-0.42018765401989205,-1.0235347133933699
2014-08-13,1.0,-0.1841259147787283,-0.3032801748251505,-0.4512522287800768,-1.0424337624513413
2014-08-14,4.5,-0.2160612625579404,-0.3431647728907285,-0.4557099841079314,-1.0354324359458333
2014-08-15,2.0,-0.27275924201601665,-0.39542338611190503,-0.47472666653806833,-1.0494687009305184
2014-08-16,0.1,-0.40121714924788215,-0.48953240614341986,-0.6488236354075693,-1.077771249466432
2014-08-17,2.0,-0.5022106083268206,-0.57481867360662,-0.7155930058237752,-1.0920483486038883
2014-08-18,49.0,0.13769870207361343,-0.030109517802536456,-0.4804560041753085,-0.7745144718439131
2014-08-19,24.0,0.26792801586085746,0.0483558923714221,-0.3882749137031651,-0.6485416516248187
2014-08-20,0.5,0.0853926361305744,-0.08962799682075567,-0.41892632264266066,-0.6801685261903481
2014-08-21,28.5,0.36364925832878503,0.12438578502197127,-0.309713048448125,-0.5382241534771065
2014-08-22,0.0,0.20823902424764087,-0.020699052376259897,-0.3438491382048638,-0.5740950534940208
2014-08-23,0.0,0.06458276457945343,-0.140229722674296,-0.37722329927221093,-0.6094156119957373
2014-08-24,0.3,-0.06537862162910217,-0.23724592908546102,-0.40857184474466773,-0.6414474299785214
2014-08-25,28.0,0.23658859004833696,-0.0019943801001438325,-0.3057233720788045,-0.5103522393030834
2014-08-26,55.5,0.9985509831313227,0.5676766190818793,-0.07964590497268492,-0.23802751003262299
2014-08-27,1.5,0.6705352539611599,0.33400128565716974,-0.10483545498449709,-0.26371816778462387
2014-08-28,0.0,0.48472615928002943,0.16606058519444045,-0.13888382689852105,-0.29940331451248187
2014-08-29,0.0,0.24443010476475796,-0.041118416624817425,-0.24232191911149767,-0.3355968341037314
2014-08-30,0.0,0.0668150145443808,-0.2083260010919256,-0.2758380057372314,-0.3720100830799525
2014-08-31,0.0,-0.043359946768738396,-0.18495521338566961,-0.3086305222527307,-0.4081421115372588
2014-09-01,0.0,-0.18586133585831927,-0.30865274113659164,-0.39570388797482875,-0.46982787093392686
2014-09-02,1.5,-0.32881602275636856,-0.41605815457834683,-0.4214451813821351,-0.5342394149405624
2014-09-03,95.5,0.9807386726861608,0.38718518914157424,-0.034240334814992016,-0.11283854096289926
2014-09-04,0.0,0.7221106995582963,0.20201662129549733,-0.06501015884501918,-0.14499052941982396
2014-09-05,0.0,0.5606111081248352,0.08889148056586721,-0.09511534141318527,-0.1768903511818447
2014-09-06,0.0,0.3763273101773382,0.004451546998268554,-0.12557830072185044,-0.2090918954515411
2014-09-07,0.0,0.27960637704840785,-0.0671932544198694,-0.15698689278126093,-0.24939142515002297
2014-09-08,0.0,0.13724134165883783,-0.11790500427871978,-0.2194071541505161,-0.29045031188668247
2014-09-09,0.0,0.06296349966798578,-0.18184624328359475,-0.2765501802036548,-0.33077366883851045
2014-09-10,0.0,-0.053097442960049916,-0.2628662406179048,-0.30446528259688876,-0.35680630684081244
2014-09-11,0.0,-0.12164461251906937,-0.31125884666973663,-0.3316329457181313,-0.382701769534407
2014-09-12,0.5,-0.2029020766732313,-0.3714066199040384,-0.3552563976405149,-0.4025478914887004
2014-09-13,0.5,-0.2533919955388741,-0.4013210931662042,-0.37813339573033444,-0.4198376977140391
2014-09-14,0.0,-0.34414101067176395,-0.46975612868697425,-0.40258329237734897,-0.4376711722504879
2014-09-15,2.5,-0.37167839580724,-0.49838953284501425,-0.41652868731086273,-0.44774834030459915
2014-09-16,0.0,-0.4371474863122644,-0.5482361668717846,-0.47652465588451687,-0.4686103490374717
2014-09-17,44.0,0.14055758660714088,-0.1266288992170764,-0.3110346372616918,-0.2747615084041071
2014-09-18,0.0,-0.02085659466870212,-0.22019145054017195,-0.33074094720818126,-0.3149045067613341
2014-09-19,0.0,-0.12565985464770316,-0.29943084485548965,-0.3487605804722387,-0.3341742670894899
2014-09-20,0.0,-0.1993349772041067,-0.3548074734202307,-0.36690798959955445,-0.3411492844867032
2014-09-21,0.0,-0.2636161156341272,-0.3981920359990287,-0.3850294827031961,-0.36435353309795465
2014-09-22,0.0,-0.3202749936618296,-0.44251913515909036,-0.4022010608418077,-0.3759060022922096
2014-09-23,0.0,-0.3675076871498085,-0.47932197096362206,-0.41910639329331484,-0.37960566831070996
2014-09-24,26.0,0.0021204871001207016,-0.22325836560191994,-0.32818504106344376,-0.26193251351383406
2014-09-25,10.0,0.00823591606684038,-0.1833510726895335,-0.30338694073752065,-0.21710784309346834
2014-09-26,0.0,-0.08244975746351182,-0.2442694337362746,-0.3367593178637385,-0.28881870673946763
2014-09-27,0.0,-0.13193579896756943,-0.28264639072478315,-0.35097310731030384,-0.2863389994606677
2014-09-28,0.1,-0.18665339681357504,-0.3221334572327431,-0.36335818612076315,-0.27976069547005883
2014-09-29,1.5,-0.21546400825674852,-0.3463711229775322,-0.36964551079837266,-0.26467708339874985
2014-09-30,30.0,0.21354434363853697,-0.008843313575339759,-0.3592273018410357,-0.12145035123891988
2014-10-01,0.0,0.09282569855223757,-0.09315350087318018,-0.38511542363698736,-0.2511563266743728
2014-10-02,0.0,0.008567130509910174,-0.1531925556438519,-0.42246120806223,-0.2411933388897872
2014-10-03,6.0,0.03238814286302893,-0.11488543130340821,-0.40749181478417285,-0.20224036661712438
2014-10-04,6.0,0.05008896837998128,-0.10864109899382735,-0.3923155411094123,-0.16346257333522415
2014-10-05,0.0,-0.03427254773358803,-0.16284591214731306,-0.40208216470353497,-0.15124956429869343
2014-10-06,1.0,-0.06523626089595405,-0.190993658532816,-0.40774034723652913,-0.13364941450271586
2014-10-07,0.0,-0.1205863201859969,-0.23566775357333822,-0.4162579200689261,-0.24174072940067
2014-10-08,0.0,-0.16450436741415492,-0.27146635335011504,-0.4238414716342914,-0.22660912252671223
2014-10-09,0.0,-0.19675843968672496,-0.29404453948091974,-0.43106330291143347,-0.21135528648038254
2014-10-10,0.5,-0.2347711658427861,-0.32063748714555373,-0.4355210027834637,-0.19387329960519198
2014-10-11,0.0,-0.2812438626622285,-0.3590779418204733,-0.4413758247053038,-0.20495177589199984
2014-10-12,0.0,-0.3063084817457766,-0.3713339502048427,-0.447207952936875,-0.1887626951278568
2014-10-13,31.5,0.15499013430397218,0.015168003084285002,-0.3239124912276014,-0.033850066597127706
2014-10-14,0.0,0.02813364600476189,-0.06489075745552235,-0.3389073585747719,-0.01907886972548472
2014-10-15,0.0,-0.04169720597344269,-0.11025148875095725,-0.34457260914605015,-0.005236525637579407
2014-10-16,0.0,-0.10555498291855897,-0.15337756797665253,-0.3492042050768227,0.009044099166329447
2014-10-17,0.0,-0.14971550752432236,-0.1825997186142664,-0.35420091349834854,0.022923185849234487
2014-10-18,0.0,-0.1836675886311194,-0.20000693987935525,-0.35948112145578226,0.036140582123919004
2014-10-19,0.0,-0.23546515247243965,-0.22707226946690776,-0.364155949964198,0.04904267189140134
2014-10-20,6.0,-0.16179730644536286,-0.16811469872018836,-0.34432885513454065,0.06454613834092843
2014-10-21,62.5,0.9701668466860853,0.27792978430815307,-0.10090535694916117,0.3090545503831885
2014-10-22,2.0,0.7821850335602052,0.14801490228550443,-0.09593357843950971,0.30850135468181805
2014-10-23,0.0,0.4973319692181104,0.05120285092883659,-0.09899369580431683,0.2805231989334809
2014-10-24,0.0,0.5161570206942053,-0.0009906911047845698,-0.10288159928134884,0.29783332242559357
2014-10-25,0.0,0.4886371969080562,-0.044326266151105624,-0.2101860675357364,0.3133749195527514
2014-10-26,0.0,0.4554763444658145,-0.07169036922396946,-0.707504396763739,0.32966254435796544
2014-10-27,0.2,0.3986207900057195,-0.1046802856480836,-0.7381484565958455,0.3462054987911246
2014-10-28,0.0,0.3255377090586898,-0.13850175183806931,-0.740887973636105,0.3619950150686025
2014-10-29,0.0,0.2570766240721969,-0.17279021568765013,-0.7438562640595141,0.32055269516942
2014-10-30,0.0,0.20682641527337356,-0.21376141312783095,-0.7471477338519531,0.33649152751641276
2014-10-31,4.5,0.23878682418153543,-0.18992175080387236,-0.7296984091904769,0.37167049965912785
2014-11-01,2.5,0.22377626375394954,-0.18771054837537623,-0.7205027101188097,0.3220355785620807
2014-11-02,0.0,0.15419266909362414,-0.22647348033233805,-0.722875141059108,0.33523557615759664
2014-11-03,0.0,0.10141741354940312,-0.2563543529258589,-0.72552316288729,0.3543520492483176
2014-11-04,0.0,0.056752217597001636,-0.2809544784699602,-0.7608404324364727,0.26680014100644917
2014-11-05,0.0,0.023377589301934138,-0.2934104190473221,-0.7622176924918995,0.25807310824573493
2014-11-06,0.0,-0.030401386345861415,-0.31920894689535256,-0.7632693394563259,0.2794309360872717
2014-11-07,46.5,1.0746376346212672,0.3153788722718838,-0.5680866807017086,0.3895927572966326
2014-11-08,0.0,0.774862479852175,0.14228747321773952,-0.5712904569513945,0.14245123649838287
2014-11-09,0.0,0.6482944665832928,0.045649718831792016,-0.5725058219003364,0.15255855883305133
2014-11-10,0.0,0.5656457001945869,-0.03287581753875668,-0.5743746222966895,0.1769990510743971
2014-11-11,0.0,0.463077056088799,-0.08465349877821846,-0.5765239381751874,0.197451177786283
2014-11-12,0.0,0.3979010810199623,-0.1345397740055223,-0.5780981113211731,0.20263219834704177
2014-11-13,0.0,0.30842085721160994,-0.18866825248746896,-0.5795514173692703,0.21950014592825814
2014-11-14,0.0,0.20716992022867525,-0.22134649200339904,-0.5811751808366772,0.24908346376897578
2014-11-15,0.0,0.13051756502299217,-0.23420400513055098,-0.5821827905350889,0.2708059899674458
2014-11-16,0.0,0.09548310864941917,-0.26697204821770565,-0.5827110500261136,0.08233112001495009
2014-11-17,0.0,0.06369907212144897,-0.2974388241210623,-0.582416792705207,0.006118287887160889
2014-11-18,0.0,0.04205630033950583,-0.309223048265424,-0.5821601613360647,0.04084347759482689
2014-11-19,0.0,0.01750565733977209,-0.3158056272734605,-0.580997393029531,-0.05617789879118872
2014-11-20,0.0,-0.009752374762319993,-0.3287904035990259,-0.5800925796549634,-0.017283930162771185
2014-11-21,0.0,-0.022206789547613914,-0.344899361450795,-0.5797405567913769,0.020461206658731666
2014-11-22,0.4,-0.01701667578577344,-0.3459024006138788,-0.5775272732300084,0.05896088352429436
2014-11-23,0.0,-0.03261132756486731,-0.35592231685410586,-0.5760642023921023,-0.03696550752616893
2014-11-24,0.0,-0.0441187714324746,-0.3671282760154145,-0.5735903830269273,-0.27977843040616573
2014-11-25,27.5,0.6113556296573722,0.02245706071119387,-0.4531078446986234,-0.10687828225898115
2014-11-26,0.1,0.4706401957678285,-0.08974485808030519,-0.4509491264549859,-0.06634974679251378
2014-11-27,0.0,0.34950642902979073,-0.1470490232839313,-0.44914186969874675,-0.025479105361023158
2014-11-28,2.0,0.29598937537233816,-0.142903096681763,-0.43861586418563275,0.025906216168738488
2014-11-29,1.0,0.25800532367940254,-0.1681666045286922,-0.43212702931745905,0.07188424602967265
2014-11-30,4.5,0.3159133851488344,-0.11088368354096703,-0.4312731077060597,0.13423455919870905
2014-12-01,0.0,0.26777203963171914,-0.14097428991522531,-0.457310099742474,0.1682176034895948
2014-12-02,0.0,0.24408465786241174,-0.1520569994919921,-0.4719056893978033,-0.2868072367669208
2014-12-03,0.0,0.21770648272662507,-0.15550745932421792,-0.4667326851871486,-0.24439483669843498
2014-12-04,0.0,0.1891725490090173,-0.16838974095964737,-0.461424594873103,-0.20289587224771766
2014-12-05,0.0,0.15952770512764108,-0.18213683232158195,-0.45587907324026816,-0.16047839900861946
2014-12-06,0.0,0.11995604467189813,-0.20443178073797788,-0.45662083187893143,-0.11745813410623604
2014-12-07,0.0,0.0812072520677165,-0.22125956315771877,-0.45877813214632435,-0.07526324195141448
2014-12-08,0.0,0.030861907755937917,-0.23465481172420874,-0.4611335784884037,-0.033962476066687584
2014-12-09,0.0,-0.014118836658034104,-0.2506772369008781,-0.4525893005745409,0.00646059781238969
2014-12-10,0.0,-0.03643724319891295,-0.2706996977216569,-0.4448416892500109,0.04648529448158314
2014-12-11,0.0,-0.04406733954231102,-0.2730989297565765,-0.43548187056321264,0.08327156467005856
2014-12-12,0.0,-0.05608893449925177,-0.2873842676065722,-0.4250973526940502,0.11944979697681048
2014-12-13,0.0,-0.06523637116263209,-0.29747331995439025,-0.4135375560069347,0.15836307209222242
2014-12-14,0.0,-0.05779807818593899,-0.29109631334262986,-0.4054711462136154,0.18396555017465932
2014-12-15,0.4,-0.040131720524296303,-0.27094013293106955,-0.3966308800092589,0.222791681181592
2014-12-16,0.0,-0.046985908121594616,-0.2793194732827607,-0.3852997867855167,-0.006406101623363455
2014-12-17,0.0,-0.05654117084333193,-0.28855231628231814,-0.4066202099733621,0.02334860981614967
2014-12-18,0.0,-0.057335249098366535,-0.29043252808612147,-0.40256044243705474,0.0569761875329113
2014-12-19,0.0,-0.05602151447593496,-0.28329339244126756,-0.38749925489614273,0.09051343303273121
2014-12-20,0.0,-0.05437662830046276,-0.2743284998739723,-0.3869578427978854,0.1241345946815357
2014-12-21,0.0,-0.06113261158503102,-0.2815308573725437,-0.3779346557856712,0.15768788171208542
2014-12-22,0.0,-0.06441376230491484,-0.28474236562203786,-0.36133599459810106,0.1917419708380811
2014-12-23,0.0,-0.07630987631711601,-0.29306339531416914,-0.3436666077211631,0.05404536523148235
2014-12-24,0.0,-0.08541366286572451,-0.3032909726802792,-0.32542523592761674,0.01733657565975768
2014-12-25,0.0,-0.09055757789570033,-0.3019835056649411,-0.3727440555455364,0.04899561476000577
2014-12-26,0.0,-0.09023826898502954,-0.30184014592849334,-0.3524435033359984,0.08061179350368716
2014-12-27,0.0,-0.09029057380534247,-0.2996012816223479,-0.330742218676406,0.11077134117011046
2014-12-28,0.0,-0.08671213140438076,-0.29928817986790324,-0.30748790267889525,0.12997227410570483
2014-12-29,0.0,-0.08424355021568533,-0.3003906050801801,-0.28316747799291975,-0.06441683061619978
2014-12-30,0.0,-0.0146189312765857,-0.29810298754354675,-0.3896688387423861,-0.0355842172964765
2014-12-31,0.0,-0.01825295845208414,-0.2990329481334404,-0.36667636022285843,-0.007653327707209449
2015-01-01,0.0,0.018590214830067734,-0.29093188002221365,-0.3176035567670731,-0.0037997260742380075
2015-01-02,0.0,0.024784884043532355,-0.2775554494827099,-0.2940810116028799,-0.02723942500094857
2015-01-03,0.0,-0.045405716520225105,-0.26916972383468046,-0.26937868429089806,-0.002953697490882093
2015-01-04,0.0,-0.03390654899518364,-0.26259023984409685,-0.2445877673900657,0.012721615215423908
2015-01-05,0.0,-0.046348380524224464,-0.2730658761249488,-0.3349749998649209,0.03521096853274069
2015-01-06,0.0,-0.06617167151079804,-0.2874331584733088,-0.3099313167481529,0.05755983492999999
2015-01-07,0.0,-0.07912783805461411,-0.2870303843345626,-0.28568161092645256,0.07884197678609378
2015-01-08,0.0,-0.09207419674895907,-0.30200820362953085,-0.2606378070125504,0.09507388187342755
2015-01-09,0.0,-0.12006482428344116,-0.3251432553010285,-0.26070890673683944,0.11509781809500304
2015-01-10,0.0,-0.11935974532320946,-0.3241770124476496,-0.23554768949510668,0.13415731274995243
2015-01-11,0.0,-0.10478737491562284,-0.30445577986658157,-0.21111865278306896,-0.12325079112054099
2015-01-12,0.0,-0.11639498142511316,-0.3111806060122716,-0.18774214391178765,-0.10462797956794058
2015-01-13,0.0,-0.14119259578109886,-0.333384733468956,-0.16498485490500514,-0.08688400836264969
2015-01-14,0.0,-0.14810551975441913,-0.3258232996154873,-0.142922128039442,-0.06986372080172751
2015-01-15,3.0,-0.07216822736283386,-0.2628314371630695,-0.10801674489806011,-0.02414527945320841
2015-01-16,0.0,-0.10251646606255733,-0.2934410526660914,-0.09549891470467202,-0.020583534777347975
2015-01-17,0.0,-0.11275360662269317,-0.29876601509727513,-0.07469901992836206,-0.0038769012418417904
2015-01-18,0.0,-0.12209647316553433,-0.30496582035699865,-0.07680639696868335,-0.044474317138238524
2015-01-19,0.0,-0.12866179739845313,-0.3088735907975368,-0.08939137087141454,-0.7425004695930116
2015-01-20,0.0,-0.12795133396958322,-0.3027796496847189,-0.09300712959317332,-0.755968404895893
2015-01-21,0.0,-0.14047833738644058,-0.31285148547400465,-0.11629668743505928,-0.742248884887138
2015-01-22,13.5,0.30493033646072076,0.0870698811479616,-0.03514952894640949,-0.5485373641053307
2015-01-23,0.0,0.2289819557274865,0.024780135572580964,-0.012793181748995863,-0.5337559530327496
2015-01-24,0.0,0.20008142999563647,0.0015890987168926108,0.010300806564458555,-0.5190808156582148
2015-01-25,0.1,0.18784306601925937,-0.005630644278121019,0.03265302099383114,-0.5067038975808663
2015-01-26,0.3,0.18901919107897627,-0.007456264340895081,0.05536165894404296,-0.49029284424882985
2015-01-27,2.5,0.25521785864459723,0.05241891268926465,0.030852553466670513,-0.44695571787391053
2015-01-28,1.0,0.23448343484663395,0.043619211250630105,0.05684871250725891,-0.42273561191668985
2015-01-29,0.0,0.17757810574171265,0.004054722563152886,0.07896792384754034,-0.4685511676900519
2015-01-30,0.0,0.12937585088790568,-0.029971020167026026,0.025931815812036952,-0.48913614962443797
2015-01-31,0.0,0.09337284574262485,-0.05019945682050193,0.0469068268852476,-0.4772325919131254
2015-02-01,0.0,0.07796816183394845,-0.060765448674686064,0.07237501810650272,-0.46736524444809746
2015-02-02,0.0,0.07953837467468158,-0.06372651828110167,-0.0073006613804551005,-0.4573695176618025
2015-02-03,0.0,0.0851721056465566,-0.06109189034341694,-0.010443947340071652,-0.4480473387998982
2015-02-04,0.1,0.09172200458667547,-0.05134635068353849,0.016300501153115377,-0.4396583659898027
2015-02-05,2.5,0.17128484303383862,0.02246463408089031,-0.06226839360319227,-1.144691256873802
2015-02-06,0.0,0.16622266214719073,0.015524629588787349,-0.3084628752149066,-1.1377220760301598
2015-02-07,0.0,0.1585443249934957,0.008363394136907783,-0.2916382248619467,-1.1295717556386027
2015-02-08,0.0,0.15108681813892286,-0.001404780145733369,-0.2598777325644509,-1.1182577800814866
2015-02-09,0.0,0.135725751498711,-0.01836580354164847,-0.2323144188407155,-1.1077215755417256
2015-02-10,0.0,0.10770582959008397,-0.03866345052486631,-0.2210834171189088,-1.0950671871748647
2015-02-11,0.0,0.08235266050721851,-0.06042953705205649,-0.19820615772541159,-1.0803985472097373
2015-02-12,0.0,0.06577123922435739,-0.07211827469060757,-0.16442593867827177,-1.0666158629775502
2015-02-13,0.0,0.04606115452179998,-0.09031502893700803,-0.13842713689922195,-1.0573503114970033
2015-02-14,0.0,0.014887841337323739,-0.11463583747842772,-0.32465839263191876,-1.0505075035649503
2015-02-15,0.0,-0.018461909786246587,-0.13613592935729144,-0.39876148001278733,-1.04422723310522
2015-02-16,4.5,0.10683055653493292,-0.01804487650747898,-0.34106632219819455,-0.9539626461750393
2015-02-17,0.5,0.06599551553332957,-0.04696379749932681,-0.43552946832313216,-0.9407932576369593
2015-02-18,1.5,0.08210110966152424,-0.027590058247197007,-0.38951656709790844,-0.9117320143515311
2015-02-19,2.0,0.12896468289958524,0.016733385444986898,-0.34062975843735804,-0.8737945935764038
2015-02-20,0.0,0.10409132882249762,-0.0013918678893750855,-0.304185484580461,-0.8796553519694176
2015-02-21,2.0,0.1450573657994701,0.04273324528531804,-0.3918588322177069,-0.8436691513712534
2015-02-22,0.0,0.11164375728476882,0.01714868863618039,-0.6348981556337432,-0.844112993389031
2015-02-23,0.0,0.0795561203620901,-0.0034448264217505475,-0.6045062101536595,-1.416735616533213
2015-02-24,0.0,0.061274302887397936,-0.017973915338471282,-0.5659118489775954,-1.4207095527481626
2015-02-25,0.0,0.05005534091151846,-0.026158423921122175,-0.5271406679032516,-1.4235003288073935
2015-02-26,0.0,0.036526956638113846,-0.0381045397485312,-0.4888966753806618,-1.4783866178282765
2015-02-27,0.0,0.011316348506965461,-0.062400736869544164,-0.4517529578508061,-1.5077551892043677
2015-02-28,0.0,-0.01320429072562621,-0.08369509271373057,-0.41519427459771646,-1.6388367614465333
2015-03-01,0.0,-0.046850132377835814,-0.1151436884606506,-0.3852971250010184,-1.6462907443705388
2015-03-02,0.0,-0.0862501847257479,-0.15316664416984405,-0.8762000960343197,-1.6554355400820548
2015-03-03,0.0,-0.10227377049471924,-0.15854766872806908,-0.8410851030736943,-1.667184042793245
2015-03-04,0.0,-0.1268325164132942,-0.18193081394993474,-0.8067118128247652,-1.679295897102648
2015-03-05,0.0,-0.14556566947660934,-0.19555087222365494,-0.7723909579896986,-1.6943082033008836
2015-03-06,0.0,-0.15972476954048195,-0.20343172073761842,-0.7383036264878384,-1.7091196567455573
2015-03-07,0.0,-0.1726901480632065,-0.21321554346062144,-0.7063074522125261,-1.7229566698025638
2015-03-08,0.0,-0.19153053911470996,-0.22728936725888169,-0.6747678381922934,-1.7389822806672774
2015-03-09,0.0,-0.1930824226612081,-0.2320906704591175,-0.6460424358684759,-1.757040539380832
2015-03-10,0.0,-0.1961045682429429,-0.23650192384730423,-0.6189933314979286,-1.7766783246826665
2015-03-11,0.0,-0.19504218697752204,-0.23316422555095145,-0.5966986987232196,-1.8010127363830404
2015-03-12,0.0,-0.18560852890104593,-0.2222420070887805,-0.5757269280392708,-1.8256603808712168
2015-03-13,0.1,-0.17715976148355095,-0.21065748238079748,-0.5508705324200284,-1.850445907018703
2015-03-14,0.0,-0.17884864771100836,-0.20750919821320332,-0.541830850799128,-1.882526764307407
2015-03-15,0.0,-0.18054476322446514,-0.20778895795843288,-0.5176853245295098,-1.9273657878998849
2015-03-16,0.0,-0.18017135693984132,-0.2002069743663117,-0.786430868609239,-1.9545443308823904
2015-03-17,0.0,-0.19883264436175388,-0.21127921674140582,-0.7674071400130357,-1.978646995578205
2015-03-18,19.0,0.46076535513021055,0.35672096555643035,-0.6184657976638273,-1.4806990789016845
2015-03-19,0.0,0.34901257506176847,0.2638864515361511,-0.6001630275646709,-1.5048468368295107
2015-03-20,0.0,0.29351618720647193,0.21932718954692823,-0.5810783386586539,-1.5290893764347022
2015-03-21,0.0,0.25111361539206273,0.1841419501322359,-0.5618024460340284,-1.5531648908510223
2015-03-22,0.0,0.1964106742726454,0.13814549649304872,-0.5444367737565854,-1.5804803462574675
2015-03-23,0.0,0.15247717855725879,0.10355421693870931,-0.7135293485029769,-1.607206641944723
2015-03-24,0.0,0.10647856345855292,0.07324664960259342,-0.7717205697432067,-1.6343617225552816
2015-03-25,0.0,0.07867855708687323,0.05018315243682759,-0.7557048052382078,-1.6636071653589588
2015-03-26,0.0,0.05767836032407668,0.0321602587779125,-0.7407678223610762,-1.6936417786890097
2015-03-27,0.0,0.05755484763023301,0.03468277983496311,-0.7278244908384232,-1.7258999710563048
2015-03-28,0.0,0.05227591077201548,0.032684872585423956,-0.7261608999836082,-1.7580070227117708
2015-03-29,0.0,0.042400127359710264,0.02654748294190751,-0.9571831553075454,-1.7899571571036337
2015-03-30,0.0,0.03697968532844422,0.02423986250812284,-0.945062647823201,-1.82166955537717
2015-03-31,3.0,0.12764940269820688,0.10779813519249722,-0.9078056022776951,-1.7708766077369407
2015-04-01,14.0,0.5546098955987989,0.5031908929998032,-0.8299860272383921,-1.464141566025478
2015-04-02,3.0,0.5654412010006049,0.5029332061775988,-0.8442040255470115,-1.4193903637740894
2015-04-03,13.5,0.9775214867707672,0.8795275744151235,-0.7220566074569669,-1.1635799160786968
2015-04-04,0.5,0.8112580042823362,0.7387602367865135,-0.7158552328673796,-1.1692131678094677
2015-04-05,0.1,0.7565352402826216,0.6848650430971115,-0.7061184144117558,-1.1827512353615353
2015-04-06,0.0,0.6804123400454851,0.6220138079819051,-0.6970031262630275,-1.1974193386530854
2015-04-07,8.5,0.9420390435372,0.8717650068603037,-0.618700032547152,-1.0552306053113782
2015-04-08,0.2,0.8528027028049492,0.7731624195782293,-0.6136589454135062,-1.0672031686698533
2015-04-09,0.0,0.8037818128961571,0.7249001846178709,-0.6054594516333901,-1.0805263427530836
2015-04-10,0.0,0.7257071263383377,0.6719001782265551,-0.5978580525441662,-1.0939884136048148
2015-04-11,0.0,0.6997912104878775,0.6533510734232593,-0.8592792197660549,-1.1070702703770121
2015-04-12,0.0,0.6155108201651399,0.5918705364576944,-0.8532029010319467,-1.1222773979603637
2015-04-13,4.0,0.7218588946164366,0.6935315906035098,-0.8132867837352288,-1.0674766338360462
2015-04-14,11.0,1.0513719368352805,1.0095215353298492,-0.7136835815642142,-0.8950021386311865
2015-04-15,0.0,0.9680067650456964,0.9372230678922278,-0.7104853476959521,-0.9624283041759316
2015-04-16,0.5,0.954422187828293,0.9268319990802513,-0.701969282738583,-0.9720048848182158
2015-04-17,0.0,0.9411341378103921,0.9089707646425481,-0.6980582127206105,-0.9898147865896535
2015-04-18,0.0,0.9396775909580605,0.8607618799320469,-0.747803701216981,-1.0079510697308953
2015-04-19,5.5,1.1002278258952358,1.021245590043255,-1.295178630694242,-0.9322384253532208
2015-04-20,16.0,1.6303717822042432,1.4641634296469037,-1.1492816286224108,-0.6941317348167677
2015-04-21,0.0,1.534398627165835,1.3885187730716497,-1.1499260487012999,-0.7118191780650204
2015-04-22,0.0,1.3496370079218023,1.263667070363632,-1.1501026233123701,-0.9436991696560272
2015-04-23,0.0,1.3020663335707852,1.2396321931187675,-1.150332079921022,-0.9624701843022204
2015-04-24,0.0,1.1380520448890346,1.128970696407043,-1.1518320720795407,-0.9814539582866622
2015-04-25,0.0,1.0619039210980838,1.004675560055177,-1.1562989650289222,-1.0011052210500182
2015-04-26,0.0,1.0105387642600732,0.9709865553189994,-1.1586763242354126,-1.0222713879243042
2015-04-27,0.0,0.9125352924453591,0.8910727843420775,-1.1608851521828587,-1.0803662346547165
2015-04-28,0.0,0.7787491190764202,0.7823723995189342,-1.1645318095776078,-1.1133200831743597
2015-04-29,0.0,0.6481075752354897,0.6426083664718756,-1.2146071116358157,-1.130264900165733
2015-04-30,0.0,0.6702794744518933,0.6522823534060904,-1.2434047125766439,-1.148095638183478
2015-05-01,0.0,0.6897165900317803,0.6373042974402188,-1.2462210263722875,-1.1671398678808331
2015-05-02,0.0,0.6876809790927236,0.6504901564676177,-1.2514842645569286,-1.1875059468270228
2015-05-03,1.0,0.7355512873475594,0.7024559557806487,-1.2461218727610255,-1.1923251560482973
2015-05-04,0.0,0.7410016177850897,0.7032542262382502,-1.251912375817107,-1.2146819449128397
2015-05-05,0.0,0.7379893784556445,0.6948849534788243,-1.2574161829325021,-1.2356352940576212
2015-05-06,0.0,0.7142526973687932,0.6613726632131279,-1.8157158082425835,-1.2983680949134881
2015-05-07,0.0,0.5148123829526722,0.4921063640062478,-1.8215679732172225,-1.3184786660865493
2015-05-08,0.0,0.5011964677619092,0.48208380176060167,-1.8275301033279423,-1.339870657628552
2015-05-09,0.0,0.49671712653339717,0.4757670938847652,-1.8320653598684995,-1.358466317296041
2015-05-10,0.0,0.5074982037271634,0.46819037778004413,-1.8366503288492229,-1.3772950218158524
2015-05-11,0.1,0.47986590113510874,0.44642135143551354,-1.8370231166999487,-1.3946704867775015
2015-05-12,1.5,0.5047640782826684,0.4675323835976054,-1.8159482150371962,-1.3853672180717393
2015-05-13,0.0,0.40931961962901714,0.41392036437358964,-1.8147266067180525,-1.4012332380792745
2015-05-14,0.0,0.39602014974954824,0.4055226903939596,-1.8129266349769277,-1.4125620484921986
2015-05-15,0.0,0.36380213997917343,0.37763828308368946,-1.8119370447613,-1.4254593506133806
2015-05-16,0.1,0.3604298260042075,0.36029755189305374,-1.8103157374800194,-1.4339345093521627
2015-05-17,0.0,0.3370106696050963,0.3555023852728469,-1.811337272330613,-1.527981001932419
2015-05-18,0.0,0.29471149647121175,0.32531849040952343,-1.8116121228991862,-1.5451445338211982
2015-05-19,0.2,0.3008514210852695,0.3524919629347201,-1.8098905216651322,-1.5769226508209944
2015-05-20,0.0,0.3081457000289463,0.360274404599967,-1.8105016176551025,-1.625070309468403
2015-05-21,0.0,0.3102603560775808,0.3582287060039913,-1.8168272814789934,-1.634519636471339
2015-05-22,0.0,0.30927299350859677,0.3611843431280324,-1.8175872696558166,-1.6800550078525556
2015-05-23,0.0,0.2885140235577678,0.3451955398692027,-1.8202548115612531,-1.6844687173961643
2015-05-24,0.0,0.21746692856906388,0.2709486246416955,-2.201566785070144,-1.6857975432485137
2015-05-25,0.0,0.21591956539270385,0.2574374883452263,-2.2067662779866,-1.6883198390133958
2015-05-26,0.0,0.2173546348122319,0.25473085875237866,-2.209576919111186,-1.6907474110304335
2015-05-27,0.0,0.24681985420885208,0.28348043713687,-2.2425062652197663,-1.6925796631485963
2015-05-28,0.0,0.2768228559677555,0.3130042480969382,-2.262595602367275,-1.69616150723996
2015-05-29,0.0,0.3076402005888063,0.3430138760416758,-2.3346992856328432,-1.6998852205356774
2015-05-30,0.2,0.321934652523451,0.3584257155998273,-2.338822583928546,-1.6967772190036396
2015-05-31,0.0,0.3155038677515276,0.3582113492118748,-2.348292485071335,-1.6972134040378994
2015-06-01,0.0,0.27979110055036377,0.3332912268845792,-2.358414672356327,-1.697630435872791
2015-06-02,0.0,0.24029923781481818,0.29475357180548556,-2.3691954019785384,-1.6987574546287387
2015-06-03,0.0,0.2279334029993008,0.2740001546708492,-2.3822484944084388,-1.7028563830522163
2015-06-04,0.0,0.21318842257669837,0.2700443658993124,-2.394085946425299,-1.7083194215626478
2015-06-05,3.5,0.31127245929857295,0.36772006403718743,-2.3528356486300557,-1.644355547985446
2015-06-06,0.0,0.2854944949916568,0.345920378807643,-2.367417756750282,-1.6495909668400577
2015-06-07,0.0,0.24191572935743802,0.31343834439598617,-2.3827699702607106,-1.6526055436879181
2015-06-08,0.0,0.20001884228967406,0.27737726898793164,-2.400051087796268,-1.6559891521744257
2015-06-09,0.0,0.18596667920293294,0.2688996396100791,-2.420025633694418,-1.663360344463151
2015-06-10,0.0,0.18638881933346088,0.26836302606912915,-2.4392097331375413,-1.6737223085672586
2015-06-11,0.5,0.2003837567114213,0.28213320839094,-2.455862034979002,-1.6792208723470834
2015-06-12,0.0,0.1932290612404566,0.27355316065785096,-2.481545384915303,-1.6928361843709614
2015-06-13,4.5,0.3358075290444831,0.41132434797982953,-2.4447542882750586,-1.6196003608403406
2015-06-14,0.0,0.30975422406495134,0.38592059354921415,-2.4713631078102685,-1.6352119428658043
2015-06-15,0.0,0.3119150115891635,0.39028360096187037,-2.498828596412863,-1.6528844307588624
2015-06-16,0.0,0.30746663855101114,0.3853898812430414,-2.5247839584987988,-2.059395741357525
2015-06-17,0.0,0.290958830588155,0.37170598765737706,-2.5545797259678595,-2.082317277102206
2015-06-18,4.0,0.3844793921591554,0.4829500517885696,-2.523443718792069,-2.018391719141591
2015-06-19,0.5,0.2740024849430801,0.3797221390052454,-2.5448991755690944,-2.0301131332222266
2015-06-20,0.0,0.18579883442025458,0.2808085877966371,-2.5778240582693446,-2.051424378727086
2015-06-21,0.0,0.10211425869428856,0.1849297629346134,-2.610667465321056,-2.0706877426034325
2015-06-22,0.0,0.037834964919211435,0.11801992896110333,-2.642381198705466,-2.091536451446575
2015-06-23,0.0,-0.04136369802273197,0.0447937654489995,-2.6736625732474946,-2.1131293014083212
2015-06-24,0.0,-0.12768331749804798,-0.04806069738574367,-2.7060144322528665,-2.1367223334823007
2015-06-25,2.5,-0.14570914974027627,-0.07792423510216227,-2.702874243626287,-2.1081495533732744
2015-06-26,155.5,1.3783842218970521,1.212235832512725,-0.9453765890266357,0.022413596253924244
2015-06-27,3.0,0.30572315457407656,0.6853331881321203,-0.9525387721104904,0.01625970685381601
2015-06-28,0.0,-0.2996775891491865,0.39158453974924085,-0.9881960366329755,-0.020874811910862583
2015-06-29,0.0,-0.6818497871421401,0.1435933450444276,-1.0243572044126192,-0.08856096488259707
2015-06-30,1.0,-0.9180827392130858,-0.04694679250547419,-1.0531115019028938,-0.26187442571094893
2015-07-01,3.0,-0.8870983858309113,-0.15556079630700184,-1.0643235740568942,-0.30279538363756203
2015-07-02,0.0,-1.1514939297951754,-0.3227844913763844,-1.103641799923513,-0.4862983023124747
2015-07-03,6.5,-1.1277331621834583,-0.3370865173794185,-1.085368374973791,-0.46514605120213787
2015-07-04,0.2,-1.324974214462752,-0.4979066189232777,-1.1246341189071445,-0.5066716161395328
2015-07-05,0.0,-1.4124090978795896,-0.610762799778228,-1.1670229478691916,-0.5484543518585487
2015-07-06,0.0,-1.42021383499039,-0.6856806522289367,-1.2092826821209166,-0.6788046927889998
2015-07-07,0.2,-1.5304799904990312,-0.8028762317695386,-1.249292318518884,-0.7204471923663659
2015-07-08,22.0,-1.1405338932298217,-0.45047186016210283,-1.1004911122789642,-0.5405584129308915
2015-07-09,6.0,-1.1109106011733005,-0.47811709302854144,-1.0930292791950684,-0.5269632106682084
2015-07-10,0.0,-1.3328060539493607,-0.6648010254996524,-1.1371272903721432,-0.5730962614849805
2015-07-11,0.0,-1.4394293748575409,-0.7953205055323834,-1.1807318257728208,-0.6179648744830496
2015-07-12,4.0,-1.4021338183598293,-0.7909476448454097,-1.1849244007960693,-0.6586775535507409
2015-07-13,0.0,-1.4789962173188316,-0.8920208135266738,-1.2228105310943005,-0.8072982632201222
2015-07-14,0.0,-1.4770110655314277,-0.931475422083832,-1.2869376677999873,-0.8460028724218187
2015-07-15,0.0,-1.4669683272876195,-0.9691896842934249,-1.3266205957759536,-0.8893687258632863
2015-07-16,0.3,-1.437558562997768,-0.9599518652942778,-1.3636002423746212,-0.9232901643115425
2015-07-17,0.5,-1.5414585941319061,-1.0312288469340174,-1.3986621661744907,-0.9527797530955329
2015-07-18,0.0,-1.4499054211421933,-0.9845031966400446,-1.4334798766050245,-1.039846244292211
2015-07-19,0.5,-1.5759365327270702,-1.0705972277586784,-1.4618469104111596,-1.2317797910994448
2015-07-20,0.3,-1.7051151255650718,-1.150990362551221,-1.4917337669683428,-1.257697414839472
2015-07-21,0.1,-1.7967394379569002,-1.2153018790056351,-1.6351786255809455,-1.2837404912266144
2015-07-22,1.0,-1.7782575551592767,-1.2056270413736938,-1.6553051840117705,-1.3015614802539934
2015-07-23,4.0,-1.7898134456141574,-1.2179999170792633,-1.6500779855836658,-1.2869640238777516
2015-07-24,13.0,-1.7253642690115203,-1.133249292028744,-1.5693635475261827,-1.1833558200147731
2015-07-25,0.3,-1.723164712677053,-1.169746068466795,-1.5976361536884691,-1.2106435750930418
2015-07-26,0.0,-1.510075030883508,-1.0808121713019174,-1.6445940246283994,-1.2398292982600712
2015-07-27,0.0,-1.4813766690808827,-1.0607260836387942,-1.677415284021857,-1.2661233138569985
2015-07-28,0.0,-1.4772994783646858,-1.0737031207908951,-1.7004341336162652,-1.2901742885197935
2015-07-29,1.0,-1.5184711665815636,-1.1070456289810098,-1.7161172638789084,-1.3054614714467236
2015-07-30,0.0,-1.5960953921066616,-1.1562503386797718,-1.7401506401987143,-1.3315055090540415
2015-07-31,0.0,-1.6750901384547012,-1.2098721798623469,-1.7622012264268399,-1.3525978182700715
2015-08-01,0.5,-1.741349388362321,-1.2656734599336272,-1.7797596237974245,-1.3774364144187616
2015-08-02,1.0,-1.6216601307867016,-1.2107549137100602,-1.7919763868383263,-1.3864267228215494
2015-08-03,0.0,-1.481966358910513,-1.126153751617624,-1.8139362502299057,-1.4064280677385168
2015-08-04,0.0,-1.6219066064506544,-1.199853038763012,-1.851847615509139,-1.4240306155820261
2015-08-05,0.0,-1.7253558144936871,-1.2727351857621012,-1.8686912290803968,-1.4408461692181371
2015-08-06,0.0,-1.7280149364620336,-1.3113396443583853,-1.8870421779081297,-1.4574962190703107
2015-08-07,0.0,-1.8904094765654074,-1.4028441563715788,-1.905327206381711,-1.474474658379203
2015-08-08,11.5,-1.7531697178233605,-1.3154919662156475,-1.8321700055136967,-1.3850014279392204
2015-08-09,0.0,-1.9000889222383406,-1.4602783882774637,-1.8521934052929139,-1.404266005192023
2015-08-10,0.0,-1.3376065744927335,-1.1767046117840005,-1.8715030274653355,-1.435463477372744
2015-08-11,0.0,-1.689114548072422,-1.3270000172257528,-1.8931056187736175,-1.454436334184749
2015-08-12,0.0,-1.8349453860740614,-1.3915226372189569,-1.9170066126596268,-1.4760755085427493
2015-08-13,19.0,-1.6863810437246094,-1.241004974195205,-1.7996265870400474,-1.3360160630025302
2015-08-14,5.1,-1.763848261944668,-1.3012795372284665,-1.7900234363818934,-1.3208680287038235
2015-08-15,0.0,-1.6615278918644927,-1.3087672929850853,-1.8531772665204895,-1.349593496190953
2015-08-16,21.0,-1.402327597057355,-1.075766354050055,-1.730821532917004,-1.2074452760658068
2015-08-17,0.0,-1.5571101386763846,-1.2067121007097859,-1.7675726963444558,-1.237624665934932
2015-08-18,0.5,-1.602360219511078,-1.2764077724937017,-1.8059217906010845,-1.2631293025256447
2015-08-19,0.0,-1.5054346755857342,-1.2506201963038899,-1.83383778937315,-1.292254723644643
2015-08-20,0.0,-1.3763138357418043,-1.178049337729112,-1.8768614125353222,-1.3227751671660426
2015-08-21,0.5,-1.5517357471109574,-1.262634464806909,-1.9038956583625117,-1.352097083181491
2015-08-22,0.0,-1.7457618675151847,-1.3880254983326192,-1.9340818788282483,-1.3851017495474462
2015-08-23,0.0,-1.8942719237409513,-1.5082479213303879,-1.96360837778092,-1.4171649480745774
2015-08-24,62.5,-0.9592777057675871,-0.7642778603402364,-1.5747961090161293,-1.0036342185552025
2015-08-25,89.0,0.23363673066596838,0.17867557763244482,-1.0746784877207585,-0.4898242260580951
2015-08-26,12.5,0.0011638323373144347,0.03357535239905115,-1.0346928754051283,-0.4511021920884881
2015-08-27,0.0,-0.2811694952943833,-0.18642875809916254,-1.0643865389642098,-0.4840574723158838
2015-08-28,0.1,-0.4794502709353273,-0.33684619358806206,-1.0954771996610742,-0.5200714824090603
2015-08-29,0.0,-0.7428483930114042,-0.5493288122412496,-1.127156988476627,-0.5560549522080632
2015-08-30,1.5,-0.9103543346559614,-0.7060948141526069,-1.151322383339888,-0.5840085302582145
2015-08-31,0.1,-0.4594820851057772,-0.43547917699843736,-1.182544188497383,-0.6195584843944671
2015-09-01,1.5,-0.82368204772037,-0.5772418808855855,-1.2060563100141137,-0.6468366887920011
2015-09-02,3.5,-1.077088950965735,-0.6839133797516432,-1.2196206385057375,-0.66311868639616
2015-09-03,0.0,-0.9752724513459361,-0.7030273878421982,-1.2506408413606662,-0.7162533835320803
2015-09-04,0.0,-1.1762045621191666,-0.7894525811556753,-1.2818439621120672,-0.7494953954096949
2015-09-05,32.0,-0.7937365926828838,-0.5625467214156217,-1.1427869917003597,-0.609521144147838
2015-09-06,9.0,-0.6902649720546064,-0.5460462202663268,-1.1273642286542425,-0.5956093171647229
2015-09-07,2.0,-0.7918444939470692,-0.6063852601950076,-1.1503110176662923,-0.6198998393006712
2015-09-08,0.0,-0.7149093995294407,-0.6012031843508122,-1.183017579630365,-0.6529207784522094
2015-09-09,0.0,-0.8922630137557099,-0.6882677639245839,-1.2143067672198176,-0.6848086634983455
2015-09-10,0.0,-1.0502735991205192,-0.7847625156008873,-1.242992345357524,-0.7115497219339597
2015-09-11,2.5,-0.8590919416619819,-0.7687575088869356,-1.2575044949610787,-0.7475665058952662
2015-09-12,19.5,-0.693256934370726,-0.6364796287278683,-1.1827324596316773,-0.6672589632397077
2015-09-13,0.0,-0.7460126784569602,-0.6759795551062183,-1.2073082880822075,-0.6866166351920381
2015-09-14,0.0,-0.9018631667742742,-0.7644844665947722,-1.3288471681602547,-0.7042619694213825
2015-09-15,0.0,-0.9960181278328205,-0.8309714788395066,-1.3527298191029993,-0.7215820103614694
2015-09-16,0.0,-1.061998639920519,-0.8810829426790104,-1.3749157531127962,-0.7562453051888645
2015-09-17,0.0,-1.1008666491672228,-0.9305974571964124,-1.3966923003370246,-0.7713706867717824
2015-09-18,0.0,-1.000632451865135,-0.906930602531762,-1.4165506868662732,-0.7812781312763923
2015-09-19,0.0,-1.1290722674442242,-0.9652564622781052,-1.4350906170963855,-0.7889016701267276
2015-09-20,0.0,-1.1260528443642208,-0.9861636953521179,-1.453856161673811,-0.7958264386862759
2015-09-21,0.0,-1.2000202899284993,-1.0109786042418187,-1.4725890684197418,-0.8025597885291404
2015-09-22,0.0,-1.2337063747554926,-1.0422238832084747,-1.4910101649572434,-0.8068636772377897
2015-09-23,0.0,-1.280173457475416,-1.073668971089788,-1.5092469990031305,-0.8234533879127367
2015-09-24,0.0,-1.2906949059680508,-1.0747419056463474,-1.528464409122299,-1.7433785696373028
2015-09-25,0.0,-1.356501556066803,-1.118731303381814,-1.546857859672613,-1.7631650122111902
2015-09-26,0.0,-1.3874194374428952,-1.158270264720827,-1.5630127530324274,-1.7601085144075088
2015-09-27,0.0,-1.3621846556797428,-1.1741134730490927,-1.594395664612894,-1.7559227709228828
2015-09-28,0.0,-1.4080723467014746,-1.200613238635109,-1.6821582721859492,-1.752746145811159
2015-09-29,0.0,-1.4867271493406886,-1.2480835961390653,-1.7118733775818689,-1.7601056745548087
2015-09-30,0.0,-1.386456524153819,-1.2384470885848813,-1.7986837148933523,-1.745997347181726
2015-10-01,8.0,-1.325322060728227,-1.161081344426696,-1.7711867287654366,-1.7198290405720797
2015-10-02,0.0,-1.4260530893076528,-1.2232889566857055,-1.7834913545820212,-1.703407775151287
2015-10-03,0.0,-1.166461796316997,-1.1233531183421022,-1.7936138460606539,-1.6863291418308362
2015-10-04,0.0,-1.3763505794328055,-1.2116752626475986,-1.8508509652223637,-1.6703868359687584
2015-10-05,0.0,-1.3949982843201671,-1.2006847351740766,-1.8636289394211485,-1.654322799133569
2015-10-06,0.0,-1.3800748192976138,-1.2187497613514076,-1.8757088919484202,-1.7840858938493842
2015-10-07,0.0,-1.4809027615128534,-1.2758103400929175,-1.8862967223862048,-1.8062387894135208
2015-10-08,0.0,-1.5802948691945333,-1.3389542589928043,-1.8942186052032846,-1.7864915286763146
2015-10-09,0.0,-1.606473188077804,-1.3559806544932715,-1.9018193077389414,-1.767780562311899
2015-10-10,0.0,-1.6482298991994488,-1.3890160551582191,-1.9314133094695018,-1.7775008460997224
2015-10-11,0.0,-1.7015115449622684,-1.446808116965293,-1.9996745542622925,-1.7580244997799075
2015-10-12,0.0,-1.6350245163163213,-1.4003717074190127,-2.006898040900154,-1.7385689920685106
2015-10-13,0.0,-1.6296587219787848,-1.400965571137356,-2.0157643952949194,-1.7199693368880293
2015-10-14,0.0,-1.615491037281668,-1.362552270131256,-2.0212365656136178,-1.706926183010526
2015-10-15,0.0,-1.7098969940563307,-1.4342429678483546,-2.026895153615787,-1.695571978511854
2015-10-16,0.0,-1.8765529380198183,-1.5103820445797091,-2.0631895441802217,-1.680684077945636
2015-10-17,0.0,-1.8177375527179178,-1.5028297384233456,-2.160606587090257,-1.6703182660754528
2015-10-18,0.5,-1.6999004591562452,-1.4172646970822254,-2.164575528637759,-1.6565521615234302
2015-10-19,1.0,-1.7534873362422725,-1.4079719354167417,-2.1660461696496034,-1.638483236844818
2015-10-20,0.0,-1.794200102781305,-1.3772115800957705,-2.173194380963244,-1.6337322544369128
2015-10-21,4.5,-1.7508701308114363,-1.3563270839801012,-2.1539395541363096,-1.6190454080681786
2015-10-22,7.0,-1.6664657074964502,-1.312642267629643,-2.1199822038500264,-1.6493975787094683
2015-10-23,0.0,-1.295245573973241,-1.1794174331067808,-2.127385002443363,-1.6416522760209933
2015-10-24,0.0,-1.543924979840878,-1.2458649777297044,-2.13565695045833,-1.6277389126814286
2015-10-25,0.0,-1.6844803389153427,-1.2954583068146985,-2.143290124428503,-1.6128557422625085
2015-10-26,0.0,-1.71764365909951,-1.3084492771815726,-2.1497688246274658,-1.5987193849581232
2015-10-27,0.0,-1.7302660334789934,-1.3504304109730285,-2.1549539528409345,-1.5908774735154902
2015-10-28,0.0,-1.696874623707483,-1.3651934346444703,-2.159724220046846,-1.575963728306511
2015-10-29,0.0,-1.6750844147759343,-1.3895693517117071,-2.1652508796324392,-1.5627168231497401
2015-10-30,0.0,-1.7980164479000764,-1.4560649245121322,-2.1776219973825865,-1.5527784709393782
2015-10-31,0.0,-1.8852399502614983,-1.5039292295963336,-2.1817720225364075,-1.5435089460450804
2015-11-01,0.0,-1.881306936533765,-1.5145952336997635,-2.184431729395083,-1.5262536395869974
2015-11-02,0.0,-1.8944839139851488,-1.5470336578066237,-2.1883051345017903,-1.506838745266176
2015-11-03,0.0,-1.9578596249950713,-1.574055340149438,-2.1933150748837305,-1.4848351520102858
2015-11-04,0.0,-1.9995821632391542,-1.606446350584783,-2.197349361240864,-1.4617580210793755
2015-11-05,0.0,-1.9829143864044418,-1.611380987316276,-2.20050549676974,-1.439964013054504
2015-11-06,2.5,-1.8735794533664893,-1.5813824239435623,-2.1887790920445807,-1.4793314083460167
2015-11-07,66.0,-0.3602538903497599,-0.5187371778519406,-1.8190092105552278,-1.0053548859795118
2015-11-08,62.5,0.8882222633999902,0.39651964276582286,-1.5004465764928707,-0.6042860148458289
2015-11-09,16.5,0.9499780123029355,0.4460275560548027,-1.4197306680972357,-0.48362375048154643
2015-11-10,0.5,0.7377893453894423,0.27512704758745593,-1.4207962473103226,-0.4504420346701114
2015-11-11,11.5,0.8336273460898819,0.35929853698718245,-1.3667901996387548,-0.45946152868201634
2015-11-12,3.5,0.7769005922803969,0.31092414877053226,-1.3523749420337585,-0.43618272182019824
2015-11-13,30.5,1.402239629806402,0.7938474594547313,-1.2041512828146073,-0.2465764716373586
2015-11-14,28.0,0.3707973289819136,1.10533977087896,-1.072181632784385,-0.17812764627560107
2015-11-15,0.0,0.10811483984463066,0.8348589557859933,-1.0746430393482698,-0.14445974603429182
2015-11-16,3.5,0.040985580013266694,0.8169624800385235,-1.0589858406991242,-0.09485770342304997
2015-11-17,0.5,-0.07749211533717379,0.771134253134814,-1.0566475187348987,-0.055272384872421434
2015-11-18,18.0,0.26158088078348,1.058398180229388,-0.9707684411962962,0.06690861857342309
2015-11-19,0.3,0.11899060811422335,0.9669704981181766,-0.968119251963872,0.10328190847944502
2015-11-20,0.5,0.02160292393604929,0.923743427587948,-0.9649273397958591,0.14307500407359935
2015-11-21,0.0,-0.07384223601165446,0.8935554139102959,-0.9642934929913737,0.17964911298455016
2015-11-22,43.5,1.005956956947464,0.4274263958899563,-0.764021750183152,0.1300760843379074
2015-11-23,24.0,1.4009622503233103,0.7311799542974584,-0.6554422633350676,-0.14421167600649193
2015-11-24,22.0,1.768623560036361,1.0123147342761318,-0.5566509090200518,-0.05926944612785941
2015-11-25,15.0,1.889254044006787,1.117641984836426,-0.48982841513899433,0.051117677504846894
2015-11-26,0.0,1.6657192386326471,0.9364728920703097,-0.4889165748138193,0.08954541735533177
2015-11-27,0.0,1.4110624006731967,0.7420693956043548,-0.4870811397752549,0.12939183838499926
2015-11-28,0.0,1.1467014917583573,0.5971889851800493,-0.48499987108449055,0.16288667705676702
2015-11-29,0.0,1.0515718274980086,0.5206592817743773,-0.48268633958436197,0.20270162489940438
2015-11-30,0.1,0.9562479978144465,0.45510313901300053,-0.4792046869498051,0.23625867202523962
2015-12-01,0.0,0.8942423728796636,0.3999554530513818,-0.4755678108122677,0.26078263988662587
2015-12-02,0.0,0.8522653980507329,0.36115183198958806,-0.4859293893376837,0.30154370775507067
2015-12-03,0.1,0.7884732445068944,0.32276121707783517,-0.48030406469740955,0.34198146307882993
2015-12-04,0.0,0.7406966003339938,0.27872051594630537,-0.47496752309395696,0.23112703820460814
2015-12-05,0.0,0.7012343977697608,0.23168810223110528,-0.469400111767381,0.22880911791638864
2015-12-06,0.0,0.6438159360056868,0.18521077754728202,-0.46379789701623847,0.2616044701269795
2015-12-07,0.0,0.5948876522364465,0.13527002245970807,-0.4575123209012285,0.303692286780143
2015-12-08,0.0,0.5099928107064485,0.07801696353769877,-0.4514408875000636,0.3451280511095276
2015-12-09,0.0,0.4344635669630495,0.02908728540362515,-0.44291675849406703,0.38586401412133386
2015-12-10,0.0,0.37539757378280014,-0.013774184703295701,-0.45324927651025093,0.4142216801685357
2015-12-11,8.5,0.5639960499087081,0.13675296709883697,-0.4083056891197411,0.3994953472419657
2015-12-12,0.0,0.5025928911703041,0.07932572499602512,-0.3980050667952475,0.43911884141637525
2015-12-13,0.0,0.46053796297595756,0.03649120495589044,-0.38651338034458244,0.4790262011417871
2015-12-14,0.1,0.42118116143282247,0.010565005306223188,-0.37393033519563923,0.5207020179398288
2015-12-15,0.1,0.37635016907012203,-0.013744541471032483,-0.37672658977967083,0.5575529361262116
2015-12-16,0.0,0.35064174775988055,-0.03500899352842115,-0.36543241849346436,0.5935208497734517
2015-12-17,0.0,0.31740972296620107,-0.05790696758508414,-0.3596248493109621,0.621902474554753
2015-12-18,0.0,0.28503123145287157,-0.07397466480617039,-0.345230814098799,0.6562465402274466
2015-12-19,0.0,0.23099178990376015,-0.08804529447948448,-0.33028228621090466,0.6907226443685975
2015-12-20,0.0,0.1866171197723946,-0.0994003941556867,-0.3152587617863329,0.7256299819491444
2015-12-21,0.0,0.16117609353763018,-0.11709470262543263,-0.30012043589994075,0.7597223486214308
2015-12-22,0.0,0.13465329359300102,-0.13162454538598972,-0.29396955947331554,0.7945142046365845
2015-12-23,0.5,0.11140177756420727,-0.14008555842317344,-0.9527868657848347,0.8321133115467026
2015-12-24,0.0,0.07186825286737324,-0.1623924740331081,-0.9473457160137447,0.8672875276480969
2015-12-25,0.0,0.03673791672662211,-0.17599644911511209,-0.9269320643586091,0.901071152764332
2015-12-26,0.0,0.009630384932889433,-0.18720798318347026,-0.9053735984152415,0.9336151154969052
2015-12-27,0.0,-0.017788293434676847,-0.19695570900510853,-0.886762745850793,0.965893826979764
2015-12-28,0.0,-0.025386272132427935,-0.20540799283199696,-0.8755019722462696,0.9970389800823208
2015-12-29,0.0,-0.03601290989634996,-0.215845723471046,-0.8491052996848173,1.027926333051877
2015-12-30,0.0,0.022370348551629168,-0.22338739079126615,-0.8521331916083588,1.015029939666555
2015-12-31,0.0,0.006358924404316896,-0.23390393770776313,-0.8264719995665883,1.0431663854732325
2016-01-01,0.0,0.031226490974158107,-0.2360562790640615,-0.7752188536672119,1.0965957014812544
2016-01-02,0.0,0.025043680924279464,-0.23277450112649814,-0.7508894202481178,1.1230019684002597
2016-01-03,0.0,-0.05826441170833316,-0.23318793903552887,-0.7259735686901685,1.1480002738764548
2016-01-04,0.0,-0.0596149669531567,-0.23537348028891153,-0.801377245479514,1.170511956857676
2016-01-05,0.0,-0.08510169759216969,-0.2549282217693915,-0.8026892325596344,1.190856057012589
2016-01-06,0.0,-0.11680492386377883,-0.2785157039668231,-0.7764935290753632,1.2133817567624923
2016-01-07,0.0,-0.13939502215241584,-0.2871356006702137,-0.7515219914517385,1.236148249628073
2016-01-08,0.0,-0.16158104734223339,-0.31075748888286947,-0.7441226941929058,1.259545613762353
2016-01-09,0.0,-0.2015563138579329,-0.34262521466697676,-0.7180686219541467,1.2831154844840365
2016-01-10,0.0,-0.20892742942597312,-0.3498692207612031,-0.6922568007116673,1.3066000013931354
2016-01-11,0.0,-0.19563143720476994,-0.3367056960998806,-0.6675174921823995,1.3318196740377115
2016-01-12,0.0,-0.21184365504826455,-0.35034135060030636,-0.6449626909708276,1.3574549110298149
2016-01-13,0.0,-0.24574562791222812,-0.3803783177697325,-0.6239631620552859,1.3817126204421326
2016-01-14,0.0,-0.2521735548797823,-0.3765592047453774,-0.601708706512838,1.4067853635419294
2016-01-15,0.0,-0.27299670166028567,-0.4066779241255081,-0.5816257781492326,1.4318547213226631
2016-01-16,0.0,-0.30092599884077803,-0.4344745729348307,-0.5686089285887004,1.4345135128329667
2016-01-17,0.4,-0.30539282398417894,-0.42897253659869916,-0.5462302629451532,1.451384303507856
2016-01-18,0.0,-0.3242769624089055,-0.44041118129368684,-0.5296985415767704,1.469408764536496
2016-01-19,0.0,-0.3325757913003881,-0.44785453665486774,-0.5270374582117155,1.4602121479589751
2016-01-20,0.0,-0.3261215577615727,-0.4417966957692599,-0.5658084885640542,1.4354844725272535
2016-01-21,0.0,-0.3524450751797924,-0.4591498817447074,-0.5457341114167871,1.4502538656328958
2016-01-22,0.0,-0.3758236257082999,-0.48156336512302744,-0.5219421246293141,1.4660361682385707
2016-01-23,0.0,-0.3758224563817156,-0.4691547897336971,-0.49786749796472723,1.4843855265259294
2016-01-24,0.0,-0.37671682867803025,-0.46684270157362423,-0.47404804473984946,1.5032487661789136
2016-01-25,0.0,-0.37144267000598513,-0.46345634108030337,-0.4559289965725815,1.5213054604391405
2016-01-26,0.0,-0.38627860593098046,-0.47438886043966516,-0.4336355571155523,1.537214464940146
2016-01-27,0.0,-0.40229897962983335,-0.4858003953111752,-0.41091409924431216,1.5546126100178979
2016-01-28,0.0,-0.41088455961599724,-0.4843700403869697,-0.3907885982318882,1.5722035613372023
2016-01-29,16.5,0.11072264277547787,-0.015954653046051634,-0.2961713516108335,1.6846519164706262
2016-01-30,10.5,0.32140427389856663,0.18982337891831294,-0.22373374127235346,1.7627566026854893
2016-01-31,0.0,0.1974094041342234,0.08772737054210897,-0.19744790526671038,1.7820772654337378
2016-02-01,0.0,0.14129633835879848,0.03829196224622294,-0.1711893524813167,1.8013608100071672
2016-02-02,0.0,0.11805046847067886,0.012633166907003245,-0.14467956826893397,1.8189675432314931
2016-02-03,0.0,0.1028251413884683,-0.004001238716001031,-0.11921683717238882,1.8353385953534684
2016-02-04,0.0,0.08801828361099177,-0.014453595043372963,-0.14410976477074572,1.837744984156392
2016-02-05,0.0,0.07372182268374079,-0.027914996925932994,-0.11667995528719413,1.4566115263445474
2016-02-06,12.0,0.454507962379505,0.32856266234482834,-0.03472620462256279,1.1260389195549054
2016-02-07,0.0,0.3859620963268586,0.2650121792903149,-0.006228832748991615,1.0149040014772714
2016-02-08,0.0,0.34918813181916236,0.21899437467782756,0.022775554714966346,1.0196382151860102
2016-02-09,0.0,0.31337455218878374,0.18427683045632945,-0.03006065049920279,0.9405597838618506
2016-02-10,0.0,0.2592435888395113,0.1414144686383064,-0.022472604522888497,0.92015559063134
2016-02-11,0.0,0.21767835945917377,0.1013573730102067,0.007593568488057903,0.6798601265163041
2016-02-12,2.0,0.25955137089537766,0.13610804088646025,-0.041548315506495695,0.45789618924819975
2016-02-13,11.0,0.6412438717403043,0.4629122365215345,0.03988121201380307,0.5635544098183705
2016-02-14,3.5,0.6791388352292651,0.4828177901859455,0.08745580537622483,0.5687962909391083
2016-02-15,0.0,0.5407552740901177,0.3853654292505216,0.12235387162992895,0.5688673265776094
2016-02-16,0.0,0.42490506001239314,0.30945314325208284,0.15705239765758744,0.4078951076172515
2016-02-17,0.0,0.33838135449869844,0.250966803792746,0.1901606292961815,0.40783843156358013
2016-02-18,0.0,0.2911178162547079,0.20667824553091996,0.2253351152737969,0.40489266966830023
2016-02-19,0.0,0.2695290570037734,0.18726605945978156,0.2603015740870849,0.40609096585381593
2016-02-20,0.0,0.2412684740105141,0.1678335698012951,0.03280198072121697,-0.04424944847901974
2016-02-21,0.0,0.2107668508797178,0.14367736934648787,-0.33590353731748446,-0.3395701013452166
2016-02-22,0.0,0.17690934637856462,0.11345622844982374,-0.3604326413005084,-0.6570973767378234
2016-02-23,2.0,0.19175974428414252,0.13775568331546187,-0.31423244083150187,-0.875213246953961
2016-02-24,3.5,0.25463471638170715,0.20302130683208064,-0.2610760524844055,-0.8158440161561271
2016-02-25,0.0,0.22029600972265273,0.17025142853713987,-0.22377565907028002,-0.8186887827458726
2016-02-26,0.0,0.19559696493882983,0.14657989429766455,-0.19369445177407116,-0.8219909871613293
2016-02-27,0.0,0.1647370740301523,0.1173215805411298,-0.15787910127430238,-0.8249566038633874
2016-02-28,14.5,0.5462535429701384,0.48034813573251645,-0.06130446018627847,-0.5987112393491463
2016-02-29,0.0,0.45197169199991616,0.39386666298142375,-0.04091270423330142,-0.6052122602873679
2016-03-01,0.0,0.3943727575866303,0.3388666863770973,-0.0057233073403648495,-0.6129952191024466
2016-03-02,0.0,0.28940273897914326,0.2482330065890545,0.02802824549492697,-0.6234013793478018
2016-03-03,0.0,0.2503504501649722,0.21326994184023593,-0.08861451994822367,-0.6325519757190988
2016-03-04,0.0,0.21437740512065076,0.17823135993746686,-0.09780189553018064,-0.6431540707158299
2016-03-05,6.5,0.3653055539612522,0.31653967563576024,-0.04109947075178247,-0.5566062174271117
2016-03-06,0.0,0.3123365030012827,0.26870002570910034,-0.007738492183949916,-0.5661299841398354
2016-03-07,0.0,0.289521417293115,0.24433267912499668,0.025467118374869833,-0.5769292445722874
2016-03-08,0.0,0.27364802435306645,0.23610853576291327,0.056757289297929385,-0.5893611221600957
2016-03-09,9.5,0.5464916033978224,0.49663154152131284,0.12186803325846458,-0.46642415203601556
2016-03-10,0.8,0.5186423143120255,0.4710601737393835,0.059344256278307826,-0.5905089027650019
2016-03-11,0.0,0.48807993826443596,0.4443979332329451,0.08818293616259405,-0.6054411958724254
2016-03-12,0.0,0.48305273451813424,0.43507952135815803,0.11743379780028831,-0.622023627778942
2016-03-13,0.0,0.48445017599949636,0.4285120596304277,0.14700266349068258,-0.642740350808152
2016-03-14,2.0,0.5488625566017117,0.48718813670425093,0.18351579162444143,-0.6335836036915335
2016-03-15,0.0,0.5182500092774261,0.45046696600106045,0.20875428945694957,-0.6506330765102452
2016-03-16,0.0,0.48715079972005804,0.4178150904694629,0.23341130923879125,-0.6658105021738595
2016-03-17,0.0,0.46285082368773084,0.3974359784337149,0.2576211442584823,-0.6817543960445682
2016-03-18,0.0,0.43081317760479715,0.3722127435409908,0.2825352723559857,-0.6989759248111391
2016-03-19,0.0,0.40873707301386064,0.3575485702913005,0.3075364426615136,-0.7164390610181168
2016-03-20,0.0,0.3849338055317891,0.3385141378332505,0.3317625229978892,-0.7336851107157858
2016-03-21,0.0,0.33778637104681536,0.2965749620957656,0.35530859238824186,-0.7531002916573206
2016-03-22,0.0,0.29634994639076034,0.2634379916093787,0.37893220414042,-0.7801348440236415
2016-03-23,9.0,0.5351443354529868,0.4996966510770121,0.4515405251958379,-0.657346424602057
2016-03-24,1.0,0.500120331332327,0.47235463038596387,0.4808627878400401,-0.6609616455060684
2016-03-25,0.5,0.48327236140401986,0.45589882558459194,0.5061469459225874,-0.6730401410529423
2016-03-26,0.0,0.4509450948423678,0.42848587824559375,0.527638308469607,-0.6943375973547435
2016-03-27,0.0,0.4209312839658415,0.4069801472961291,0.5479243084790522,-0.7156035606954714
2016-03-28,0.0,0.3834605850242519,0.3780516009116403,0.5671695437757788,-0.7368258961726839
2016-03-29,0.0,0.3527356287939097,0.3543096677171765,0.5408033738525684,-0.75794406355539
2016-03-30,0.0,0.35443906492616745,0.3489470253759506,0.5575141821336996,-0.7770523103153635
2016-03-31,0.0,0.3429451438786338,0.3439446285272239,0.5737176246816306,-0.7950700956990425
2016-04-01,0.0,0.31918288456304245,0.3165655071407229,0.5895202204056114,-0.8113660176580991
2016-04-02,0.0,0.30913839857052516,0.31235387837098855,0.6047220700196525,-0.8256304477405442
2016-04-03,1.0,0.2879668168715933,0.2958237584267914,0.624772468725747,-0.8231770050089093
2016-04-04,0.0,0.2534776624892014,0.26553919592394265,0.6377979302231841,-0.8373909580714326
2016-04-05,0.0,0.21924451693124022,0.2373549005797414,0.6510173826767933,-0.8510533293523699
2016-04-06,0.5,0.22383388461511206,0.24730476235208043,0.6670700124100408,-0.8570217096133967
2016-04-07,21.0,0.8982431866005116,0.8476929116183977,0.7987273314038416,-0.54408493435915
2016-04-08,0.0,0.7810566113822086,0.7388610539403028,0.8109068522911699,-0.5559042799075201
2016-04-09,0.0,0.6797022352394845,0.6635058301896238,0.8230154203254239,-0.5681368106595664
2016-04-10,4.5,0.7915046218579391,0.7711759906851113,0.8602559578399819,-0.5145244402507797
2016-04-11,2.0,0.7360604703378384,0.7372862403996879,0.8840894380962873,-0.49913482624168026
2016-04-12,0.0,0.6907852496677892,0.6978943608194585,0.8961071592097553,-0.5140507735650373
2016-04-13,0.0,0.6629074507108632,0.6785403520021425,0.9072476416298292,-0.5284316758511912
2016-04-14,0.0,0.6313444267810137,0.6533807420153774,0.9186655353677035,-0.5439720460348526
2016-04-15,0.0,0.6174329565812936,0.6433538252972841,0.92712928203608,-0.5600106849585395
2016-04-16,14.5,1.1163676634585036,1.108149103330096,1.012974436631969,-0.376852657048145
2016-04-17,3.5,1.1878261867979198,1.1150139800546888,1.040992024369573,-0.34464814823377465
2016-04-18,1.5,1.1515600830544876,1.1034923919753807,1.030847052756437,-0.3383729050059922
2016-04-19,0.0,1.0720511716047774,1.0109739944785663,0.9979580740688683,-0.35160639266610133
2016-04-20,4.0,1.1951271762466873,1.1271371575485065,1.028010306594437,-0.3129491973500143
2016-04-21,20.5,0.1582989679846154,1.7031186879548699,1.152044996317113,-0.06273083080930997
2016-04-22,0.0,-0.02886216649336485,1.5992515595496208,1.1603386850658888,-0.07717473442733373
2016-04-23,0.0,-0.1285670326486121,1.4300197086850952,1.16930791628338,-0.09189812110205542
2016-04-24,0.0,-0.20212753368821904,1.258880198454917,1.1778529916797074,-0.1061555742837114
2016-04-25,0.0,-0.2938165022087534,1.2126776452366577,1.1850970208001796,-0.11930427768104115
2016-04-26,0.0,-0.3732116401023419,1.1139193589745084,1.1929381108812438,-0.13178346929837906
2016-04-27,0.0,-0.4095896015104294,0.9798392728038642,1.200108504591876,-0.14535509066212274
2016-04-28,0.0,-0.42898107729656243,0.8084177578532867,1.2066582954073373,-0.37594940191535825
2016-04-29,0.0,-0.537937006379155,0.8247054499065742,1.2128547715780587,-0.5375401477667285
2016-04-30,0.0,-0.6185099576485913,0.8060017684108528,1.2188254874903255,-0.5541939144604417
2016-05-01,0.0,-0.6322804402486829,0.8172757190107929,1.2248457171920155,-0.5715617005446728
2016-05-02,0.5,-0.6311406101701368,0.8527340817758664,1.2331210538299158,-0.5829848980951987
2016-05-03,0.2,-0.6631429773078134,0.858796640144523,1.2388390329281598,-0.5985936720066057
2016-05-04,0.3,-0.717520764546456,0.8582350161411166,1.2293209964730085,-0.6104955394610196
2016-05-05,0.0,-0.7859111868473112,0.8183039376441317,0.822134616871689,-0.6256915927877529
2016-05-06,0.0,-0.6409616519047686,0.6109982180286726,0.39663458275951785,-0.8234964726297163
2016-05-07,0.0,-0.7252936634154556,0.6029694290049349,0.27630371219228106,-0.841752861352424
2016-05-08,0.0,-0.7889687423398813,0.5964813784270234,0.27156802631639015,-0.8583058688205636
2016-05-09,0.0,-0.8212536374915116,0.5838891016707549,0.1841679105613551,-0.8750280386351007
2016-05-10,28.0,0.05322654810186831,1.315022912424206,0.3638362653043397,-0.47569493577832567
2016-05-11,2.0,-0.06668146395558308,1.2583728857821308,0.15115302540208606,-0.46201446910780175
2016-05-12,0.0,-0.1573001592153519,1.1016457600098017,-0.06769603007375574,-0.5025812467527954
2016-05-13,0.0,-0.25269936125978265,1.0916892524407793,-0.06734548789295712,-0.6708691318085246
2016-05-14,0.0,-0.3460002861665148,1.0512353551018414,-0.09515261731444077,-0.7330796946839566
2016-05-15,1.5,-0.35466910204974217,1.0360544787430046,-0.08749953947489342,-0.7190196967024092
2016-05-16,1.0,-0.3718271201059089,1.0536784885669503,-0.22741746608242255,-0.710955605973907
2016-05-17,0.0,-0.40784540883551107,0.9794669594943779,-0.2312597240554107,-0.7175969898402078
2016-05-18,0.0,-0.44909069596424983,1.030709689200595,-0.23723767829548614,-0.7234477383335697
2016-05-19,0.0,-0.4789946317294723,1.0305284197098628,-0.23913219718229198,-0.7302565286133956
2016-05-20,0.0,-0.4986346053800022,1.0033127062389915,-0.6195542033443415,-0.7377642186967774
2016-05-21,0.0,-0.5507661834119506,1.015316355884084,-0.846860379961903,-0.7424820777632721
2016-05-22,0.0,-0.5772088768105593,0.9858051948170655,-1.0696085925592052,-0.7463524186064423
2016-05-23,0.0,-0.495661561153167,0.794246574925898,-1.230906427910854,-0.7786087195318717
2016-05-24,0.1,-0.5483281237395045,0.7764600414387793,-1.2336033867130851,-0.8336258717858887
2016-05-25,0.0,-0.5845275734879609,0.7734831380050777,-1.2369892766631403,-0.8364406830254831
2016-05-26,0.0,-0.6020154196889322,0.8198840023957958,-1.2408174111635435,-0.8388428562546741
2016-05-27,0.0,-0.61435788628655,0.860653819993954,-1.2458601315159221,-0.8425293891516382
2016-05-28,0.0,-0.6346354522303059,0.9035127631345207,-1.251423216077297,-1.0774311306351414
2016-05-29,0.0,-0.6480482318803081,0.9095656692802604,-1.2578830938764214,-1.0787891753534236
2016-05-30,0.0,-0.6967876696352377,0.921729776025406,-1.2658979077323476,-1.079737762333187
2016-05-31,0.0,-0.723735421678758,0.8891254434390647,-1.2751442718999897,-1.0805359541295438
2016-06-01,0.0,-0.707586096665889,0.8081977161457519,-1.283592265020415,-1.081643636741896
2016-06-02,0.0,-0.7718291752669165,0.775593364429577,-1.2935519503714927,-1.0850113721155774
2016-06-03,0.0,-0.8184878568553028,0.7854945248417606,-1.3029349024956693,-1.1991007603973682
2016-06-04,0.0,-0.8174016143243141,0.7570585838259035,-1.3128708760551278,-1.204649461751199
2016-06-05,0.0,-0.8728887010634317,0.755147631636564,-1.324843675791838,-1.209931473924418
2016-06-06,0.0,-0.8942367592672166,0.7251666692577913,-1.3373634628681705,-1.2132382185733865
2016-06-07,0.2,-0.8627666347140428,0.6784977551757131,-1.3490064750827486,-1.38053360760215
2016-06-08,0.0,-0.8988074278592326,0.6755019035153803,-1.4599687898224187,-1.402290334227361
2016-06-09,0.0,-0.9102186076470657,0.6691228961543838,-1.4760763370519927,-1.4124443474577884
2016-06-10,0.0,-0.94806396048687,0.6674184425555727,-1.4964661646358308,-1.425742957236698
2016-06-11,0.0,-0.9310477368047195,0.6466107073626814,-1.5195406874502604,-1.4394106646459404
2016-06-12,2.5,-0.8002259679673184,0.7075825898554573,-1.5146003798818568,-1.4446472099234846
2016-06-13,1.0,-0.7875552807575896,0.7183155552032986,-1.526482994697624,-1.4423202385300922
2016-06-14,3.5,-0.7118782034520006,0.845489223338801,-1.510765492118979,-1.3979057610883927
2016-06-15,10.0,-0.3868619007221197,1.149801137822316,-1.4228690770866192,-1.246457243757101
2016-06-16,0.0,-0.4920715884027465,1.091985819843874,-1.44953372823997,-1.270002376500146
2016-06-17,0.0,-0.5758802755872087,1.0617366584845433,-1.4768470263522682,-1.2934034140599149
2016-06-18,0.0,-0.6064828060323917,0.8950009455647203,-1.5038456925792776,-1.317181581861656
2016-06-19,0.3,-0.6368373434915315,0.7598545195336116,-1.5308615575964934,-1.336177160431197
2016-06-20,0.0,-0.6387329951464015,0.5999535470671745,-1.5669114932705797,-1.3589137916235923
2016-06-21,0.0,-0.7328728704543522,0.5200823065054409,-1.597060515639951,-1.5334304151791902
2016-06-22,5.5,-0.7025941078149778,0.6006008699589254,-1.5659310730326474,-1.4816269831202775
2016-06-23,0.0,-0.7426558710736216,0.43891232731809665,-1.5970835883705354,-1.5160037267585036
2016-06-24,10.5,-0.5270284393602556,0.5433661011290195,-1.5162861058713257,-1.372453481826388
2016-06-25,0.0,-0.5860118534286739,0.38762073161645655,-1.5505568626461277,-1.4006938565165
2016-06-26,0.0,-0.67328928317516,0.2993691188451416,-1.5855884939144755,-1.429774060544248
2016-06-27,0.0,-0.7883118226477226,0.24939719764847362,-1.6218941373513178,-1.4564540591695625
2016-06-28,0.2,-0.8626478864096903,0.18378767895129208,-1.6564791893280129,-1.4806549213399927
2016-06-29,0.0,-0.9374204902010798,0.1072998348915759,-1.6946682289662114,-1.5109379971817072
2016-06-30,7.0,-0.7227036203135857,0.1396275506426216,-1.658513586592457,-1.4393245722593973
2016-07-01,47.0,0.12246490224410732,0.9690971217610311,-1.232321921165929,-0.8595336656563022
2016-07-02,19.5,0.27908531011900406,1.068120852131182,-1.0942928037904394,-0.6872700582809385
2016-07-03,0.1,0.0792373956708889,0.9414199253367064,-1.1344467056909455,-0.7276302766900944
2016-07-04,94.0,1.3058484483353678,0.9884683153021185,-0.40910264613159586,0.14285681498856062
2016-07-05,78.0,2.3845595913625517,2.0940938374953957,0.10222297380922218,0.7164929238582314
2016-07-06,13.5,2.132636503890732,1.9163988351630195,0.15212043731890942,0.61700215025975
2016-07-07,0.0,1.7449517576309541,1.542247572944134,0.11179983328166691,0.5731888825974543
2016-07-08,0.0,1.3652213354281766,1.2252047212660997,0.07152174211073972,0.5306444567491924
2016-07-09,0.0,1.1943381709003327,1.0668660068263691,0.030358496592040526,0.45312794106409304
2016-07-10,0.0,0.9422999785804335,0.8375050145133537,-0.010884839400668807,0.3942532748154647
2016-07-11,0.0,0.7110214824822636,0.6116484126605155,-0.050483383115635994,0.35234777222589797
2016-07-12,0.0,0.4936098710366422,0.4080760621536166,-0.08932366903975279,0.3116304054942617
2016-07-13,0.0,0.29658441959941123,0.22162201520856178,-0.128034199369475,0.27111196623202627
2016-07-14,51.5,1.0440169817625282,0.8935678027420122,0.16443658109329035,0.6061576847954193
2016-07-15,0.0,0.7312277225750095,0.5912390364163718,0.12528233558051483,0.46665543076101706
2016-07-16,96.0,2.1924049883991663,1.8319840764286714,0.6587338037716566,1.0464691439186011
2016-07-17,3.5,1.6699150963523315,1.4428751951869334,0.644161094259478,1.0212936987579357
2016-07-18,0.0,1.5558773529573549,1.3604563879703437,0.6103449098815967,0.9837132182550683
2016-07-19,0.0,1.4807053763049656,1.2928930303084791,0.577217917870689,0.9238346329781839
2016-07-20,1.0,1.4023803227170741,1.2271603804818825,0.5511467073588759,0.7701743318518577
2016-07-21,0.0,1.2640026313188024,1.1107620018867839,0.5190920989956946,0.7391209862744452
2016-07-22,0.0,1.1338707142039848,1.0061782328288098,0.48720027042608316,0.7079870804228482
2016-07-23,0.0,1.0438366438368831,0.9152724928427572,0.4550423485697036,0.6768864101508537
2016-07-24,0.5,0.8388761729172908,0.7422530843376551,0.4263723760379089,0.6496286526677952
2016-07-25,0.0,0.5868978700971285,0.5353771370357192,0.39243487093994067,0.6152531114049725
2016-07-26,0.0,0.453670379014327,0.40432130435954944,0.3596491378457992,0.5828937200297123
2016-07-27,0.0,0.3795428787581319,0.33430315068929817,0.2374384660170787,0.5524381588417691
2016-07-28,0.0,0.3460914630526767,0.2998950300522337,0.14890819472893346,0.5235407919736547
2016-07-29,0.0,0.3259887482381098,0.27741084541975863,0.12009870160605438,0.4961414456748152
2016-07-30,0.1,0.29314685276118013,0.24692650604586888,0.09294911810735622,0.4698006803481795
2016-07-31,19.5,0.5859895980176063,0.49157357255513023,0.17314851549976168,0.5589725032134594
2016-08-01,1.5,0.4675925492548147,0.3978493211939441,0.15424561726768934,0.5400948712607345
2016-08-02,1.5,0.3762717886060201,0.32000732498749845,0.1347017102108722,0.519294864664783
2016-08-03,0.0,0.32347384083281944,0.26046432390415053,0.10674391951561493,0.49014705736021036
2016-08-04,0.0,0.2693720842432903,0.20576022670241953,0.013525630093436306,0.45945094733993946
2016-08-05,0.0,0.19810492007762126,0.1436786091632263,-0.014880933928469616,0.42870363538319434
2016-08-06,0.0,0.12833527343111192,0.07379809693529624,-0.04222734567074843,0.399980965081359
2016-08-07,2.0,0.017260988687972132,-0.023627331214912076,-0.05910845390162281,0.3824496301429815
2016-08-08,23.5,0.3103652887816992,0.20602581005674742,0.03498363503578043,0.3264721835686907
2016-08-09,0.1,0.10434903624739503,0.042540855884521264,0.007028747490127804,0.28589434421076926
2016-08-10,0.0,0.04397836820331347,-0.04081064588198153,-0.031014559012499474,0.2569993755292099
2016-08-11,0.0,-0.02639216586402195,-0.10836284520415118,-0.11578055650818438,0.22675102425942753
2016-08-12,0.0,-0.0637619358739843,-0.15811721318581784,-0.16258514562126455,0.19562437883253037
2016-08-13,0.0,-0.1265711406130426,-0.22081144352067011,-0.19188224594478365,0.15583665816389125
2016-08-14,21.0,0.13473911955354886,0.0077476926502732186,-0.1144575775901543,0.23406185593345866
2016-08-15,0.5,-0.017222963918427946,-0.10928452242216069,-0.1448889249265176,0.20013069204558467
2016-08-16,0.5,-0.14449064145479837,-0.21507245617476534,-0.17498076912081187,0.16638600216164942
2016-08-17,0.0,-0.2480971151709536,-0.3051826948233908,-0.207726369615198,0.13011932443391103
2016-08-18,0.0,-0.30138866899810596,-0.3544713044640207,-0.24122781655777858,0.09332308434900796
2016-08-19,0.0,-0.3206256638407989,-0.37169880334417843,-0.27490077634043714,0.05613034894428401
2016-08-20,0.0,-0.40756312693182395,-0.43542639895840257,-0.3092179651857259,0.018136777297497412
2016-08-21,1.0,-0.4934487147889911,-0.5048769768900483,-0.3482954311003208,-0.014575131090726232
2016-08-22,0.0,-0.5918236993839608,-0.5911469069317076,-0.39894333380638425,-0.05176337565553451
2016-08-23,0.0,-0.664767147707341,-0.6484465225514013,-0.43170258306260767,-0.08754567924031643
2016-08-24,0.0,-0.8181460589927498,-0.7728865049604687,-0.46406344213886197,-0.12248369480715708
2016-08-25,7.5,-0.8268367632544437,-0.7909730419088715,-0.4580949652171408,-0.11679704022748627
2016-08-26,72.5,0.23601043086186455,0.012387028396052201,-0.21492598790513395,0.20226176536226073
2016-08-27,0.0,-0.03052541826704911,-0.21257738516145983,-0.24789480103004838,0.16605617107613715
2016-08-28,96.0,1.4191806825742934,0.9515187948353533,0.14080466441907832,0.5542610383588521
2016-08-29,49.5,1.838130293595208,1.3419918985521362,0.311339877305737,0.7207996685718988
2016-08-30,4.0,0.62290475229661,0.5205094653055866,0.29396370663671106,0.7003870201621295
2016-08-31,1.5,0.7658730610632346,0.42812962275792144,0.26705832911466576,0.6710374552400783
2016-09-01,0.0,0.7105500522715996,0.30099980486956157,0.20810154920113544,0.6365841044332599
2016-09-02,2.0,0.5475599544453428,0.21481874954659222,0.18424844054978395,0.6111387036729775
2016-09-03,6.5,0.5892759087846219,0.18691415817787088,0.17972549717927908,0.6061551379694757
2016-09-04,24.5,0.9472053599116871,0.35071453489692983,0.24750977865483542,0.6726188410630235
2016-09-05,21.0,1.0631804372671643,0.4554744448944371,0.26260277007191485,0.7238653680493594
2016-09-06,0.0,0.9526632055555266,0.3582001491629271,0.2287495245562904,0.6947073368754659
2016-09-07,0.0,0.6628447480483658,0.244132009770518,0.19898082501504222,0.6672311236544134
2016-09-08,1.5,0.6729710112426174,0.19986400786138345,0.1761417878660734,0.6474576078662908
2016-09-09,3.0,0.6322781765381605,0.15020858265781212,0.16037306993470823,0.6349549350507275
2016-09-10,0.0,0.39090667674957297,0.05804089310095134,0.12545579057745648,0.6014525799975702
2016-09-11,0.5,0.3078465448589246,-0.016903812169254132,0.1013675354427048,0.5770065102518948
2016-09-12,4.0,0.250916491488708,-0.04166121530592864,0.09178133958127549,0.5578219869757285
2016-09-13,0.0,0.18988832658225263,-0.10399231943268232,0.06714082110240256,0.5001618805659829
2016-09-14,0.0,0.12411801425225213,-0.15476162441568134,0.04272595781360743,0.48265903221860607
2016-09-15,0.0,0.04874998106717774,-0.20386263356031306,0.021744539898120318,0.46998153441028856
2016-09-16,0.0,-0.0173279164468931,-0.24820818180551132,0.0012962354765151914,0.4582470938410589
2016-09-17,11.5,0.08274286341406191,-0.15694926357364905,0.02657606124233709,0.49192435868545253
2016-09-18,2.0,0.02368942538162978,-0.2025448614287974,0.016492422880879213,0.4920911290564178
2016-09-19,0.5,-0.0485958749462301,-0.2479792784008977,-0.034647273599707956,0.48694243215260413
2016-09-20,0.0,-0.10011322252081634,-0.28665781650289446,-0.05651894635549087,0.458516646020009
2016-09-21,0.0,-0.15118698212125425,-0.32661784918163983,-0.07529240402004841,0.4535772825871526
2016-09-22,0.0,-0.19032404863472382,-0.3586930212544461,-0.09181427884141437,0.4084694407613927
2016-09-23,0.0,-0.21290760852605572,-0.37284225267472887,-0.10793780343476285,0.40645797316444454
2016-09-24,0.0,-0.24666597795316744,-0.40211674973897593,-0.12367992383737669,0.4054837838754744
2016-09-25,0.0,-0.2735554728793244,-0.42939379774641934,-0.13848665624647113,0.40567802906780775
2016-09-26,0.1,-0.28299708728971934,-0.44448776616199537,-0.15208477443167892,0.4069696632715603
2016-09-27,6.0,-0.2199605877667386,-0.400635478839028,-0.14109719358018116,0.43473921510677654
2016-09-28,21.5,0.007291516064658768,-0.1852467356608033,-0.069243256832214,0.49673853971276827
2016-09-29,0.2,-0.06855450259059251,-0.23250024649245957,-0.08026157113897975,0.3214238412461288
2016-09-30,0.0,-0.13216491490351417,-0.27610517777526383,-0.09535093811543112,0.25241282232207174
2016-10-01,0.0,-0.1875667953411027,-0.32063999736908494,-0.10568903805456284,0.26236527225456296
2016-10-02,0.5,-0.17837518705997948,-0.3145349136917413,-0.11341729311928549,-0.11825473832152283
2016-10-03,5.5,-0.1638324127526123,-0.30508752392407285,-0.10313363103569068,-0.4354968560293343
2016-10-04,0.1,-0.2163560252646427,-0.338764937472754,-0.19445530469424777,-0.485997534056769
2016-10-05,22.0,0.05025108520061355,-0.11321164573047247,-0.11756030457844989,-0.3680923681540128
2016-10-06,0.3,-0.04425453498744715,-0.18050331219968832,-0.12450700366081267,-0.3518954103245103
2016-10-07,3.5,-0.03721160461501879,-0.18158421911622316,-0.13593226376675324,-0.3203090999235825
2016-10-08,0.5,-0.07693450997869551,-0.20957901578667484,-0.1489451266415946,-0.3025597761419117
2016-10-09,0.0,-0.13397424359515955,-0.24930186548927297,-0.15528763056878878,-0.28716369385452717
2016-10-10,0.0,-0.18368684028406562,-0.2892928888951776,-0.16097996075121826,-0.27114337093949614
2016-10-11,0.0,-0.2172530714568637,-0.3071002436441135,-0.1665673389368161,-0.25482087449710367
2016-10-12,0.3,-0.24868100244015703,-0.3287892745389546,-0.17023374247794038,-0.47895818977550914
2016-10-13,0.0,-0.276589818371889,-0.3401811443997751,-0.2322054210141981,-0.4641277273101001
2016-10-14,0.0,-0.31107186053274777,-0.37074514614579435,-0.2508917746507642,-0.945979673724904
2016-10-15,0.0,-0.3687147433604389,-0.40662302473608986,-0.261457356777134,-0.9508093922544809
2016-10-16,0.0,-0.38124391704357485,-0.41905658187174066,-0.2664316946610846,-0.9370005994694094
2016-10-17,0.0,-0.38333162804007703,-0.4119237332547222,-0.2875776859168002,-0.9242952266942651
2016-10-18,0.0,-0.4274114648294864,-0.4289209464949108,-0.3746930803762983,-0.9176025323790329
2016-10-19,0.0,-0.46328817104787506,-0.43369593036426024,-0.3791578690185527,-0.9052561867017032
2016-10-20,0.4,-0.49958532173727194,-0.458459418633219,-0.3813960221191845,-0.890571188209809
2016-10-21,1.0,-0.5139612634476545,-0.47330791505815173,-0.38060530991676483,-0.871760149888715
2016-10-22,2.5,-0.3614244438889446,-0.39724084240145613,-0.3740798764551024,-0.8483809577327039
2016-10-23,18.5,-0.08163920572027956,-0.1888442226044335,-0.3031848614709687,-0.7309806358454032
2016-10-24,0.0,-0.15470744564070116,-0.2404086137597545,-0.306682276072363,-0.7152643600446792
2016-10-25,6.0,-0.04907380691096659,-0.17916495690924691,-0.28548741067427674,-0.6675908471547877
2016-10-26,0.0,-0.10043630696126683,-0.21748530529239649,-0.28804463906002337,-0.6521358507274736
2016-10-27,0.0,-0.13898728280452607,-0.2448770204823958,-0.2901413554924067,-0.6366531924883152
2016-10-28,1.5,-0.14297846891709434,-0.2505688543841845,-0.2862314127135961,-0.6145466694702736
2016-10-29,15.5,0.1468749555162477,-0.05822103851319218,-0.22802265517340242,-0.6216103525107485
2016-10-30,0.0,0.04361067477000161,-0.12720832457543538,-0.23050682785024723,-0.6136763679587732
2016-10-31,0.0,-0.0140107551217676,-0.16247829816356255,-0.23318191888514908,-0.6047778106423931
2016-11-01,0.0,-0.061043168433949684,-0.1936595082913013,-0.2350573725182036,-0.5863601543657633
2016-11-02,0.0,-0.0997944494579331,-0.21784303176269085,-0.23692132636127045,-0.565864554615649
2016-11-03,0.0,-0.1284026153365115,-0.23675029400017233,-0.23853826847354348,-0.5445316844104992
2016-11-04,0.0,-0.14111174326994083,-0.24416332511005256,-0.23926912504799502,-0.5236581090121157
2016-11-05,5.0,-0.05177987503432413,-0.1811384047779872,-0.21942469731242367,-0.4843620643362771
2016-11-06,23.0,0.4608461399211298,0.1761208714359635,-0.24014487244086202,-0.4612160290146919
2016-11-07,0.0,0.2983012675372757,0.07889187941151984,-0.24861628181727566,-0.4338647071144643
2016-11-08,0.0,0.21982201069357318,0.02339327613019915,-0.2491379805545394,-0.4052747697881544
2016-11-09,0.0,0.16219854316778937,-0.02151797943276187,-0.25034905364709675,-0.37552862227404865
2016-11-10,0.0,0.10715283884440907,-0.055261284599122905,-0.2518299716041008,-0.3451842813539524
2016-11-11,0.0,0.06392619030258061,-0.08834109422039968,-0.2591282516884964,-0.3145169095547574
2016-11-12,0.0,0.00953267557250508,-0.12779170465689468,-0.2644009245030274,-0.3924786423448899
2016-11-13,0.0,-0.031632921954336174,-0.15189485010611298,-0.26551597276205186,-0.3604329707704962
2016-11-14,0.0,-0.0587671959244566,-0.1617326747649297,-0.2662001417447108,-0.3279920871525343
2016-11-15,0.0,-0.08379500692631882,-0.18311360384797354,-0.26644633145182756,-0.291311663449612
2016-11-16,0.0,-0.10290427184401314,-0.20140969958071622,-0.26593363723075975,-0.251930865292264
2016-11-17,0.0,-0.10717158873861585,-0.2036008825611791,-0.26482696429976776,-0.212218006830588
2016-11-18,0.5,-0.09674983083691865,-0.19320568937323415,-0.2616730550430025,-0.16984723768565627
2016-11-19,0.0,-0.10544255033702737,-0.19826193856237007,-0.26072935110608,-0.13491028235721442
2016-11-20,0.0,-0.11148544544165255,-0.20425158105002203,-0.2602257796013192,-0.09629990550088618
2016-11-21,0.0,-0.11014193458207605,-0.20384820990361452,-0.2592300567987666,-0.05726863784038205
2016-11-22,4.0,-0.009334671020353222,-0.12377104919224045,-0.24149020461335724,0.00023066011556137895
2016-11-23,0.5,-0.014470018685467625,-0.12629057225197365,-0.2373540336289531,0.003487657597808672
2016-11-24,0.0,-0.02752828801245202,-0.13179782439745796,-0.2354957395133635,-0.32707329706346655
2016-11-25,0.0,-0.049532424331593466,-0.14614011733541024,-0.23396538357397903,-0.28545028587189253
2016-11-26,0.0,-0.07734525712897408,-0.15672286714056813,-0.2323190347052064,-0.8086803264753698
2016-11-27,0.0,-0.09112827592559646,-0.16167977191395078,-0.2304929167054473,-1.1071446252577193
2016-11-28,0.0,-0.11276218154334154,-0.1786709505290171,-0.22848784219820245,-1.088766380800952
2016-11-29,0.5,-0.10984552325502138,-0.1766360998927846,-0.22384718307931675,-1.0498849138467277
2016-11-30,0.0,-0.11151803117889329,-0.17598828834517916,-0.22061755341091524,-1.0035218620886657
2016-12-01,0.0,-0.0995509578673586,-0.16509556565173716,-0.216650083023955,-0.9710022943979223
2016-12-02,0.0,-0.0827074925823314,-0.15011410533472092,-0.21198060530988402,-0.9745747231147556
2016-12-03,0.0,-0.08117071494318047,-0.1466179193518096,-0.20720609390896186,-1.1257160175941272
2016-12-04,0.0,-0.08544272061420759,-0.14564506352312329,-0.2028784071721861,-1.2625387482538262
2016-12-05,0.0,-0.09564404186300716,-0.15332711526233178,-0.19764721344706096,-1.217751981176439
2016-12-06,0.0,-0.107795086880701,-0.15760804354336377,-0.19171363332715702,-1.1746645098164876
2016-12-07,0.0,-0.12273116101809582,-0.16202774306966508,-0.18416026614448144,-1.1467333628063914
2016-12-08,0.0,-0.1350717115547548,-0.16854495322126484,-0.17619076755669114,-1.1340245093811947
2016-12-09,0.5,-0.13046769507857495,-0.1663243107193679,-0.17620571599511897,-1.0908337194119333
2016-12-10,0.0,-0.12780579742372006,-0.1619246584608982,-0.1714489040295818,-1.0574598782444904
2016-12-11,0.0,-0.1323460931986252,-0.16483178647686914,-0.17585177268834412,-1.057254858501411
2016-12-12,0.0,-0.133760061338547,-0.16411475572469142,-0.20493044964484264,-1.0213803233311083
2016-12-13,0.5,-0.10135396829855549,-0.13846645682248337,-0.19114440717132355,-0.9806666187241994
2016-12-14,22.0,0.5415406012833156,0.37025718218920717,-0.09110113183120082,-0.7458448713412146
2016-12-15,0.0,0.47327720242632076,0.3118438735303808,-0.07837647401892296,-0.7097326526907257
2016-12-16,0.0,0.4409733609977677,0.284691282874444,-0.07307871400309614,-0.7784940688140559
2016-12-17,0.0,0.42160072096970924,0.27347371318351316,-0.059267588113256026,-0.7634362641075657
2016-12-18,0.0,0.37548672770408087,0.25617472761498566,-0.04487837135824385,-0.7353374866849951
2016-12-19,0.0,0.3419247961122507,0.2424074275305267,-0.05190928349641705,-0.7031135104350705
2016-12-20,0.0,0.3455617608046517,0.24129918798348826,-0.037261866904625886,-0.6699331679347824
2016-12-21,20.0,0.946375819675177,0.7257946517014221,0.015545595498733767,-0.4624976208394852
2016-12-22,16.5,0.1724440872212964,1.0538475688522946,0.09590619089313665,-0.2959203526762694
2016-12-23,0.0,0.023358630857787267,0.9711366964370417,0.11331688893178227,-0.26429635801154366
2016-12-24,0.0,-0.06738854598422347,0.9034599116748699,0.13170210447121478,-0.23324499379510383
2016-12-25,0.0,-0.11535322922299811,0.876526709580415,0.1501164836315585,-0.2026350422105248
2016-12-26,0.0,-0.15165825997871257,0.8484233154835683,0.17043730932788356,-0.22032968445014461
2016-12-27,23.0,0.49436968498665035,0.005000510153822677,0.25229391935379014,-0.1787341810995696
2016-12-28,0.0,0.3485917263793538,-0.1172019821296417,0.09630079179251545,-0.15186719095878798
2016-12-29,0.0,0.3377472730112794,-0.17684072879822388,0.04438685290347449,-0.12302343740364287
2016-12-30,0.0,0.2663993604598072,-0.22286734425157328,0.06772164821573243,-0.09508300064917553
2016-12-31,0.0,0.4137749394278956,-0.6665156022633321,-0.285219669737047,-0.07316268739621166
2017-01-01,0.0,0.15509076634352562,-0.3115927560239757,-0.5953763746330974,-0.09318907646742011
2017-01-02,0.0,0.1134637432655566,-0.3236217646236407,-0.6313823709595279,-0.06916904864426963
2017-01-03,0.0,-0.0031240347070819806,-0.3387195503900167,-0.6058494808808035,-0.2352480606814983
2017-01-04,0.0,-0.017036330876798397,-0.3540757913848921,-0.5801975585767614,-0.21378665460610854
2017-01-05,6.0,0.13949511116187055,-0.20806965768230745,-0.5276270204129012,-0.1684003800270693
2017-01-06,0.0,0.041543564915451706,-0.265981847522663,-0.5021117781007308,-0.15048298477242894
2017-01-07,0.0,-0.03051788030852909,-0.2941298997432298,-0.4775676775591362,-0.12940552140882838
2017-01-08,1.5,-0.01757738931714295,-0.2875280953438816,-0.44555561925496867,-0.0961682109337503
2017-01-09,0.5,-0.058439743335701136,-0.3218834432483505,-0.4177928968597586,-0.0722089472994164
2017-01-10,0.0,-0.08695827321099948,-0.3437264127955529,-0.6226205183571324,-0.05649254028446565
2017-01-11,0.0,-0.09596013625373208,-0.3411253913649078,-0.5979301090857005,-0.03795676567163428
2017-01-12,0.0,-0.12562910508907105,-0.3629237787702952,-1.034587485987617,-0.01894842472726432
2017-01-13,0.0,-0.16662401486958292,-0.40007334378513437,-1.0284466881058294,-0.0008469439813152672
2017-01-14,0.0,-0.18514712051355262,-0.40052434183463015,-1.0060039935604073,0.016621093794486407
2017-01-15,0.0,-0.2121199524154012,-0.4360892921999892,-0.9834771712355321,0.03436809588117802
2017-01-16,0.0,-0.24324686765120748,-0.46884261675657474,-0.9725043717108799,0.03800090017598516
2017-01-17,0.0,-0.2625679307319126,-0.47898945220649075,-0.951324674763789,0.05483330350550897
2017-01-18,0.0,-0.28183665974448624,-0.4923674798931467,-0.9300039272202378,0.0679757013638556
2017-01-19,0.0,-0.2927556394486474,-0.5015621736426567,-0.9088319568639179,0.07429978512922553
2017-01-20,24.0,0.25953055699416583,0.2044052779161177,-0.7701844158888338,0.27961353884671236
2017-01-21,0.0,0.12074778048460413,0.0924018620362016,-0.7487436067566531,0.1300872863165098
2017-01-22,0.0,0.026933197003092553,0.026964662023795934,-0.7248250625775811,0.1446558300211766
2017-01-23,0.0,-0.039373176201533175,-0.013890634324688188,-0.7005558609544247,0.10479211118632606
2017-01-24,0.0,-0.07036142515737095,-0.038581906456479666,-0.6764250252009334,0.12063781901469864
2017-01-25,0.0,-0.09099601366067757,-0.05493463262553806,-0.6534323460901126,0.1355377887870877
2017-01-26,0.0,-0.1172488195909254,-0.0741973205788465,-0.6314456120614852,0.13482083988210933
2017-01-27,0.0,-0.14861875313013295,-0.09871098508975099,-0.7045834255986257,-0.004670582006250436
2017-01-28,0.0,-0.1822261972867942,-0.12667865188888636,-0.6891043320617792,0.00818009219398765
2017-01-29,4.5,-0.07082824330003124,-0.028470399372011283,-0.650639775078274,0.06687923240276117
2017-01-30,12.0,0.12765274633834586,0.26220479261123814,-0.5661971301604487,0.19867674363877336
2017-01-31,0.0,0.01407828002003249,0.1653168265762432,-0.5384879829519817,0.21268091433952876
2017-02-01,0.0,-0.04820034747584582,0.12043054480396835,-0.5111128135484658,0.22527204157064337
2017-02-02,0.0,-0.07875231226144293,0.10158143660576563,-0.4836264928938643,0.23744698242615503
2017-02-03,0.0,-0.10097199722039306,0.0891316539162914,-0.46710929886252245,0.19970577793414837
2017-02-04,0.0,-0.11201445889998733,0.07958839215163026,-0.5538372715853758,-0.0317700954039559
2017-02-05,0.0,-0.1314891421638852,0.06756434656516218,-0.5248805158986318,-0.02254162167945928
2017-02-06,0.0,-0.14876342903161868,0.06082722031709311,-0.4934306526888255,-0.013810660006452558
2017-02-07,0.0,-0.16874698512173564,0.04817281994223435,-0.46111597334135457,-0.005076079696754146
2017-02-08,0.0,-0.19709604882517512,0.030893241658892113,-0.4277126938582623,0.004626161133264156
2017-02-09,0.0,-0.23647985732665625,0.007446650044763544,-0.3939020155639401,0.013743324217939019
2017-02-10,0.0,-0.26683681912948143,-0.020612100225032477,-0.46057571011808185,0.022973980677124847
2017-02-11,0.0,-0.31059002293689575,-0.049747402393676844,-0.4288464448022944,0.0324831249248668
2017-02-12,0.0,-0.3400292307024959,-0.0684196092108486,-0.39543134122955076,0.04148674422706753
2017-02-13,0.0,-0.37960410202321654,-0.09334800637517515,-0.35895020242121195,0.04887144260160832
2017-02-14,0.0,-0.4307154771577534,-0.12435979483116485,-0.32045514140133596,0.05458469628217126
2017-02-15,0.0,-0.44590950658238604,-0.1518008158287187,-0.2818735627194469,0.05960210617549097
2017-02-16,0.0,-0.44945163065907323,-0.17874241784972258,-0.2439730664779198,0.05741573278196501
2017-02-17,0.0,-0.4542787961602277,-0.20517564245946204,-0.21059627769770356,0.06045978559872985
2017-02-18,0.0,-0.47247168977216997,-0.21942212172146897,-0.1731067761184983,0.062158781479637965
2017-02-19,0.0,-0.4884929733619916,-0.22793589817738943,-0.13529797713319044,0.06354745034581474
2017-02-20,0.0,-0.4839532979155275,-0.23114616418830655,-0.09873252523269602,0.020278417655643897
2017-02-21,0.0,-0.4792725421248191,-0.23246550248143336,-0.09674842345187509,0.015186668276439143
2017-02-22,3.5,-0.3688921621947652,-0.13257004075156986,-0.38421739807776506,0.052704466089540804
2017-02-23,0.0,-0.3697031539424669,-0.1534647729077015,-0.34748617335039295,0.050622800978772836
2017-02-24,0.0,-0.38478478903667307,-0.17099133521045914,-0.8063691400290094,0.048435575669153526
2017-02-25,0.0,-0.39574854835104695,-0.17871737545030797,-1.052993782623572,0.045458141953196134
2017-02-26,0.0,-0.41925652999421953,-0.1937360239211248,-1.0370276241005314,0.04210359358266792
2017-02-27,0.0,-0.4642504210061022,-0.2249977497676612,-1.007324651348194,0.03343959106374669
2017-02-28,0.0,-0.4905839014077124,-0.2484558903187475,-0.9696645091695102,0.02915066994913926
2017-03-01,3.0,-0.44819906820320454,-0.20201046500793057,-0.9244107795817839,0.055862947017212915
2017-03-02,16.0,-0.028746798073271088,0.20788224104304645,-0.8303211904960964,0.2158830769448365
2017-03-03,0.0,-0.12454623546862385,0.09029393154774348,-0.9434633996247317,0.2091327744054448
2017-03-04,0.0,-0.18765802790902622,0.036220616458602896,-1.0420208653646197,0.202217258234831
2017-03-05,0.0,-0.23256889301556466,-0.004179749402575717,-1.007674672323456,0.19501105716979578
2017-03-06,0.0,-0.2668154447660009,-0.033416747447444245,-0.9738054603141597,0.1882629034702071
2017-03-07,0.0,-0.29607902381284495,-0.05816268443772951,-0.9519865519513074,0.1814242848191466
2017-03-08,0.0,-0.3350595881395284,-0.08047881483098254,-0.9406433608678763,0.17389286015699112
2017-03-09,0.0,-0.35109783292542046,-0.0915550729523013,-0.9128469277357073,0.15979294068264727
2017-03-10,0.0,-0.36766100473929497,-0.10248711760764655,-0.8905248599465265,0.15132115927778608
2017-03-11,0.0,-0.3779392140947596,-0.1078631465500818,-0.8937753626000888,0.1421486694052075
2017-03-12,0.0,-0.37730427519138515,-0.10549058995554043,-0.8718412647167546,0.13299135334650827
2017-03-13,0.0,-0.3860182778278509,-0.10294028297706292,-0.8497969413865682,0.11781664519919832
2017-03-14,7.5,-0.15668530761546082,0.1186514597375328,-0.7759813006672985,-0.05568032468793971
2017-03-15,0.0,-0.2035141762397377,0.08678194165527181,-0.7525087207319686,-0.06958057605225892
2017-03-16,0.0,-0.22924633700408892,0.06409562249294572,-0.8101165235834294,-0.08231419481923151
2017-03-17,0.0,-0.26862190962920196,0.03563132411502116,-0.8053197430294821,-0.093690971470634
2017-03-18,0.0,-0.30535031579431965,0.012217462255519762,-0.7907412216789053,-0.10523406664912294
2017-03-19,0.0,-0.3236414128566836,-0.004547300781969546,-0.7737152673465714,-0.11751835251447205
2017-03-20,0.0,-0.3528223861709823,-0.023223154431805285,-0.7557706684183169,-0.13015459013886754
2017-03-21,12.0,0.0560996115040527,0.33553376609125024,-0.6515994347237971,-0.24232562658027798
2017-03-22,0.0,-0.047300522179490025,0.24305393269606168,-0.634844722459505,-0.47905191754152493
2017-03-23,0.5,-0.09113670177015551,0.20328460703553072,-0.6148116231598069,-0.4883757984638847
2017-03-24,0.0,-0.13195931057122737,0.15707292066443507,-0.5973288464443284,-0.5049101206385631
2017-03-25,2.0,-0.10608516413274528,0.18550575538138256,-0.5664779160094031,-0.49357005481585986
2017-03-26,1.0,-0.11840094347488415,0.1849632540031968,-0.5868659971569993,-0.49729647159652024
2017-03-27,0.0,-0.1303118513569168,0.1680311434376211,-0.734794520069315,-0.8762431805189264
2017-03-28,0.0,-0.14230654257257902,0.15333534138210414,-0.7230400314880312,-0.8994075818530544
2017-03-29,0.0,-0.15272634462640597,0.13492796713932326,-0.709801787526646,-0.9225081821012822
2017-03-30,0.0,-0.15645347640404136,0.1218640032339126,-0.6967104780651581,-0.9454809265836006
2017-03-31,6.5,0.028255815696734563,0.30008056214715145,-0.6371057531448482,-0.8545710672808443
2017-04-01,8.0,0.23496373662369033,0.503965081130355,-0.6059860394877284,-0.7416801780870079
2017-04-02,0.5,0.17377364150839775,0.4426079916909328,-0.5912138761067841,-0.7496121340826297
2017-04-03,0.0,0.12694019871218135,0.41611379933443277,-0.7564551847005078,-0.7636330644874583
2017-04-04,0.0,0.06578425313205458,0.34763472734044837,-0.7487458377020104,-0.7774986488422401
2017-04-05,3.0,0.11151320332926758,0.4009753181828989,-0.7440747072953362,-0.8406972742029207
2017-04-06,2.0,0.1220432936371583,0.40968728209544686,-0.7226106691625714,-0.821404776126267
2017-04-07,0.0,0.0820512683525255,0.3875862975839623,-0.7138312637104338,-0.8355720977351886
2017-04-08,0.0,0.03317664626980876,0.3359375371631242,-0.706694272845432,-0.8751714197316297
2017-04-09,6.5,0.22068095181558992,0.5060420957476952,-0.6447743629934508,-0.7896333060489668
2017-04-10,0.0,0.15322808694866918,0.4445830421464532,-0.6397755041170063,-0.802408625020782
2017-04-11,1.0,0.14525663436753034,0.448102181359987,-0.6245233863407686,-0.7988708282073056
2017-04-12,0.0,0.09255382155101737,0.39087409689136665,-0.6175803144298005,-0.8131450707380127
2017-04-13,0.0,0.05877480275415633,0.3669947673764984,-0.612235873406146,-0.8291532265248687
2017-04-14,2.5,0.11802275565012571,0.43168443132388834,-0.5872519207139422,-0.8041621277626742
2017-04-15,0.0,0.08735447855758895,0.4056110075919548,-0.5834191649831019,-0.820953156028498
2017-04-16,0.0,0.06455478495293618,0.39318793083615544,-0.5787094353293661,-0.8383233836709255
2017-04-17,13.5,0.505480882869249,0.8192514363592962,-0.4623664701576219,-0.6455231600847554
2017-04-18,2.5,0.5170364484700574,0.8035672653973086,-0.44128582373835307,-0.6247470943054846
2017-04-19,0.0,0.43255901764361865,0.7456192731746716,-0.4450939871174448,-0.6400210499711197
2017-04-20,0.0,0.3626904498485932,0.6726387476677974,-0.46226536304005195,-1.0401832631457952
2017-04-21,0.0,0.3154321827461375,0.6481160236713644,-0.6171493158076462,-1.0602107586759655
2017-04-22,0.3,0.26475037414942265,0.5991649870645306,-0.6129151219754361,-1.0729005056905334
2017-04-23,0.0,0.2279673340078475,0.5809128098049653,-0.663838151599918,-1.0923160243294439
2017-04-24,0.0,0.17163801555836422,0.5195021108224523,-0.6631519889672642,-1.1119347608205423
2017-04-25,0.0,0.13407332834965754,0.4530933959091214,-0.6632681621781954,-1.1304554447172306
2017-04-26,0.0,0.0815916043836948,0.4167365721847429,-0.6770927789591608,-1.1469791330815824
2017-04-27,0.0,0.019311129890232703,0.35533690261827827,-0.820091718873277,-1.1626669781775567
2017-04-28,0.0,-0.029687182117552707,0.2874653886595185,-0.8221803725328111,-1.1784583826359398
2017-04-29,0.0,-0.0713779371118789,0.21087136986077917,-0.8234397152621064,-1.2772118227862337
2017-04-30,0.0,-0.1239173594784544,0.1871452493369708,-0.8241418610274568,-1.5268987879454476
2017-05-01,0.0,-0.15820730818513995,0.16717726153184492,-0.8254670418253656,-1.5474554451361768
2017-05-02,0.0,-0.15736711590409133,0.17162877045984776,-0.8288100411614523,-1.5697106331056843
2017-05-03,0.0,-0.15256402880131872,0.18381896944709294,-0.832472708469139,-1.5946975873783626
2017-05-04,0.0,-0.16318891940082234,0.18322118099437204,-0.8852467228384079,-1.6196228773942158
2017-05-05,0.0,-0.19459091448639163,0.1678298401791739,-1.123353663711398,-1.6407195835771964
2017-05-06,0.0,-0.23546410711727822,0.1386311043487733,-1.126995339031208,-1.6597786450159602
2017-05-07,0.0,-0.20929305051191197,0.08467027260139771,-1.131118577143555,-1.6818229728577705
2017-05-08,0.0,-0.2598800133312542,0.05610632986734719,-1.1353328963417906,-1.705535425258463
2017-05-09,1.5,-0.2472171431142679,0.0800751672779323,-1.122820620448088,-1.6941722780409292
2017-05-10,1.0,-0.23000130808876318,0.10088707942366901,-1.11576455108122,-1.6935581535073119
2017-05-11,0.0,-0.26346856699807086,0.07348174675483982,-1.1173755897135698,-1.7143440526399762
2017-05-12,0.0,-0.3162448262189331,0.040872303805011896,-1.1168605765931612,-1.7346095824457461
2017-05-13,8.5,-0.0520549748841323,0.24167798844894525,-1.0279835210184305,-1.5780918070203642
2017-05-14,0.0,-0.1280753586112064,0.19192034606800917,-1.0268364307124092,-1.5898359172341234
2017-05-15,0.0,-0.19580424786236145,0.14262304016027913,-1.0261919705738298,-1.603479680727606
2017-05-16,0.0,-0.2298425205153761,0.11734087835523153,-1.026185396704446,-1.6143030766876152
2017-05-17,0.0,-0.25530955544283723,0.09849209495516373,-1.0324679176114988,-1.6225960373512305
2017-05-18,0.0,-0.2729101109070907,0.0701013000170766,-1.0332695391687965,-1.630130212481797
2017-05-19,0.0,-0.29143476760203185,0.0665236211106829,-1.034607350507379,-1.6365099747188039
2017-05-20,0.0,-0.30063651998779195,0.06749805555683762,-1.0358452844262918,-1.6451078617658585
2017-05-21,0.0,-0.3040875238393139,0.06699129400037757,-1.0788325978865974,-1.65460114240347
2017-05-22,0.0,-0.3331912811238195,0.05662867682141255,-1.085337488168268,-1.6598227248160076
2017-05-23,0.0,-0.34852843574210174,0.0382737590759323,-1.0882096733245064,-1.7357060130233233
2017-05-24,13.5,0.07797119459141073,0.3811976295983172,-0.954253019933121,-1.470550619713193
2017-05-25,0.0,0.008053446161425752,0.31344862270461454,-0.9580462264839119,-1.4731657253834012
2017-05-26,0.5,-0.013493176389789382,0.2976296492080922,-0.9566255463481814,-1.4662724976825507
2017-05-27,0.0,-0.018585035075214373,0.3067863784369071,-0.9605666376012351,-1.4682522818119539
2017-05-28,0.0,-0.016775291622986438,0.32076018150984875,-0.9705367843937928,-1.471858963049197
2017-05-29,0.0,-0.014494475943889615,0.3375494859696299,-0.9750754094951372,-1.475473279721704
2017-05-30,0.0,-0.02366586403183361,0.3349709636293021,-0.9813624608048587,-1.5334532416705264
2017-05-31,0.0,-0.05219348949736395,0.3246083306078477,-0.9890147190250862,-1.8572875989959203
2017-06-01,11.0,0.3106784301471446,0.6645558050332764,-0.8884273249214869,-1.6316988447276248
2017-06-02,0.2,0.21334799279920053,0.5538159509440305,-0.8941120763928493,-1.6288750629545288
2017-06-03,0.0,0.1628481504754523,0.49850917545344636,-0.9029753471442037,-1.6328908650087346
2017-06-04,2.0,0.1934760072006381,0.546429581140007,-0.8920227970244391,-1.5989637983711802
2017-06-05,0.0,0.13706027321869865,0.49890231671959556,-0.9010989425464605,-1.6050105242032102
2017-06-06,4.0,0.24857147256591505,0.6117739344255809,-0.8732508813039176,-1.5330970567379218
2017-06-07,1.0,0.21151004142355254,0.5857048443260229,-0.8797313149247282,-1.5172193877944105
2017-06-08,0.0,0.14751456423523207,0.5164260770771062,-0.892095346705962,-1.5207706452752436
2017-06-09,0.0,0.11464966092810334,0.49610004799760354,-0.9060738915212954,-1.5281015384775642
2017-06-10,0.0,0.09976198761406696,0.4802215176470764,-0.9204425309830564,-1.5383550141332272
2017-06-11,0.0,0.07998025776292962,0.46748979715000477,-0.9434854197342584,-1.5517043496438045
2017-06-12,0.0,0.06659928145624018,0.4454253075891424,-1.18658683754746,-1.7106548302932807
2017-06-13,1.0,0.08866265570316623,0.4586169631338168,-1.197485862581551,-1.7051360896512042
2017-06-14,0.0,0.07095456687131685,0.44110016447200295,-1.2197375144411557,-1.7207070203436374
2017-06-15,0.0,0.06357053174084427,0.44801814492445663,-1.2429376871390398,-1.7383195607606874
2017-06-16,0.0,0.0553870369236403,0.4415061297158417,-1.2664719396679431,-1.7570102516636357
2017-06-17,0.0,0.028273095753147858,0.4262107171328544,-1.292708750020173,-1.7801445683336456
2017-06-18,0.0,-0.026726238684032903,0.3957536348886084,-1.3196569811023142,-1.8026299799451821
2017-06-19,0.0,-0.09498904396593179,0.2977424150927525,-1.5653984770621725,-2.0703514630835724
2017-06-20,0.0,-0.1524635527633448,0.21236326669317399,-1.7876241508787685,-2.09151898933696
2017-06-21,0.0,-0.196007689664193,0.12741496575316638,-1.8186612829185895,-2.121190263074361
2017-06-22,0.0,-0.2676291718355736,0.06258743335250982,-1.8491671240848024,-2.141808606342689
2017-06-23,0.0,-0.36527948568639107,-0.011975779108358727,-1.879356814902805,-2.205630372685392
2017-06-24,5.0,-0.2816983267757535,0.023971086000837635,-1.8512695132434702,-2.144971314481261
2017-06-25,0.0,-0.36422617589330675,-0.08652871560341996,-2.1680012675676634,-2.1671179321554934
2017-06-26,3.0,-0.33593466075598954,-0.09075014271703374,-2.164742143865146,-2.1309585830385647
2017-06-27,0.0,-0.4098552805466026,-0.16202627023112712,-2.2002905847744887,-2.156304439242082
2017-06-28,0.0,-0.49601452978976623,-0.23224805981465976,-2.23731514262964,-2.1780229223844065
2017-06-29,0.0,-0.5626433760054756,-0.2937323933165618,-2.2746911283514435,-2.331381917898773
2017-06-30,0.0,-0.629317988926543,-0.36987783941466923,-2.3132769308008703,-2.525683001183037
2017-07-01,2.0,-0.5588585242176369,-0.35505783745113756,-2.3259707846986073,-2.518306424585621
2017-07-02,95.5,1.3901992948134574,1.434313910367179,-1.3220294474649479,-1.0218726144849248
2017-07-03,29.5,1.4774469856092867,1.5793158265144533,-1.0898281834665176,-0.7129698159614295
2017-07-04,6.0,1.3315918835686584,1.5134821455850616,-1.130875796684107,-0.720992150511848
2017-07-05,0.0,1.0562852406713128,1.2874504822589385,-1.1732748240588786,-0.7841340926511908
2017-07-06,0.0,0.8482015473654323,1.1221886515147106,-1.2155465753568628,-0.8249489993724987
2017-07-07,0.5,0.7222428022046706,1.0220682607724003,-1.266338715616399,-0.8608978354212473
2017-07-08,23.5,1.117851178378389,1.3567228628876353,-1.108217741111607,-0.7243259229801319
2017-07-09,0.2,0.87931827380162,1.1381215909522975,-1.150370422934685,-0.7686121736478531
2017-07-10,5.5,0.9007859140816326,1.175216227679593,-1.1473682390103264,-0.7683145028785722
2017-07-11,14.5,1.0385776460026854,1.2977887126984828,-1.0685815468376485,-0.6656037286997868
2017-07-12,0.0,0.822524883380047,1.0651966347911679,-1.106894597654133,-0.7062685271168008
2017-07-13,0.0,0.6364903816579788,0.8767236201070515,-1.1448378136210415,-0.7699846750821292
2017-07-14,0.0,0.4639748333119521,0.6853542962230618,-1.1835021128736778,-0.8087433509128591
2017-07-15,2.0,0.3690235721064393,0.5774566475847094,-1.2064257471343292,-0.8270898426677524
2017-07-16,10.0,0.4168274850957759,0.5838973340858036,-1.1634237558756577,-0.8990766754225173
2017-07-17,0.0,0.32225712210038715,0.4869695309405769,-1.2021561121857887,-0.9588504389780307
2017-07-18,0.0,0.24970359229278538,0.39939037010382517,-1.2368854910195815,-0.9900209433820012
2017-07-19,0.0,0.2373801766433766,0.39471599867082047,-1.4704008709115668,-1.0201980588891981
2017-07-20,0.0,0.221812205199301,0.38665453584004933,-1.5028488777701743,-1.0498464849924858
2017-07-21,0.4,0.20248756176693578,0.37491841648667634,-1.5270848051803325,-1.0763656290994372
2017-07-22,21.0,0.568507376525624,0.6781741740885833,-1.3806083563823988,-0.9009774731422708
2017-07-23,11.5,0.6757163964113707,0.7754831569316136,-1.317277092943041,-0.8222476787009471
2017-07-24,4.0,0.6545312375934268,0.7584496435480489,-1.3150866013202012,-0.8156071413000979
2017-07-25,1.0,0.5065909814147456,0.6248630587962352,-1.3357973699481842,-0.8368184904031812
2017-07-26,0.0,0.33517915619756256,0.45970027255305046,-1.3627567249032855,-0.8669781282012038
2017-07-27,0.0,0.2432065114777687,0.3601021925193844,-1.3883022593523018,-0.8944267345410859
2017-07-28,4.0,0.25786249962161534,0.3658037224216849,-1.4163477642521327,-0.8840692148266487
2017-07-29,5.0,0.31312497083977275,0.41404477096584086,-1.4962180259196038,-0.8660452083140842
2017-07-30,0.0,0.3004442642472793,0.4063525185035883,-1.5207879743370678,-0.8923525140780761
2017-07-31,2.0,0.31584730715553855,0.42437803673679436,-1.5277743297389543,-0.8974164455019025
2017-08-01,0.1,0.2875093804511442,0.4073702960054585,-1.549340931164034,-0.9180310515515999
2017-08-02,0.5,0.2402801560270001,0.363157100142123,-1.5666342946829284,-0.9343151447895007
2017-08-03,0.0,0.18990785246798814,0.30694779016991247,-1.5885007451341924,-0.9561090297353462
2017-08-04,0.0,0.16330249895164298,0.28275455557810686,-1.6071875972350935,-0.9763415324746635
2017-08-05,0.0,0.13664638949450955,0.26057383334594486,-1.6254989147136865,-0.9963301348935234
2017-08-06,3.5,0.1562648281948693,0.27697899669460985,-1.6184993593338155,-0.9869795531083997
2017-08-07,5.5,0.2038299059272754,0.31395526623560865,-1.5967566625420064,-0.9739110752297443
2017-08-08,0.0,0.07283027200875747,0.2014588986550138,-1.616255059612687,-1.002337406183291
2017-08-09,21.5,0.3592756088565255,0.43402523699518425,-1.481137804809463,-0.853221125045816
2017-08-10,48.0,0.7335101469136954,0.785012239264501,-1.174515773606097,-0.5241782740460769
2017-08-11,83.5,0.6362377866500991,0.377736405658903,-0.682026209341009,-0.06128721716390704
2017-08-12,0.0,0.3428933467249453,0.11644154156264142,-0.7087299847868176,-0.08988170141339508
2017-08-13,0.5,0.1942873206674176,-0.02503940309518204,-0.7337658702677601,-0.11681990225732018
2017-08-14,29.0,0.5672250265596556,0.24609574858897565,-0.596841837846005,0.023914724933754863
2017-08-15,92.5,1.8170743282943749,1.2918906285817535,-0.13321110662861768,0.49405173435007227
2017-08-16,57.0,2.2525263376214624,1.6546261672691325,0.11437538333404963,0.7366258050336145
2017-08-17,11.5,1.9762520279557436,1.4607718737067124,0.13521389710874007,0.751330345945347
2017-08-18,15.5,1.8259577532969091,1.3812189745454977,0.1738110970667366,0.7837784345899911
2017-08-19,9.5,1.5140880951005729,1.1816969091991252,0.1826188428137345,0.786352042216721
2017-08-20,19.5,1.3993854673584711,1.1223064321922802,0.23588867700296148,0.8324865099244045
2017-08-21,3.0,1.3756999384880746,1.032105186008456,0.198042282210756,0.8046920966901648
2017-08-22,1.0,1.3239943526853064,0.9511078515868918,0.16701927519393026,0.7087537782682478
2017-08-23,4.0,1.275707065046881,0.9015604870216448,0.15009691137102268,0.687011274018799
2017-08-24,29.5,1.577317533942094,1.1344207829946211,0.24466862806112666,0.7725070041607675
2017-08-25,0.0,1.3957591095782211,0.9747789757841255,0.21067857950039856,0.7337190867611166
2017-08-26,0.0,1.2295147243858737,0.8364368046278746,0.17846980141219673,0.6977533503075428
2017-08-27,0.0,0.9897626474713948,0.6824875854602855,0.14589281956101915,0.6614374366550128
2017-08-28,9.0,1.0227066054955998,0.6827910026277537,0.137936837526964,0.6622166627018768
2017-08-29,0.0,0.8095742422385855,0.4989761293997123,0.03551084851183576,0.6249527079072483
2017-08-30,0.0,0.658177824278294,0.3460091955057176,0.0016077430412402211,0.5418058278772486
2017-08-31,0.0,0.21434044491174656,0.09277693090432633,-0.031535530366381,0.504568165692994
2017-09-01,0.0,0.2186414079047656,0.0015671109328830662,-0.06417863852602451,0.4692079949796443
2017-09-02,0.0,0.1360050350341303,-0.1038276031205432,-0.09683072602744142,0.42622785225476967
2017-09-03,0.0,0.07730600808012934,-0.1489146278998291,-0.12854534938917248,0.39273322223999957
2017-09-04,0.0,0.0060090642461515555,-0.2161956263672024,-0.15934103160800075,0.3445738774583543
2017-09-05,0.0,-0.06492407141165135,-0.27908502028128085,-0.18953185262915334,0.30948839649254783
2017-09-06,0.3,-0.09364737658941916,-0.30862173259607045,-0.21878519291978168,0.28006828256266625
2017-09-07,0.0,-0.14410696554777142,-0.3511183766586597,-0.2503645960234853,0.24904833054099132
2017-09-08,0.0,-0.1626778510414027,-0.35247702570516104,-0.2811245702347915,0.2197296844534117
2017-09-09,0.0,-0.24081350830361845,-0.4123799001768614,-0.31054872630300967,0.1929205246049667
2017-09-10,0.0,-0.34197971521594683,-0.48815920433029264,-0.3710006123922201,0.16789731926313425
2017-09-11,14.0,-0.1411446141828723,-0.37204024680717496,-0.3376480949860064,0.1992591120463428
2017-09-12,0.0,-0.2454078934403539,-0.44687498265752623,-0.3634131921013692,0.17686833243080066
2017-09-13,0.0,-0.3007391947168428,-0.47697502765455513,-0.38842855993751413,0.1563291572670321
2017-09-14,0.0,-0.39402798093675484,-0.546361779242751,-0.4128745446689021,0.13805993275311018
2017-09-15,0.1,-0.4574784636769488,-0.5989843285701434,-0.4366533083025241,0.12105321460467473
2017-09-16,0.2,-0.5114487330365514,-0.6409577846970353,-0.4571693772931171,0.10888041667553386
2017-09-17,6.0,-0.4587471493628016,-0.6203658862983815,-0.50390060979709,0.12234732606769289
2017-09-18,0.0,-0.45275960286402883,-0.6232434755630911,-0.5236263376042032,0.11230785801366905
2017-09-19,13.5,-0.34665291232803175,-0.5403174884570751,-0.4858608368863987,0.1613691769910369
2017-09-20,0.0,-0.40990508363616257,-0.5909675640688457,-0.5040810727612858,0.15432862611380818
2017-09-21,0.0,-0.47381689336060867,-0.628010101221578,-0.5308399042779753,0.14738177588392612
2017-09-22,0.0,-0.5211057234918447,-0.6665098198492959,-0.5524667724945956,0.12171777223351277
2017-09-23,0.0,-0.5636036813823969,-0.6998659210016204,-0.56955081229253,0.11782168167097687
2017-09-24,0.0,-0.58222831795055,-0.7087261266117312,-0.5867019541110683,0.10298492297381548
2017-09-25,0.0,-0.626808091600789,-0.7457215363683042,-0.6033228288536747,0.10220650211293845
2017-09-26,0.0,-0.6547174021219495,-0.7793797887542033,-0.6185697517879573,0.1028003022422157
2017-09-27,7.6,-0.532046621274745,-0.7094695885978871,-0.6283441303734637,0.13654205071634234
2017-09-28,4.0,-0.5207878957549792,-0.7015401781334247,-0.6586096308362316,0.15814895329349354
2017-09-29,0.0,-0.5853274894405195,-0.7516723781462844,-0.6734812493626244,0.15682471807035014
2017-09-30,0.0,-0.5624345888038528,-0.7577791720475254,-0.685929463659137,-0.24666395895103618
2017-10-01,1.0,-0.6000749260622477,-0.7715010430838247,-0.6935229403742165,-0.3662508391309042
2017-10-02,9.5,-0.49415632422387534,-0.7005828068139766,-0.6761275834126168,-0.3374253493658767
2017-10-03,19.0,-0.17222251815649026,-0.4567175373394981,-0.6128095145890685,-0.23856108162237577
2017-10-04,0.2,-0.28844816544262786,-0.5505114736299488,-0.6216031341817554,-0.22543005748919945
2017-10-05,0.0,-0.3488406511107991,-0.5831976296369461,-0.6316648329992036,-0.21524659411899957
2017-10-06,17.0,-0.10777804985247931,-0.41987459417936684,-0.5969564170234454,-0.23095145181684884
2017-10-07,4.5,-0.12004818783133037,-0.44031150406694647,-0.5866122494516236,-0.19733810804408547
2017-10-08,0.0,-0.18788484513005946,-0.5022505437663402,-0.5984764440957969,-0.20687213219284575
2017-10-09,0.0,-0.23175473052235968,-0.5354270736548942,-0.6057399146149433,-0.256927646620879
2017-10-10,10.5,-0.08835414012535835,-0.4392502883060661,-0.5679198353430105,-0.19432102004212196
2017-10-11,24.0,0.2989644028821956,-0.1784483594995593,-0.48393049913472264,-0.07266995479331849
2017-10-12,1.0,0.18315263436233614,-0.24225847594223449,-0.48565010238819406,-0.052403446440723166
2017-10-13,0.1,0.10121632158207199,-0.29656930275371685,-0.49028088925064667,-0.04469237106451731
2017-10-14,0.0,0.04194518717299597,-0.32717155003617454,-0.5515919230079551,-0.07357250469455512
2017-10-15,0.0,0.005868839120442837,-0.3711618921113103,-0.5670514080504212,-0.0597036017249738
2017-10-16,0.0,-0.03995330893421636,-0.4186321984820738,-0.5717447229456813,-0.045408323331355416
2017-10-17,0.0,-0.07779823933902255,-0.4403129193594351,-0.5767988211728527,-0.031535807939056255
2017-10-18,2.0,-0.07259493338435954,-0.41285364393163276,-0.5738556732585446,-0.009582788895280043
2017-10-19,0.5,-0.1117538321072235,-0.4333719432635385,-0.5779954060569127,0.003725016424720562
2017-10-20,0.0,-0.15629266039456297,-0.4460663918318222,-0.5827623374989842,-0.07615046778792192
2017-10-21,0.0,-0.20673353996781138,-0.4826579297167659,-0.5869695333035926,-0.11425220373718264
2017-10-22,0.2,-0.2389482283240723,-0.5136092740056284,-0.5897773067439822,-0.11665383711355731
2017-10-23,0.0,-0.19369557402566218,-0.46554625944632394,-0.5938932883595884,-0.10674928518281934
2017-10-24,0.0,-0.2323173359908797,-0.494673072895145,-0.5985524905897958,-0.09016329309923814
2017-10-25,0.0,-0.26204408198061896,-0.5214366024898297,-0.6027143698388712,-0.07378494000961286
2017-10-26,0.0,-0.26179346551530774,-0.5281468408267646,-0.6062967888872033,-0.0764989116147483
2017-10-27,0.0,-0.2774868693903076,-0.5533280046920445,-0.6093043801941629,-0.08396358213102062
2017-10-28,0.0,-0.2904392521962033,-0.5690495686888574,-0.6118597819959181,-0.06808072883777325
2017-10-29,25.0,0.21383074478108213,-0.23362239603436943,-0.508450488707884,0.05360101082854431
2017-10-30,0.0,0.11613982657239932,-0.314933950577555,-0.5112074589473713,0.06871180019570262
2017-10-31,0.0,0.03620383182646497,-0.3736502421365284,-0.5132461918916444,0.08239219589269008
2017-11-01,0.0,-0.01268584275818715,-0.4043529251340945,-0.5148871812973573,0.09945160755046381
2017-11-02,0.0,-0.054542660352974406,-0.4366233978337412,-0.5170497668797,0.1171882813517202
2017-11-03,4.0,0.005734236362176654,-0.3984217341039685,-0.5024563451677978,0.1548253975622946
2017-11-04,33.0,0.09082127000411377,0.11280992705331847,-0.3666200458218281,0.30652379268559654
2017-11-05,0.0,-0.06112668560347798,0.02469216934197766,-0.3737078166986459,0.30245509012964866
2017-11-06,0.0,-0.15393743395029943,-0.036742654363406506,-0.37837455608534937,0.323720562795097
2017-11-07,0.0,-0.25289121011195104,-0.09607212100160885,-0.3791048429296848,0.25056758438053006
2017-11-08,0.0,-0.30763448183705594,-0.1404562615693028,-0.3797518725429492,0.05395643108350302
2017-11-09,0.0,-0.37484341678737126,-0.18555899174812235,-0.41608376162336014,-0.3327397501140631
2017-11-10,0.3,-0.44192864380143776,-0.22217705023561987,-0.41637413490607367,-0.30214077428883496
2017-11-11,0.0,-0.4772711065592101,-0.24917763317813774,-0.4181975010750363,-0.27506819580927366
2017-11-12,0.0,-0.5389477642855595,-0.2862028349551455,-0.41956577150530877,-0.3948039073540898
2017-11-13,0.0,-0.5867184313533049,-0.32609854855093884,-0.42087718044421324,-0.8845357688374916
2017-11-14,0.0,-0.5611355485860028,-0.33825829860234397,-0.4222447951541353,-1.2129403114026482
2017-11-15,0.0,-0.5288284907128841,-0.32943694759792047,-0.4230895467623838,-1.2505671187717176
2017-11-16,0.0,-0.5869080065643376,-0.3557868404385914,-0.4234757946045782,-1.314535730928208
2017-11-17,0.0,-0.6375972290392322,-0.3811104218426498,-0.4230715934420459,-1.3318560128688046
2017-11-18,0.0,-0.6630455378767471,-0.3862847128114399,-0.4219545227166083,-1.425179136468381
2017-11-19,0.0,-0.6688504989877534,-0.38546828465176625,-0.4208269915024277,-1.3964263990210048
2017-11-20,0.0,-0.6927116464734967,-0.3924863152174293,-0.47736581028604097,-1.3530885664467895
2017-11-21,0.0,-0.7088447561980245,-0.40353130775637147,-0.4765368867199658,-1.335341558278385
2017-11-22,0.0,-0.7153563632726163,-0.4075083495988814,-0.47774281062966656,-1.5176697441217009
2017-11-23,0.0,-0.724174531851191,-0.4100830784294147,-0.47633895774949403,-1.4674084005209806
2017-11-24,0.0,-0.7375677882429988,-0.41540761643758656,-0.4739815145030861,-1.418911212004763
2017-11-25,4.0,-0.6217856152745338,-0.3267176151608106,-0.454810583006271,-1.3393540753241737
2017-11-26,0.2,-0.6577567895476186,-0.3459321985784749,-0.4522248457871404,-1.3606386445053473
2017-11-27,0.0,-0.6658133651887305,-0.34758010903778114,-0.4504166423423229,-1.3107751205570115
2017-11-28,0.0,-0.6288261356564573,-0.3436654008501126,-0.49526357382107294,-1.2599229560012342
2017-11-29,0.0,-0.6642570863331643,-0.3665580723039986,-0.49379269933698167,-1.2104919835760701
2017-11-30,0.0,-0.6753736188089522,-0.3784493790563512,-0.49071721770409416,-1.1634356407594917
2017-12-01,0.0,-0.6863261413301289,-0.37952557274537047,-0.49559117115532303,-1.1165276286330768
2017-12-02,0.0,-0.685734955630277,-0.3719202903811934,-0.49103752842630455,-1.0683937483976842
2017-12-03,0.0,-0.659132950912011,-0.3567642632955699,-0.5028535424430496,-1.0224135752132018
2017-12-04,0.0,-0.6677967744202962,-0.3554454028902459,-0.5017255123397714,-0.9786328249401838
2017-12-05,0.0,-0.6916592779615035,-0.35518563306484296,-0.4961148426512791,-0.9365080604913201
2017-12-06,0.0,-0.7118041476267388,-0.3679338889175804,-0.4904753715191692,-0.8923404452952651
2017-12-07,0.0,-0.7420427183103603,-0.37204107629813526,-0.4841544355007727,-0.8496133978181923
2017-12-08,0.0,-0.7430768722549327,-0.3683296685566021,-0.4759155728999863,-0.8082775408168695
2017-12-09,0.0,-0.7433287103697969,-0.37216834068287963,-0.46734056171019356,-0.7681858615567067
2017-12-10,0.0,-0.750762445292987,-0.3847005214564796,-0.4629336996503729,-0.8404206972315693
2017-12-11,0.0,-0.7414314772557118,-0.3774337589522733,-0.45353308573795004,-0.802172300039137
2017-12-12,0.0,-0.7662131378797011,-0.3860575261394736,-0.4430928289234887,-0.7644978828962835
2017-12-13,0.0,-0.7892690957255625,-0.3899530069367579,-0.43148777596493537,-0.7279658359904554
2017-12-14,0.0,-0.7646344827343228,-0.37607746367849126,-0.41922269893844855,-0.6919096994373498
2017-12-15,0.0,-0.7280582475668027,-0.3560419466745064,-0.4057777487805473,-0.6561920499429587
2017-12-16,0.0,-0.7538028816262372,-0.3578563690933052,-0.39235338501732536,-0.6699187759084176
2017-12-17,0.0,-0.7764003730140775,-0.36072184136066665,-0.38660859024048955,-0.6384299560201947
2017-12-18,0.0,-0.7754067151913601,-0.35629942398574954,-0.37215944701377257,-0.7214713831702143
2017-12-19,0.0,-0.7165366498345389,-0.3407361339989381,-0.357158023357912,-0.6888188548044468
2017-12-20,0.0,-0.668200259050165,-0.32376918536653204,-0.34208779309091053,-0.6565287610698912
2017-12-21,0.0,-0.6945837847321412,-0.32573702744176763,-0.34758782125683946,-0.6233398555013515
2017-12-22,0.0,-0.7076622631402052,-0.3235001414200853,-0.3310627665079095,-0.5899002163896306
2017-12-23,0.0,-0.7198426031956014,-0.32589247640329777,-0.32585715981866076,-0.5576263850457072
2017-12-24,5.5,-0.5544828347861587,-0.1933308522280252,-0.28499813909052263,-0.47828289573316785
2017-12-25,0.0,-0.5728332128491724,-0.2073126169213707,-0.2658609796329023,-0.4476579759151245
2017-12-26,0.0,-0.5780810559415612,-0.2106744969178836,-0.24580023216663355,-0.48374639235102695
2017-12-27,0.0,-0.5751838776461451,-0.20969421429941967,-0.2243936054187647,-0.4899326202788788
2017-12-28,0.0,-0.5901841814404188,-0.20674722195890308,-0.20963867307309733,-0.4607628186795596
2017-12-29,0.0,-0.5895156399262171,-0.20471108687938566,-0.5882867463424586,-0.43273279291138944
2017-12-30,0.0,-0.5353173380119144,-0.199376048232954,-0.6927855714052622,-0.4130273404461219
2017-12-31,0.0,-0.5464808246544794,-0.19656508112545418,-0.6935876100800709,-0.4744883689815253
2018-01-01,0.0,-0.521249756271235,-0.1860401788846845,-0.6429691269251734,-0.6154647962755009
2018-01-02,0.0,-0.5247396518454308,-0.17072016606698165,-0.6188750952605704,-0.593183317376754
2018-01-03,0.0,-0.6062591196041783,-0.15769965868963692,-0.5955988244807179,-0.5690056495811145
2018-01-04,0.0,-0.6087017733145561,-0.14591575944600657,-0.6754502952878014,-0.732811992873945
2018-01-05,0.0,-0.630059067505526,-0.1510541849970318,-0.6500761152769778,-0.7616476669567084
2018-01-06,0.0,-0.6431063225214604,-0.16099535142912771,-0.649149661828297,-0.7390537290977168
2018-01-07,0.0,-0.6336015871121938,-0.16125091280410217,-0.6905141669278986,-0.7184358357471796
2018-01-08,0.0,-0.6297580215757784,-0.17016585271423584,-0.6646388121836985,-0.8300998207454037
2018-01-09,0.0,-0.6644222549384156,-0.18731266198777458,-0.6387130543735734,-1.1526107413826723
2018-01-10,0.0,-0.6480184476971136,-0.18302839978462254,-0.6130159057067859,-1.1534757508518703
2018-01-11,0.0,-0.5861666793731649,-0.16608730889501355,-0.5974726292701182,-1.1412804245857255
2018-01-12,0.0,-0.5749793390983987,-0.17153051812418574,-0.6195234549165477,-1.1269612240093885
2018-01-13,0.0,-0.6008352486795853,-0.18837419829223218,-0.5962390812054721,-1.113200611783883
2018-01-14,0.0,-0.5703674298451721,-0.18660173340782263,-0.5739968562905833,-1.1012401752587782
2018-01-15,0.0,-0.5767529177568306,-0.20181425720926335,-0.5516060499959441,-1.0887665227627645
2018-01-16,0.0,-0.6016370080807658,-0.21471889485084072,-0.5373243881907348,-1.119267196695266
2018-01-17,1.0,-0.5881269993590871,-0.18071865864735503,-0.5135939861456532,-1.09636481498037
2018-01-18,0.0,-0.6080453253382894,-0.1827207022909131,-0.5896139453388299,-1.0799814064217947
2018-01-19,0.0,-0.604822049696454,-0.18291491243215932,-0.6225208815795102,-1.0641461363385347
2018-01-20,0.0,-0.577174342307452,-0.17647453227992888,-0.619621617309857,-1.0531279290696327
2018-01-21,0.0,-0.6068409142465421,-0.17983480963919568,-0.6029015427461625,-1.0394293428147259
2018-01-22,1.5,-0.5759167848975847,-0.1413868027815231,-0.571953736953398,-1.000821530191426
2018-01-23,0.0,-0.5711144380140071,-0.13936725975657216,-0.5478316194773287,-0.9866299915934749
2018-01-24,0.0,-0.5678491936383074,-0.13306730760461075,-0.5429014862718178,-0.9726805478773071
2018-01-25,0.0,-0.5559938174200636,-0.12339696838329398,-0.543831603191202,-0.9598123408401503
2018-01-26,0.0,-0.5706440757713936,-0.12045908300094237,-0.5214579337887534,-0.947795116798567
2018-01-27,0.0,-0.5815913372850615,-0.12348513827205307,-0.508159774489315,-1.4106996039149993
2018-01-28,0.0,-0.5762242701084608,-0.1310451077516532,-0.4860179562185551,-1.4014405974462891
2018-01-29,0.0,-0.5715842233010197,-0.14860825942228856,-0.46522309453657523,-1.3927078662167731
2018-01-30,0.0,-0.5651545896776976,-0.16163225815952023,-0.4401621332331939,-1.3831683649134443
2018-01-31,0.0,-0.5321426628430531,-0.16248050927200638,-0.4129786270898337,-1.3737183234994887
2018-02-01,0.0,-0.5265877108720495,-0.16205475539749511,-0.3860162597706154,-1.4596897091807874
2018-02-02,0.0,-0.5489165711682121,-0.1604699053266909,-0.3753562462533488,-2.66519166205636
2018-02-03,0.0,-0.5628083875533613,-0.15201791428234318,-0.3753600704800706,-2.6611924558978
2018-02-04,0.0,-0.5426569266968735,-0.1374401004296833,-0.34784573798497925,-2.66199050619409
2018-02-05,0.0,-0.5512391460243521,-0.1301422769419091,-0.4214336429387971,-2.661920841247123
2018-02-06,0.0,-0.5617323225195164,-0.12465756482075317,-0.6257994868043564,-2.6567737920805072
2018-02-07,0.0,-0.5689407837469539,-0.12152629511955645,-1.0318464142074606,-2.648891376087582
2018-02-08,0.0,-0.5934529334643888,-0.11984765626500074,-0.992875614227454,-2.6547693773580883
2018-02-09,0.0,-0.6309408387675485,-0.13154301658970585,-0.956097957104996,-2.6418002448610847
2018-02-10,0.0,-0.6367546702931788,-0.14204974245291016,-1.0772522395964308,-2.624028328165387
2018-02-11,0.0,-0.6727599967074577,-0.1552742675698879,-1.5939643481745562,-2.6019079116861263
2018-02-12,0.0,-0.6901270602850673,-0.158544944414905,-1.9411511171508522,-2.5812119446468658
2018-02-13,0.0,-0.7236411334518048,-0.17238947740310806,-1.9782123035513215,-2.5689984475463046
2018-02-14,0.0,-0.7680103207424018,-0.18966437536343875,-2.0408615169708635,-2.560309422430249
2018-02-15,0.0,-0.74909788140107,-0.20218466498353124,-2.059085704975688,-2.552046074022585
2018-02-16,0.0,-0.7156868148446591,-0.2154471858633393,-2.1605681285896665,-2.5463809629280343
2018-02-17,0.0,-0.6912853831013491,-0.22989393943163303,-2.1330586216158713,-2.540996578381535
2018-02-18,0.0,-0.6957186392275814,-0.23320796157104678,-2.0919035950945712,-2.539619565452494
2018-02-19,0.0,-0.7048223538004267,-0.2323273870440292,-2.0720491719443324,-2.536670374420838
2018-02-20,0.0,-0.6854157850815188,-0.2264128871677942,-2.271556545594566,-2.5346893315677623
2018-02-21,0.0,-0.6652737666700017,-0.21922181103768226,-2.224171387663225,-2.53379687541327
2018-02-22,0.0,-0.6422103751398602,-0.20787128175459435,-2.1771033565242996,-2.5328061358085705
2018-02-23,0.0,-0.5984811780225553,-0.20401443111666,-2.1294500374126883,-2.8370910606057755
2018-02-24,0.0,-0.5961171919002805,-0.20772102299985773,-2.1606292332617016,-2.8561833345727345
2018-02-25,0.0,-0.5946537565635468,-0.20389762989849913,-2.1136444757340445,-2.8589912131031556
2018-02-26,0.0,-0.6115472828294687,-0.20924358662434592,-2.069161778176377,-2.862474925674562
2018-02-27,0.0,-0.6539629395969815,-0.23125495489646006,-2.026900159246781,-2.8652289404849633
2018-02-28,52.0,0.8219668529764,1.1653425058179157,-1.567769773295564,-1.0256992262817586
2018-03-01,2.0,0.6498191671729568,1.0200558727491724,-1.5118143381185516,-0.9943937787839398
2018-03-02,0.0,0.5264300745400592,0.9242761990984295,-1.4728112867167538,-1.002661661248707
2018-03-03,0.0,0.36623031609399187,0.727214150746691,-1.4366070493814636,-1.0126017770687452
2018-03-04,14.0,0.6867659724047783,1.0467604425260508,-1.3007167755841094,-0.77604340600127
2018-03-05,36.0,0.2290586554006968,1.8707705335528615,-1.0239111091201438,-0.27213872202159317
2018-03-06,0.0,-0.00811576499013855,1.645552272526696,-0.9900561382913747,-0.28083517326275415
2018-03-07,2.5,-0.07133177580332252,1.594437991559865,-0.9422299923807593,-0.2579055674588572
2018-03-08,16.0,0.2538949346911563,1.97288118917525,-0.8088664206605247,-0.0755984335573032
2018-03-09,1.5,0.1412690417192644,1.9570537806197028,-0.7711613985904116,-0.06846368061257119
2018-03-10,0.0,0.02334449795578269,1.9195678528931934,-0.8346328377713791,-0.07823504564316247
2018-03-11,0.0,-0.06893250746755238,1.8620884868492538,-0.8106820093672203,-0.08918342232653508
2018-03-12,0.0,-0.12543699861774857,1.8126140686421746,-0.7881579314362079,-0.10015595538694198
2018-03-13,0.0,-0.17592370254549508,1.8005517229140229,-0.7654975338865494,-0.11211249790098204
2018-03-14,0.0,-0.22944937021182035,1.8002815922759006,-0.7429734075781121,-0.1260500683817492
2018-03-15,6.0,-0.07553173753837931,2.0005842952948254,-0.6806740529131956,-0.06958057605225892
2018-03-16,1.5,-0.09786782497039666,1.9358343056470053,-0.6887506162348632,-0.06474572091762698
2018-03-17,0.0,-0.17868557144002334,1.8705450976808413,-0.6691854021429245,-0.07600581526522324
2018-03-18,0.0,-0.24861004228925532,1.853452403474896,-0.7434480062183375,-0.08741363215985792
2018-03-19,12.0,0.12665361557069413,2.1563318994059726,-0.6424992517665675,0.03973433506823564
2018-03-20,0.0,0.011844692068293475,2.110106693073202,-0.6236934132244708,0.02839469396310249
2018-03-21,2.5,0.02033868127770936,2.150232035885564,-0.5873048884100903,0.045858405637994745
2018-03-22,0.0,-0.07591229359894557,2.0235312724062102,-0.5701129268681688,0.03385956717761156
2018-03-23,0.0,-0.14862773750581554,1.930568344626481,-0.5531946998370462,0.022160047574181434
2018-03-24,0.0,-0.19615510251639873,1.8382914161103403,-0.5353183293372277,-0.054577567412247015
2018-03-25,0.0,-0.25019725594386283,1.8146216362549983,-0.5178014344021662,-0.06735853716219131
2018-03-26,0.0,-0.3057564239339016,1.8240631486578434,-0.5562024009666042,-0.08120776796278945
2018-03-27,0.0,-0.3156444491957263,1.7594947784895258,-0.5707299372428043,-0.09623049809027605
2018-03-28,0.0,-0.32978238576179714,1.7144734480016393,-0.5565259893224783,-0.11129246276322331
2018-03-29,0.0,-0.33979276553327886,1.6394398400948866,-0.5425160680124953,-0.12637763215339926
2018-03-30,0.0,-0.3425630625798484,1.56656517635462,-0.5362512864416267,-0.14143685043770327
2018-03-31,0.0,-0.37640494943448854,1.5733324193500642,-0.5953546479035645,-0.15570603841488254
2018-04-01,0.0,-0.4180372435270297,1.613416582139962,-0.7333846088945869,-0.16914468241039202
2018-04-02,0.0,-0.4567447912297027,1.5646436014502303,-0.7237829845662437,-0.18165620142671807
2018-04-03,0.3,-0.4925875725002242,1.6194182880486339,-0.7106694859497112,-0.18955583595499728
2018-04-04,27.0,0.005948109184829465,2.284117338874759,-0.6198826547584685,0.13129824383140776
2018-04-05,6.5,0.02058282662830398,2.4049860682550457,-0.5947668547090985,0.1955856988530024
2018-04-06,8.0,0.13521934623309698,2.502412118897021,-0.5222164580569303,0.27521254925173577
2018-04-07,0.0,-0.0021657974424504314,2.4891628681669236,-0.512808138010135,0.2646336794152272
2018-04-08,1.5,-0.05293735299043423,2.384480171925889,-0.5765042698540799,0.27074013668981733
2018-04-09,0.0,-0.1382928775789535,2.3287478623041507,-0.7672493768375355,0.2611934760234488
2018-04-10,0.0,-0.19317290093686795,2.225764461276545,-0.768732755860358,0.25079956577931034
2018-04-11,0.5,-0.23919552459062365,2.2504003055860755,-0.7587399818546924,0.24565290152597327
2018-04-12,0.0,-0.2782115116333934,2.1076790758133237,-0.7522931210147983,0.23443504702241666
2018-04-13,0.0,-0.3314662009215421,2.105238821894003,-0.7475384310607056,0.22200993797253368
2018-04-14,26.5,0.38685048223624224,0.12908541373547247,-0.520406306258815,0.49633700041334705
2018-04-15,0.1,0.21132257688032208,-0.03356385573666036,-0.5154161315765816,0.4863888490530648
2018-04-16,0.0,0.10251393587836662,-0.12386442746247227,-0.526947089031297,0.4752035963705063
2018-04-17,0.0,-0.0009457016723356487,-0.21156433220306695,-0.5266910206221135,0.4532502494878731
2018-04-18,0.0,-0.07860338924924264,-0.27615592651722504,-0.5229647996113491,0.44144106756810775
2018-04-19,0.0,-0.15297247603431896,-0.3460724586100851,-0.5187289272940794,0.43098382962462034
2018-04-20,0.0,-0.22925579716683203,-0.4042068317746305,-0.517180216513987,0.42181067560866536
2018-04-21,0.0,-0.30314471682390803,-0.4750468388197697,-0.5155918966736461,0.41156392506141953
2018-04-22,4.5,-0.16658961073456344,-0.34950645166194755,-0.47582318307070154,0.43299114509143516
2018-04-23,52.5,1.6044806910349485,1.2331118140440147,-0.057456246502424556,0.9473546887227485
2018-04-24,24.0,1.9448725807067317,1.6265833355668655,0.12296481002495528,1.1571933352298842
2018-04-25,0.0,1.577178867507311,1.219710719592714,0.1265508413514218,1.1479662641798813
2018-04-26,0.0,1.363767830115828,1.0361387205305408,0.12944310736118522,1.1387716640704573
2018-04-27,0.0,1.1325212507779674,0.8405830842933839,-0.05424260175133735,1.1300521879133085
2018-04-28,0.0,0.8881929810683271,0.6476328565075264,-0.05281922715806055,1.1190067569763165
2018-04-29,0.0,0.6758403426107209,0.4571335075863209,-0.05111829313339358,1.1084493348536044
2018-04-30,0.0,0.6320522623105468,0.38623674427298993,-0.049206780902624196,1.0976040699422012
2018-05-01,0.0,0.5826190869120935,0.30742904086905726,-0.0477656885436118,1.0870973121038185
2018-05-02,17.5,1.094499606789292,0.7695864058999438,0.056552881308637504,1.2346387312183156
2018-05-03,0.5,0.9880515386788171,0.6787714855388784,-0.19968679239297987,1.231556341250906
2018-05-04,0.0,0.9033081201789948,0.5913748061002027,-0.20112157279765688,1.2242122414035363
2018-05-05,0.0,0.8221590810655683,0.5051104984835956,-0.20280792684887408,1.2162422236882788
2018-05-06,10.5,1.1111397204369937,0.7389152309578252,-0.11817168877836288,1.3009401096602593
2018-05-07,1.0,0.7485955120632961,0.49033037990208705,-0.11169105101747795,1.3031191803646538
2018-05-08,6.5,0.8618611654258691,0.5802602207894603,-0.06109362708833987,1.3553817104678192
2018-05-09,0.0,0.7726158167903244,0.4888533175179062,-0.06509366790503758,1.3475056459783608
2018-05-10,0.0,0.7133427630689777,0.41501078479684805,-0.06702590906662868,1.3397418476546408
2018-05-11,0.0,0.612892363936146,0.33257759131608666,-0.06854042497069472,1.333307434160694
2018-05-12,1.5,0.5777956598513309,0.296152662069875,-0.05745845475636171,1.340812390623216
2018-05-13,0.5,0.43559192662049706,0.21819837606103762,-0.05413250235611238,1.339171505988964
2018-05-14,0.0,0.36941674696778515,0.14914584175117468,-0.05379320771719305,1.3340035318423924
2018-05-15,0.0,0.2835791511813895,0.06630808150738048,-0.05357550576077284,1.332460029919519
2018-05-16,2.0,0.29129525919101246,0.06562864225160375,-0.03809081930763926,1.3470536987149433
2018-05-17,50.0,1.8646582319504004,1.4688567692439216,0.3390582821552175,1.771784054888614
2018-05-18,69.0,3.62652984566924,3.124787248250555,0.8108729879060363,2.3052193483159344
2018-05-19,0.0,3.2021797308840934,2.8836081943313507,0.8083848292924904,2.300858070967902
2018-05-20,0.0,2.9808997868914404,2.646567340422522,0.8056131361130113,2.2997347428691644
2018-05-21,0.0,2.778973003806925,2.4102912427161556,0.8022100442805863,2.2985394444223783
2018-05-22,2.5,2.7852458056457494,2.4015462366388576,0.8156124120159461,2.3138634140734813
2018-05-23,0.5,2.5860419777223904,2.2464411937171276,0.8153805948260864,2.315309010740553
2018-05-24,0.0,1.9620393541360128,1.7431763126805901,0.785801589182668,2.311116795643349
2018-05-25,0.0,1.9564928928988765,1.6388453105214764,0.7805427034894443,2.306650335455724
2018-05-26,0.0,1.9177539243549635,1.571017326865038,0.775861590689392,2.3022388127492004
2018-05-27,0.1,1.9348747274390834,1.5854478013939715,0.7718131804283738,2.2983176238618457
2018-05-28,0.0,1.9390965498234807,1.5814732224298607,0.7670460670747995,2.2940463497719543
2018-05-29,0.5,1.9761917356890075,1.5975238937321787,0.7653577707550604,1.8966991105465005
2018-05-30,0.3,1.925144974429764,1.5493437080680612,0.7620335914115581,1.8796829304935079
2018-05-31,0.0,1.8864135302100817,1.5134669569989634,0.7565867301614303,1.8761859693712142
2018-06-01,0.0,1.7406121944056934,1.4133932459521912,0.7519430782186295,1.8734879070961714
2018-06-02,0.0,1.5355343541985276,1.2394154638390191,0.7477309578665,1.7594834529445922
2018-06-03,0.0,1.5099083423916517,1.1458590649155802,0.7434200924885638,1.4563259441786478
2018-06-04,0.0,1.4543891507536806,1.1144092823496579,0.7384815895150305,1.4550009890345466
2018-06-05,0.0,1.3193574489413862,1.02891686508565,0.732735596620932,1.4308127795376597
2018-06-06,0.0,1.2822687818392315,0.9800540299012367,0.7256969790797552,1.2830775942083434
2018-06-07,0.0,1.1661589483376964,0.8976585285324334,0.718545274683808,1.2644546718786103
2018-06-08,0.0,1.0171508670087106,0.7886599032896767,0.7112480989282438,1.2572471210469303
2018-06-09,0.1,0.9688483862711387,0.7441083630727616,0.7041337472379299,1.2513984894025696
2018-06-10,0.5,0.9419235917569283,0.7080980315493572,0.698019035886331,1.2475620160089265
2018-06-11,0.5,0.9215570564039274,0.6755457913565073,0.6896157431918017,1.239425818470731
2018-06-12,0.0,0.8475056830341585,0.6079975354151084,0.6758598922863481,1.224722870389698
2018-06-13,0.0,0.7568408937343938,0.5478327226284844,0.6611267592645029,1.1554353104642163
2018-06-14,0.0,0.7067932975073695,0.4980840250689391,0.6450072860227658,1.124259987141937
2018-06-15,0.0,0.6901627200333614,0.4724850733045967,0.6277806784505442,1.1039828311003672
2018-06-16,0.0,0.6495960013461192,0.43119740313675325,0.6074197291565973,1.0783402428542985
2018-06-17,0.0,0.6003851540957499,0.37913314071580834,0.5860240666781894,0.942046702176423
2018-06-18,0.0,0.49924282368062445,0.3068837885206308,0.5631483138923383,0.9139794395108419
2018-06-19,0.0,0.3374886870902805,0.17772968810551645,0.5395817051525296,0.8616054375219819
2018-06-20,0.0,0.21767824564862817,0.06686915319540601,0.5137058938218265,0.8287925127209306
2018-06-21,0.0,0.10223612407631519,-0.03157684390005676,0.4872664635178238,0.7946818514924995
2018-06-22,0.0,0.007189053764980039,-0.10921297399060624,0.42172440660434213,0.7595113721454625
2018-06-23,0.0,-0.10802650810501949,-0.2048244030147316,0.3939954737000769,0.7249258610252993
2018-06-24,0.0,-0.20346448416108143,-0.29438899325258505,0.36436280096126694,0.6891748862305926
2018-06-25,0.0,-0.2905657592069002,-0.3792638615450503,0.33348958418453056,0.6523067877026906
2018-06-26,21.5,0.09374019395881765,0.028316100763614436,0.4478468192129693,0.8022921234799629
2018-06-27,0.0,-0.058311140754920304,-0.11086477953991007,0.4139264316760956,0.7608236642430359
2018-06-28,16.0,0.20327073747860916,0.047899500369087716,0.48601043451974146,0.851498273732914
2018-06-29,0.0,0.04049978456890152,-0.110488251428043,0.4508444123580453,0.8076290694739462
2018-06-30,0.0,-0.09735946822589424,-0.23647241239723799,0.413328030944448,0.7607970051519727
2018-07-01,43.5,0.6551551548512259,0.49333141967318056,0.6529079285500576,1.0481243205708632
2018-07-02,23.5,0.9714388333395283,0.7218156136033744,0.7567903674929553,1.1654908411061151
2018-07-03,6.5,0.8045860849614778,0.5615814035227444,0.7541897652626955,0.9665319731108188
2018-07-04,47.0,1.7022760285122684,1.3416003886207413,0.9877157587006087,1.2018967179954685
2018-07-05,10.5,1.5814795576018883,1.235307449031213,1.0079473841527895,1.1705830798047816
2018-07-06,22.5,1.7561735596795893,1.4313705153615073,1.0952597221373679,1.2740238803955732
2018-07-07,4.0,1.5948383044088643,1.2876599286647898,1.0790145714367019,1.2456371697806747
2018-07-08,0.0,1.3909489597512485,1.0712945463248027,1.0410641332042199,1.202668442186172
2018-07-09,17.5,1.4992385199904503,1.1931995998589446,1.0995583206221593,1.2748222637925901
2018-07-10,4.5,1.4548259334286997,1.1380540248612792,1.085293316902635,1.2585337285773432
2018-07-11,12.0,1.470316459078644,1.1595684705939004,1.110976443343243,1.2914416248154685
2018-07-12,0.0,1.1930905198971278,0.8971742433576131,1.069776559089612,1.2482232952420091
2018-07-13,0.0,0.9517267354350544,0.6798695169513943,1.0297526686523717,1.0371626598013552
2018-07-14,0.0,0.719940345462243,0.47324848358595306,0.9907635583473005,0.9946267403986208
2018-07-15,0.0,0.5419141568517267,0.31856977546854875,0.9538542334917081,0.9550799401441802
2018-07-16,0.0,0.39153102449268185,0.1828230406727992,0.9131693318480906,0.9174216165934584
2018-07-17,0.0,0.29508364461875813,0.08361815093939678,0.8803383137175961,0.8824619240131044
2018-07-18,0.0,0.2144094425680354,0.02009225692912064,0.8461426165444258,0.8454558761835781
2018-07-19,0.0,0.18509283146502686,-0.022985161753882502,0.8121767772974425,0.808561261873705
2018-07-20,0.0,0.14867590189303548,-0.05951902912047977,0.778949055001212,0.7738484960592803
2018-07-21,0.0,0.09987374086937481,-0.09869011953786669,0.7387863300663682,0.7135444970784203
2018-07-22,0.0,0.053092969520027726,-0.12632696545044234,0.7064255511865919,0.33378146173390394
2018-07-23,0.0,-0.032530637065965075,-0.18999248046907002,0.6742966266927405,0.13460318985837222
2018-07-24,0.0,-0.12862095701395065,-0.27660162962210394,0.6418569917070672,0.10406204788931864
2018-07-25,0.0,-0.21053926182450286,-0.33947354840353455,0.6100928968678389,0.07377104925178382
2018-07-26,0.0,-0.24437087065324092,-0.35618181166197377,0.575400988842561,0.04109017273715268
2018-07-27,0.0,-0.29160725384745106,-0.38658045714306805,0.541834555999802,0.010690423983715962
2018-07-28,0.0,-0.3165729739696937,-0.4108458043169839,0.5099581777046377,-0.017705910730431196
2018-07-29,0.5,-0.33297486170626917,-0.4310358400812532,0.4817846479280019,-0.04184431651795753
2018-07-30,3.5,-0.3002644420544338,-0.40627294980550505,0.47045839858698746,-0.044074039578590865
2018-07-31,0.0,-0.3400074175730475,-0.44186118783765316,0.4416343157673782,-0.19372635677385214
2018-08-01,0.0,-0.3825005366421343,-0.48326659372291425,0.413427887167591,-0.22129490404981803
2018-08-02,0.0,-0.3843620798284296,-0.4849226718521149,0.38553985921652484,-0.24468792028185557
2018-08-03,0.0,-0.3695481951453964,-0.4640318034620418,0.35709250247884256,-0.26929860568875497
2018-08-04,0.0,-0.4345386368370785,-0.5151429750434732,0.32790906063597103,-0.3688965388879829
2018-08-05,0.0,-0.4878813973478653,-0.5653542133776938,0.29766844396508774,-0.4004559748910429
2018-08-06,200.0,2.6311247479966244,2.0444609737299824,1.2011618860032502,0.7670560764981866
2018-08-07,0.2,1.5198798211931714,1.6274185535676453,1.168531312470615,0.7372219175762772
2018-08-08,0.0,0.7853044466669885,1.2850977198088607,1.1345765845279083,0.7060408747072062
2018-08-09,0.5,0.38588967111943634,1.0845574618705651,1.102383458876429,0.6760710458994744
2018-08-10,7.0,0.160372549962769,0.7617751328849088,1.0979479121258815,0.672480290885171
2018-08-11,0.0,0.0350585570584261,0.691051107955232,1.0662936881301,0.6386805307402447
2018-08-12,0.0,-0.08363631085476052,0.5894402829322017,1.03516850260155,0.6064201656925537
2018-08-13,0.0,-0.1581815032285,0.5390395324309997,1.0047842515920076,0.5738695268301648
2018-08-14,1.0,-0.22784727361743323,0.4839848886436032,0.9785842126871692,0.5361411679099397
2018-08-15,0.0,-0.2884218711762906,0.3601831107845017,0.9483271593978405,0.24003904320402492
2018-08-16,26.0,0.00031390683237130575,0.5751093387426935,1.0178365454849905,-0.03546637238926955
2018-08-17,0.2,-0.18267659547812118,0.4110820466517483,0.9809983816431698,-0.06941021108151454
2018-08-18,0.0,-0.3013012800928735,0.2776502302690125,0.9443104975949563,-0.10448381937709617
2018-08-19,0.0,-0.3572620663912954,0.15872111055676522,0.9065114807267358,-0.13994808065930658
2018-08-20,0.0,-0.3746955690900964,0.07162954119256598,0.8690837335902036,-0.18999528913235647
2018-08-21,0.2,-0.46778155950054834,0.008040526165274915,0.8326184318972539,-0.22876251236550826
2018-08-22,0.0,-0.5774273293952805,-0.06671884757323576,0.7953778281429217,-0.2657788673446911
2018-08-23,2.0,-0.648115920645437,-0.11753708759016498,0.7669062536352089,-0.29045722110317246
2018-08-24,38.5,-0.11179521028034814,0.28392541742178906,0.8806917865494523,-0.11830446729375843
2018-08-25,0.0,-0.33405761920710614,0.1117032218879431,0.8451053952545512,-0.15362952148871284
2018-08-26,4.5,-0.42858237644216574,0.03316909280118978,0.8286321299363404,-0.16298435333349537
2018-08-27,64.0,0.46603597986382006,0.8020382882587183,0.839893554469359,0.11743093351715898
2018-08-28,36.0,0.8253209771679095,1.0692779811402566,0.9317978127739832,0.24773103929978416
2018-08-29,36.5,1.1393322342636285,1.32658651488778,1.028898764576303,0.374388268926177
2018-08-30,1.5,0.867613759640387,1.0886597877096467,0.9988951880653187,0.34391337406021266
2018-08-31,1.0,0.2756522642606074,0.4383718681752499,0.9176702458595272,0.31196779698645066
2018-09-01,0.1,0.27841135533650985,0.36475646201576784,0.7531794605281261,0.2770354256530668
2018-09-02,0.0,0.17675334024449793,0.2626849407406322,0.7203509354361417,0.24230463382666692
2018-09-03,37.0,0.6059701993140393,0.512358743387272,0.8137296545524685,0.3678863653478448
2018-09-04,29.0,0.9590690434399705,0.6726036781916818,0.8298091505355584,0.45755052813778846
2018-09-05,0.0,0.8478858334326435,0.5728183139855239,0.7950882254439806,0.4269329557802714
2018-09-06,0.0,0.6576731460161415,0.4805392493639881,0.7653117214016625,0.3965951760953646
2018-09-07,0.0,0.5862871895035382,0.41888385828772484,0.7354769022736052,0.36565236364768133
2018-09-08,0.0,0.38990494337258724,0.31390918047103555,0.7067247860133522,0.3347325370725154
2018-09-09,8.0,0.48274451795853845,0.3485306531054742,0.7074005842017909,0.3395189405550573
2018-09-10,3.5,0.435444001699136,0.3085529959756222,0.692718200129801,0.3293239391002571
2018-09-11,0.0,0.23826206977949374,0.2067797649760848,0.6442716195149564,0.30522120801721975
2018-09-12,0.0,0.14554881189387756,0.12792976942813009,0.6124722682308683,0.2828048653295353
2018-09-13,0.0,0.0509084900926478,0.05329160102587559,0.5868358824496125,0.2621107572656215
2018-09-14,1.5,0.002857792590500616,0.011735796793148479,0.567351617178633,0.2499717958697731
2018-09-15,3.0,-0.01939627040330592,-0.00890195596651966,0.5103461271390923,0.24492124880460875
2018-09-16,1.0,-0.07397738666824717,-0.049055781608355865,0.4933352516611477,0.23614855051473194
2018-09-17,0.0,-0.13194258158259548,-0.09324114120250739,0.4642696338244128,0.22427366751256392
2018-09-18,0.0,-0.16550859892542646,-0.1278192712269757,0.4446103347730533,0.21421589350939405
2018-09-19,0.5,-0.23085912848456186,-0.17114820176476403,0.4287139260706194,0.2086753070111607
2018-09-20,36.0,0.19631686452171082,0.12476403747502002,0.5396747880818968,0.3478699721226757
2018-09-21,31.0,0.5363941609272765,0.3488646098515808,0.6306499357194209,0.46319287052198094
2018-09-22,0.0,0.37739998329227153,0.2348762754600197,0.6145699341819608,0.4582510623218408
2018-09-23,0.0,0.2869038258646392,0.1655866724817598,0.5988342487368022,0.45421872316179646
2018-09-24,0.0,0.22010522768951418,0.1160199882886137,0.5841709446124392,0.3677602968134177
2018-09-25,8.5,0.30269090620538336,0.16822583342324082,0.5992973566289,0.4003720398295911
2018-09-26,2.0,0.2637861811412555,0.1416628452541237,0.5920834989740255,0.3452401291116254
2018-09-27,0.1,0.20032667233788187,0.10067407918148075,0.5792313576230308,0.34738998179030073
2018-09-28,0.0,0.1418461780060965,0.05615589486941782,0.5668916894638083,0.3519042067525236
2018-09-29,0.0,0.09247196728542717,0.01650266496228329,0.5552296425468753,0.1831615761741833
2018-09-30,0.0,0.05074731299178398,-0.012017936407695072,0.5430449301266499,0.09401766952115341
2018-10-01,0.0,-0.0003689635908211972,-0.043808805322543096,0.4375710099711258,0.07653481122974927
2018-10-02,0.0,-0.04066471444605113,-0.07685824537572969,0.4045355008669291,-0.11330500028196418
2018-10-03,0.0,-0.0637704435717043,-0.098789799575429,0.3663786775640259,-0.14768049054689003
2018-10-04,4.0,-0.05265994721161478,-0.09413405659083005,0.37196525683812276,-0.21780179844569358
2018-10-05,56.5,0.7812697402404564,0.48448343334113503,0.5569782998042516,0.022851658452907726
2018-10-06,144.5,2.901717200277705,2.0294681059223,1.0310034886349089,0.6065306343355148
2018-10-07,0.0,2.224429323670373,1.7512999897970831,1.024450752357932,0.5531498566055709
2018-10-08,0.0,1.9062095600914284,1.6363957608143531,1.015527838801731,0.5491515521027522
2018-10-09,0.0,1.6507905597391936,1.5183923893212719,1.008617883042603,0.5175584982211245
2018-10-10,0.0,1.4621460567447024,1.4220620397465393,1.002962289923611,0.5316069661830586
2018-10-11,0.0,1.336471332976111,1.3665537624117678,0.9119622353339509,0.5458327177871486
2018-10-12,0.0,1.1486365684914424,1.2221265977185383,0.906970146948973,0.5605412491083035
2018-10-13,0.0,1.0306679261334295,1.1309813236412865,0.9028028067867321,0.5756147971482468
2018-10-14,0.0,0.9331154717869584,1.0261526870729818,0.8982555286071021,0.5903384667614808
2018-10-15,0.0,0.9244136239802317,1.0250092101756083,0.8939536675026742,0.6039031544233783
2018-10-16,10.0,1.1448693498996612,1.1573633263117864,0.9223080666658365,0.6554641088680441
2018-10-17,2.0,1.0491969892116988,1.1016154136514862,0.9241348136853273,0.6768925132552943
2018-10-18,27.5,1.4199305618867384,1.3386833487854446,1.0089009621161706,0.7917892592799534
2018-10-19,0.5,1.317766301325459,1.225750083500485,0.9932897520105846,0.807077714618587
2018-10-20,0.0,1.2199991786242723,1.109677322912367,0.8190752328046028,0.8212523413330951
2018-10-21,0.0,1.1300809308459823,1.054219030331446,0.7369707438644442,0.8368667259050317
2018-10-22,0.0,1.0725914102930663,1.0184670280051737,0.7356971471142857,0.8541028381689
2018-10-23,0.5,0.7882356683623072,0.8680640836927511,0.7360989004679804,0.8735292043627766
2018-10-24,0.0,0.902583818013598,0.8798906845165354,0.7345521153852601,0.8919826965961344
2018-10-25,0.0,0.9378180986651284,0.8717705837084456,0.7333831405042217,0.9094721485948531
2018-10-26,0.0,0.9379804590290086,0.856164877189903,0.7322970314702949,0.9265156198572415
2018-10-27,0.0,0.893621130170254,0.8423475563876462,0.731163913934852,0.9412424593291291
2018-10-28,2.5,0.8724746664651637,0.8429866774085867,0.7390343003154795,0.9542427423685876
2018-10-29,0.0,0.7928743866608756,0.8065662964918316,0.6787665409568149,0.9711710113588057
2018-10-30,0.0,0.7787362372967999,0.7923466537949356,0.6769762273049018,0.9880464624460165
2018-10-31,0.0,0.7276869518934984,0.755373674968313,0.6764354797485491,1.0038955239071403
2018-11-01,0.0,0.6691766866931322,0.7202833707177079,0.675513033609957,1.0209939781809567
2018-11-02,0.0,0.617896821573651,0.6956405031672527,0.6381149430663059,1.037934239831612
2018-11-03,0.0,0.58974331331173,0.6735914730193205,0.6341643038659449,1.0560774830080335
2018-11-04,0.0,0.5631929960436576,0.6603820355750472,0.6108743249303368,0.2672435831306547
2018-11-05,0.0,0.5342114513841468,0.6460432906964598,0.6111942747876247,0.286531649785776
2018-11-06,0.0,0.4689439034343019,0.6123548846853731,0.6120045200098188,0.3078302226102134
2018-11-07,5.5,0.5745781242017327,0.6988608537009356,0.6320113342319473,0.3520939031326281
2018-11-08,31.0,1.189848222137662,1.1532733168491434,0.7364436398828155,0.4779289150922373
2018-11-09,0.1,1.0361728785224997,1.0575436070468507,0.736653199615008,0.4994476994059852
2018-11-10,0.0,0.9662087788267826,1.0010607984922781,0.737446466371,0.5206179687304703
2018-11-11,0.0,0.8546849384497147,0.9233031346602912,0.7380018442681183,0.5422461093170093
2018-11-12,3.0,0.8842382468420557,0.9538633413978246,0.741622003187843,0.5723309522252922
2018-11-13,5.0,0.9110148045980654,0.989149181756163,0.5824258832210456,0.614614287862915
2018-11-14,5.0,0.8384445860607425,0.9557104903326902,0.34923022446900887,0.5569526711567246
2018-11-15,0.0,0.6676345896076409,0.797819202818969,0.34917573282118824,0.5843844901906191
2018-11-16,0.0,0.6569655150464102,0.7748807501863847,0.3494790252857112,0.6127806595091327
2018-11-17,0.0,0.6507339437122688,0.7674592340740135,0.3504179374255102,0.6421505295223817
2018-11-18,0.0,0.644823967729826,0.7544988952306791,0.34216410136307357,0.6727675719364229
2018-11-19,0.0,0.6182817218298218,0.7307124000699639,0.3412593991686487,0.7037636983445364
2018-11-20,0.0,0.6035434736297272,0.7177076415511614,0.3422774888073451,0.7361727054454154
2018-11-21,0.2,0.5883600492573304,0.7179708857616101,0.3441830270162067,0.7615880847309221
2018-11-22,0.0,0.5715463718425673,0.7150961247031469,0.3453498240099044,0.6437125395239006
2018-11-23,0.0,0.5408837914887059,0.6914149999261665,0.3458933548799595,0.6764893766707342
2018-11-24,1.5,0.5607744945610263,0.7109269847807886,0.35288224846393246,0.6964528336555091
2018-11-25,0.0,0.5167043307676605,0.6743755277957953,0.35223914914372806,0.4709416817681367
2018-11-26,0.0,0.48016030222144324,0.6449605003329155,0.3521062904994718,0.353458140627073
2018-11-27,0.0,0.4087665484150691,0.5664186980171996,0.35331911397701,0.22941017021657595
2018-11-28,0.0,0.3308402951398061,0.502927599301234,0.3545599013988489,0.262448231792217
2018-11-29,0.0,0.2980073866796267,0.4841731558059467,0.35585718513900366,0.2976171729208325
2018-11-30,0.0,0.26826319045321895,0.4678243510553636,0.3574199460535086,0.33679057470895984
2018-12-01,0.0,0.25472139957351164,0.45839249700803764,0.3597247537352822,0.37715285479677946
2018-12-02,0.0,0.25437811171394287,0.4610379631963853,0.36245778407631585,0.24784542095903972
2018-12-03,2.5,0.30991085470890267,0.5081479882735401,0.3751814235170344,0.16100477973837182
2018-12-04,13.5,0.6419401113837749,0.7750965180973567,0.4280357691990204,0.2667076502471085
2018-12-05,0.4,0.5907263361785975,0.7204114401202176,0.43360271776299175,0.30999585409554664
2018-12-06,5.0,0.6751112950517345,0.7960752512237282,0.45569528509252993,0.3762398112811123
2018-12-07,0.0,0.618834358347852,0.736600048388304,0.45896481387438176,0.41831351734277883
2018-12-08,0.0,0.5386836416825586,0.657957793589313,0.4631981669975792,0.4217555997233742
2018-12-09,0.0,0.4720048774698708,0.6061138168012841,0.46983199693800726,0.44574631971922946
2018-12-10,0.0,0.4238957033307273,0.5806936813671434,0.4764378249923256,0.48656548417634743
2018-12-11,1.5,0.4317242506398303,0.5843795487805677,0.4891029741240229,0.5343088689188207
2018-12-12,0.0,0.4079713597016636,0.5704720284898768,0.4966461056220511,0.5742109549283886
2018-12-13,0.0,0.39027964663179326,0.5575000326798398,0.5059039127732333,0.6072689223082056
2018-12-14,0.0,0.3704933144685173,0.5451307071596599,0.5161876460789949,0.6342592069479036
2018-12-15,0.0,0.3429272578795402,0.5208102844531889,0.5271391497329325,0.665640510571121
2018-12-16,0.0,0.33329640231532376,0.5139092791913102,0.5385021232560228,0.7016431555541933
2018-12-17,0.0,0.31563812982907097,0.5014428207904634,0.54642880512198,0.729795243709801
2018-12-18,0.0,0.29807414426841894,0.49188665270043996,0.5589935941059402,0.7618322579701929
2018-12-19,0.0,0.2558172576455065,0.46198386214981074,0.5721881333972183,0.6136948965352981
2018-12-20,0.0,0.22096499306869755,0.43179070152765364,0.5856658549218656,0.4809062220061864
2018-12-21,0.0,0.20766576203131112,0.421726877577073,0.5991402087454827,0.5147542720910732
2018-12-22,0.0,0.19251812119391215,0.41062893028693565,0.613396114583533,0.5492204007236838
2018-12-23,0.0,0.16426085854616476,0.38790953916589155,0.5530249016485931,0.5836761569598261
2018-12-24,0.0,0.1358743976909163,0.3707552074222233,0.5695853876149936,0.5699195159055833
2018-12-25,0.0,0.10940367583256116,0.34474579315551185,0.5303577372746335,0.5914503582077719
2018-12-26,0.0,0.09060940221433483,0.3312438335315237,0.5486592242458529,0.6230354257745615
2018-12-27,0.0,0.0699423088188756,0.31321174505106836,0.5678995863971275,0.6547536518123944
2018-12-28,0.0,0.06011998898861742,0.31025047001117073,0.4322998356818205,0.6853779320638397
2018-12-29,0.0,0.04374805650952788,0.3016105823785919,0.36829029423462445,0.7155573262085024
2018-12-30,0.0,0.09776881310381745,0.2915291932238791,0.3669703444618093,0.744480489815928
2018-12-31,0.0,0.0754812984861917,0.27873784914710953,0.21480121965207596,0.7725110694769708
2019-01-01,0.0,0.09378444167811903,0.26641633909025414,0.2215312275140648,0.8252700698124689
2019-01-02,0.0,0.07991093231091936,0.25664894637284547,0.15834398344601147,0.8279354834292406
2019-01-03,0.0,-0.012000791477902943,0.25446638605681027,0.166594999426967,0.5003800487124068
2019-01-04,0.0,-7.872868754370843e-05,0.2511335329576933,0.19028801279535837,-0.7050600435034768
2019-01-05,0.0,-0.012618576710902303,0.22712599226663133,0.14686454884237052,-0.6809388070704209
2019-01-06,0.0,-0.03350884058407427,0.1936190321811319,0.15333276455786354,-0.6583852353836672
2019-01-07,0.0,-0.048330720426598694,0.15675027876920136,0.13024224126658476,-0.6377153211072227
2019-01-08,0.0,-0.06277434337469674,0.12856992144625196,0.15445080148926427,-0.6189914225609421
2019-01-09,0.0,-0.0910665891944584,0.08975286340151652,0.179097299304028,-0.6008428553868527
2019-01-10,0.0,-0.09161600456474378,0.0683472373395845,0.20365571324900697,-0.5842062667040219
2019-01-11,0.0,-0.07983859166083727,0.05052036986231623,0.22780890618084448,-0.5680340529535679
2019-01-12,2.0,-0.027707463622947768,0.07440859945682297,0.2584105506828931,-0.5282157944309552
2019-01-13,0.0,-0.06235117616962109,0.026136463277848028,0.2806440422478061,-0.5121878498171701
2019-01-14,0.0,-0.08033022631396199,-0.013489140078206273,0.3025418164699838,-0.6169733069698337
2019-01-15,0.0,-0.10009207252516657,-0.0324013613799427,0.3247198184379555,-0.6272493319953706
2019-01-16,0.0,-0.11995645711511765,-0.04867116592641619,0.33552722055555584,-1.007046737020802
2019-01-17,0.0,-0.12598108711348766,-0.04934684122468315,0.35616923936044614,-1.0000267254586228
2019-01-18,0.0,-0.13287760832381837,-0.05179645956136344,0.376983549600048,-0.983628323325621
2019-01-19,0.0,-0.13755223505070766,-0.056233999289376675,0.3981723765269298,-0.9678359792613564
2019-01-20,0.0,-0.1352492489493022,-0.05761235548403836,0.42004044971626553,-0.9535400883402905
2019-01-21,0.0,-0.14726186011942874,-0.06290733524696047,0.441790768533579,-0.9476581451635026
2019-01-22,0.0,-0.16096653509853356,-0.07278549332225491,0.4650367359248674,-0.9336649311528903
2019-01-23,0.0,-0.16008977928007642,-0.07119817603673578,0.4882346812092674,-0.9193915836219958
2019-01-24,0.0,-0.1557512412403013,-0.06598959256941812,0.5106072879888316,-0.9053402639441305
2019-01-25,1.5,-0.09674243429132985,-0.013038767503222462,0.536361172093555,-0.8688950375539194
2019-01-26,0.1,-0.1020960358843089,-0.014141812178407497,0.5447681576485238,-0.8945150700927458
2019-01-27,0.0,-0.11527984302825187,-0.023960720091199268,0.5663436378826047,-0.8838910431539416
2019-01-28,0.0,-0.13365387476134974,-0.04218606117697689,0.587251143975147,-0.8733768232362208
2019-01-29,0.0,-0.15489332028898253,-0.0664413332030158,0.6083730219972173,-0.8631372215080579
2019-01-30,0.0,-0.1740145852159275,-0.08827147620138968,0.6308485935603572,-0.8521409629890627
2019-01-31,13.0,0.19000853972889273,0.25348825156154653,0.7027987175444316,-0.6431282506183343
2019-02-01,0.0,0.1260946368679979,0.19325046275030686,0.7261835576746394,-0.6338916044423748
2019-02-02,0.0,0.10883380934528643,0.17963479943191898,-0.059395668577694787,-0.6243967666945262
2019-02-03,9.0,0.3796953386523302,0.05264878231696296,0.00439426420120575,-0.4885862974616401
2019-02-04,0.0,0.32953908444293734,-0.009392046885947922,0.030654443474010508,-0.4816974367784636
2019-02-05,0.0,0.3103770189098744,-0.035063115057249634,0.055069313862686174,-0.5513610958268726
2019-02-06,0.0,0.3031404831315981,-0.0522600015346992,0.05256203935081627,-1.0518560371842147
2019-02-07,2.5,0.37238724099647325,0.007945027639480712,0.09104401364775541,-0.9986207077562083
2019-02-08,0.0,0.3522663961270365,-0.022195849352707554,0.11911199776894749,-0.9875097405820275
2019-02-09,0.0,0.33161222525714384,-0.05409101617795445,0.14746697507991244,-0.9771532837297345
2019-02-10,0.0,0.2895527769906609,-0.08533449689829416,0.17127717896317474,-1.021074722349821
2019-02-11,0.0,0.2598288444686868,-0.11647947763032007,0.19956363600488922,-1.1043667238543202
2019-02-12,0.0,0.23755600890677642,-0.13555287451093553,0.123424124441473,-1.193971608087387
2019-02-13,0.0,0.21575169250361706,-0.16333324438922406,0.15557682757126515,-1.1844757261460646
2019-02-14,0.0,0.18270665177122966,-0.19468588976734047,0.189402567494162,-1.1774917755596725
2019-02-15,0.0,0.13412990584096549,-0.2199127602893772,0.2233860643046326,-1.1710567137024162
2019-02-16,0.0,0.08687502355470475,-0.24442230740006185,0.2572903868003104,-1.1667238589408937
2019-02-17,0.0,0.04870158940580835,-0.2692772167328896,0.290972759713137,-1.162644927933682
2019-02-18,0.0,0.026204995228128643,-0.28124732692951737,0.3255713684836455,-1.1611433735266274
2019-02-19,6.0,0.21515463009039631,-0.10847908879592932,0.37572568623538566,-1.0403678278760027
2019-02-20,0.0,0.17550363962471463,-0.13886293935190958,0.2544881834952883,-1.0390268816142831
2019-02-21,0.0,0.14713459695910566,-0.15507183832767774,0.28820751264655675,-1.0383787682075587
2019-02-22,0.0,0.11931004346336002,-0.16324049466086946,0.3017786130584171,-1.0684495762757653
2019-02-23,0.2,0.09386751307671481,-0.1688465210410563,0.06774017049618423,-1.06537000561501
2019-02-24,0.0,0.07542537131565946,-0.18421491234560594,-0.05564417249637966,-1.0669779397849715
2019-02-25,0.0,0.06418130863490079,-0.19062954413180483,-0.18616133951531727,-1.0697961421942594
2019-02-26,0.0,0.05080619335589927,-0.20514952933377642,-0.15613976989348835,-1.0730963931721582
2019-02-27,0.0,0.025841031915853147,-0.2365435240998935,-0.12462051992640698,-1.0760120643933124
2019-02-28,0.0,0.0009509121304617504,-0.259864055035269,-0.0891260370613507,-1.0806720853537999
2019-03-01,0.0,-0.03289767483207637,-0.2972470421052057,-0.052498960861911706,-1.0875921898349947
2019-03-02,0.0,-0.07222615068853083,-0.3451693456889907,-0.19292207986665905,-1.095980372887985
2019-03-03,0.0,-0.09057739837952121,-0.32852725579591907,-0.3028347874880318,-1.1571826683428705
2019-03-04,0.0,-0.11541566967157026,-0.3570100174154177,-0.2687445290148074,-1.4783895977740644
2019-03-05,0.0,-0.13458642654541036,-0.36998318346830233,-0.2344045052848591,-1.5028723239717858
2019-03-06,6.0,0.01691869662919888,-0.2222479656642641,-0.1694301299991568,-1.4910434674611244
2019-03-07,5.0,0.11795677711011007,-0.12781919404318248,-0.11122886068885653,-1.3810445056905096
2019-03-08,0.0,0.07812796368089282,-0.1721848885937781,-0.1186358430521206,-1.3955028276148957
2019-03-09,0.0,0.06085749696692422,-0.1942154213475423,-0.10575895378298715,-1.4118704397010098
2019-03-10,0.5,0.06278384589554985,-0.19744348948432242,-0.07320479907023032,-1.4175151830374109
2019-03-11,0.0,0.05268185712349275,-0.20704174946150658,-0.04423512411127416,-1.475368828861628
2019-03-12,0.5,0.06726071350982993,-0.1917984771666733,-0.013553378784342268,-1.485056712304798
2019-03-13,0.0,0.06918356995010021,-0.1932322516552731,0.007032291112901367,-1.5097825329082628
2019-03-14,0.0,0.06980775835630434,-0.19786098618637687,0.019846581879364163,-1.5382657630083179
2019-03-15,9.5,0.3926714574525345,0.08628464092191397,0.09079752638195247,-1.3428231242174302
2019-03-16,0.6,0.35850216014610564,0.05532617591637511,0.1188601129626389,-1.3521017521375858
2019-03-17,0.0,0.3152893960555431,0.013948009412771436,0.14299811800436119,-1.3720438406816502
2019-03-18,0.0,0.2846529721993407,-0.01698924360397687,0.1639907931075621,-1.3934887459365195
2019-03-19,0.0,0.25524786765311797,-0.037901908939338015,-0.011509121319012683,-1.4168755523769494
2019-03-20,9.5,0.5744285077067153,0.23464516112064104,-0.11412654491066891,-1.2362075120108198
2019-03-21,4.5,0.6695364946458944,0.3129390616537927,-0.06545975193192133,-1.1677245239237402
2019-03-22,0.0,0.5730845911958524,0.2311952997351942,-0.044682990515036415,-1.1913103936288019
2019-03-23,1.0,0.5387794021843949,0.20773072388199937,-0.017965143488761444,-1.194552203607709
2019-03-24,0.0,0.4431878995187423,0.15840712895415573,-0.04842191944568979,-1.2177682191549648
2019-03-25,0.0,0.405456132644449,0.12422774273023966,-0.04014715611112201,-1.2426374773555176
2019-03-26,0.0,0.38596529670799773,0.09821039991424316,-0.021455615652124428,-1.2683636290251887
2019-03-27,0.5,0.38525546126220817,0.10626057932718126,-0.00015229781524849187,-1.2857850457860107
2019-03-28,10.0,0.6877979886731815,0.39255744814412086,0.07970930573526845,-1.116188005965107
2019-03-29,0.0,0.5973268906003955,0.32457769280531973,0.09671133154588596,-1.141511061156962
2019-03-30,2.0,0.5984902204180785,0.34114972856512915,0.125527391744613,-1.1285898580422007
2019-03-31,0.0,0.5901373094510218,0.3160643956130545,0.14083278407746969,-1.150636525647263
2019-04-01,0.0,0.5735379988668774,0.29710915702844365,0.15542768074697688,-1.1714347643419543
2019-04-02,0.0,0.5432177486892072,0.26129115247119766,0.14444971167550846,-1.1900327863075026
2019-04-03,0.0,0.5345884959042105,0.24743427937906323,-0.21992573262627102,-1.2058029184912635
2019-04-04,0.0,0.462153201959185,0.1995868497748042,-1.423947966053445,-1.2210936833645323
2019-04-05,0.0,0.4360027042762048,0.16528626386372366,-1.4171205239164522,-1.2367239660718066
2019-04-06,2.5,0.47953890249064796,0.2112442307515865,-1.3843840485280186,-1.2031592571979002
2019-04-07,0.0,0.45997915179508975,0.1913141231919403,-1.3776478255713895,-1.2186174003392796
2019-04-08,0.0,0.41928320279993414,0.15201953566137683,-1.3728536963335558,-1.2348152188677877
2019-04-09,11.5,0.7919182241809662,0.4795338960236568,-1.2501589187174034,-1.035830449058649
2019-04-10,22.0,1.4057080114810423,1.058494996102668,-1.0325485932528977,-0.6857896360864885
2019-04-11,0.0,1.2761306856976409,0.9396951463730485,-1.0268546812194221,-0.6981380423158684
2019-04-12,0.0,1.100242135412054,0.8144239447740231,-1.0213937156173984,-0.7432734166902124
2019-04-13,0.0,1.0518555207132394,0.7660438688689195,-1.017812259805369,-0.7590371256841537
2019-04-14,0.0,1.019741004773168,0.7379038623966244,-1.1116748592161187,-0.7740351661278939
2019-04-15,0.0,0.9787632635131781,0.704158685670147,-1.1301322964910971,-0.7906889634494061
2019-04-16,0.0,0.9654296664055284,0.6877521522648538,-1.4127208153242716,-0.8079131060684686
2019-04-17,0.0,0.964360467011524,0.6706646997174857,-1.4162802343522296,-0.8249825803128683
2019-04-18,0.0,0.971181477805296,0.6294592576921305,-1.415061711683259,-0.8423799289856649
2019-04-19,0.0,0.9310873125030613,0.6039063333403142,-1.4122919670562297,-0.8586556267418618
2019-04-20,0.0,0.8892233088436404,0.5523944124678001,-1.4113278906856983,-0.8746733147808549
2019-04-21,0.0,0.8764165988070921,0.5364325402609244,-1.4184062154803507,-0.8935795661616491
2019-04-22,0.0,0.7885447489174963,0.49076380185327695,-1.4194879257663073,-0.9106862938218131
2019-04-23,0.0,0.7695303936450759,0.4779360695431504,-1.4206996792235378,-0.9292930495959305
2019-04-24,5.5,0.8631056304122825,0.6062799783407178,-1.3626050057915864,-0.8584178442735964
2019-04-25,7.0,1.0204160533809359,0.7245090704563643,-1.2899106391615915,-0.7885343239807154
2019-04-26,36.5,0.15629761724298494,0.2598380689318393,-0.9451980214987358,-0.2806869313804686
2019-04-27,0.0,-0.13264284506087032,-0.009655996384671626,-0.9464987441474969,-0.29366123186204796
2019-04-28,0.0,-0.26552913496701835,-0.14752484668505939,-0.9491656562431146,-0.3075714572140807
2019-04-29,0.5,-0.32808268921950884,-0.21643071624082905,-0.945997789055437,-0.3154697616379908
2019-04-30,0.0,-0.46059813729332144,-0.32633379012087604,-0.9471133108114593,-0.3306786675006724
2019-05-01,0.0,-0.5627614634764131,-0.395162398021084,-0.9488762681152261,-0.5257144645288792
2019-05-02,0.0,-0.5976979696385353,-0.4381689395431396,-0.9527827656535491,-0.542944271959987
2019-05-03,0.0,-0.6301941876931321,-0.47101738248791664,-0.9569871993031607,-0.561411498023374
2019-05-04,0.0,-0.6814231797367741,-0.5086078235517119,-0.9615747433452401,-0.7123128287219053
2019-05-05,0.0,-0.7580311685845124,-0.5641011868253121,-0.9660238632653195,-0.7291151337455294
2019-05-06,2.0,-0.762101481873862,-0.5512538718711324,-1.0046795756010967,-0.7145662193457644
2019-05-07,0.0,-0.6375926578055302,-0.4799202450185818,-1.340415978435496,-0.7315882652508681
2019-05-08,0.0,-0.7323101974502376,-0.5570544528971304,-1.3462872315542234,-0.7874769478723296
2019-05-09,0.0,-0.8051042261013803,-0.6101071770938781,-1.3500202096015188,-0.8038092336890592
2019-05-10,0.0,-0.8455290851167159,-0.6165907073593107,-1.3538779843097724,-0.8203037226868882
2019-05-11,0.0,-0.8832626010571507,-0.6473295911704284,-1.3896219485299168,-0.8368591330074375
2019-05-12,0.0,-0.9670135351296267,-0.7089348221198489,-1.4462919617592362,-0.8528808729668592
2019-05-13,0.0,-0.8778754310439807,-0.697688931392409,-1.5039668680442666,-0.8667880427109018
2019-05-14,0.0,-0.9727610595572826,-0.775628980422275,-1.5024248067848531,-0.8768761472340002
2019-05-15,0.0,-1.0588680392787537,-0.8439537430619173,-1.501571578853644,-0.8875286937345163
2019-05-16,0.0,-1.1127697274784547,-0.8475310024064359,-1.5013731253891718,-0.8964888332873792
2019-05-17,0.0,-1.1282656039660652,-0.8953289597928101,-1.5024454800851788,-0.9037063467012012
2019-05-18,0.0,-1.1011999413275353,-0.8981550592127843,-1.5029281756046657,-0.9105326979074505
2019-05-19,2.0,-1.0758421150127675,-0.9179083594904814,-1.480529394195955,-0.8848447188063107
2019-05-20,0.0,-1.1143592965082878,-0.9424940531207117,-1.4837411755795211,-0.9880230596714341
2019-05-21,0.0,-1.128264333446439,-0.9358066233357553,-1.485163910104383,-0.9960859239573301
2019-05-22,0.0,-1.197319817823724,-0.9898565763695965,-1.486177107687005,-1.0009423187440911
2019-05-23,0.0,-1.2073153553757554,-1.0145331848029304,-1.506474370880157,-1.004959699632476
2019-05-24,0.0,-0.9993154150756804,-0.8687970534835409,-1.5095819568083515,-1.0100088260524351
2019-05-25,0.0,-1.0782920656231763,-0.8946672007613818,-1.5133416212138815,-1.0128277861098012
2019-05-26,0.0,-1.125828038144313,-0.9240125153436742,-1.5165584463624857,-1.0155594495119469
2019-05-27,0.5,-1.1456572057956005,-0.9462256141286023,-1.514427324226102,-1.0097112765784455
2019-05-28,0.0,-1.1752417469471867,-0.9698016721634105,-1.519519215234208,-1.0133746922631297
2019-05-29,0.0,-1.2168305684092326,-0.9961994769236621,-1.523955726168722,-1.0167696822578092
2019-05-30,0.0,-1.2319646137121758,-1.0065339989299895,-1.530589492199235,-1.0181687260770975
2019-05-31,0.0,-1.2955325744957809,-1.061435907526407,-1.5389656095539308,-1.0191680026020888
2019-06-01,0.0,-1.3067320513635219,-1.0925438904649967,-1.5770834008107457,-1.020003919406838
2019-06-02,0.0,-1.2489063737352781,-1.0456943215481402,-1.7504377339600719,-1.021109919677371
2019-06-03,0.0,-1.3333982524788162,-1.0582901068351955,-1.7667324719095525,-1.0244062733446315
2019-06-04,0.0,-1.3888867177956876,-1.1221244520069116,-1.8406395930465476,-1.1279506748179724
2019-06-05,0.0,-1.3641627271544585,-1.1318569967055547,-1.8517145229306946,-1.2184009145656378
2019-06-06,10.5,-1.0473153075615775,-0.8239248639859456,-1.7325669691811314,-1.0477455196320136
2019-06-07,69.0,0.6517746595074766,0.6431676125675101,-0.9836146181400435,-0.07782492152338667
2019-06-08,0.0,0.1837735128239575,0.20873496571526987,-0.9963134477313867,-0.08940745937458236
2019-06-09,2.0,0.023451554098433653,0.056509539896344045,-1.00569892762593,-0.0716951365435425
2019-06-10,3.5,-0.015659267602017312,0.018805858256557274,-0.9854436722137887,-0.044113275158817196
2019-06-11,1.5,-0.09870412071013418,-0.07514232816809707,-0.9889112839818652,-0.03872517360646633
2019-06-12,0.0,-0.1979522485779189,-0.1641191231208015,-1.0088949138572112,-0.05282945289325186
2019-06-13,0.0,-0.2616698883391971,-0.22694843870708603,-1.0296278164277504,-0.18442327147604054
2019-06-14,4.5,-0.17632584907485518,-0.1434109039909511,-1.0063815092092967,-0.15244422084683604
2019-06-15,20.5,0.37317437444059787,0.3754771639226893,-0.8299535835591563,0.07350501758378912
2019-06-16,4.0,0.3280635040139855,0.33024846794254803,-0.8150185002519225,0.09649461539144424
2019-06-17,0.0,0.16383752269718144,0.1783189391002822,-0.8400420330359955,0.07158612520863993
2019-06-18,7.5,0.2743321322042947,0.2928574065804704,-0.7958318563728488,0.022654317097473325
2019-06-19,1.5,0.10290922648910322,0.1290970685926387,-0.8077089122529361,-0.03862775182451311
2019-06-20,0.0,-0.05994888657527915,-0.03681529270842305,-0.8364554086932127,-0.06763384272867089
2019-06-21,0.0,-0.16774170192598026,-0.14516217593998787,-0.8654802540992048,-0.10831742366033484
2019-06-22,0.0,-0.2860228142500786,-0.2505134177162213,-0.8947000572098579,-0.1387323140084453
2019-06-23,0.0,-0.4296287491188571,-0.3752917801835779,-0.9237430989511516,-0.16898447669360156
2019-06-24,0.2,-0.5029726698472079,-0.46616071112396623,-0.9524542565962726,-0.1984011153708104
2019-06-25,0.0,-0.5784219031036516,-0.5544536551055754,-0.9848048125110891,-0.23601264607368846
2019-06-26,1.5,-0.5795283975091506,-0.5673074903067946,-1.0045114551776917,-0.36609941758896114
2019-06-27,2.5,-0.6134144015095112,-0.5917745472633872,-1.01593981716834,-0.37241655117560024
2019-06-28,0.0,-0.7381306708688183,-0.7130588370792058,-1.0516579874562835,-0.4291970511453475
2019-06-29,3.5,-0.7443003147523267,-0.7161645344636663,-1.0555311879528455,-0.4245790830399654
2019-06-30,0.0,-0.8422082605103982,-0.8298396297504971,-1.0934260604250214,-0.4622627213810272
2019-07-01,0.0,-0.7960626979468101,-0.8046627356103465,-1.1318705084997966,-0.5016949768369745
2019-07-02,0.0,-0.9788361007149133,-0.9221962115821246,-1.1711521668873175,-0.5423541525078933
2019-07-03,0.0,-1.0538456270522005,-0.9799109516975242,-1.2111875944946564,-0.5841705674490242
2019-07-04,0.0,-1.1960628869542531,-1.1202400196322646,-1.2522233645055045,-0.6261453010339296
2019-07-05,0.0,-1.2507374056511216,-1.1763339642075443,-1.2948225631835446,-0.6944092771988071
2019-07-06,0.2,-1.2379561496753881,-1.196443658797359,-1.3354852635203196,-0.7332880835502438
2019-07-07,0.5,-1.3208006054870625,-1.2864004585316406,-1.3728917627149269,-0.7694913758479607
2019-07-08,5.0,-1.2864683836992958,-1.2335975528423258,-1.3714890210657118,-0.8862895083672182
2019-07-09,2.5,-1.257332010745667,-1.2256527395604746,-1.393299678376748,-1.1552175950224952
2019-07-10,53.5,-0.25473750832971687,-0.31673976767179335,-0.9748333340638861,-0.6236633806464617
2019-07-11,100.5,1.4250208590750775,1.1946228168063522,-0.272050407529718,0.22294319243405342
2019-07-12,0.0,0.7223743264209661,0.6691265956342433,-0.3113102162128942,0.18126216775154275
2019-07-13,0.0,0.31371173096777244,0.3485398947554411,-0.34990819388598743,0.14089042080391664
2019-07-14,1.0,0.053944716563597464,0.12462155075695411,-0.3816039690340178,0.10857381618890014
2019-07-15,7.0,-0.013102854055001015,0.06095676624137024,-0.37140892007589116,0.12459225778983261
2019-07-16,1.5,-0.14150187770237593,-0.07163262998861918,-0.39867515158344113,0.09901668760155528
2019-07-17,0.0,-0.27743240633199157,-0.19332448048197023,-0.4351503466574297,0.06434512128727131
2019-07-18,0.0,-0.32505518516152704,-0.24620983206991073,-0.46960058446315234,0.030037350452586393
2019-07-19,3.0,-0.35341066281241496,-0.27243544841847483,-0.48194503400761624,0.019276849849462124
2019-07-20,17.5,-0.12080765880240538,-0.07585409450452149,-0.3953154307495316,0.1184196923345652
2019-07-21,8.0,-0.0811816358872716,-0.045240552418070075,-0.37152421988359075,0.1470413021675519
2019-07-22,0.0,-0.17212374512771136,-0.12430286730931318,-0.4021442569139379,0.11688223046632024
2019-07-23,0.0,-0.28528358566192275,-0.2206675713025826,-0.43294092353070435,0.046860570578654226
2019-07-24,0.0,-0.42398538261400814,-0.3341358059439003,-0.47373134202972994,-0.035168196889838445
2019-07-25,1.5,-0.47680582592205645,-0.38878828464889403,-0.49437427291610825,-0.3334783800458737
2019-07-26,13.5,-0.26595773376887843,-0.2285918693064642,-0.4364502632520755,-0.25980146153411166
2019-07-27,0.5,-0.346693725629188,-0.30023085833942764,-0.4625368641404173,-0.28537123741768583
2019-07-28,5.0,-0.3215538371176156,-0.28643754895450246,-0.4583429175872128,-0.2785307471768531
2019-07-29,0.1,-0.3745662271826591,-0.3358693280370849,-0.48545768768286857,-0.3049185288510534
2019-07-30,0.0,-0.42085151629978557,-0.3741710256452876,-0.5956669118645178,-0.3316214133057088
2019-07-31,0.0,-0.47356107033929035,-0.41719529636207286,-0.6211413365846779,-0.3558440446016441
2019-08-01,0.0,-0.530224529385837,-0.46785468939579317,-0.6461223594936368,-0.37923044809760276
2019-08-02,0.0,-0.530024465937981,-0.4793205812942713,-0.7281416332481753,-0.40197832415737716
2019-08-03,0.0,-0.5080729578214757,-0.46646349654423774,-0.7527711962385197,-0.42593814903597654
2019-08-04,0.0,-0.5898963392488361,-0.5247847664764238,-0.7759022202437569,-0.4641267499059123
2019-08-05,0.0,-0.6570365418271106,-0.5820866037326912,-0.7992710903803577,-0.4878030433611218
2019-08-06,2.5,-0.6467794867132406,-0.5904396930986631,-0.82326995761054,-0.4931984960882612
2019-08-07,58.0,0.05386835839919051,0.17208574956425046,-0.4946537266025951,-0.11804084799468258
2019-08-08,0.4,-0.22197176256040171,-0.05555959587994592,-0.5174585896403644,-0.14110344878208303
2019-08-09,0.0,-0.3983034783396895,-0.2154863864806774,-0.5436553822144441,-0.16782169753903495
2019-08-10,0.0,-0.3531460255380503,-0.2561869807006577,-0.5692576203446994,-0.19407404594027916
2019-08-11,17.0,-0.255954523451497,-0.1428935432438896,-0.4985034466846036,-0.11353537362445669
2019-08-12,0.1,-0.3749209078937463,-0.24056917146682877,-0.5250904067654324,-0.14124504816032948
2019-08-13,0.0,-0.4671223938964145,-0.3135532600852081,-0.5532752212193897,-0.1710223473666837
2019-08-14,0.3,-0.5597718224342684,-0.3891960217383342,-0.5805801657529394,-0.19944890872218524
2019-08-15,161.5,2.021691568061387,1.4810920503939529,0.2194661584345159,0.6519014019436578
2019-08-16,4.5,1.120982065358794,1.0793565757052461,0.20645818426339882,0.6347387834979872
2019-08-17,0.0,0.5819299524222132,0.8141909995595557,0.17235553981118912,0.5860641105506545
2019-08-18,0.0,0.23198388203873851,0.6071169442653734,0.11035741093334639,0.5476376007309526
2019-08-19,0.0,0.0044414419361146346,0.41716683581080033,0.07569047959004505,0.5084338388080125
2019-08-20,0.0,-0.12249095692313322,0.27267432841031636,0.04100183002910002,0.4691323704048854
2019-08-21,0.2,-0.23496353332110703,0.18944570359586166,0.006822378372410316,0.4305338947639021
2019-08-22,0.0,-0.3578157148721672,0.10115044496747334,-0.029080076999827193,0.39098308535192516
2019-08-23,0.0,-0.4757565239563021,0.004970494584028846,-0.06326907844830562,0.3528484419777678
2019-08-24,0.0,-0.5696478668309668,-0.08977284200380803,-0.0970023087182498,0.3151613606152787
2019-08-25,19.5,-0.4047080565108882,0.04155601553484153,-0.04122835251519323,0.3666073035581337
2019-08-26,0.0,-0.5970888857432015,-0.11901488502937774,-0.0728748687706357,0.3320355885572233
2019-08-27,0.5,-0.6701458920868061,-0.22275155754179726,-0.10258592801870313,0.29910590067371473
2019-08-28,0.0,-0.7792614705416511,-0.31314231925111885,-0.13573941518024552,0.2627849007180091
2019-08-29,0.0,-0.985271551386538,-0.4834866530692551,-0.16918554657317386,0.22599509615680674
2019-08-30,0.0,-1.136957926305407,-0.630018721136214,-0.20280231360416687,0.1890868131306165
2019-08-31,0.0,-0.5396455929278888,-0.38461445631234653,-0.23568599548666763,0.15281574741116055
2019-09-01,0.0,-0.9482815067330146,-0.5221381786942536,-0.268143711197048,0.11743082052925283
2019-09-02,0.0,-1.2604591932629532,-0.6472661315581081,-0.3276327531722516,0.08257721061473036
2019-09-03,23.5,-0.7835181174339901,-0.44414107432641,-0.27686553751961107,0.15454459702000248
2019-09-04,25.5,-0.5907124185840799,-0.30572990099872976,-0.19635311043216505,0.18899101717557545
2019-09-05,23.5,-0.37510303567987047,-0.18427955793079132,-0.1259723665367033,-0.04651065359766732
2019-09-06,1.0,-0.4502048153689254,-0.26237304383447213,-0.15433986395535723,-0.07369074825129467
2019-09-07,2.0,-0.5309492528231122,-0.3134394900822415,-0.17730967842892154,-0.10622338062883242
2019-09-08,0.0,-0.5026414767692001,-0.33855821719965185,-0.21004252359943762,-0.1533423675060487
2019-09-09,0.1,-0.6477471526686739,-0.41093448423439,-0.23893935022104074,-0.18773209698909255
2019-09-10,1.5,-0.7646107416924506,-0.4820133580760414,-0.2604371743914787,-0.2064451252182625
2019-09-11,41.5,-0.10893397465787943,-0.10513478742734904,-0.15308788907059245,-0.04065393942672849
2019-09-12,0.2,-0.27335041268484583,-0.2253187824077238,-0.1806255204979806,-0.08234384741109618
2019-09-13,0.0,-0.3575690478844454,-0.2924630551048253,-0.2057494275109298,-0.19584274220204104
2019-09-14,0.0,-0.47956087179185125,-0.37016485894124485,-0.23026652754383586,-0.2322775898694626
2019-09-15,14.5,-0.341005640891124,-0.2830523099699776,-0.19482004668311376,-0.18320133585941456
2019-09-16,0.0,-0.44359819347933765,-0.3568176586467453,-0.2550830511970383,-0.2307963995619018
2019-09-17,0.0,-0.5108630554554328,-0.41501050240519133,-0.2944151695664533,-0.2498561294938641
2019-09-18,0.0,-0.5020684652929494,-0.43528099232580636,-0.3141199541353158,-0.2598342730756267
2019-09-19,0.0,-0.6053236844506267,-0.4940301019583328,-0.3362844822521247,-0.26744210690671455
2019-09-20,0.0,-0.6352219264572584,-0.5312671818502684,-0.35442533575687446,-0.2744253090532264
2019-09-21,15.0,-0.47773058649906136,-0.4106445659000776,-0.31053443251536256,-0.2128732332815301
2019-09-22,78.5,0.35543669697146246,0.17816444973227988,-0.01400267735725647,0.12297365003597188
2019-09-23,6.5,0.2281022644123121,0.08271374752040817,-0.007183216796861514,0.14619159501799237
2019-09-24,0.0,0.08963339973504973,-0.015800303217211285,-0.06204757075349184,0.1377139580113077
2019-09-25,0.0,-0.010889154249199619,-0.08305757220714705,-0.07770621519859669,0.12648736192870658
2019-09-26,0.0,-0.08669578294653486,-0.13859345051267946,-0.1003101094547523,0.12704916466662272
2019-09-27,0.0,-0.14157369579624926,-0.18138344050409203,-0.11426142352515042,0.11445095989401387
2019-09-28,0.0,-0.20575625937945058,-0.22775748828760928,-0.1269367817302394,0.1195546259227176
2019-09-29,0.0,-0.2688423446838315,-0.27398196399650415,-0.13917765614178285,0.12659474688678088
2019-09-30,0.0,-0.2831206612123602,-0.29727433670919845,-0.15104789530802018,0.13479794454487004
2019-10-01,0.0,-0.3430513758741529,-0.3341395167947961,-0.16233182294774356,0.14433647536513836
2019-10-02,61.0,0.6015057597922978,0.31832963402128994,0.06281791974487591,0.3992072941207642
2019-10-03,310.0,4.6820851020862895,3.6120967241417037,1.1148371889583113,1.4835278006038901
2019-10-04,0.0,3.25638984976942,3.1561205095294786,1.106768946314305,1.4909261225534176
2019-10-05,57.5,3.120997561250884,3.386021761445878,1.2790006614501221,1.6717212796695269
2019-10-06,0.1,2.3394483228855587,3.0616254681929864,1.2364422142313392,1.664452318541171
2019-10-07,0.0,2.0220643537575067,2.926744555576772,1.1612738038241184,1.665696147695504
2019-10-08,0.0,1.8396913134376707,2.87199998435068,1.1539821969607125,1.513033571393784
2019-10-09,0.0,1.6506137042099902,2.7505673456907,1.1470994677639568,1.2056272304158997
2019-10-10,0.0,1.494333045298281,2.648137712682984,1.1415240965954685,1.2185937615990696
2019-10-11,0.2,1.3884821520754946,2.6086387810322322,1.1371933520709017,1.2320167659983428
2019-10-12,0.0,1.2031004555386506,2.3863991944843765,1.1327189937588578,1.2421614143736392
2019-10-13,0.0,1.084967382537497,2.2588689729320364,1.1286910452634593,1.233451826970584
2019-10-14,92.0,2.636294071235097,3.2526264940659853,1.408464069622695,1.5358420089645923
2019-10-15,8.0,2.536218592557123,3.26706949521161,1.4285423298905535,1.5736969513431522
2019-10-16,0.0,2.4847049564176813,3.2341842041665116,1.4243733284392985,1.587675412033236
2019-10-17,0.0,2.20628728808499,3.0628406103732817,1.4198022692665122,1.5926317722533994
2019-10-18,1.5,1.9460070332394397,2.7897740828623454,1.4205533614494001,1.5573106659644382
2019-10-19,0.0,1.8771023935856541,2.6676621597131502,1.4184023368886174,1.5464151419655046
2019-10-20,0.0,1.78384928528623,2.4933365581241778,1.416578565628844,1.5614573317714502
2019-10-21,0.0,1.6912394577960121,2.440326602044948,1.3990207909687868,1.578518586037573
2019-10-22,0.0,1.633646401642538,2.4165709968136233,1.3775984536566115,1.5975787276302036
2019-10-23,0.2,1.204798712915921,2.0852902284480495,1.2656992038463217,1.6134859765999197
2019-10-24,1.0,1.408884419703082,2.1568856030481682,1.268504269876701,1.5936735364255035
2019-10-25,4.5,1.5695016741143346,2.2324939254638623,1.2825713554518776,1.6247889351171185
2019-10-26,0.0,1.5610791404790487,2.2073323349847165,1.2809459300590598,1.626800488683698
2019-10-27,0.0,1.500700057079161,2.208427822277569,1.2805777026899174,1.6436313739061548
2019-10-28,0.0,1.3959607756912695,2.1609735712771303,1.280713114435112,1.6609544863103611
2019-10-29,0.0,1.300212219351056,2.125523367751937,1.2813730828093093,1.6790371235342472
2019-10-30,0.0,1.309051266067339,2.1473842245982193,1.2826723137897087,1.6969798065314683
2019-10-31,0.0,1.2652705652767389,2.1210759080784367,1.2828930343093137,1.7127976981158846
2019-11-01,0.0,1.19332851535323,2.074740972387903,1.2823346236660438,1.7299894723015348
2019-11-02,0.0,1.1336375927788374,2.05838970893595,1.2756858550081287,1.7463824202631106
2019-11-03,13.5,1.4328677965543148,2.2590182917239234,1.3187978470392938,1.806797357814971
2019-11-04,0.0,1.3660981706588282,2.2325888651123598,1.3190922560040492,1.81625363190163
2019-11-05,0.0,1.301538368663993,2.2008657620423677,1.3202879392464775,1.6472920472922603
2019-11-06,0.0,1.1886171448967424,2.147379678419809,1.32206003301016,1.664576431967476
2019-11-07,0.0,1.1807358446887046,2.200049205969264,1.32374931303904,1.6810680926244357
2019-11-08,0.0,1.0262673703818395,2.0645039703294734,1.3267715042241108,1.6954438858730394
2019-11-09,1.5,1.0118749400169866,2.093473960864387,1.3343954428174067,1.6563236772382088
2019-11-10,0.0,0.987145129436197,2.093868526366869,1.3364035136986034,1.6664106205711862
2019-11-11,0.0,0.9030775023350304,2.016567759678741,1.3381926770878532,1.6771076757323602
2019-11-12,0.0,0.8766213818055818,2.0361530434070074,1.3391052081750536,1.6870843548104215
2019-11-13,0.0,0.80061745648984,2.0000915654738955,1.3393635032382116,1.1600589664518317
2019-11-14,0.0,0.6573680757305901,1.8389402995514037,1.3408351736103867,1.1673096035707022
2019-11-15,0.5,0.5497589983515695,1.6255369947300289,1.336996280154183,1.192900619183307
2019-11-16,0.0,0.5507146797378267,1.639420176793893,1.3381819932255825,1.2158967131799876
2019-11-17,5.0,0.6713062419842022,1.7663559601191894,1.3558179171098415,1.2558400691050182
2019-11-18,8.5,0.8693674723044225,1.919365154677268,1.3839543991497996,1.309019378579614
2019-11-19,0.0,0.8143282989330155,1.8686419316733545,1.384690634513042,1.334461860415992
2019-11-20,0.0,0.7924659875086072,1.8599659957685064,1.3858402196696122,1.3616376418180995
2019-11-21,0.0,0.7682367628205932,1.8783051132549005,1.3874227458625048,1.38961058743504
2019-11-22,0.0,0.7500522815477637,1.8940102127131573,1.3888879237245397,1.4162710733572554
2019-11-23,0.0,0.7173276683537044,1.8662092941480934,1.3875971461985288,1.3797509744372303
2019-11-24,0.2,0.7023042368704516,1.8700731945044895,1.388425761987708,1.406992799549858
2019-11-25,30.5,1.4821449297927938,2.4513213272020997,1.48481590292037,1.5316442930136547
2019-11-26,0.0,1.3350301230761934,2.3348936652066468,1.484746581437261,1.5604754902499423
2019-11-27,17.0,1.619555672999799,2.443743826934723,1.5381386806140884,1.6439399010761713
2019-11-28,28.0,2.0107295786771697,2.7269315368574083,1.6245666170239468,1.7596108225580758
2019-11-29,0.0,1.8528598571453951,2.6368123327332764,1.624333236747109,1.7908386122189974
2019-11-30,0.0,1.7304723365948294,2.5789907154975587,1.6236458801227647,1.8242524660188248
2019-12-01,0.1,1.6776887962914078,2.5405749691091573,1.6242511175428032,1.8596060958407152
2019-12-02,0.0,1.6513220570340104,2.5313737392206153,1.6243062960399246,1.8231296657494196
2019-12-03,0.0,1.5752809037190543,2.4853138652003275,1.5933843864313342,1.780582462938186
2019-12-04,0.0,1.547104316856031,2.461720152748249,1.3809117292459983,1.745564659943184
2019-12-05,0.0,1.5411530864636063,2.420250205990258,1.3835061172580583,1.781391437438953
2019-12-06,0.0,1.504323593537849,2.4249926556530803,1.3802831808471447,1.8170140213645807
2019-12-07,0.0,1.487662905728889,2.3714995222364754,1.3731857963057335,1.8595456138675337
2019-12-08,0.0,1.3896943852480768,2.227799771467613,1.372408041301793,1.902100257389201
2019-12-09,0.0,1.3030919526279356,2.1490361038478154,1.3771831962748116,1.9403092038969714
2019-12-10,0.0,1.2472840131388805,2.145845141237023,1.3818601101438297,1.8526488538174346
2019-12-11,0.0,1.2017101131609305,2.0987718974700367,1.3731286074691322,1.8959293592940543
2019-12-12,0.0,1.2042917545674712,2.12570903915758,1.3139318267858604,1.9392055006545192
2019-12-13,0.0,1.2107449578536238,2.1411335491653727,1.308635384695227,1.9845574663988348
2019-12-14,0.0,1.17809720259757,2.125140890540699,1.317249317873944,1.9844720330332604
2019-12-15,0.0,1.1214140044990997,2.0632931750834835,1.3026318933545629,2.0206786821540024
2019-12-16,0.0,1.1402941856467979,2.0869771696944586,1.307617457877013,2.057614505653795
2019-12-17,0.0,1.1434557047042344,2.0977400339292904,1.3173634787851818,2.0832896880674134
2019-12-18,5.0,1.2861453524106925,2.2241513915911444,1.3440371770362611,2.1367511363850027
2019-12-19,0.0,1.1487925735397713,2.1280207686752983,1.3557418856549042,2.1743288574510826
2019-12-20,0.0,1.0458179417789817,2.0347485922135937,1.3679110182758776,2.1629167219941983
2019-12-21,0.0,1.0569935457876596,2.0468608338530214,1.3793529635724595,1.9244152888139636
2019-12-22,0.0,1.054558378612958,2.048917629442353,1.3917760943581081,1.937492530160912
2019-12-23,0.0,1.0273161470471939,2.0258932898475095,1.4006656685323287,1.9756054886956655
2019-12-24,0.0,0.990976900149466,2.0279471398846276,1.4079565672425445,2.01508067889124
2019-12-25,0.0,0.9482317002775092,1.9715196438795122,1.4239729170789424,2.0523169708652107
2019-12-26,0.0,0.9220299718563585,1.9621557284002589,1.4295617574847603,2.086689760393698
2019-12-27,0.0,0.8867441974618703,1.9318944638220859,1.4464560725970357,2.1214451467675333
2019-12-28,0.0,0.9017705332669866,1.962778073400514,1.4638615486408317,2.154908191708119
2019-12-29,0.0,0.8841880603739959,1.9789326357219406,1.4818948989105472,2.188802208561003
2019-12-30,0.0,0.9595122640294925,1.982036759488501,1.5004753562616435,2.2186792013123644
2019-12-31,0.0,0.9479263484270336,1.9857097232254253,1.5197137723413117,2.012943249631487
2020-01-01,0.0,0.9835416375556124,1.965477432946671,1.5602687764356007,0.5360202870149638
2020-01-02,0.0,0.9850154209755366,1.9394059335487417,1.580085117167525,0.5616091493435416
2020-01-03,0.0,0.9132241824745206,1.9615889250861918,1.5988710625886389,0.18650997521186305
2020-01-04,0.0,0.9256983386601998,1.9876054024276182,1.6040372805870777,0.2093289059151663
2020-01-05,0.0,0.9051889466421033,1.98450463569186,1.6167600840919745,0.231414363940716
2020-01-06,0.1,0.8554902798662429,1.9575241873071714,1.474812797880378,0.25450265186365806
2020-01-07,50.0,2.664863968521886,3.300713671123353,1.3391058567714995,0.6262183074605037
2020-01-08,9.1,2.616351789317372,3.374659140182431,1.3895989252994936,0.7070761551475504
2020-01-09,0.0,2.4213576686664045,3.2283007813917535,1.4124536185425134,0.7276060356522113
2020-01-10,0.0,2.222510422457812,3.1061893678245833,1.4323027042724978,0.7489207567514717
2020-01-11,0.0,1.9400292240263306,2.8920059764009203,1.4338534260082154,0.7713158359922215
2020-01-12,0.0,1.7637278931422644,2.757430909665414,1.450651001071472,0.11107701656051243
2020-01-13,0.0,1.6849844109698815,2.7030441499598092,1.471580895719915,0.060061995297417604
2020-01-14,0.0,1.4818105528142942,2.4612299163797937,1.4931325243702491,0.0778490248221912
2020-01-15,0.0,1.389808105533707,2.454405386703407,1.5057335906962535,0.09590238854398693
2020-01-16,0.0,1.3553454094267838,2.44800752807558,1.4569429447695983,0.08615925268670636
2020-01-17,2.9,1.451300985837421,2.5017806412222297,1.4611421755840441,0.12908873630281517
2020-01-18,3.7,1.5517227325997975,2.577719412599757,1.4933499399859667,0.1787387659308293
2020-01-19,0.0,1.4575735554282971,2.498475630349287,1.5146872032055494,0.1943022542116077
2020-01-20,0.0,1.3292997387046956,2.370505877930882,1.5366937488746126,0.20852647127549026
2020-01-21,0.0,1.3359982024960726,2.368553554287341,1.5541241156510583,0.22077011111555694
2020-01-22,0.0,1.3063606459430808,2.3659478957077344,1.5340618955130134,0.22657374031146477
2020-01-23,0.0,1.2344063671421837,2.2385910391304824,1.554839566124348,0.20234062609243098
2020-01-24,7.0,1.4334139942944475,2.407334979948848,1.582115544742834,0.28078301189728594
2020-01-25,0.0,1.3565609348672536,2.3499092396719465,1.602874758980044,0.2960183831306065
2020-01-26,7.2,1.594089238775209,2.5721479355560803,1.6463045390802784,0.3725544000330941
2020-01-27,3.2,1.6223318686071049,2.594482772459337,1.6767950108951688,0.4139582678602057
2020-01-28,5.8,1.6523149413779987,2.562377249869154,1.71427103437131,0.47720062481320286
2020-01-29,1.1,1.4928394978592472,2.4671916949404165,1.7368109434656704,0.5010392440071333
2020-01-30,17.4,1.8535440786759536,2.7764844913570963,1.810772475884436,0.658911824252479
2020-01-31,0.0,1.5585235445488215,2.473475660645002,1.828900119994029,0.6744100931529801
2020-02-01,0.0,1.4436355772606608,2.360525651586876,1.8488275598828303,0.5781268589089037
2020-02-02,0.0,1.458122483933202,2.3979458419584607,1.86217964098879,0.5914659043395002
2020-02-03,0.0,1.4697383497914145,2.404186077844811,1.7034765948923865,0.6038833975974276
2020-02-04,0.0,1.4048650163377827,2.352696962406883,1.7231004293364587,0.6151728100061901
2020-02-05,0.0,1.3957144111217905,2.325957386728337,1.7416216837805836,0.6269737431584107
2020-02-06,0.0,1.3994836874257717,2.371961600951339,1.7585344106624838,0.6368559625532414
2020-02-07,0.0,1.3752675984688625,2.3615740348506757,1.7196484849103029,0.6332319833404264
2020-02-08,1.6,1.4305913185588162,2.3389772644532103,1.7368729417046662,0.6557958646434671
2020-02-09,0.0,1.4208074878511476,2.3559978584335144,1.7493571792434475,0.6642066683852883
2020-02-10,0.0,1.326617644352811,2.2669355610488924,1.761147772457595,0.6715571134539149
2020-02-11,0.0,1.2896176101260224,2.190809154695548,1.267389745526839,0.6781719915096716
2020-02-12,4.5,1.4131197087995162,2.252353172204361,1.2919681681269783,0.7220683450361723
2020-02-13,0.0,1.363497929151982,2.2444920455920183,1.3172832053776315,0.7242534381310957
2020-02-14,0.0,1.3121035951474112,2.1661854349676033,1.340773252389909,0.729354343396514
2020-02-15,0.0,1.15584950929418,2.023223964206891,1.3645834696526666,0.6919638556593435
2020-02-16,5.0,1.1639901118749247,2.039919497884228,1.4055285344291706,0.665178153502628
2020-02-17,0.0,0.9967237557497453,1.9111924275713283,1.4317150943345727,0.6677453245872247
2020-02-18,0.0,0.9183502603019277,1.7943617091204862,1.4599654887158786,0.6695673291877535
2020-02-19,0.0,0.8845307140458861,1.7643968656776912,1.4863727819453172,0.6706206540655324
2020-02-20,0.0,0.8207342264210596,1.7068944928545948,1.513080052730359,0.6712836817276562
2020-02-21,0.0,0.7519173738507062,1.612272197434154,1.4803260975359893,0.6716847460046317
2020-02-22,0.0,0.6753158394447174,1.459644419151164,1.505513581676479,0.668133036226024
2020-02-23,0.0,0.5767787783991826,1.3412925717155282,1.5301892066837115,0.3928564524194121
2020-02-24,0.0,0.5302897222905472,1.2997051699786375,1.5574033265544807,0.39047583345229675
2020-02-25,43.5,1.665919033181681,2.3630788228383106,1.7174170795380033,0.6256559127529908
2020-02-26,22.1,2.08568693591444,2.7498075744090196,1.8132246419187301,0.5711289886014622
2020-02-27,0.8,1.9503366796371,2.6346861322697066,1.8466911594740856,0.5747711847069955
2020-02-28,0.0,1.788910476983531,2.4870406872001545,1.8797217608070254,0.5706165981743748
2020-02-29,0.0,1.687807568372017,2.4107031533264354,1.9114586002952172,0.5641166337393004
2020-03-01,0.0,1.6388343585450798,2.3909671211588868,1.8740568647257638,0.5576371263575605
2020-03-02,0.5,1.3417830041337642,2.0148071626188564,1.831662158054617,0.5561207314908223
2020-03-03,0.0,1.277267482504997,1.9702840774181565,1.7949154289875953,0.5501073354677347
2020-03-04,0.0,1.2028433428420082,1.8715592972397281,1.8271606664649012,0.5442877631667422
2020-03-05,0.0,1.138141700682157,1.7746404874701092,1.8588502454668734,0.5389787187629492
2020-03-06,0.0,1.0767331076273785,1.7110377624219384,1.8967111561480925,0.5333793966702827
2020-03-07,0.0,1.0680928057427521,1.7035915490351605,1.9349344614390964,0.5273596623585773
2020-03-08,0.0,1.0382481323671477,1.7169846383318195,1.9693559477871236,0.5200461385920606
2020-03-09,0.0,1.008460710308272,1.7173662706001724,1.8813244135231613,0.5136104881589798
2020-03-10,17.3,1.5032039522700151,2.176887004197778,1.9783864855020725,0.6596998447905491
2020-03-11,0.0,1.3886207470916183,2.0646171151170805,2.0219107530202134,0.6545775954021336
2020-03-12,0.0,1.3568000598085697,2.0238434647916357,2.0664699777351325,0.649463897197126
2020-03-13,0.0,1.3502985573647759,2.0024005446466133,2.063663729362636,0.6433141739905458
2020-03-14,0.0,1.3312594275031628,2.0002441524439454,2.0962155902562385,0.6361896907062395
2020-03-15,6.9,1.506820944096145,2.100157943191822,2.151836144508503,0.6898995105643779
2020-03-16,5.3,1.6067438472047648,2.157613258672103,2.2056031455723693,0.7299925652040298
2020-03-17,0.1,1.529534310834508,2.0958731233166055,2.242325835869923,0.6815239938509472
2020-03-18,0.0,1.4247392935156815,1.99342672304363,2.2828358300169787,0.675901233972088
2020-03-19,0.3,1.3764680624027927,1.971465435513763,2.272196609670186,0.6724772160231837
2020-03-20,0.0,1.3170232126090873,1.923349784605115,2.032531254998689,0.6666795200510973
2020-03-21,4.9,1.3896956018645361,1.949143948098217,2.06246210484231,0.7051536068991697
2020-03-22,0.0,1.2601160000763598,1.822172198274042,2.098893385853648,0.6995927587084347
2020-03-23,0.0,1.073919145493385,1.7051556419452358,2.1344500504522683,0.6941413298068673
2020-03-24,0.0,1.008807610566909,1.654217658137831,2.1696989983724175,0.6890461079363349
2020-03-25,0.0,0.9776889900358287,1.6335030575948684,2.2031196852765347,0.682731654213867
2020-03-26,0.0,0.9123371541155765,1.5503544378547793,2.2356000089316646,0.6757275573556806
2020-03-27,11.6,1.2251772771505005,1.8308315835295461,2.309442036496575,0.7779773627569085
2020-03-28,0.0,1.074129677522384,1.6773945658003322,2.3373948814792866,0.7718238032698582
2020-03-29,0.2,0.9683138252657449,1.561622323776771,2.363939165786607,0.7674714752388756
2020-03-30,0.0,0.9527588472808386,1.5277897196088306,2.1498154452657374,0.7602348461716801
2020-03-31,0.0,0.9203951468155706,1.527813071668786,0.742539912664059,0.7534515278207972
2020-04-01,5.2,1.0348998074699889,1.5972283913201264,0.7871649649987663,0.7962483305948947
2020-04-02,0.0,0.9879294794189982,1.5849671319971392,0.4787630805208135,0.788152405687193
2020-04-03,0.0,0.8458333396040351,1.4228760136586387,0.49212706753151464,0.7790589716176199
2020-04-04,0.0,0.7978452695044126,1.3917294828293638,0.5047378044872337,0.7703171799391763
2020-04-05,0.0,0.7166250917573143,1.3099902480531365,0.5175426465721762,0.7601450017838512
2020-04-06,0.0,0.6805812446383833,1.304798013957833,0.5302833949150979,0.22980295717184085
2020-04-07,0.0,0.6111028067976978,1.2055126349881187,0.5419304512649175,0.11410771937331154
2020-04-08,4.1,0.7026554210499577,1.2815574409804602,0.5766388203259266,0.1519549666680637
2020-04-09,0.0,0.6028573343583916,1.186361669992917,0.5879900994176852,0.14132029222254597
2020-04-10,0.0,0.5531456271685552,1.155962166416996,0.599019878203299,0.13038345054661327
2020-04-11,0.0,0.45899246709706465,1.0490136873122953,0.01617025010335352,0.11883578988212858
2020-04-12,15.8,0.9221410891468458,1.4891994102574657,0.07855942521035741,0.2856852117359024
2020-04-13,0.0,0.8138299523566056,1.401889691119114,0.08585998710199091,0.27325244075622734
2020-04-14,0.0,0.7329482433081973,1.3254394094016562,0.09309055062210815,0.2612838495613107
2020-04-15,0.0,0.6818137769330989,1.286800998781894,0.09024524321877572,0.24905101431032275
2020-04-16,0.0,0.6364541160876523,1.2583870460379205,0.09644896036706997,0.2038978982585631
2020-04-17,1.4,0.648173043388443,1.22669823779345,0.11183473978338636,0.164695635207513
2020-04-18,1.3,0.6174362124878157,1.2185075735630304,0.12630330743925833,0.16797172035793145
2020-04-19,23.3,1.411189194444237,1.886459342004164,0.29240328534677457,0.41645827027896304
2020-04-20,8.7,1.5812922795580915,2.06020567251878,0.35433230380754904,0.4987818332944968
2020-04-21,0.0,1.3020998957424417,1.8210586020903559,0.3525422168040538,0.4883107045914578
2020-04-22,0.0,1.1916969928064236,1.7489596092179456,0.32726580291901264,0.4765177921159303
2020-04-23,0.0,0.9897344821256545,1.5626021419188645,0.33243686495664737,0.3890257759050326
2020-04-24,0.0,0.8765176758301682,1.3636492781771883,0.33701297547710896,0.37672804712402924
2020-04-25,0.0,0.7833514970990144,1.2968860768121289,0.3407742400867517,0.2853400891759546
2020-04-26,5.0,0.8207608727472174,1.3246828821986782,0.37955279783092466,0.29426168466853336
2020-04-27,0.8,0.6647353364154507,1.1546023171649962,0.38850296663184614,0.22513224548119987
2020-04-28,0.0,0.5048546256591088,0.9283042988244902,0.3919081596525655,0.1995237555926436
2020-04-29,0.0,0.4721168300977688,0.9226843392433971,0.3953252242042547,-0.01975732629185532
2020-04-30,0.0,0.4393376065377393,0.8756861292979857,0.3983585659116736,-0.03442661730200638
2020-05-01,0.0,0.4023729849009926,0.8600086890275264,0.3048255798335248,-0.04929389574432316
2020-05-02,0.0,0.3788009535564155,0.8528962555674896,0.3061237398242425,-0.06467988336856609
2020-05-03,0.0,0.3453284337705299,0.8256547513228862,0.30679606499703266,-0.07996076952481504
2020-05-04,0.3,0.3053437987585335,0.7957641974391416,0.30913352497264945,-0.09008745816720586
2020-05-05,0.0,0.23554452173285828,0.7260895804443365,0.30972061732416656,-0.10338222568518438
2020-05-06,0.0,0.12146380517204351,0.5150752126088621,0.3091970603589469,-0.11721459396765124
2020-05-07,0.0,0.05794475585128559,0.4768339082162509,0.2976308393482891,-0.13104490609330005
2020-05-08,0.9,0.03429040606396515,0.46573856782383877,0.30323261954643593,-0.15364722304660558
2020-05-09,26.7,0.8641366312489164,1.1524053776660321,0.4937956929063272,0.1593221197521429
2020-05-10,0.0,0.6701096853528373,0.9848576099133108,0.49232793305266237,0.1474125365179288
2020-05-11,0.0,0.5531361832543323,0.8925050275930559,0.49065446959252507,0.1360565820478115
2020-05-12,0.0,0.39299809880306297,0.7571862693349358,0.48940486465222205,0.07192030046776605
2020-05-13,0.0,0.3237118180154707,0.7141412371435849,0.4857853942423168,0.06396282584912528
2020-05-14,0.0,0.2372191422409786,0.643679236258534,0.4857666716418076,0.057215426463505026
2020-05-15,10.0,0.5121098767179956,0.8572595556958321,0.5200852447453731,0.17027400253700745
2020-05-16,0.0,0.3931014932313278,0.7793205792688116,0.45912349643694317,0.1051795183095788
2020-05-17,0.0,0.2841536262028702,0.6749962523136144,0.4572902576973538,0.09930037459180742
2020-05-18,22.1,0.9425566679510974,1.3519409608961497,0.607991062545779,0.350432409421396
2020-05-19,26.0,1.6660356427297722,2.037844078310054,0.7788455972422869,0.6286635003610557
2020-05-20,5.0,1.6087549648104376,1.9463977117732418,0.8080601246331824,0.6764409254568544
2020-05-21,0.0,1.483148351237438,1.8375645571887693,0.8052387313603534,0.6724389275419702
2020-05-22,4.1,1.460601355647248,1.8290602442754471,0.8270115458049021,0.7118855181847572
2020-05-23,0.0,1.0631044530550247,1.4030266418423714,0.6222850253061856,0.7088806787719405
2020-05-24,0.4,1.035550642360022,1.3213302453351286,0.6210407825167991,0.7093671778712571
2020-05-25,0.0,0.9843897230182013,1.2605594015315036,0.5005736857787626,0.23218291666109475
2020-05-26,0.0,0.9756475886693143,1.2698771212641375,0.2983686720699936,-0.034385563851395004
2020-05-27,0.0,0.9639837543584872,1.2684021724795393,0.29354931054734373,-0.04807071387123424
2020-05-28,0.0,0.9588488530816593,1.2698541128613894,0.28873241182777304,-0.051021509259173835
2020-05-29,0.0,0.9080643509525704,1.224023730802112,0.2824716768106102,-0.05308358719469382
2020-05-30,0.0,0.8573595046605947,1.1916147878756544,0.27643112690256233,-0.05489932603054167
2020-05-31,0.0,0.7502698123062846,1.1045813840423253,0.2709659744595879,-0.06251813714464424
2020-06-01,0.0,0.6256573013024725,0.9610425196778511,0.2657625372287662,-0.06360227096717752
2020-06-02,0.0,0.5752828054109507,0.8799148735341004,0.26012624654948696,-0.06577719245015459
2020-06-03,0.0,0.5138695110176315,0.846667665359439,0.25414897093144817,-0.0690667913185484
2020-06-04,0.0,0.4257023999415371,0.7717984800663876,0.24742653840503423,-0.07323773309757099
2020-06-05,0.0,0.3708609515021047,0.7243174453043183,0.23923875535682163,-0.07868496698954112
2020-06-06,0.0,0.28471283709698214,0.6487120155843371,0.23083549162939154,-0.08277942944556259
2020-06-07,0.0,0.20123991088644916,0.5568669401654464,0.22200811239887228,-0.08816946643638479
2020-06-08,0.0,0.14757978433170338,0.5109671844489214,0.21235467102116343,-0.3156297110755618
2020-06-09,0.0,0.1087578007554815,0.46677556086388516,0.2014242130803906,-0.3249796413675069
2020-06-10,3.4,0.18573418031550593,0.5378032360431023,0.21300290221533183,-0.29350775030010107
2020-06-11,0.6,0.14590010346208523,0.4861689850883362,0.20196679170279286,-0.2997344257064427
2020-06-12,0.0,0.09192831729770512,0.42530922031278956,0.18557608728191882,-0.3142298685467853
2020-06-13,0.0,0.04476597458478806,0.37532590037092217,0.16792461800169464,-0.4209887543341884
2020-06-14,0.0,0.004938768324363748,0.3458798535040358,0.1492088135274141,-0.5105618185098425
2020-06-15,0.0,-0.034884716792247944,0.3057476111812389,0.09034926454301091,-0.5334087689109702
2020-06-16,0.0,-0.07508719966118568,0.25253659947019674,0.0676672035836899,-0.5576294972765373
2020-06-17,0.0,-0.14045834203055788,0.17595020135505132,0.043720007026175456,-0.5864512383593411
2020-06-18,0.0,-0.2076089135903494,0.05808143879200979,0.019339184643843176,-0.6118461523100386
2020-06-19,0.3,-0.25862795441607295,-0.033250026836330125,-0.005318785402635837,-0.700573893500324
2020-06-20,0.0,-0.30060314846099434,-0.10011624797814361,-0.032717091877148156,-0.7265238018827325
2020-06-21,0.0,-0.3850319469637759,-0.1718143196770766,-0.060949729942108004,-0.7538032691236629
2020-06-22,0.0,-0.5003780006420941,-0.2640872930234674,-0.08912699331938828,-0.7812074311783512
2020-06-23,0.0,-0.5443083000349345,-0.344289230118675,-0.11906962457166716,-0.8102097123344846
2020-06-24,13.8,-0.2606509330898756,-0.10197013748684647,-0.04565795538557311,-0.6603896805592105
2020-06-25,0.0,-0.3533289488659398,-0.21374620606193837,-0.07846806645612274,-0.8408789981630257
2020-06-26,0.0,-0.44246849207267497,-0.2985586920712646,-0.11260305864199988,-0.872956703515234
2020-06-27,0.1,-0.5422604177646363,-0.3893430429074109,-0.14678126344023443,-0.9048703886916851
2020-06-28,0.0,-0.622172545602516,-0.46365329018276796,-0.18232085267495535,-0.9359293900827842
2020-06-29,2.2,-0.6480347223631754,-0.5053788525880452,-0.20340433685963746,-0.942013353214942
2020-06-30,250.0,4.130520191555976,4.095314689867001,1.346443808854655,1.265446793953254
2020-07-01,6.7,2.536616021774257,3.486963460223619,1.3417557283457273,1.2599842984234129
2020-07-02,0.0,1.3630985958903061,2.839606192101795,1.2992297536602082,1.2080042215873021
2020-07-03,0.0,0.7875637815833946,2.6677227832321595,1.25725673029114,1.1565752186458003
2020-07-04,0.5,0.37274311418223927,2.3678360511851313,1.2203010005773427,1.1118991539602965
2020-07-05,0.0,0.1014726363593398,2.106947676861646,0.902712202428968,1.0658608076946843
2020-07-06,0.0,-0.10741973472349496,1.9485973767643674,0.8116398026891187,1.02155001447105
2020-07-07,0.0,-0.25370721938379814,1.74423583976493,0.7730224263055353,0.9501517380867176
2020-07-08,0.4,-0.35924015167560525,1.5193745549996553,0.736896181508041,0.9113808968415581
2020-07-09,0.0,-0.5094622449304402,1.4422521906895776,0.6972840852109997,0.868783821619313
2020-07-10,22.5,-0.13315253745127617,1.7021576996291294,0.7872094186324164,0.9786807296538254
2020-07-11,8.2,-0.13131133573943862,1.549575483815097,0.7930315357912893,0.884863188518775
2020-07-12,0.7,-0.2877302622779069,1.287633401749516,0.757270841221714,0.8477353533928539
2020-07-13,49.0,0.42933851907377274,1.8356855841863682,0.9880768410227286,1.1245413151053243
2020-07-14,42.2,0.8931185447020147,2.1364880761853025,1.1738394492502962,1.342742544387439
2020-07-15,0.0,0.570208854097869,1.6854259956149331,1.1238507752383478,1.3048268448074754
2020-07-16,0.0,0.4005602791132688,1.5017649134604236,1.0722634042725228,1.2613475849026639
2020-07-17,0.0,0.2651407395990206,1.2646554744709027,1.0380831145532052,1.2153194317906773
2020-07-18,0.0,0.20404461928949646,1.2600077786696076,1.0039697621662145,1.0370293998163
2020-07-19,0.0,0.13988071779594355,1.2438674686994635,0.970641123974949,0.9484751017757275
2020-07-20,0.0,0.06703351644089858,1.2013077020988057,0.9381622773360545,0.9164652800523353
2020-07-21,0.0,0.0016553315758698593,1.1173959789367867,0.9054710971580084,0.8851907984921413
2020-07-22,0.0,-0.10078547060097347,1.037639370161483,0.8365957999368139,0.8537588111021135
2020-07-23,30.1,0.3897176659847103,1.477722853890927,0.9589668400129863,1.0026551766928689
2020-07-24,121.8,2.5031741560582628,3.156722763318578,1.4814574154124354,1.6401218529433987
2020-07-25,54.5,2.317550295275375,3.0958931139432893,1.6750876863864526,1.8503987568409228
2020-07-26,4.8,1.7916424500939165,2.60276809019094,1.6323161165805011,1.8330617167721992
2020-07-27,1.5,1.5064450231497617,2.3675462199954,1.597604222491159,1.8051481148481643
2020-07-28,3.9,1.433213521069117,2.3381951757600157,1.5036937302154794,1.7921284398201078
2020-07-29,19.4,1.6729060627180286,2.5659575351290087,1.5562335527404294,1.8556739900106172
2020-07-30,9.7,1.7295752569773775,2.6350132361215093,1.5658374409355003,1.8693481549620543
2020-07-31,0.0,1.6170951202962256,2.57111577957107,1.534073691209918,1.837587948898601
2020-08-01,0.8,1.388597577143626,2.327954943599786,1.5055749340321285,1.809097817976002
2020-08-02,3.9,1.2148445497418838,2.0768992168209626,1.4897501356052003,1.7921050735657176
2020-08-03,10.3,1.3509138157473717,2.1774786195158566,1.4976489129409314,1.801630541799251
2020-08-04,4.7,1.3671761445505235,2.1977062155278904,1.4795364055221576,1.782012943881274
2020-08-05,7.9,1.3581026218041765,2.2016294767703055,1.47554850607289,1.7758706226263343
2020-08-06,5.8,1.4078576881826497,2.227173019957813,1.4578180667548952,1.7596969926330672
2020-08-07,0.3,1.1793113905301758,2.0184019438345735,1.423511527614167,1.6064245177442888
2020-08-08,8.4,1.1923776059407987,2.034186125391126,1.4215682527831304,1.6041048601625694
2020-08-09,1.7,0.725771276755361,1.451403617646666,1.3928405619482005,1.5723034110094418
2020-08-10,9.5,0.9398704715898316,1.5879377976857243,1.3799704238331567,1.5761694170756841
2020-08-11,17.5,1.1703435993493465,1.7229414049452285,1.4167738814230513,1.6123538409543394
2020-08-12,0.0,1.1650119554810214,1.7082618302818242,1.3858041830217935,1.5758868266601191
2020-08-13,0.0,1.1077931579563205,1.6775295328887263,1.3550640399779261,1.4983609225351064
2020-08-14,0.9,0.8928646680099734,1.4951586080433164,1.3086792485792325,1.4667497306050907
2020-08-15,37.9,1.3732012449971558,1.8183882100081648,1.4158352691733722,1.576680201961151
2020-08-16,0.0,1.136799929068926,1.6230731151255715,1.3764154074395343,1.4432740617716988
2020-08-17,0.0,0.9314805082913078,1.4530760528504933,1.338334029494726,1.2943117776828488
2020-08-18,0.0,0.7106274091179999,1.2314412410213758,1.2990189553263918,1.2301684842840912
2020-08-19,0.0,0.5407306615679961,1.0295232707001645,1.2602609439322423,1.1870941185495139
2020-08-20,3.7,0.5586453672880143,1.0313580416014612,1.2357243784118075,1.1430936558103615
2020-08-21,0.7,0.5142055691887825,1.0072755281293397,1.1999358466183407,1.1035117576285827
2020-08-22,11.3,0.6116607816213111,1.102221627689971,1.204048891542464,1.1065448366525676
2020-08-23,2.1,0.5144536893142885,1.0131674747901058,1.012961474748377,1.0735572500621462
2020-08-24,0.0,0.38118824703155324,0.9297740707029633,0.893605869273333,1.03337819093354
2020-08-25,0.0,0.24752346542794698,0.8435289742528699,0.8567909176478906,0.9962516818664536
2020-08-26,0.1,0.12092819348237727,0.731401676557843,0.8228828423579211,0.9594027762542362
2020-08-27,0.0,0.025767833793255902,0.6387641147518359,0.7881342583748948,0.9222322742271345
2020-08-28,0.4,-0.151846083832411,0.5067534109923968,0.7543561816612837,0.886206365364048
2020-08-29,0.2,-0.2712662511051667,0.390591660298221,0.7182668916150043,0.8493939664481739
2020-08-30,21.9,0.00013299870475853924,0.29678147260781634,0.7659120604336255,0.8977560445664575
2020-08-31,0.4,-0.136025586244507,0.22088287229802123,0.7339663195033481,0.863925189455239
2020-09-01,0.2,-0.2868431483395586,0.12946648327955868,0.7018829999660504,0.8303632098354871
2020-09-02,154.4,1.8465845857377474,1.4576404283905045,1.2137884398161907,1.3563541401082266
2020-09-03,77.0,2.4795438543242776,1.9543357861241224,1.437110894734575,1.5840560281574718
2020-09-04,0.0,2.0700165395147723,1.7825058524163482,1.4082155955853677,1.5556433525781075
2020-09-05,0.0,1.561398902189721,1.6015272588485856,1.378854469680527,1.5285986556496125
2020-09-06,31.7,1.9474214829726069,1.8386022536363062,1.396512278751419,1.6060351031185411
2020-09-07,236.2,4.653143122093766,3.7094608655664087,2.087741689718385,2.298981893613429
2020-09-08,0.0,3.753729144613481,3.4729101631295554,2.0613779226640645,2.2677447121961203
2020-09-09,6.5,3.2265221028476487,3.4021059171206325,2.0536725803153755,2.2632167003736683
2020-09-10,0.0,2.083013298384205,2.969960446307847,2.0268989730021394,2.241065898895145
2020-09-11,0.2,1.8463191262115646,2.7865850654823507,1.9801138755785253,2.21850452534888
2020-09-12,52.5,2.200463891693766,2.966196013086015,2.0881164669287164,2.342774245320394
2020-09-13,11.1,2.3173496044668513,3.0103217507995192,2.0934085647909706,2.3533294475648674
2020-09-14,0.0,2.1901978167261467,2.9354616166714114,2.0678736780694194,2.3352604659942635
2020-09-15,0.0,2.0305786580451213,2.8231654227964196,2.047501526528644,2.3242016057012096
2020-09-16,0.2,1.877054006527917,2.750447746942586,2.0292552391104355,2.3140085299480075
2020-09-17,0.0,1.5227187302276664,2.475516410546349,1.9957586973950325,2.302616546638674
2020-09-18,0.0,1.5234439921451077,2.421785282082252,1.9785636073948516,2.2949080876279546
2020-09-19,0.0,1.3578527315463251,2.286293131954976,1.9614494418551836,2.2874730058138772
2020-09-20,0.0,1.3294009420120927,2.2033083600425334,1.9443475338033602,2.279913954221624
2020-09-21,0.0,1.245165699726841,2.129664808402894,1.929583646429439,2.2739793262933237
2020-09-22,0.0,1.2028736606791897,2.087951488611546,1.9152669536081166,2.23089305245782
2020-09-23,2.7,1.1922006784913879,2.0474531901291804,1.8780577466118877,2.2378892889839728
2020-09-24,20.4,1.5044603208810114,2.275276144493385,1.9236609302910594,2.292158551278076
2020-09-25,8.7,1.5607509254571204,2.345624630095131,1.934565559059146,2.3134730307201874
2020-09-26,5.2,1.5152628403926636,2.3443087392167277,1.9373954357726975,2.3272056024959036
2020-09-27,1.7,1.4766615476096225,2.306085368980889,1.9304314599585894,2.3254069047414143
2020-09-28,0.0,1.4580629139495342,2.298659953074013,1.9051978026301948,1.6038383272741843
2020-09-29,0.0,1.3016928868219666,2.2197607583831256,1.895424071017181,1.5869175818165333
2020-09-30,5.1,1.363686762243775,2.2232022486341503,1.9009628530188218,1.6071604848321168
2020-10-01,0.5,1.3558910707985117,2.217964568877133,1.8935871823097505,1.6141084266685037
2020-10-02,0.0,1.0295945191826104,1.9341867079450452,1.8843043653412246,1.6185339288919203
2020-10-03,0.1,1.1165899943505242,1.971729108031396,1.8771919822978407,1.6265366336341767
2020-10-04,0.0,1.0441189882405857,1.8510725886940926,1.8702500104957773,1.632821066339583
2020-10-05,0.0,0.974245124552087,1.803271645803386,1.8523187770092537,1.6403700851126
2020-10-06,0.0,0.9778199233536905,1.8121614439620113,1.846862537768685,1.6479727436872431
2020-10-07,0.0,0.9948375042940663,1.8515846552623505,1.8396776191965922,1.6578390896609756
2020-10-08,0.0,0.9691842402401258,1.8340545321897606,1.8329231073861616,1.6014203677927645
2020-10-09,0.0,0.9259422857461033,1.8135296468055113,1.782672182463277,1.588886030632167
2020-10-10,0.0,0.8937178547132896,1.826611084547294,1.778060541975926,1.5987622112000135
2020-10-11,0.0,0.7979893300225601,1.7050711692793554,1.7741243297103633,1.4607077519520772
2020-10-12,0.0,0.7359447626520834,1.6427821440306114,1.7704881743978693,1.3412216458188413
2020-10-13,0.0,0.6815117379339112,1.5470687638267413,1.7661870303932667,1.3559362124586323
2020-10-14,0.0,0.691070521071137,1.5969778612737364,1.7582422175248396,1.3691992198562537
2020-10-15,0.0,0.7109930973935467,1.6382720000087663,1.7504196281378794,1.3832043324870522
2020-10-16,0.0,0.6452579687829516,1.5896503204275627,1.6786295002560079,1.3973416325562658
2020-10-17,0.0,0.5611473140403274,1.4631842804782385,1.6497525315855242,1.4114436624036757
2020-10-18,0.0,0.5328832183475773,1.4186141843036397,1.647923410059989,1.4254085079135752
2020-10-19,0.0,0.4930141246039371,1.340276068882326,1.646434820969673,1.4403056404598205
2020-10-20,0.0,0.44402477357615,1.3205337850088563,1.645942757798027,1.4571267939561046
2020-10-21,0.0,0.41296826229816835,1.3170846824395732,1.646295397867383,1.3778982815991183
2020-10-22,0.0,0.30011861881572033,1.1457718903538878,1.6469431481668424,0.978176902209903
2020-10-23,0.0,0.3482924668844796,1.1904726101027794,1.632767381104065,0.7963926983338123
2020-10-24,0.0,0.3601723877104162,1.20890630839643,1.6312383569610305,0.7956742302625418
2020-10-25,0.0,0.3674748820474783,1.2117203128634708,1.6318224894057625,0.8068939206205541
2020-10-26,0.0,0.3422727542320028,1.220372738810406,1.6319424645940563,0.808570932627318
2020-10-27,0.0,0.30107162384647046,1.1991444878979347,1.6325762643753488,0.7507443980915997
2020-10-28,0.0,0.2584410190039447,1.1821066501342157,1.6338658952722958,0.7296247329830355
2020-10-29,0.0,0.23157383961120334,1.194649572713668,1.6359624593965636,0.7461472714609104
2020-10-30,0.0,0.1818471512895053,1.1758938072398553,1.6366266980301885,0.7588888599335355
2020-10-31,0.0,0.14413179596726447,1.1511481762824967,1.6353822191571477,0.7606794744475077
2020-11-01,0.0,0.10739886211819538,1.142121600916529,1.6354012645144804,0.7372443798667686
2020-11-02,0.0,0.07815656127744827,1.1345017081108082,1.6365345647768985,0.7371789512546136
2020-11-03,0.0,0.054161947004075416,1.1382225768555543,1.6372182764924148,0.7248507439336159
2020-11-04,0.0,0.03899330420199495,1.1340032700396971,1.636099600592307,0.7214858261152147
2020-11-05,0.0,0.00026444681545979447,1.1073118557400046,1.5573836020582865,0.7406938641632197
2020-11-06,0.0,-0.05182538827261839,1.1291149558854108,1.5594077643878832,0.7275225975291363
2020-11-07,0.0,-0.08265576270250982,1.0526576273284782,1.5629381337769568,0.7410323784526771
2020-11-08,0.0,-0.11492791934983546,1.046689650957873,1.5663134035129975,0.7221840553420195
2020-11-09,0.0,-0.15000743856364016,1.0411354213898598,1.5687926976467046,0.6713998137627464
2020-11-10,0.0,-0.16850535003872716,0.9975356311219937,1.5710603732044908,0.6915764596196861
2020-11-11,0.0,-0.19752593159299223,1.0007453212266642,1.541384377310067,0.7120288764856821
2020-11-12,0.0,-0.22958604463566623,0.9704697320014435,1.5418227263808255,0.7292612829814685
2020-11-13,0.0,-0.22882564613336717,0.8811781654859931,1.5436207059211653,0.6055973821225175
2020-11-14,0.0,-0.22189235804994858,0.7652694006328025,1.4757913819047714,0.6334849725646319
2020-11-15,0.0,-0.2469008361670876,0.7659970377441748,1.3949729536432312,0.6614418800210691
2020-11-16,0.0,-0.2651944941677298,0.778649117614063,1.3807209993052096,0.6902799012862836
2020-11-17,0.0,-0.2653585558332662,0.7833508339940394,1.3817240075879682,0.7204145659070248
2020-11-18,0.0,-0.25875897560923833,0.7747555461282443,1.369385376649281,0.7375017478429273
2020-11-19,7.7,-0.06424758864917693,0.9237559058284068,1.3950719922901722,0.7963342474378602
2020-11-20,0.0,-0.0903569332952481,0.9156018700979048,1.3953851444990162,0.7853341956303564
2020-11-21,0.0,-0.09523889736455012,0.9178860861115055,1.3968526139700514,0.8089716187268564
2020-11-22,0.0,-0.10381984809561612,0.8979057990562501,1.397150258547598,0.8404893748911834
2020-11-23,0.0,-0.10811268717838589,0.8933353512869465,1.3973312755414355,0.870988015572427
2020-11-24,0.0,-0.10913317801402513,0.8635464802278279,1.3974181672562698,0.9026086442707841
2020-11-25,0.0,-0.12496111583958085,0.8425206142360887,1.3974298580645885,0.9356125463507362
2020-11-26,0.0,-0.14409509985849697,0.7577738533782806,1.3978731620780744,0.9686277800491045
2020-11-27,0.0,-0.1473643135937851,0.6888811763703935,1.3980738740612826,1.0028784344134192
2020-11-28,0.0,-0.16616721353630134,0.6801197086767703,1.3981129203521623,0.9579777316170215
2020-11-29,0.0,-0.1718894437536782,0.6718422265483952,1.3978261628342434,0.9932548393259827
2020-11-30,0.0,-0.16908559627919206,0.669458572087459,1.3984828134611962,1.0304132449100092
2020-12-01,0.0,-0.15366469276552827,0.6799159773047454,1.3990149562152236,0.44882704676168683
2020-12-02,0.0,-0.13192088718472827,0.6788640132125554,1.4005172856396666,0.12948258040977334
2020-12-03,0.0,-0.12768334658363464,0.6747702320926249,1.4019347304479275,0.17002349756696833
2020-12-04,0.0,-0.13016123547921968,0.6616606924612687,1.4044957307612411,0.21160674843225524
2020-12-05,0.0,-0.13801950741368652,0.6557538246222647,1.407513667307167,0.0936827147379805
2020-12-06,0.0,-0.14847099275598355,0.6328081948381753,1.411352517718618,-1.570348002880917
2020-12-07,0.0,-0.15991533688533502,0.5807353398834549,1.4045927201126904,-1.5285601920190486
2020-12-08,0.0,-0.1691250476467031,0.5469577021905653,1.4074355790175743,-1.5614645069285387
2020-12-09,0.0,-0.17589724838833468,0.5345796141904657,1.4120485103994702,-1.523134297679674
2020-12-10,0.0,-0.16857688665807,0.518457127141603,1.4172703863841374,-1.4878178080708757
2020-12-11,0.0,-0.1712843289760474,0.518273630442143,1.4219863458019844,-2.195177832721669
2020-12-12,0.0,-0.171167716010228,0.5162890526175747,1.4289630372212798,-2.3764816180768378
2020-12-13,0.9,-0.1239380795860002,0.5346804612379225,1.4400957065396385,-2.3247769493009853
2020-12-14,0.0,-0.10813217969571703,0.5163788265658148,1.4486201925594926,-2.284346202047883
2020-12-15,0.0,-0.10664165653374179,0.5159430427619931,1.4579836934085508,-2.2505806940983284
2020-12-16,0.0,-0.10718530261385804,0.5099595347978533,1.467167028678098,-2.2138857243449435
2020-12-17,0.0,-0.0979673673168554,0.506656829501107,1.4779124981740706,-2.1807717635491297
2020-12-18,0.0,-0.08436815077931294,0.4820342089645305,1.4893660148223833,-2.148562819657398
2020-12-19,0.0,-0.07242714817628255,0.4563640961650498,1.5013149057682502,-2.117534071714136
2020-12-20,0.0,-0.07126542602696939,0.4516863466366663,1.5131405156015236,-2.0838110631364444
2020-12-21,0.0,-0.0662063037253926,0.44562939944541236,1.4831997221035673,-2.0502761451780698
2020-12-22,0.0,-0.06957969135937589,0.42743281627911744,1.4965188400891023,-2.0759016302781674
2020-12-23,0.0,-0.07043404028540191,0.4150712653555552,1.5113656930645623,-2.575367618585771
2020-12-24,0.0,-0.06786094938507856,0.3922101311181705,1.5268935708403557,-2.864596689761011
2020-12-25,0.0,-0.06000615524161589,0.3825815288663749,1.5430563781978355,-3.0761771937105657
2020-12-26,0.0,-0.05309468815590675,0.367684323904912,1.5529944312036608,-3.090232306167813
2020-12-27,0.0,-0.0408806953863599,0.369258297197798,0.7668303801310772,-3.090232306167813
2020-12-28,0.0,-0.031057764705661583,0.36476166634885454,0.7643543909973455,-3.08377484448435
2020-12-29,0.0,0.04656650601664747,0.358279187638964,0.7854599905764588,-3.090232306167813
2020-12-30,0.0,0.051221512642611856,0.3490967750130808,0.8068769961127302,-3.090232306167813
2020-12-31,0.0,0.11687182762391242,0.8983848194937919,0.8269622396870836,-3.090232306167813
2021-01-01,0.0,0.06846077688318232,0.2892521652875177,0.8488772220289947,-3.090232306167813
2021-01-02,0.0,0.08300554240250933,0.2818082724905141,0.8704354706862527,-3.090232306167813
2021-01-03,0.0,0.022585659841691322,0.2824193114796018,0.8923590621974243,-3.090232306167813
2021-01-04,0.0,0.04330842019473764,0.2818915549463327,0.9129168860315816,-3.090232306167813
2021-01-05,0.0,0.03997502905109009,0.26046429287627326,0.9349354894416493,-3.090232306167813
2021-01-06,0.0,0.027015874844042432,0.2291028519639891,0.8809262228869705,-3.090232306167813
2021-01-07,0.0,0.017869026773669666,0.1934170350728726,0.8755153787865954,-3.090232306167813
2021-01-08,0.0,0.009140790015007037,0.1683366096502117,0.8958876964895268,-3.090232306167813
2021-01-09,0.0,-0.010243918646282352,0.1324393634133249,0.7502022140010473,-3.090232306167813
2021-01-10,0.0,-0.005960662786034161,0.11318765695732974,0.624290018510729,-3.090232306167813
2021-01-11,0.0,0.004468004039246833,0.09547005226127381,0.6481987521288898,-3.090232306167813
2021-01-12,0.0,-0.006345163739858798,0.06281280966149261,0.67056373948074,-3.090232306167813
2021-01-13,0.0,-0.02482921627706524,0.02494794954309103,0.6923312766387578,-3.090232306167813
2021-01-14,0.0,-0.03573537067837909,-0.00899895180914218,0.7140943223125371,-3.090232306167813
2021-01-15,0.0,-0.0480200115983671,-0.02175000772187695,0.7361997809370544,-3.090232306167813
2021-01-16,0.0,-0.05937109955951256,-0.032388710974869686,0.7453897375804863,-3.090232306167813
2021-01-17,0.0,-0.05645805939539911,-0.028066389393536118,0.7658981125537139,-3.090232306167813
2021-01-18,0.0,-0.054925120833212944,-0.025725431330206643,0.7865889103523641,-3.090232306167813
2021-01-19,0.0,-0.05439562096684533,-0.02597045462380393,0.6993556309815512,-3.084716224528162
2021-01-20,0.0,-0.050578485269791515,-0.024292146023195224,0.25861856814651074,-3.0689077432524927
2021-01-21,0.0,-0.053013976957891944,-0.02504398292273334,0.05922080165965601,-3.05438058304976
2021-01-22,1.2,-0.018236750531528345,0.0065176040249945374,0.06772483344948461,-2.9412089351154247
2021-01-23,8.8,0.27365608928251084,0.06973868508246998,0.12148512932314387,-2.4065614359311613
2021-01-24,1.2,0.27730823938813304,0.04963004686860148,0.1332419957449864,-2.3396165426452114
2021-01-25,0.0,0.258880205929961,0.012190350142531588,0.07477211402308648,-2.328541132814503
2021-01-26,0.1,0.25866512304931233,-0.018196048943413208,0.05620667912903399,-2.313269399931962
2021-01-27,0.0,0.24335145877583572,-0.03431999012522767,0.07834118505651677,-2.3055829727737707
2021-01-28,0.1,0.21062716134311676,-0.05380124179500945,0.09705997877443691,-2.2937374280532716
2021-01-29,0.0,0.17022160545633977,-0.08205361452136008,0.10266565843944199,-2.2872636552427568
2021-01-30,0.0,0.13289427789307656,-0.1062228065447407,0.08277162531844817,-2.2798855793100854
2021-01-31,0.0,0.1045360107874488,-0.11717821970048296,0.08786780546747512,-2.272533513858266
2021-02-01,0.0,0.09569672238742802,-0.12295054563956967,0.07963031431700432,-2.2689018502256513
2021-02-02,0.0,0.10458794296659171,-0.12467820424166856,0.0807014005792923,-2.263766312806225
2021-02-03,0.0,0.11742362133267176,-0.1198973093807542,0.10442750962917444,-2.2589375505453435
2021-02-04,0.0,0.1260657468662801,-0.10954922499340208,0.0945006110661043,-2.2584363288616514
2021-02-05,0.0,0.13401193140583184,-0.10622021815546732,0.11351140624850928,-2.257120019238218
2021-02-06,0.0,0.14529597264646305,-0.10387082793870853,0.10031007038530781,-2.2515553172197653
2021-02-07,0.0,0.1487237602900877,-0.10461775999636264,0.05281233647551625,-2.2436649181561554
2021-02-08,0.0,0.15044528904672688,-0.10732074102288391,0.08124818510062329,-2.230443115453244
2021-02-09,0.0,0.1437802443204754,-0.12318623267269978,0.10997934688260921,-2.218206565503298
2021-02-10,0.0,0.12339373007744078,-0.13843366999301307,0.1345363503164886,-2.2019005632258803
2021-02-11,0.0,0.1058120051467786,-0.15629255593705083,0.002857411261135201,-2.181884927856938
2021-02-12,0.0,0.09634750775174786,-0.16357522877400893,0.035737572570419554,-2.1631429180699504
2021-02-13,0.0,0.08418590828377458,-0.1817980890779082,0.06931012863913681,-2.1517894392322208
2021-02-14,0.0,0.060670725271734366,-0.20361169074073576,0.10391460073240968,-2.1436472775601647
2021-02-15,0.0,0.030652964378597252,-0.22007825606366743,0.13866485408089074,-2.1359628601616842
2021-02-16,0.0,0.0015282302978882904,-0.2370051894717468,0.15788379562200727,-2.130717088943355
2021-02-17,0.0,-0.02228445428593024,-0.25509234604672315,0.19016062929618183,-2.5344723416188746
2021-02-18,0.0,-0.03593337538656062,-0.2611862277740085,0.17865942587445802,-2.5330950052197405
2021-02-19,0.0,-0.0364317314854736,-0.2633892869593124,0.20528589826838914,-2.530150004883171
2021-02-20,0.0,-0.03447689439542045,-0.2599138526306576,0.23972712045461345,-2.5281718532902406
2021-02-21,0.0,-0.036061311967095555,-0.2544541520441042,0.27352093067262745,-2.527280524177317
2021-02-22,0.0,-0.04131934449955513,-0.2434110959097623,0.3050311679955812,-2.5262949803368095
2021-02-23,0.0,-0.04781667426000196,-0.24042375871780006,0.337821617293589,-2.525864253686093
2021-02-24,0.0,-0.053903043798103234,-0.24659671941251843,0.36963373118355797,-2.5268572321318294
2021-02-25,0.0,-0.05569309959161467,-0.2443720413631051,0.4031806101714919,-2.5296426222698987
2021-02-26,0.0,-0.0631186208305391,-0.2524829755858812,0.3498064257919493,-2.5330656983606645
2021-02-27,5.1,0.06152936248901178,-0.1413704824537055,0.4036657506402132,-2.2493460060801134
2021-02-28,0.0,0.022800951567924756,-0.1790374024001504,0.4379228165381736,-2.2545635862539246
2021-03-01,79.7,0.6516696919893638,1.3444343320018761,0.15935812071320227,-0.43426118375957584
2021-03-02,8.6,0.5190744794689421,1.2445167595349567,-0.1177968182943045,-0.3270376750408019
2021-03-03,0.0,0.2135923304129575,0.8610067968814149,-0.08388379687681774,-0.3351811368207961
2021-03-04,0.0,0.0547854100594522,0.7195336177639372,-0.04988007105641345,-0.3435460462242898
2021-03-05,0.0,-0.06931499835635073,0.58966741316268,-0.16964682289769356,-0.35296094121511584
2021-03-06,4.8,-0.02126558927018989,0.6064305442394655,-1.56883413330618,-0.2998686650425391
2021-03-07,0.3,-0.10375348835579125,0.5112448698066981,-1.5358124866445126,-0.30462371913667186
2021-03-08,0.0,-0.18192918468856398,0.44097990549980914,-1.5588652909458895,-0.31427062571826964
2021-03-09,0.0,-0.23493801972420333,0.3902878016654195,-1.5331256342488664,-0.32546620699414247
2021-03-10,0.0,-0.283305490967257,0.33896677164599287,-1.512318110545286,-0.33671001571404624
2021-03-11,0.0,-0.3221347687114498,0.2863258975821357,-1.9724013332354495,-0.349667110769493
2021-03-12,18.1,0.09021316570378057,0.7603161059365635,-1.8879115019454185,-0.13665510068382916
2021-03-13,0.0,-0.0321205582593081,0.651675152655076,-1.87314355579784,-0.15975038544387463
2021-03-14,0.0,-0.10190286372494917,0.5823103381807779,-1.8575669455790795,-0.1741781964275824
2021-03-15,0.0,-0.15972847881536809,0.5280521829703594,-1.838991449613039,-0.18923555234725015
2021-03-16,0.0,-0.20786178171761693,0.45118328039043365,-1.8209087670548103,-0.2028800360932568
2021-03-17,0.0,-0.27001372103738597,0.37876966681760543,-1.807450174509835,-0.21505883946072057
2021-03-18,0.0,-0.32902939518590213,0.3186804778692704,-1.7949052304755246,-0.22753151215103107
2021-03-19,0.0,-0.36737258283765656,0.2574220702912505,-1.7851524182446274,-0.24085904467266503
2021-03-20,0.3,-0.40562172119008433,0.21304927455568037,-1.7705951859450257,-0.25068950404829304
2021-03-21,0.0,-0.45661980830880833,0.15479844055029024,-1.7576319962508675,-0.2640664664937044
2021-03-22,0.0,-0.506306575943486,0.082081525451196,-1.7764876468526085,-0.2790027466966024
2021-03-23,0.0,-0.5439390256172846,0.019310074108379746,-1.9936072077264737,-0.2935842426055951
2021-03-24,0.0,-0.5385638669834163,-0.03891628030592822,-2.0879425290683615,-0.3082882062460573
2021-03-25,0.0,-0.5782907497405413,-0.07198962791394681,-2.1442319197606805,-0.3236899445505201
2021-03-26,0.0,-0.6306623953386536,-0.10240964458562764,-2.1589357190200653,-0.3401112674159765
2021-03-27,9.4,-0.30545758048265265,0.11422562354610667,-2.036485613156018,-0.23287657171892429
2021-03-28,0.8,-0.3291885887173973,0.06238047990858947,-2.020263937484614,-0.23887737418604532
2021-03-29,0.0,-0.3555034955240244,0.002266771663681391,-2.076114899204817,-0.2552534929503814
2021-03-30,0.0,-0.3649573268496145,-0.041717940927719965,-2.074555437776414,-0.27158710762792854
2021-03-31,0.0,-0.403850610085137,-0.0628638486506428,-2.0662628187126497,-0.2868729973248414
2021-04-01,0.0,-0.44861458487153677,-0.09379441375961937,-2.061045028456203,-0.30127375710041243
2021-04-02,0.0,-0.48872911016835124,-0.12336235848500539,-2.0542239172861745,-0.3145797177872207
2021-04-03,43.3,0.553720230892885,1.0855860681657965,-1.5438478003472837,0.21137176488947515
2021-04-04,31.1,1.2450032656980643,1.6838604135828295,-1.2215313110694308,0.537071067653787
2021-04-05,0.0,0.9667863134472579,1.4372006809044615,-1.2141130464315826,0.5275243937374247
2021-04-06,0.0,0.7507113971079958,1.2345485672818197,-1.206496345080784,0.5176650804324021
2021-04-07,0.0,0.6240062092148758,1.1417340953373503,-1.1992161614036816,0.5078576996659675
2021-04-08,0.3,0.49673149129712374,0.9940715892784637,-1.1908839499220183,0.5011850510414635
2021-04-09,0.5,0.4069445716617056,0.9086089203109785,-1.1793935376286457,0.49747870876118666
2021-04-10,0.0,0.29486516688376974,0.7980476255690674,-1.1735650883579862,0.48760056099641425
2021-04-11,0.0,0.2102516783600466,0.7310741958386058,-1.168323990170125,0.47722746832227964
2021-04-12,3.6,0.22826987275590963,0.7251488173345499,-1.1282509793180582,0.5042030796008249
2021-04-13,2.8,0.22931517569105492,0.7308447648118129,-1.097962249589642,0.5216822171461571
2021-04-14,0.0,0.14661755448152664,0.6606986088220592,-1.096105952969845,0.5098061933779646
2021-04-15,0.0,0.07668569996063626,0.5910506110666566,-1.0948194089735832,0.4988743833728651
2021-04-16,0.0,0.012405698532447551,0.5368485933952816,-1.0923285965737708,0.48774703795523
2021-04-17,0.0,-0.06679660999181544,0.47758464122578265,-1.0895332716897597,0.476380518706347
2021-04-18,0.0,-0.1253507220312344,0.4020738927882407,-1.087398953186642,0.46467030361248174
2021-04-19,0.0,-0.1834072885934523,0.33534182965190296,-1.0840955701247812,0.45431643484787976
2021-04-20,0.0,-0.24712153299988468,0.2525853576091863,-1.0823056339430275,0.4452654274713644
2021-04-21,0.0,-0.3110721068063081,0.18928646557268858,-1.082714263335426,0.4351734505422023
2021-04-22,0.0,-0.33064020879314776,0.12250771667971525,-1.0826637297603652,0.4114856626528725
2021-04-23,0.0,-0.3760710377100411,0.06462264625294059,-1.0826467218345697,0.3026651985881833
2021-04-24,0.0,-0.3842876420487124,0.0009751488296755218,-1.0838432081105993,0.2762848744209992
2021-04-25,0.0,-0.41095034790263374,-0.05322781095639218,-1.085931174552317,0.2635304329165304
2021-04-26,0.0,-0.47530553344862125,-0.10729831219440517,-1.0880207985387393,0.25043493318460697
2021-04-27,0.0,-0.5267161498179215,-0.16561040270562946,-1.0899292510258758,0.23907857227153886
2021-04-28,0.0,-0.5330020761245812,-0.20646792073158843,-1.0932517790336047,0.22513224548120042
2021-04-29,3.2,-0.44031272342197764,-0.14962373106924232,-1.0628748647763169,0.2484158944470919
2021-04-30,23.3,0.15158446455202637,0.31928713973287975,-0.8346246766353687,0.48983760783080954
2021-05-01,21.7,0.4669262276212238,0.784545956006592,-0.6339362555677515,0.7007119540600255
2021-05-02,13.0,0.7031024606092888,1.009080419729574,-0.5199736856245498,0.8180110749450882
2021-05-03,0.0,0.5375373839981866,0.8724129068991252,-0.5222860453555211,0.8079632355909253
2021-05-04,0.0,0.41979098318303065,0.7650586169538015,-0.5250641806533863,0.798046544002275
2021-05-05,3.5,0.4326008480670583,0.7767019822032177,-0.49681483073807525,0.8226911625084027
2021-05-06,0.0,0.2970409592279982,0.646580361863938,-0.4986078948826158,0.8126587071347738
2021-05-07,0.9,0.15598300987312308,0.4406437000803537,-0.4931524881654471,0.8124378650326777
2021-05-08,0.0,0.05818979017088911,0.3656539520549064,-0.495753965230124,0.8043547291613945
2021-05-09,0.0,-0.023651230681764116,0.29924379467315737,-0.49807373049636744,0.7943486203032497
2021-05-10,0.0,-0.06323772270919976,0.24361368367692554,-0.5006528134523534,0.7843842546566605
2021-05-11,0.0,-0.12396419159923946,0.172289742996252,-0.502205739586801,0.775389405825566
2021-05-12,0.0,-0.20023516431075777,0.097077115736087,-0.5025239743041295,0.7669633909171084
2021-05-13,0.0,-0.22332325199341319,0.028785849540144823,-0.5027044216262534,0.7588583207261637
2021-05-14,0.0,-0.294041880258477,-0.04155992771036585,-0.5019930991437599,0.7524243946434355
2021-05-15,2.2,-0.2996637056288104,-0.03806624764060531,-0.48204532059014976,0.7709284208670055
2021-05-16,63.5,1.627398981086313,1.684507991212599,0.04348666866033231,1.3702838831838218
2021-05-17,9.9,1.5587853775114031,1.6852716379456527,0.11833471184972923,1.4538434285684654
2021-05-18,0.0,1.2187933227051626,1.400018610926356,0.05764107166337569,1.449157355016535
2021-05-19,0.0,1.079459593405959,1.3454475165960387,0.055629052820196666,1.4444094497559177
2021-05-20,5.2,1.1498327550006755,1.4046910286090422,0.09343357069173107,1.487200457558548
2021-05-21,15.7,1.5462933353488866,1.7476282725548271,0.20891032426346845,1.6194395905115595
2021-05-22,0.0,1.4017513064780283,1.6149560716486386,0.2065701615384458,1.6158795920191362
2021-05-23,0.0,1.2311986909611792,1.4644227245698016,0.20330242511054628,1.6132672221986484
2021-05-24,0.0,0.8891664597072299,1.1095359331108694,0.19981993408664897,1.6096003111923831
2021-05-25,0.3,0.8516022296289101,1.0254015672667225,0.19815140440182194,1.6080487102823158
2021-05-26,0.0,0.7949455083715723,0.9587984359079118,0.1938578106022971,1.6040123501578343
2021-05-27,0.5,0.7927757919356452,0.9652404487953588,0.1931256587287389,1.604105555890794
2021-05-28,11.2,1.1466217548825255,1.2923169815168776,0.27038039993515656,1.6513264182018044
2021-05-29,2.6,1.1781435027460054,1.3192923438786128,0.28439872381188946,1.6708380568105
2021-05-30,0.0,1.082293786557647,1.2296009345740033,0.27885792059282904,0.9527339410426136
2021-05-31,7.3,1.27709827260887,1.4149691441346801,0.32534300052802967,0.9374383642117218
2021-06-01,0.1,1.1026489828116868,1.2714601072521505,0.3206783587923921,0.9363261574594559
2021-06-02,0.0,0.9189717417210725,1.08235731959323,0.3155777514475591,0.9352561770295988
2021-06-03,14.2,1.3627451439404974,1.4236215843436903,0.4111325554959288,1.0701588290847621
2021-06-04,0.6,1.2389691230606201,1.339412184971447,0.40970956891175203,1.0285102452013544
2021-06-05,0.0,1.0655224993146477,1.203664009953587,0.4033018658988584,1.0227782398112628
2021-06-06,0.0,0.988741820443616,1.124974563365014,0.3954845308857229,1.0171159111525516
2021-06-07,0.0,0.8562101070941187,1.0162576148395184,0.3874846376288876,1.0122149031595604
2021-06-08,0.0,0.710009544972401,0.8815545937034313,0.37915019520539883,1.0053534872842125
2021-06-09,0.0,0.6401039076476106,0.8172966706819518,0.37010036104882876,0.9985678876341345
2021-06-10,0.0,0.5828947814875303,0.7487083495481712,0.3596475316879631,0.8142400202339983
2021-06-11,0.6,0.5504639329391253,0.7083960497775813,0.3444256681915421,0.8074832407492019
2021-06-12,0.0,0.4781411638610235,0.6280625474069951,0.32941197627367486,0.793001453004132
2021-06-13,0.0,0.4013307032297277,0.5565992550130073,0.3134692311205677,0.7781631970257396
2021-06-14,0.0,0.3462040844206896,0.4967665694497421,0.29623211757579443,0.7609636376944461
2021-06-15,0.2,0.316967977681329,0.4678951044434313,0.27937792210291984,0.7430689524636205
2021-06-16,14.2,0.7784657500718001,0.8829975906305684,0.3610319711398532,0.8559387476584854
2021-06-17,0.0,0.6491840223193754,0.7574781463098791,0.339027716209845,0.8300984254744609
2021-06-18,0.0,0.5050107600369229,0.6552543996807868,0.3156460500471639,0.7994393139075154
2021-06-19,0.0,0.3168815587978262,0.46831104068307133,0.2916961896247243,0.7705444619385697
2021-06-20,0.0,0.1801211341452506,0.31163769326555985,0.26531384672973324,0.7381246955963312
2021-06-21,0.0,0.055768104045806004,0.16660733918927914,0.2384207298965919,0.7045130966237904
2021-06-22,0.2,-0.046146592303070055,0.06081973614605095,0.2119287997738003,0.6716940755562316
2021-06-23,0.0,-0.15777627697742067,-0.060542842325077895,0.1840095482968752,0.6375407028567582
2021-06-24,0.0,-0.2547781420104642,-0.1687307789890797,0.15424699046157112,0.6021973310176213
2021-06-25,0.0,-0.3427171261019758,-0.2689410460930598,0.1231591320741345,0.4784767375034271
2021-06-26,2.1,-0.3449371221279831,-0.2859492495225897,0.10568265026677078,0.4529274663904856
2021-06-27,0.0,-0.4267449857935271,-0.3623948597710898,0.0716286764043543,0.41352317676809847
2021-06-28,0.0,-0.5239634866279809,-0.4555133164255585,0.036838560883205966,0.37339666411974287
2021-06-29,0.0,-0.6018603656404793,-0.5277017795151537,0.0014153320254878478,0.333109897025257
2021-06-30,0.3,-0.6728636797215167,-0.6126801066524612,-0.033992932772237375,0.29257450238522553
2021-07-01,0.0,-0.6460733226407092,-0.6114187712898075,-0.07302668596958029,0.2474567141168576
2021-07-02,0.0,-0.8044279036892034,-0.7160323420336209,-0.11300681750651313,-0.20447060919805396
2021-07-03,57.7,0.21002493744112932,0.1664977150934282,0.2453196033719451,0.005161174975846759
2021-07-04,35.6,0.7414331839054727,0.6260566784275156,0.4348488255731297,0.2735760731065013
2021-07-05,0.0,0.4292817456233063,0.3429005397880181,0.3947267752212433,0.22894392237464006
2021-07-06,0.0,0.233215510634021,0.1683971340147727,0.35519281282435183,0.18549149062060685
2021-07-07,0.0,0.07006865198504814,0.013041210103829007,0.3158447167204948,0.14013539681915238
2021-07-08,0.1,-0.06526059738241223,-0.11630056128286431,0.2765932776662963,0.09222964317773961
2021-07-09,2.3,-0.13436343847199242,-0.1817334456548661,0.25147913784316817,0.06770729243288258
2021-07-10,20.6,0.1530294920736094,0.0691911403068957,0.3408828456724449,0.19308919749844142
2021-07-11,0.0,-0.060648558878382615,-0.1321871256500425,0.3002198328648259,0.11994215112908879
2021-07-12,0.0,-0.2013144066677269,-0.2599085276844507,0.26020046548189446,0.05554125858836069
2021-07-13,0.0,-0.33795743305268067,-0.38382760013847983,0.22105463955545562,0.01541800046365409
2021-07-14,0.0,-0.4340264371715866,-0.4675914274733117,0.1822892964153675,-0.02458287786578267
2021-07-15,0.0,-0.5034428472265459,-0.5355450074052744,0.14450344394666023,-0.06332132206845734
2021-07-16,0.0,-0.5542035125768758,-0.5707093469241181,0.10780528506269943,-0.10047916681678808
2021-07-17,25.9,-0.21463637661207777,-0.2717918787223272,0.23268797949448486,0.07054585937239495
2021-07-18,0.0,-0.2929350202812984,-0.33859658862600533,0.19840050176228644,0.03621824134306042
2021-07-19,0.0,-0.37197308860626055,-0.4140107982756929,0.1648936955624865,0.0023893902623866236
2021-07-20,0.0,-0.4471855008753094,-0.48006550161173345,0.13196852288483762,-0.029991763105319428
2021-07-21,0.0,-0.5129254592650632,-0.5368588839861512,0.09394228527904024,-0.059694089353612576
2021-07-22,0.0,-0.5442513922202821,-0.5608967189335353,0.0089864846434903,-0.08957433729186809
2021-07-23,0.0,-0.6275910621275076,-0.6324177756492771,-0.029630950588189937,-0.11909790921403333
2021-07-24,0.0,-0.759170939258621,-0.7378984650951734,-0.06103569329349987,-0.14941355196994136
2021-07-25,0.0,-0.7968316203822652,-0.7724172902872644,-0.09222383794450933,-0.1796765394940841
2021-07-26,0.0,-0.7299621699206035,-0.727082414354251,-0.12405795968701062,-0.21163542007317204
2021-07-27,0.0,-0.7453195975526063,-0.7275974480783636,-0.1552709980709618,-0.24119490668611943
2021-07-28,0.0,-0.757384663575685,-0.7432320821757034,-0.18428832857484015,-0.29293394576860926
2021-07-29,0.0,-0.7923604701982828,-0.7773992430870499,-0.21289221382925333,-0.5007045790038186
2021-07-30,0.0,-0.8341378380759148,-0.8100747724076615,-0.24073703320730808,-0.7033086445704376
2021-07-31,0.0,-0.8830631035962494,-0.8492690410088723,-0.2673103818758729,-0.835529008851162
2021-08-01,0.5,-0.9259669659386033,-0.8908208637346097,-0.29036853210156083,-0.8529779781106878
2021-08-02,2.3,-0.8463814779106623,-0.8356745467561437,-0.3021540713375752,-0.8544345340842515
2021-08-03,0.0,-0.7873683563464289,-0.785291448432557,-0.3282249507015632,-0.905969666347738
2021-08-04,0.0,-0.8810505436350311,-0.8471154838965678,-0.35365181591658146,-0.9264978010016083
2021-08-05,0.0,-0.9532102031244265,-0.9076222325809046,-0.3796293300822587,-0.9543474086984167
2021-08-06,0.7,-0.9596548058646206,-0.9347405654788978,-0.40183190095269966,-0.9687325652183847
2021-08-07,0.0,-1.0753429506398324,-1.0145594609169513,-0.4272640036189858,-0.9886799123784605
2021-08-08,135.9,0.9213257865681396,0.6012857839784722,0.272007654188805,-0.0380439267111766
2021-08-09,35.8,0.7871622661707721,0.748246259149222,0.4162881320341803,0.15329658042988423
2021-08-10,5.2,0.25725057718485317,0.39309269197728824,0.41063435116619795,0.15537059316984464
2021-08-11,0.0,0.0660033749188226,0.25144804455761444,0.38141408990738906,0.127251050833944
2021-08-12,0.0,-0.10719924684985861,0.12082613666495375,0.35206934434645126,0.09767958994288893
2021-08-13,0.0,-0.225118627466621,0.02913426830386037,0.3226880629642535,0.054294686546930294
2021-08-14,36.8,0.3106716486027048,0.44563759389681346,0.46335412819185395,-0.13400254573194478
2021-08-15,2.1,0.11024240391094062,0.2743163856531647,0.4428127863623834,-0.21233751368132572
2021-08-16,0.0,-0.06920522383486695,0.11190494648846855,0.4077281936068545,-0.2462830333861374
2021-08-17,23.8,0.15759210324926073,0.2791294347521112,0.4790545529311091,-0.13996512039425296
2021-08-18,124.1,1.942280546273613,1.712386931905134,0.9656218030825796,0.45814202821144645
2021-08-19,9.9,1.2700000518829246,1.359680442220926,0.9671872880843114,0.39087152113930096
2021-08-20,0.0,0.8113004291391241,1.0275456225863635,0.9295553675969271,0.3521719935317505
2021-08-21,2.7,0.7035215201748881,0.9416221165298526,0.902777278453371,0.32627870055502795
2021-08-22,0.0,0.56976433990941,0.8479576100430211,0.8653393038515222,0.2871368463005222
2021-08-23,2.1,0.4611066123169813,0.775144636208438,0.8369692771355235,0.25810184221514704
2021-08-24,25.3,0.7126595820627646,0.9633554226778888,0.8983518243805888,0.34098639436821326
2021-08-25,2.0,0.5430993289725026,0.8360140904557525,0.8703619183125743,0.3111386776896402
2021-08-26,0.0,0.36109268889775203,0.6967949413728386,0.8171764838514484,0.22453782845563214
2021-08-27,0.4,0.19697172419287232,0.5547068650372977,0.7845162896857102,0.17933973077131313
2021-08-28,0.0,0.07461170157978701,0.4336148022787893,0.4380193856617499,0.1431610947424026
2021-08-29,0.0,-0.132173609330053,0.2632996160643534,0.3687852542625102,0.07219849433541924
2021-08-30,0.0,-0.2760801571612491,0.11495435161420162,0.3344019288553594,0.03496275931514697
2021-08-31,28.5,0.04533271465324067,0.1985685000383062,0.414524849046291,0.13095414619595264
2021-09-01,76.9,0.8975258428630661,0.7596419285892734,0.6766795990174029,0.3726803722487162
2021-09-02,0.0,0.768308420436486,0.5838585315925282,0.6259008978490279,0.3354492908959253
2021-09-03,0.0,0.5428183270969765,0.44201844398420004,0.5925158564355725,0.3019334983618966
2021-09-04,0.2,0.47579355658617223,0.35375076765950886,0.5626366339278939,0.2713417619906844
2021-09-05,0.5,0.4130822309108559,0.2904350112359041,0.5349463762578607,0.24248676955259243
2021-09-06,0.1,0.29872430362041813,0.2234738191978031,0.5053550499224054,0.21201901441504872
2021-09-07,10.8,0.4179364882593082,0.2793915313583754,0.5155196803048524,0.2272433837776651
2021-09-08,3.0,0.2879542818976454,0.21040366707751074,0.4295828144538024,0.21072671894274844
2021-09-09,0.0,0.23112173655805585,0.1548056233198992,0.4011446616158244,0.1813105525218435
2021-09-10,0.0,0.125917778133695,0.08055452888490854,0.37371876670391985,0.15626544813048418
2021-09-11,0.0,0.011263776871631083,0.0036024871523221594,0.34672546799523807,0.13196292479090768
2021-09-12,0.0,-0.07979326324544404,-0.06867238335209044,0.3205210186310568,0.10958757047902515
2021-09-13,0.0,-0.14530127222014305,-0.12220028278249566,0.29508094292216386,0.08828365835633227
2021-09-14,0.0,-0.22342450115190496,-0.17788259408544585,0.2703508146288316,0.008453774482531488
2021-09-15,0.0,-0.28457661938607814,-0.22407743876273262,0.2458411162682727,-0.008954941204756386
2021-09-16,0.2,-0.3406112228401361,-0.26649426726844716,0.22464224034725744,-0.021228938966837373
2021-09-17,5.6,-0.2990549331500256,-0.24827879084539523,0.22552064028852858,-0.00883160135744786
2021-09-18,1.2,-0.29970729658227846,-0.2654019992220596,0.2103735753533073,-0.013631569467682911
2021-09-19,0.0,-0.3859433664194527,-0.31938152825153804,0.19257901339527544,-0.021236676374413305
2021-09-20,0.0,-0.42286913571034446,-0.3576054406260438,0.1747053256290624,-0.029120754281804065
2021-09-21,0.8,-0.4643284549994434,-0.38060192089591816,0.15987072915957004,-0.03254933254431572
2021-09-22,0.0,-0.5069206040930869,-0.4166787865805003,0.14329331672953305,-0.03723547333272371
2021-09-23,0.0,-0.5456459829199104,-0.44611797977952355,0.0913984068399235,-0.04106815275336
2021-09-24,2.1,-0.5297305543148664,-0.4344903412159827,0.08061607289085274,-0.04345410128556713
2021-09-25,4.5,-0.5035554735265586,-0.4174202837216183,0.08235127738022559,-0.024662041860995385
2021-09-26,0.0,-0.5416502310300151,-0.4517203273401643,0.06772944304375926,-0.02390103004520786
2021-09-27,0.1,-0.546542328062246,-0.46952434784956304,0.05434374337713497,-0.021294858921046867
2021-09-28,0.0,-0.5863632390562207,-0.4963747869587383,0.04175215274147475,-0.01713611300630413
2021-09-29,5.6,-0.5416197766554344,-0.46353989342300744,0.05097419428433054,0.014249803242972994
2021-09-30,0.0,-0.5268540425728763,-0.47756182387841556,-0.12787445049350968,0.02279936475937922
2021-10-01,0.0,-0.5809662820403941,-0.5044893728355289,-0.2625453074058908,-0.21871623319196268
2021-10-02,1.1,-0.61889447340592,-0.5297039457838524,-0.26860368177524013,-0.3638093196729037
2021-10-03,0.0,-0.5215928896968082,-0.5019129849966788,-0.27831871710285755,-0.3513171134516749
2021-10-04,0.0,-0.6374574352450508,-0.5607329712637292,-0.28765352397523536,-0.33880150174821816
2021-10-05,1.4,-0.6426522954457261,-0.5569378759464222,-0.2928624123300319,-0.3195601285636472
2021-10-06,48.8,0.12982192270861062,-0.01351806413560775,-0.1113329737351585,-0.08865976223352828
2021-10-07,1.8,0.019276327908027323,-0.10108488553082999,-0.11243371655272127,-0.07687414263018358
2021-10-08,5.5,0.03730511105447847,-0.09517379453902891,-0.09859464544043542,-0.12798083747567446
2021-10-09,4.7,0.05430958687864142,-0.08493782599596188,-0.10147773664318525,-0.09239856661754743
2021-10-10,0.0,-0.02591646549946158,-0.14163221650311072,-0.118656855920528,-0.07735419423430645
2021-10-11,7.0,0.046530579927607715,-0.09505228165897114,-0.09718812360377621,-0.031516028674802896
2021-10-12,0.0,-0.0275514874244432,-0.14282389191081907,-0.10272004413566205,-0.01567425009537129
2021-10-13,0.0,-0.08372206022109734,-0.18304920227460078,-0.10752100546151022,0.00022569438335454898
2021-10-14,0.0,-0.12501761050542629,-0.2081005017371701,-0.11237045416657107,0.01499323082296725
2021-10-15,34.6,0.21179596688307628,0.0008713842537394893,0.015450583610086497,0.06600269509714508
2021-10-16,8.9,0.2605127680657877,0.020821429822491043,0.044537239323296174,0.11795328917347353
2021-10-17,0.0,0.12985263142019157,-0.0627694943900255,0.039639794213082113,0.13184640672370906
2021-10-18,0.0,0.03491890159513781,-0.11175504850115785,0.03469853835585544,0.14512772716060784
2021-10-19,6.9,0.09256188735499023,-0.0652993094765429,0.05658296090722935,0.18713803006932445
2021-10-20,1.0,0.022098264417211893,-0.10184212965818057,0.056520733767395824,0.20481717230682703
2021-10-21,0.0,-0.06518497036945511,-0.15245511488254793,0.05338426316056745,0.21926561162681282
2021-10-22,9.2,0.05982731164044832,-0.06891492583784149,0.08551377311229674,0.27359062693270647
2021-10-23,0.0,-0.007428633696049257,-0.09835323927412268,0.08284103647593688,0.289323286311564
2021-10-24,0.0,-0.03618100456430607,-0.12577067550677018,0.07976778819519434,0.3066500774239215
2021-10-25,0.0,-0.07021135576242306,-0.15413658930215998,0.07713070923047295,0.3234639800214735
2021-10-26,0.0,-0.08257485810965255,-0.16789343854644925,0.06269455361331396,0.3397640748149387
2021-10-27,0.0,-0.11351079162191155,-0.19382854228969737,-0.028551766001834546,0.355892695960611
2021-10-28,0.0,-0.14440571929713322,-0.21724465835912515,-0.11469361564593877,0.37211186492041676
2021-10-29,0.0,-0.17695623943446212,-0.2431851002132667,-0.16779342873302097,0.38812677698452197
2021-10-30,0.0,-0.22852146070606613,-0.27866242451899403,-0.16977735167603536,0.4020488411743077
2021-10-31,0.0,-0.2886632036899666,-0.3172721848177404,-0.17138503414357412,0.4082349609055802
2021-11-01,0.0,-0.317522879384947,-0.33694523512874885,-0.18675438736941952,0.4252968664464536
2021-11-02,5.2,-0.2289610641611717,-0.2796940570105496,-0.16786942760173076,0.46468171465737834
2021-11-03,0.6,-0.2653953025322267,-0.3013343794792183,-0.17082036961937655,0.48613509618547984
2021-11-04,0.0,-0.30030275199206613,-0.324931861107588,-0.1723559143482198,0.502699693481778
2021-11-05,0.0,-0.31292615077630803,-0.3343677528564548,-0.1730048777919264,0.5226896749881917
2021-11-06,0.0,-0.3365985833482356,-0.35655956717524345,-0.17325793582412904,-0.06744668097647352
2021-11-07,0.0,-0.40399669047887277,-0.40640387435961267,-0.17369639254897554,-0.22026477028047223
2021-11-08,2.7,-0.3549027946605119,-0.3747087881343196,-0.16307608802575022,-0.20650826300913971
2021-11-09,0.0,-0.4087528746527228,-0.4186950715190664,-0.16341387165401106,-0.17980060661766056
2021-11-10,0.0,-0.46950946727766224,-0.45878021192763674,-0.1644506031666041,-0.15220614565440257
2021-11-11,0.0,-0.4893657801630746,-0.47418738930839294,-0.1746284441158075,-0.12404878310155018
2021-11-12,0.0,-0.5382795974547031,-0.5116304872227759,-0.43813956269798776,-0.278617900136856
2021-11-13,0.0,-0.5744489301525856,-0.5478880122792803,-0.4815171464054366,-0.2587162669355194
2021-11-14,0.0,-0.5410390496422817,-0.5427919457703881,-0.4829826484489722,-0.22507862088215588
2021-11-15,0.0,-0.5036503629353221,-0.5101031048048881,-0.48388963659172574,-0.3119295721715183
2021-11-16,0.0,-0.5528969691114334,-0.5383731889077026,-0.5066195143460585,-0.9830516426580974
2021-11-17,0.0,-0.5946521513181474,-0.5676926128889515,-0.5741476288214206,-0.9992084810055324
2021-11-18,0.0,-0.6119911809263399,-0.5724984116415021,-0.5730204731247336,-0.9516797037089287
2021-11-19,0.0,-0.6115102917798357,-0.5686658733640805,-0.5718597175265271,-0.9219858688464917
2021-11-20,0.2,-0.62289419395587,-0.5720534711713156,-0.5700842002755441,-0.8741702741498353
2021-11-21,0.0,-0.6331702363652328,-0.5861454218417667,-0.5705974128782267,-0.843194948287246
2021-11-22,0.0,-0.6340023308753354,-0.5920506629000013,-0.5696889924654721,-0.9603594893176267
2021-11-23,0.0,-0.6379802904126007,-0.5930683229936212,-0.5704055018029969,-0.9279855877824629
2021-11-24,0.0,-0.6457525159237048,-0.5992772596160538,-0.6168188057420138,-0.8839034583485477
2021-11-25,0.0,-0.6352149762699015,-0.5897020759079589,-0.625942895241523,-0.8428416348667978
2021-11-26,0.0,-0.656495438233589,-0.6013452563051789,-0.624047897168955,-0.7973952154319732
2021-11-27,0.0,-0.6523798084709258,-0.5801911735713854,-0.6541765197788014,-0.7515575696908293
2021-11-28,0.0,-0.6084568558203274,-0.558756835250006,-0.6523677917989411,-0.7048591893760885
2021-11-29,0.0,-0.6366086656586843,-0.5835895543564515,-0.6498512245067788,-0.8463650327118007
2021-11-30,4.4,-0.5324236460197903,-0.5082719463924712,-0.6896628191771448,-1.353537806605077
2021-12-01,0.0,-0.5521703179312606,-0.5210958415061369,-0.6883392700470012,-1.3056976645675136
2021-12-02,0.0,-0.552458913563216,-0.519598371831925,-0.6833742330794974,-1.256454616343133
2021-12-03,0.0,-0.5291983520591956,-0.506044710458245,-0.677783384100542,-1.2112549074693741
2021-12-04,0.0,-0.5356023907807644,-0.5072820684675161,-0.6720325415315012,-1.1711001282933666
2021-12-05,0.0,-0.5544982930158351,-0.508090496520987,-0.6661462654534286,-1.1269236307415056
2021-12-06,0.0,-0.571477790542421,-0.5248998756845206,-0.6602693773439382,-1.1757721998227295
2021-12-07,11.4,-0.2705276843621773,-0.27955928651540324,-0.6041250521464118,-1.059846594836895
2021-12-08,0.0,-0.32825499952543563,-0.3150551986516158,-0.5981976024480296,-1.018422919238604
2021-12-09,0.0,-0.3583833350093656,-0.33693372492214085,-0.5893681282705818,-0.9783436429016743
2021-12-10,0.0,-0.380782141261654,-0.3603319791926279,-0.5804846722002547,-0.9396098814767123
2021-12-11,0.0,-0.38407574068647704,-0.3615407631553163,-0.5708187560369891,-0.9014773534644454
2021-12-12,0.0,-0.40427021135510705,-0.37644330814746263,-0.5608725010767613,-0.8639168214128498
2021-12-13,0.0,-0.42099907724112823,-0.3857372682800143,-0.609968189193433,-0.8276158209617087
2021-12-14,0.0,-0.4051600635602201,-0.37643941276577697,-0.5973217754506651,-0.7910431370552141
2021-12-15,0.0,-0.3834462893320105,-0.36027657044067296,-0.5833976670970139,-0.7552749958522624
2021-12-16,0.0,-0.39777593228719477,-0.3657572445876944,-0.5695763064648525,-0.7677916089874414
2021-12-17,0.0,-0.4118590665214682,-0.37204517672704596,-0.5642442549613017,-0.7465633602443843
2021-12-18,0.0,-0.40977943315650023,-0.37068313361292415,-0.5494313889331724,-0.7135298775599578
2021-12-19,0.0,-0.37821409840927833,-0.3573736435791707,-0.5349372253262884,-0.6808704164464171
2021-12-20,0.0,-0.35182105227804084,-0.3422302883610962,-0.5195570278446334,-0.6556428579396067
2021-12-21,0.0,-0.3659144611628512,-0.3467959558580604,-0.5040352055380899,-0.6224537744233554
2021-12-22,0.5,-0.3566785759088915,-0.334823699165825,-0.4850021435789521,-0.5845865002685966
2021-12-23,0.0,-0.36831424350993425,-0.3410911462465203,-0.47595493639319436,-0.5709891456355174
2021-12-24,14.4,0.0661678301554128,0.010633876189940583,-0.39669869898334154,-0.45317760980076044
2021-12-25,17.6,0.5329084100901678,0.3949279360314671,-0.30414513295422185,-0.27566249917728897
2021-12-26,0.0,0.4273641955047133,0.31382325202964617,-0.2839985924832137,-0.24509482581985836
2021-12-27,0.0,0.3679526605929369,0.2695850265121515,-0.2637198288405814,-0.21465584136310303
2021-12-28,0.0,0.3516625005720129,0.2540556209288755,-0.24069089671511923,-0.23104799593164269
2021-12-29,0.0,0.329253141806699,0.24114847631111705,-0.21661259942096397,-0.20264985417782566
2021-12-30,0.0,0.3892428278591987,0.23236664312923272,-0.4320750326294711,-0.17379752823818828
2021-12-31,0.0,0.3756315443950676,0.2245428783915603,-0.5602065744823906,-0.1549748661993395
2022-01-01,0.0,0.40726894348899084,0.2205577182619615,-0.5102214004252098,-0.10398512290904607
2022-01-02,0.0,0.4097355092129301,0.22119506157224383,-0.4863618357500605,-0.07914647620221192
2022-01-03,0.0,0.3405407930616945,0.2302440824676105,-0.46118752445523936,-0.06657697957077027
2022-01-04,0.0,0.353945830428504,0.23989863808006578,-0.4363396050942241,-0.4941739294651418
2022-01-05,0.0,0.34167953961470326,0.2310948754178832,-0.42064546318955015,-0.4891663451067421
2022-01-06,0.0,0.31287671090967956,0.214223385453966,-0.48496967286250076,-0.5246196095433616
2022-01-07,0.0,0.28162754452960526,0.19341991958595534,-0.46045199691331,-0.5547673484069832
2022-01-08,0.0,0.25504571134691517,0.18372385190599758,-0.4350515002352836,-0.5358717170183506
2022-01-09,0.0,0.2295121999103104,0.1647190914728011,-0.4094921388654831,-0.5962463048096152
2022-01-10,0.0,0.2182777009652101,0.16216273168309311,-0.38412198779800927,-0.57959497093501
2022-01-11,0.0,0.20121573546969895,0.15882951675052528,-0.3595946937601013,-0.5634027307090517
2022-01-12,0.0,0.17458528705607287,0.14239937818237453,-0.3360354860902435,-0.5467106410877657
2022-01-13,0.0,0.15041797263118406,0.12363431260578586,-0.42695696795222704,-0.9846756811532814
2022-01-14,0.0,0.11989508344419873,0.10078367633569238,-0.4047875937651761,-1.1109681552481503
2022-01-15,0.0,0.09934005577555806,0.08796766586248914,-0.38244431345620405,-1.0985374944241584
2022-01-16,0.0,0.08539617178143427,0.07718109007177458,-0.36883657109340273,-1.096218725143465
2022-01-17,0.0,0.08779600995146397,0.07919849539648056,-0.34792695081082475,-1.1985871439256681
2022-01-18,0.0,0.0875906078370301,0.07988991689911061,-0.3268620780583345,-1.199890946024306
2022-01-19,2.8,0.17381764314453826,0.16064234340806519,-0.2933350510488742,-1.1350041144509397
2022-01-20,2.6,0.2309113664548199,0.21870472433982324,-0.260032211049588,-1.2385678459190905
2022-01-21,0.0,0.21734697576171044,0.20387701046741824,-0.2384775671892553,-1.224864873958019
2022-01-22,0.0,0.2012733638703932,0.19219925081446187,-0.21486760500214766,-1.2109467377598544
2022-01-23,0.8,0.2149616169692126,0.20344192349989446,-0.1875621307124065,-1.1822172860463644
2022-01-24,1.2,0.2508383421580879,0.2370678267686671,-0.15894881980675,-1.1466036749400004
2022-01-25,0.0,0.2450692239299206,0.23628421082818452,-0.13644377003949856,-1.1340127881508701
2022-01-26,0.0,0.24744944976378264,0.23911292587120392,-0.11443450212380997,-1.1221905332849866
2022-01-27,0.0,0.236141586917835,0.23079193593508623,-0.09209861053606458,-1.1120968910067857
2022-01-28,0.0,0.20245580837360275,0.20166762391809334,-0.07233926954614019,-1.1021406671280831
2022-01-29,0.0,0.1639440297121305,0.17600287530890618,-0.060000291684889774,-1.0925685589777836
2022-01-30,0.0,0.12751283052912551,0.14511438571466395,-0.03593152579130047,-1.0822187487311818
2022-01-31,0.0,0.09962298486808997,0.1218688519296015,-0.010419643709305603,-1.1708738655317914
2022-02-01,0.0,0.09054689221920507,0.11546951739765324,0.015233257327800813,-1.17542789557254
2022-02-02,0.0,0.0985404809775975,0.12537847628632928,0.038196539852708246,-1.167493592564379
2022-02-03,0.0,0.11027265113530847,0.13742864854970654,0.06328819170958175,-1.1600785172020642
2022-02-04,0.0,0.11805908401319846,0.14797925973729253,-0.5336363627433421,-1.155733625022488
2022-02-05,0.0,0.12473815829921346,0.15458244994851023,-0.6830358302154809,-1.1507041294481053
2022-02-06,0.0,0.1345415523723961,0.16795253275130206,-0.6769616135569557,-1.198970002775753
2022-02-07,0.0,0.1365748776348751,0.17260109371204435,-0.6431103160414373,-1.1908427147551421
2022-02-08,0.0,0.13655514726326462,0.1685003738565255,-0.6079376559221484,-1.1794322771484698
2022-02-09,0.0,0.1279729744000859,0.16396069726317963,-0.5723177930103203,-1.1688105727262637
2022-02-10,0.0,0.10656921557835412,0.1473981901904742,-0.7220440491885135,-1.1559623629329967
2022-02-11,0.0,0.08723116343727083,0.1297255986788533,-0.696195993017487,-1.1410059479381487
2022-02-12,0.0,0.07616412024637713,0.12003581463872484,-0.6585906826757293,-1.1269565239174428
2022-02-13,0.0,0.062018453539284986,0.11223828164416055,-0.7419887692054682,-1.1175822282694434
2022-02-14,0.5,0.05634891275782996,0.10835033587500599,-1.399080666245317,-1.1004853998715873
2022-02-15,0.0,0.022564336058160914,0.08094759013403344,-1.4125116510894693,-1.0941444594823484
2022-02-16,0.0,-0.008331422681681517,0.05421313640812465,-1.3654329501307185,-1.0898808761122776
2022-02-17,0.0,-0.03334361125650395,0.031141585101263015,-1.3363750697352428,-1.0858701440970302
2022-02-18,0.0,-0.04851527849693981,0.01779958686281403,-1.2921457351800094,-1.088413876798124
2022-02-19,0.0,-0.05080733271901014,0.018451653542726147,-1.2590911679100922,-1.0863617981086355
2022-02-20,0.0,-0.049980267053170546,0.01982563471132559,-1.3748131398173236,-1.0850018711590153
2022-02-21,0.0,-0.052418934895752875,0.01730024964446997,-1.3453977666121684,-1.0843466678418696
2022-02-22,0.0,-0.05818195833010586,0.010473038969429197,-1.3038730794633817,-1.0845760887790463
2022-02-23,0.0,-0.06435282502402098,0.001165849629274058,-1.2642221029767122,-1.0854825363721854
2022-02-24,0.0,-0.07123133325211797,-0.004698992425914123,-1.2218439184665968,-1.0870808347798815
2022-02-25,0.0,-0.07394739356855469,-0.005928951657097718,-1.1798042490978795,-1.0898971609774983
2022-02-26,0.7,-0.06345802664078147,0.00689911705857924,-1.1347055546838214,-1.0790997985428592
2022-02-27,0.0,-0.08871263451702646,-0.012569957651150003,-1.2796110385787558,-1.0820143524216124
2022-02-28,0.0,-0.10849186503964145,-0.029564075875125297,-1.8054605982922651,-1.1775095135603943
2022-03-01,0.0,-0.13917453767197774,-0.055361099174795744,-1.7635351549763716,-1.1845184104340731
2022-03-02,0.0,-0.17783156246554097,-0.08631439823204237,-1.7237980753928137,-1.1930334660388207
2022-03-03,0.0,-0.1776791826920111,-0.0962229807819114,-1.6887120644387785,-1.2034933688919676
2022-03-04,0.0,-0.19949575927928645,-0.11473720643523412,-1.6577173187804477,-1.214266493126536
2022-03-05,0.0,-0.21454310535091353,-0.12583034358018366,-1.6240102724995586,-1.2272975617222535
2022-03-06,0.0,-0.2252581317120411,-0.13180595821172073,-1.6795582803178557,-1.2400689376233056
2022-03-07,0.0,-0.2348575687766458,-0.13876122451600054,-1.674411761486311,-1.522128199348318
2022-03-08,0.0,-0.25322605125400355,-0.14778896276332026,-1.6448745071684687,-1.537230889282916
2022-03-09,0.0,-0.2525212355303396,-0.1471158321623896,-1.6194090241140153,-1.5542932304869226
2022-03-10,0.0,-0.25333312553457943,-0.14651669595186173,-1.5973743027072125,-1.5727215925011475
2022-03-11,0.0,-0.2497173963152697,-0.14019881399107695,-1.5782431441986617,-1.5954247872296297
2022-03-12,0.0,-0.2374396863480059,-0.12698929877265408,-1.5610743703906547,-1.6184067143096634
2022-03-13,4.4,-0.09193869807808062,0.013428753234353356,-1.5058564777470025,-1.5297336037381364
2022-03-14,1.8,-0.048144292669853254,0.058586629235866945,-1.4722473415344417,-1.5134233298281545
2022-03-15,0.0,-0.06220537757950946,0.050844454568393406,-1.4524081903984243,-1.5417423527321272
2022-03-16,0.0,-0.07035146458663866,0.04419350691397926,-1.482071197679498,-1.5658671352189037
2022-03-17,12.4,0.33957652404018845,0.40004659577185947,-1.3691295459535502,-1.300284810802306
2022-03-18,17.6,0.8938853937464968,0.8783592739311189,-1.2064594448058787,-0.977788909274981
2022-03-19,36.7,2.049402976682547,1.8711459112473658,-0.9047056601129659,-0.42512226204674475
2022-03-20,0.0,1.8116430144087143,1.6809301237636043,-0.8936419772977316,-0.44030552237202863
2022-03-21,0.0,1.6821439456743714,1.5695171292519439,-0.8760617589919545,-0.45525383829395094
2022-03-22,0.0,1.5360616342214726,1.4276243347983746,-0.8608256191711704,-0.47905191754152493
2022-03-23,0.0,1.413498197086865,1.3239979441151,-0.862154207145692,-0.49548354530325334
2022-03-24,0.0,1.221541719867339,1.2303165983240276,-0.8814214296406284,-0.7288368352754517
2022-03-25,4.8,1.325764253698199,1.3340610426635302,-0.8283509169263272,-0.9628107130149755
2022-03-26,8.3,1.5792666815975038,1.5590471070522285,-0.7500058186999558,-0.8430142353226544
2022-03-27,0.0,1.4594407862476744,1.4499337155160577,-0.7363454470685437,-0.8661245267922904
2022-03-28,0.0,1.3698018194816646,1.3815850292665073,-0.7670064868956961,-0.8891831801362549
2022-03-29,0.0,1.266771844348395,1.2986001803794736,-0.7539711722401633,-0.9121791525217019
2022-03-30,6.7,1.3761838465155103,1.4119253773077798,-0.6880698728797199,-0.8215890053825851
2022-03-31,10.2,1.6927104081342224,1.6686769663971857,-0.6045878642988614,-0.6768391937404997
2022-04-01,0.4,1.6603493043827613,1.6580280314107336,-0.5897210380051813,-0.6878399690803823
2022-04-02,0.0,1.602637752442731,1.5693297854094908,-0.5780078071668643,-0.7034837311198421
2022-04-03,0.0,1.6046198315107876,1.5862844603415716,-0.5777483231935933,-0.7173231417445053
2022-04-04,0.0,1.4433481585650394,1.447158684503779,-0.9727836122905504,-0.7310412704284374
2022-04-05,0.0,1.442140226818788,1.440446202847792,-0.9806606195244746,-0.7449307782421561
2022-04-06,0.0,1.3679355604509837,1.38091878245563,-1.0219886761631085,-0.7583270654605587
2022-04-07,0.0,1.3674961318412735,1.4018932857585376,-1.0573105208277076,-0.772283277237985
2022-04-08,0.0,1.3168069600969279,1.3242360560383508,-1.0513917716345151,-0.7867846423918757
2022-04-09,0.0,1.2989989837270186,1.3002361384270829,-1.110211785378533,-0.7992971005479104
2022-04-10,0.0,1.2136138790365372,1.247087025672567,-1.1041714222713672,-0.8120950321653018
2022-04-11,0.0,1.2087019718086667,1.2525346943091227,-1.0987077462117365,-0.8246676558008795
2022-04-12,0.0,1.0978471525296887,1.1716825604027905,-1.093509754338957,-0.8390194107154693
2022-04-13,19.0,1.7012747249378175,1.7397433113018639,-1.2443186901062342,-0.5619232227816181
2022-04-14,3.1,1.7207965023694607,1.7722664234531287,-1.3026913559800513,-0.5313170817597266
2022-04-15,0.0,1.6412970715400905,1.7059103530179605,-1.3024325992604788,-0.5468704784385482
2022-04-16,0.0,1.6237514292706774,1.6941236429562447,-1.3008364899456644,-0.5629229895601106
2022-04-17,0.0,1.6420524057949195,1.7043870969054353,-1.371903240179229,-0.5788949882380309
2022-04-18,0.0,1.6744459759880221,1.6482097099874014,-1.3813553963543872,-0.595197317036896
2022-04-19,0.0,1.6310445853170572,1.6391421259714876,-1.3785310279393637,-0.6519818796532879
2022-04-20,0.0,1.5897471077148644,1.56805739056791,-1.4790372437453883,-0.7063232628906014
2022-04-21,0.0,1.5962555952138036,1.5868775903017698,-1.4808397240567057,-0.7240928709410003
2022-04-22,0.0,1.4565911825864672,1.4986505722363743,-1.4821314374613224,-0.7403782286725713
2022-04-23,0.0,1.4436125351097226,1.5110237483123643,-1.4835711003437453,-0.7705877116962229
2022-04-24,0.0,1.2902352792100913,1.4082058838621156,-1.486562154704572,-0.8075016862052611
2022-04-25,0.0,1.2273992634435793,1.2784612745442934,-1.4905309320870122,-0.8247339337809462
2022-04-26,23.5,1.9894869415404903,1.9926773577033776,-1.235114196682604,-0.4884960377917532
2022-04-27,0.0,1.7646565514818697,1.8031901691848289,-1.237647775576035,-0.5021125406660552
2022-04-28,0.0,1.5161884430960817,1.5982153061220143,-1.2416449303146158,-0.5164640810528851
2022-04-29,22.8,1.9065262527877436,1.9208793440917606,-1.008436383525832,-0.22227046410505766
2022-04-30,0.0,1.9533748934260862,1.9390255166659842,-1.0097623511690812,-0.23718565286558502
2022-05-01,0.0,2.0022179573667582,1.8936258093445721,-1.0645184340299019,-0.2526836908362322
2022-05-02,0.9,1.9875491246557773,1.9280642468847502,-1.0658721822028239,-0.2568311477145886
2022-05-03,0.0,1.9845424087481116,1.9511764491595185,-1.0705706795336682,-0.273508545595498
2022-05-04,0.0,1.9992804712503705,1.9518814720440876,-1.0756308478924006,-0.2900869463992197
2022-05-05,0.0,2.020630123149959,1.9530898805297912,-1.0804943017981914,-0.3049271256440626
2022-05-06,0.0,2.006293073353273,1.9020750264273731,-1.0840095745081044,-0.3190029629435838
2022-05-07,4.6,1.6205734545825554,1.5693544809697755,-1.0682333686682004,-0.27289839835977053
2022-05-08,0.0,1.6351601444746784,1.5870075257055976,-1.0722886175823965,-0.28769968798192896
2022-05-09,0.0,1.6571241324847006,1.596241658662561,-1.0755656854692965,-0.3020158881296138
2022-05-10,0.0,1.6834902013945585,1.5604506608979707,-1.07901064061512,-0.31643022657466563
2022-05-11,0.0,1.632064456892631,1.5180955568956083,-1.0806180822240814,-0.3305835890131515
2022-05-12,0.0,1.6322668088993713,1.5155574625145463,-1.080152739929809,-0.34419363873294506
2022-05-13,0.3,1.397293281829902,1.4050509081075466,-1.0765894616938383,-0.35220014353693996
2022-05-14,0.0,1.4332573542830616,1.4454268319589654,-1.0754020421833703,-0.3611129416392676
2022-05-15,0.0,1.4278935370702301,1.4392579274405806,-1.0747362687302588,-0.37642225051519673
2022-05-16,0.0,1.4432171105957707,1.3922361976245534,-1.0747100550667055,-0.38406993931892014
2022-05-17,0.0,1.4021620657243716,1.4126389683894685,-1.0758544560844736,-0.3905361482097682
2022-05-18,0.0,1.2982589082743028,1.3480676894371357,-1.0766265038524812,-0.3968743263169899
2022-05-19,0.0,1.3152692193197122,1.443773933521897,-1.0800146461716151,-0.40254900899871426
2022-05-20,0.0,1.3402895445932494,1.4621406281786862,-1.0812155409225759,-0.40873796813798574
2022-05-21,0.0,1.3413442525686845,1.4394888225938451,-1.0829778962292391,-0.41555765814272194
2022-05-22,0.0,1.3771150986854273,1.4775253567243298,-1.084301201569193,-0.4201062555424847
2022-05-23,0.0,1.3377185207935565,1.4569875844491555,-1.087173686919207,-0.423795976123724
2022-05-24,0.0,1.0625618302869033,1.193625345237534,-1.0903657228190105,-0.42598964922095445
2022-05-25,0.0,1.1064754698080879,1.1813987998019353,-1.094149784669957,-0.42907690750054933
2022-05-26,0.0,1.1336326683714253,1.1918590608298978,-1.0976210245203986,-0.4320830289920057
2022-05-27,0.0,1.200308749592436,1.26536548539486,-1.1015049487476556,-0.4443881419075333
2022-05-28,0.0,1.2620084652421732,1.328038743064284,-1.1065237957299323,-0.44813195572996395
2022-05-29,0.0,1.3336348743561284,1.394336134092222,-1.156852510907024,-0.4512640776186552
2022-05-30,0.0,1.347720365522154,1.410197425936852,-1.163252854142222,-0.45304908527140736
2022-05-31,0.0,1.3726107026492267,1.4454292322538547,-1.1711431702662503,-0.45452435628228
2022-06-01,0.0,1.3138013887217534,1.4177411490788108,-1.1791392294845489,-0.45571467595542564
2022-06-02,0.0,1.2044741877882696,1.307443276450388,-1.187382971831296,-0.4568067398452008
2022-06-03,0.0,1.232242978248328,1.273906997255145,-1.197071188926552,-0.4594404784984803
2022-06-04,0.0,1.2372393586276136,1.308270204920481,-1.2062394719064842,-0.46324653038285357
2022-06-05,8.7,1.4815991646850317,1.5647718213032829,-1.2447603017244033,-0.3498232283981677
2022-06-06,64.5,0.4087087821342035,0.2646021961498784,-0.6230852611041201,0.42151884352125524
2022-06-07,1.7,0.032481113757025004,-0.07766067435368589,-0.6183698517296444,0.43560777677276435
2022-06-08,0.0,-0.2003787022993266,-0.2774331307005772,-0.629894670797849,0.4295277719692138
2022-06-09,7.7,-0.07917207862847246,-0.16148393411402256,-0.5734915921260955,0.5055408132027499
2022-06-10,0.0,-0.21702269017627063,-0.2870104773660653,-0.5868279830488433,0.49673871967703626
2022-06-11,0.0,-0.3316137142802264,-0.38854758975040243,-0.6036289036360414,0.43678147185959854
2022-06-12,0.0,-0.401600168485466,-0.44587437691741855,-0.6221572444380673,0.4030179515355839
2022-06-13,0.0,-0.4404566358443414,-0.4867612914424472,-0.6414856821469004,0.3883173813205461
2022-06-14,4.9,-0.33140686514852274,-0.3788929609203964,-0.6175724252355992,0.4241248653580513
2022-06-15,9.0,-0.09988922490360544,-0.16181669040318547,-0.5584338461483795,0.36816499712605244
2022-06-16,0.0,-0.20523041844881684,-0.25505618306883676,-0.58075132430398,0.15092527213131068
2022-06-17,0.0,-0.30624671750958066,-0.34382804640419945,-0.6051575774195329,-0.31031253637632056
2022-06-18,0.0,-0.41124259935612595,-0.4604664347860417,-0.6305531204928984,-0.3356083366446531
2022-06-19,0.0,-0.4798441968899739,-0.5353080189063566,-0.6560495590133395,-0.36160575666914474
2022-06-20,0.0,-0.5467152467218377,-0.5900948823350531,-0.6889278167227111,-0.3892919754036631
2022-06-21,0.0,-0.5739335710931719,-0.6068607652130893,-0.7176553573010983,-0.4168559879184057
2022-06-22,0.0,-0.6819746819581455,-0.6848819759149031,-0.877986822921096,-0.44569306677980197
2022-06-23,21.7,-0.17766561188738472,-0.2181025828547765,-0.8691553880385916,-0.2723445066330588
2022-06-24,27.5,0.17855877346442317,0.07999946599787129,-0.6541902611247983,-0.08730547726605667
2022-06-25,0.0,-0.10193100996311678,-0.1846882778511113,-0.686177727530893,-0.11990438538891252
2022-06-26,4.0,-0.15407678843101258,-0.23468560984292444,-0.6849582374703835,-0.11131552412203458
2022-06-27,10.3,-0.0604776640762646,-0.14782646714232564,-0.6315062999543917,-0.03927460273019207
2022-06-28,0.0,-0.2112953023542882,-0.3009197069353746,-0.6668684537724195,-0.1455000678992376
2022-06-29,0.2,-0.3330361007911773,-0.4165823849171204,-0.7010827936271051,-0.28736930730497634
2022-06-30,25.8,0.10481795162460311,0.03688336645348214,-0.5258823170225897,-0.06579133419596996
2022-07-01,0.0,-0.11523271494579217,-0.16091870152704352,-0.5646105262881838,-0.10818371635790319
2022-07-02,0.0,-0.2843677180160935,-0.3128231265257542,-0.6042337434594812,-0.15137574176662788
2022-07-03,0.0,-0.4229038343425023,-0.43506914468977353,-0.6447061832497699,-0.19529593936477657
2022-07-04,0.0,-0.561816020573716,-0.5716630947924357,-0.6858285676231893,-0.2392213909724002
2022-07-05,0.0,-0.6553170577544072,-0.6602810044783142,-0.7275238826519457,-0.2819554075693258
2022-07-06,0.1,-0.6955027995226165,-0.7143860851845154,-0.768155416252918,-0.3230706898869687
2022-07-07,0.0,-0.8008338797225161,-0.8212877507288555,-0.8092103780752956,-0.3651720974774995
2022-07-08,0.0,-0.8882955230207384,-0.887810435459804,-0.8521733752778246,-0.4105649285611897
2022-07-09,0.0,-0.9306472230819665,-0.9389864958794356,-0.895267630517676,-0.45596959116629193
2022-07-10,5.5,-0.9671562048047193,-0.9820014316116681,-0.8942700440623167,-0.4491716636862894
2022-07-11,32.7,-0.3590593818854866,-0.4296175283423456,-0.6805643569756833,-0.19428496012591104
2022-07-12,0.1,-0.5436495794731703,-0.5923181950403132,-0.7185593346740868,-0.4055383297584432
2022-07-13,27.0,-0.1425150439680814,-0.22555814120661263,-0.555527140339349,-0.2313330188106183
2022-07-14,2.6,-0.2871033750264678,-0.35236952466814603,-0.5752584610892846,-0.2484321300219458
2022-07-15,22.2,-0.023064184653920048,-0.11582062463592388,-0.45512861234017427,-0.10015736003462758
2022-07-16,22.6,0.06425739154311909,0.06864551915626839,-0.33615003928936926,0.04434742334567471
2022-07-17,0.0,-0.12648940445851029,-0.09599428473052216,-0.3724452141828795,0.009689383275644965
2022-07-18,0.0,-0.20705925985226256,-0.17228151634110142,-0.4260912961295893,-0.024443862325437993
2022-07-19,0.0,-0.2900757350215638,-0.24473965955698854,-0.4771147798781977,-0.0580492134833898
2022-07-20,0.1,-0.37079384463703596,-0.3103175112828019,-0.509111779873801,-0.08948323301870732
2022-07-21,69.9,0.8422962161532983,0.5166814536071712,-0.07953963542767059,0.39115742418690463
2022-07-22,14.8,0.8574483758265888,0.5302357934016345,-0.02357959831670298,0.46117484636208234
2022-07-23,12.3,0.8694003897933309,0.5403414768152184,0.013080883159112449,0.5122706902806962
2022-07-24,6.1,0.8057506232847793,0.4663408184029375,0.018500254920451584,0.5212858227161825
2022-07-25,0.0,0.5482578406530522,0.2653471648868266,-0.012207952038513159,0.3351629008771566
2022-07-26,0.0,0.317282407086635,0.10368522301983317,-0.044364036197207836,0.30172189435258745
2022-07-27,0.1,0.18407601141099517,-0.006069259777161282,-0.07470825000453013,0.2711114017587996
2022-07-28,0.0,0.10344395140012942,-0.06933694204679092,-0.1040526126990398,0.08675665493165698
2022-07-29,0.0,0.051934608530567354,-0.11372204078503513,-0.13290842827684754,0.05885906161652377
2022-07-30,0.0,0.010170904085198903,-0.14816237429547574,-0.16096501920242462,0.03186618343329661
2022-07-31,11.8,0.15549565388598846,-0.022899250131626844,-0.11877396653292244,0.08080587506981016
2022-08-01,1.9,0.10187126291557555,-0.06454736136041299,-0.13426929505852842,0.06862116091634897
2022-08-02,5.5,0.10911835942627342,-0.04201396208064525,-0.12865874384403284,0.08065892849036593
2022-08-03,0.6,0.03932034771613627,-0.0843683114155865,-0.15190216008553334,0.05864668285580568
2022-08-04,2.8,0.00892105897700393,-0.1100287205222279,-0.16244065006263703,0.05064572495604302
2022-08-05,0.0,-0.06552064641365866,-0.17305934048572602,-0.18960778868008743,-0.006707824123366935
2022-08-06,0.0,-0.12526354916190996,-0.22948724438526055,-0.21690403592483767,-0.0339241498577587
2022-08-07,0.0,-0.20893558024880904,-0.3038093013705014,-0.2432484773780019,-0.05969767026783571
2022-08-08,21.6,0.006112234067882813,-0.10492065963365363,-0.15167297202193564,0.05012146721674588
2022-08-09,45.8,0.6394145795182973,0.3096506276108396,0.06067390445382592,0.2943547970015207
2022-08-10,61.9,1.008937773647195,0.7697009827344957,0.3385120556754934,0.6048141745363205
2022-08-11,62.7,1.9115838247738741,1.378358915217458,0.6018750248286395,0.8904265738992138
2022-08-12,0.0,1.7153219198241005,1.1291198014213175,0.571963628952547,0.8568227781867523
2022-08-13,0.3,1.6841374020328996,1.0299169613842185,0.5413618262006583,0.8247720886780616
2022-08-14,1.5,1.6118323007525968,0.9467064694059852,0.5182188869542226,0.7985900914954971
2022-08-15,0.1,1.2792161126744945,0.7598915372104011,0.48855425565581373,0.7655307180673376
2022-08-16,0.3,1.1009817362214973,0.5973323008615211,0.45463991041464624,0.7270665715204674
2022-08-17,0.0,0.9267414085703691,0.4566850876606996,0.4194636612944268,0.6875710080792148
2022-08-18,0.0,0.748226727527952,0.32738570627121993,0.3847162117151404,0.6486153646262726
2022-08-19,0.0,0.5549221339976956,0.20446846456348872,0.3490307989693376,0.6088224769872512
2022-08-20,0.0,0.40684307756952076,0.11105676516887196,0.31345291631433675,0.5690041144489058
2022-08-21,0.0,0.36225397193580916,0.04394184291285181,0.2776469986056485,0.529067873690881
2022-08-22,0.0,0.29959890252665766,-0.031560009096636324,0.24194094286362228,0.489127829618223
2022-08-23,0.0,0.2134213357923766,-0.1094025759684751,0.20703735747541063,0.4506312549251842
2022-08-24,0.0,0.11423826964133571,-0.18204412749770338,0.17250647128744503,0.41247728572049314
2022-08-25,0.4,-0.012843410003208612,-0.2903738880906014,0.1373836212048153,0.37715701379892763
2022-08-26,0.0,-0.1401011774682464,-0.4059665589144115,0.10533941024705387,0.3425456837797748
2022-08-27,0.0,-0.2274018720980406,-0.484583197249126,0.07294275498644295,0.3073044715369298
2022-08-28,0.0,-0.31305506852499937,-0.5517512219671494,0.039496728665144296,0.2709735902978704
2022-08-29,0.5,-0.4845226193889541,-0.705485604498574,0.007876789847757531,0.23644372009284756
2022-08-30,58.9,0.43190092213177733,0.04162747744043007,0.22262154890825017,0.4585136946002621
2022-08-31,42.7,0.40872170053665374,0.1870622028763898,0.362159773596731,0.6006751343740085
2022-09-01,0.0,0.4169153981321651,0.034384498264830775,0.32914146488683577,0.5653165583742679
2022-09-02,0.0,0.3150760677648777,-0.105699972703203,0.2964164596531182,0.5307922858485846
2022-09-03,0.0,0.199673116815822,-0.17162209243426574,0.2644137269703961,0.4614892155567678
2022-09-04,3.0,0.16695322943194185,-0.2257337092012846,0.24564262366377088,0.1679362108306659
2022-09-05,63.4,1.195397489361859,0.3125044887670632,0.4621049603436213,0.40045475438492384
2022-09-06,99.4,2.483266528038464,1.1524865818245196,0.7978366431598081,0.7660657199212838
2022-09-07,0.0,2.1091103097102697,0.9378190094696071,0.7680573373688365,0.707459797663467
2022-09-08,0.0,1.4667116430118836,0.7079491313074198,0.7393695051604416,0.680035775065752
2022-09-09,0.0,1.478731751010744,0.6371845254892067,0.6955601408787004,0.6544560644659676
2022-09-10,0.0,1.3812099352349316,0.5488316807155023,0.661857436043785,0.6302865540102455
2022-09-11,0.0,0.9503694135045528,0.4160680768942187,0.6349225324571389,0.6065207188629096
2022-09-12,0.3,0.862268069978686,0.32476042626076457,0.609596597280814,0.566070818139728
2022-09-13,0.0,0.6970369684857735,0.22542258117226957,0.5392356086905902,0.5096864673258726
2022-09-14,1.6,0.702063359672644,0.18139033111004438,0.45618813004625214,0.49741521693121543
2022-09-15,0.0,0.6446249396131505,0.12468379655353584,0.2958518708815669,0.4799129652885693
2022-09-16,0.0,0.5626499685546299,0.06462322154468199,0.2750700027472495,0.46723288888067477
2022-09-17,0.0,0.48318505469990786,0.011506622209046325,0.25484421663842444,0.4554968199098954
2022-09-18,6.6,0.4445085357728064,0.025846239875350147,0.2598711594944226,0.47125779968863707
2022-09-19,28.2,0.8026897817822811,0.24972747173874021,0.3464467152714654,0.572591640170342
2022-09-20,0.0,0.6334195162255408,0.1447237883864669,0.32864691565800086,0.5654886603045917
2022-09-21,0.0,0.5704531858154572,0.07869029106017689,0.29322564917431476,0.4748632699022544
2022-09-22,0.0,0.4892290682169192,0.018724404808542507,0.24611993107149363,0.3618963855756275
2022-09-23,0.0,0.43725968154906475,-0.027320837073633947,0.22996814446424127,0.3579033285614787
2022-09-24,0.0,0.3921224173584769,-0.054063777770369595,0.21452858599538394,0.339921894142228
2022-09-25,0.0,0.3613615238264075,-0.08236537990149304,0.19937032632189075,0.2977501453341562
2022-09-26,0.0,0.32233069271239273,-0.10927665981342187,0.1598242069424451,0.29808629900982475
2022-09-27,0.0,0.2784112749697096,-0.13025835165231894,0.10780029739582755,0.2990904930390753
2022-09-28,0.0,0.2367673895289351,-0.15902341828137506,0.09372469425035596,0.19928357976173
2022-09-29,0.0,0.20334310262139355,-0.18905372723261915,0.08167032639825623,0.20608095388165623
2022-09-30,0.0,0.1624999041749088,-0.20155699963593557,0.07003511832186148,0.21403946481758832
2022-10-01,0.0,0.1226339253508784,-0.22830057355635033,0.059021263086192814,0.22330503100339874
2022-10-02,3.1,0.13872557797451182,-0.2232808133162806,0.06054845185677233,0.24627550359167397
2022-10-03,0.3,0.07394730143868818,-0.2286362326725704,0.05204493884992175,0.25792702969681786
2022-10-04,116.9,1.9378562876045986,1.0338427987322296,0.4695357366278727,0.7142943146734535
2022-10-05,41.0,2.0577298512407114,1.2340034465676821,0.6036061363161661,0.8699173561836833
2022-10-06,30.2,2.1367991623424394,1.385408041056367,0.6985750238457079,0.9845544813075714
2022-10-07,40.0,2.6336931221605746,1.724473520198445,0.8258029246017208,1.1302022731135364
2022-10-08,0.0,2.485348962030861,1.5993105881946057,0.8184548504780912,1.1231979988345382
2022-10-09,0.7,2.331113376238172,1.4911210002344675,0.8138295040943093,1.028132665220028
2022-10-10,0.0,2.1890071733786547,1.394463655605483,0.7446278767548854,1.0410350721006045
2022-10-11,0.0,2.0950655915010237,1.3382628632484717,0.729029095989149,0.9619017205418697
2022-10-12,0.0,1.872547213395799,1.1949429701401935,0.7242082163558246,0.9668513994387458
2022-10-13,0.0,1.7408430044730843,1.1038357313063,0.7199274356284905,0.9042449641551735
2022-10-14,0.0,1.6256240752768703,0.9996180309931326,0.7153267500713518,0.8391381590386938
2022-10-15,0.0,1.6493214277371955,0.996693297609267,0.7109442881468117,0.8525992836310351
2022-10-16,0.0,1.717898098217538,0.9870381271523407,0.7065940716110393,0.8666875845133913
2022-10-17,0.0,1.5826852745969986,0.9255222103493188,0.7018572495765085,0.8807078734728735
2022-10-18,0.0,1.4086346758859558,0.8222876451970399,0.6974796990442403,0.8941018856561832
2022-10-19,0.0,1.381993453413654,0.7680139094546,0.6943087194934889,0.6514202740439031
2022-10-20,0.0,1.328438806485972,0.6984769754603838,0.6914233894966512,0.6092081500926455
2022-10-21,0.0,1.2673655521102087,0.6588280682177211,0.6893459546089719,0.5770714316197889
2022-10-22,0.0,1.2324591936532323,0.6309158241257987,0.6879869795646854,0.5699573322087795
2022-10-23,29.6,1.3864385015810738,0.8869493375992711,0.707327732374135,0.7009672627991936
2022-10-24,19.3,1.911641077305161,1.1007421022541026,0.7710041585947127,0.7922570357157614
2022-10-25,1.9,1.9803500898610245,1.0684435585945335,0.7763222515553545,0.8164021991526688
2022-10-26,0.0,1.9510848507391307,1.0221928025877995,0.697874690224318,0.8333251623073326
2022-10-27,0.0,1.8713163414347977,0.991567748934404,0.6966935200489828,0.849826029124092
2022-10-28,10.2,1.9599834407454173,1.0858551592739198,0.7308597171974891,0.9047574550658832
2022-10-29,0.0,1.8105595099483203,1.0239460002298582,0.7274609793133121,0.8771892818938898
2022-10-30,0.0,1.8267767708015956,1.0000886469532189,0.7275063003952031,0.8867245310236603
2022-10-31,0.0,1.7818475180831912,0.9534189775565386,0.7270291317996711,0.8816725399699427
2022-11-01,0.0,1.692834176120482,0.90794212424078,0.726137111174581,0.8964733303142994
2022-11-02,0.0,1.6233463024008856,0.8772932226351305,0.7252363940907652,0.9028369842140984
2022-11-03,0.0,1.608019432908629,0.8501661530303758,0.7090733694196848,0.921162434370072
2022-11-04,0.0,1.5874310332912804,0.8337961480443629,0.7086197354409249,0.9399521065159211
2022-11-05,0.0,1.5405120836243769,0.8145263937418931,0.7090605720529768,0.9596204065133374
2022-11-06,0.0,1.4306224578180289,0.7756571793895686,0.7100035473925468,0.89680882469487
2022-11-07,0.0,1.4457497749459018,0.7681542359815707,0.7108218631083476,0.7367458418039998
2022-11-08,0.0,1.2785667660351536,0.6942241899173017,0.7125227496898507,0.5033310130660598
2022-11-09,0.0,1.2363590143618257,0.6687966000423979,0.7130238167743271,0.25306061622424536
2022-11-10,0.0,1.231350429426755,0.6437993243120902,0.7137690526843554,0.2765514178423274
2022-11-11,3.0,1.221283053213035,0.6525752654201925,0.7247538112311507,0.3123622802595987
2022-11-12,0.2,1.2042324958189954,0.6317011288016022,0.7255692767488361,0.33089301779983804
2022-11-13,28.7,1.8614115886041478,1.1435917103928073,0.8248830955166371,0.47629345733504164
2022-11-14,0.0,1.5001294424663467,0.9571004330283106,0.8255253277304063,0.5031625088705244
2022-11-15,0.0,1.2439129852797686,0.7920933236081276,0.8259585003031592,0.5317963818565586
2022-11-16,0.0,1.2643289316275375,0.7638654993809088,0.8266876490739353,0.5606637258944143
2022-11-17,0.0,1.2884502481234816,0.7525110980079717,0.8279574890670582,0.5906039708109176
2022-11-18,0.0,1.301265297339896,0.7369214029833688,0.8289942617707107,0.6217384271740217
2022-11-19,0.0,1.2735113425945388,0.7114681408162432,0.8298496381293515,0.653973433798212
2022-11-20,0.0,1.272951316408038,0.6969463081733365,0.8309288806086658,0.6868011043467055
2022-11-21,0.0,1.260087114366908,0.6917672855715727,0.8322856988373893,0.7194748899657187
2022-11-22,4.2,1.3606415957550277,0.7738846592724243,0.8481099368936756,0.7677657674880092
2022-11-23,19.6,1.8377930039735624,1.140010262879976,0.9160236842784534,0.8719881061958533
2022-11-24,0.0,1.7432290970450661,1.067096619780073,0.9167619124189557,0.9022557548495092
2022-11-25,0.0,1.6384739668031105,0.9966824039051806,0.917368321488461,0.9340512151386572
2022-11-26,0.0,1.5878511264878226,0.9490766402032087,0.9178254620535599,0.9668430251209573
2022-11-27,0.0,1.4486465118687302,0.8375809687811482,0.9186212576929883,0.9993147571892566
2022-11-28,3.4,1.3414640795550399,0.8125072783837416,0.9308458289803061,0.827695651638692
2022-11-29,3.2,1.3827465643998031,0.8451604489849209,0.9422841322190194,0.7103478035098229
2022-11-30,0.0,1.3221319135511134,0.8124097414641742,0.942805463269821,0.7481532061731112
2022-12-01,0.0,1.305372081147105,0.7922641065326068,0.9441818411386159,0.7869440110049184
2022-12-02,0.0,1.307947965396017,0.7886306566225714,0.9163329926725721,0.8251786533729716
2022-12-03,0.0,1.2663542464943252,0.7736443904350886,0.6974490467009626,0.8513827309852404
2022-12-04,0.0,1.257041541267847,0.7582383859325313,0.6944008211136924,0.6318664818579699
2022-12-05,0.0,1.2626329386022277,0.7343747156919943,0.6980889282866123,0.21997495100207773
2022-12-06,0.0,1.2398896889018522,0.7200214505084137,0.6752475498410281,0.26258677513353207
2022-12-07,0.0,1.2322055941989656,0.6877477926700291,0.680036229825043,0.30467443573683733
2022-12-08,0.0,1.154474559263388,0.6255339724687135,0.685558190086437,0.34611067041738514
2022-12-09,0.0,1.085259225695547,0.5838753820981203,0.6917356448224063,0.38684756362445416
2022-12-10,0.0,1.0415360466417083,0.5653745353726659,0.697867920423896,0.42755306638353346
2022-12-11,0.0,1.0077508116152307,0.542776369819873,0.6877103277627059,0.4664404268672851
2022-12-12,0.0,1.0132446638695838,0.5373374394658118,0.6634711499484344,0.5062008803905887
2022-12-13,0.0,1.0220688791443913,0.530122275637407,0.6723155747213934,0.538369650130032
2022-12-14,0.0,0.9994927698867286,0.5227305080809124,0.6822511815960872,0.5797723168951152
2022-12-15,0.0,0.9554529335053125,0.5029030585532278,0.6927639278342701,0.6160870356916021
2022-12-16,0.0,0.9741403173038439,0.49910225013841186,0.7037649350316817,0.6520729523072364
2022-12-17,0.0,0.978580588652193,0.4894891985587414,0.7120813309516868,0.6472279323019501
2022-12-18,0.0,0.9686980544012422,0.48258599931601714,0.7243159648876135,0.5356184457640606
2022-12-19,0.0,0.8807401228981032,0.4553798372812287,0.7371943055277997,0.5698890933201144
2022-12-20,0.0,0.8087712743046973,0.4275606333351219,0.6755304674907939,0.6045208353644497
2022-12-21,0.0,0.821227563659602,0.4194541584637405,0.5928077169674316,0.6384881603813048
2022-12-22,0.0,0.8222907948629137,0.4102483343936097,0.6070786315969428,0.673114591850387
2022-12-23,0.0,0.8008924122411215,0.38934050008782733,0.6084093174996583,0.7078564110568665
2022-12-24,0.0,0.7720347816488791,0.37394668788049007,0.5886573211878984,0.742602502756682
2022-12-25,0.0,0.7384076370576046,0.3496095261773073,0.6061598302182661,0.7760491282827139
2022-12-26,0.0,0.7187861977051002,0.3379799984012134,0.6235937892297575,0.8084320156206095
2022-12-27,0.0,0.691388197505395,0.321695250119675,0.5515585885192295,0.8404788100785999
2022-12-28,0.0,0.7046245183317833,0.32070567070449363,0.571877009955536,0.8714081899694529
2022-12-29,0.0,0.6912170274783676,0.3140092018669915,0.5930425250064987,0.9020044466165101
2022-12-30,0.0,0.7654068369590123,0.3057970114453293,0.614757544626054,0.9309960168045258
2022-12-31,0.0,0.7550018681929767,0.29490977708656635,0.6367012502191186,0.9422153101193512
2023-01-01,0.0,0.7902550204545159,0.2842511363229603,0.6811622329553213,0.9937443717364676
2023-01-02,0.0,0.7917375824380982,0.27601870692685254,0.702646334864011,0.2933208486722091
2023-01-03,0.0,0.7188942178762415,0.2758356534829315,0.7249622127921096,0.0059946141603883195
2023-01-04,0.0,0.7296694896422303,0.2746099208629515,0.7472769634146171,-0.2291911758675271
2023-01-05,0.0,0.7089703729408542,0.25263950964196435,0.7697279413102349,-0.604603713770835
2023-01-06,0.0,0.6602608895852137,0.22093834657442402,0.7731126842446698,-0.5820849619395281
2023-01-07,0.3,0.6106344517204838,0.1934273510739285,0.6825258869702752,-0.5657717257860628
2023-01-08,0.0,0.5557944159275588,0.16624257981153603,0.7053014443486773,-0.5468990905976958
2023-01-09,0.0,0.5150784376404275,0.12898174070186585,0.6333147557323536,-0.5285730111554217
2023-01-10,0.0,0.4771612621180272,0.1087454541731177,0.6479714571141205,-0.511703319965819
2023-01-11,0.0,0.4196938146398369,0.09048378351790647,0.5918516817444868,-0.4952149097470899
2023-01-12,0.0,0.36519072290721005,0.05735709431233874,0.531710674462092,-0.47823038485396524
2023-01-13,8.1,0.5913298067478868,0.2562800482530805,0.5833364548174309,-0.37276927166769697
2023-01-14,43.4,1.805605409033556,1.3701683209685938,0.7615661577674981,0.06805366982766448
2023-01-15,26.1,2.318312307897826,1.9098066671729208,0.8756560838734306,0.3093388635783778
2023-01-16,0.0,2.099019486904766,1.7040336661839537,0.8839515390660226,0.3133097566965458
2023-01-17,0.0,2.0152906796082677,1.5704915924618754,0.6555959737869851,0.33075090424672415
2023-01-18,0.0,1.945437045962027,1.4763079086429471,0.6221788648903448,0.347764431633105
2023-01-19,0.0,1.816919783313602,1.3792913243029614,0.5979775770889459,0.3633350413628147
2023-01-20,0.0,1.6438307655359543,1.263716308525086,0.5971957595095845,0.37758595691523084
2023-01-21,0.0,1.6407722599712935,1.2212998990971333,0.6190048671531995,0.13557307508592414
2023-01-22,0.0,1.5963805337888812,1.1795039616570457,0.6421644478702403,-0.03335342020811721
2023-01-23,0.0,1.5009285986682117,1.0834117944280357,0.6648446932275303,-0.03672171429750962
2023-01-24,0.0,1.449600989571607,1.0369985480469068,0.6869694865667463,-0.021149307640508472
2023-01-25,0.0,1.394834963949895,1.000984921940162,0.7087417440987505,-0.0065388058457292635
2023-01-26,0.0,1.389892839206046,0.9813544709762814,0.7300527924032666,-0.09829286971509613
2023-01-27,0.0,1.3435797777294387,0.9366555552633687,0.7075252028127244,-0.08565683629202951
2023-01-28,0.0,1.2227401696106681,0.8387592110795344,0.7211259422801259,-0.07303289288865875
2023-01-29,0.0,1.094689177607161,0.771148003178849,0.7214586312451627,-0.0602953843510607
2023-01-30,0.0,0.972753898054167,0.6816540558289007,0.7414292179583329,-0.04686741469843283
2023-01-31,0.0,0.8423241303934575,0.5947327313117512,0.7533583764942041,-0.033632398853201816
2023-02-01,0.0,0.7888937247050222,0.5526949632559991,0.7765848410269433,-0.022031495348294617
2023-02-02,0.0,0.803201610210764,0.5504204650536478,0.8004546247085645,-0.010651539663917551
2023-02-03,0.0,0.8139421359187657,0.5418613391516053,0.8240464942360174,-4.808821531326017e-05
2023-02-04,0.0,0.7805944511937114,0.5208421689225285,0.7674228411790557,0.008772231307454567
2023-02-05,0.0,0.7735058772157772,0.5001444519979709,0.6169080388629088,0.01815888942182964
2023-02-06,0.0,0.7729736825184229,0.49561236960711214,0.39807963967747173,0.02695941029214573
2023-02-07,0.0,0.7530524180150879,0.4738003515318539,0.16615485170680938,0.035720501081106575
2023-02-08,0.0,0.7427602423398418,0.4356407575121159,0.19350077703997043,0.04536952631620426
2023-02-09,0.0,0.7248805649238818,0.4082107182500603,0.21987885565067863,0.02149929038213229
2023-02-10,4.6,0.8228696058650671,0.5047167201214026,0.25980518611867276,0.07871644779871954
2023-02-11,0.0,0.7608777053708605,0.43130077183149235,0.28687654066357343,-0.24441660352110361
2023-02-12,1.1,0.7506147012469336,0.4110837076464083,0.32107574340581874,-0.2205604162542077
2023-02-13,15.1,1.2860583553960434,0.8648743645332652,0.412511556533895,-0.03370742693309848
2023-02-14,0.4,1.1716584451836076,0.7419454964202873,0.4455858754519475,-0.023375512758165615
2023-02-15,15.0,1.5518326850097346,1.1020361091152215,0.5348174845426449,0.14537623286481627
2023-02-16,0.0,1.2583222829805822,0.9130632510428358,0.566288467054378,0.14858830099172893
2023-02-17,0.0,1.061414586802587,0.789627419923845,0.598682973509091,0.1515593847378249
2023-02-18,0.0,0.9622429609018516,0.6899690925996474,0.6315393334639079,0.1532758821928411
2023-02-19,0.0,0.9128756893199084,0.6397577155602634,0.6636498741481495,0.15461363837839007
2023-02-20,0.0,0.8354798670097454,0.5846132278343923,0.6952791924176854,0.11095905517165199
2023-02-21,0.0,0.755809523258479,0.5188354345076212,0.725332296025202,-0.1090874249777501
2023-02-22,0.0,0.6706208248719272,0.43720173091137543,0.7546904641144782,-0.1102036055779261
2023-02-23,0.0,0.5658139065661497,0.36908928178104694,0.7849775261261998,-0.1121113815183396
2023-02-24,0.0,0.5137423536361699,0.32745019840860057,0.816028779762738,-0.11420904437450946
2023-02-25,2.3,0.5355260819075636,0.3466410291895288,0.8548184302838693,-0.0901508491504274
2023-02-26,0.0,0.4942895945388281,0.30250359765647666,0.6722217639622091,-0.1335353782079279
2023-02-27,0.0,0.4538155731474672,0.257427264894433,0.5425324098808433,-0.17506000505001057
2023-02-28,0.0,0.39804851705989014,0.20663021791051794,0.5773773534313376,-0.17940832051502506
2023-03-01,0.0,0.34208176602646906,0.1515888593444477,0.6122235601777426,-0.18557400884863448
2023-03-02,0.0,0.289244508146782,0.09408944083416183,0.6459526572039882,-0.19286407102302305
2023-03-03,0.0,0.19712506671333005,0.03162678715615244,0.6671813284421361,-0.20065923321777024
2023-03-04,0.0,0.15079467203014624,-0.014421495634555076,0.446185460536588,-0.20866185698749667
2023-03-05,0.0,0.10609837963274882,-0.03860785553719019,0.04299289537803318,-0.2175269218760826
2023-03-06,0.0,0.06646120629308584,-0.057067894958354314,0.07799759265905698,-0.22599416184367535
2023-03-07,0.0,0.02800483360162274,-0.07465624690883141,0.11160860244258954,-0.23431682616257188
2023-03-08,0.0,-0.007924815022420845,-0.09211982548528475,0.14511576005179033,-0.24365564439997964
2023-03-09,0.0,-0.014128946750051573,-0.09927040550556002,0.17686034765861253,-0.254520944711555
2023-03-10,0.0,-0.02167461449643562,-0.10709737588097036,0.20841377057667826,-0.2653572946535359
2023-03-11,0.0,-0.026245955467685694,-0.10992935970365397,0.23785215448050095,-0.27775889789827807
2023-03-12,3.2,0.07444162233546409,-0.013916088661816822,0.2834100522405951,-0.24987140277384204
2023-03-13,0.0,0.06555535653368773,-0.022488673703173225,0.3064129986523756,-0.26319473941123517
2023-03-14,0.0,0.06016970264893237,-0.028477968096128226,0.337377366755456,-0.2786883940883612
2023-03-15,0.0,0.053941591522604186,-0.0346440793096763,0.3641826102874475,-0.2947683795416929
2023-03-16,0.0,0.0435303803151234,-0.04097228455322532,0.39011329589342353,-0.3092183188530833
2023-03-17,0.0,0.01822443945170355,-0.06141939462359616,0.3830346063135394,-0.3221063801531986
2023-03-18,0.0,-0.0052392295913584715,-0.08109064636146346,0.2638842145490175,-0.33540071040449404
2023-03-19,0.0,-0.021983902749627093,-0.09268951894269219,0.2888462780409162,-0.3496502165383954
2023-03-20,0.0,-0.04249903218865382,-0.11016555727484546,0.31389041880277324,-0.36420721650859617
2023-03-21,0.0,-0.06521973828228042,-0.12861755861232602,0.3381525410181581,-0.3785242797935943
2023-03-22,0.1,-0.09639289462750918,-0.15083432033651645,0.36227918279125537,-0.39318870701397723
2023-03-23,5.5,0.07171024905514657,-0.004545253871173015,0.4155218604498852,-0.33449715017994064
2023-03-24,0.0,0.012531553848031503,-0.05090254401848125,0.43969824271621843,-0.34958510815437804
2023-03-25,0.0,-0.0239098937582106,-0.08295313284460862,0.4635360718942673,-0.36541424961221824
2023-03-26,0.0,-0.053368152513229884,-0.10915792594259148,0.4859938374831139,-0.38225518053049146
2023-03-27,0.0,-0.053080337778377354,-0.10542194726716816,0.5073573285182146,-0.40046253971733187
2023-03-28,0.0,-0.05783279214130086,-0.10757969003331039,0.5275292149447358,-0.4186730483064001
2023-03-29,0.0,-0.06504491586450777,-0.11137803089037827,0.5466760507044472,-0.43687267504656146
2023-03-30,0.0,-0.06732553537987002,-0.1106990911319029,0.5648500268535798,-0.45500650529172826
2023-03-31,0.0,-0.07647486271316699,-0.11624969027451919,0.5642621363290344,-0.47172958569796664
2023-04-01,0.0,-0.09572018582623952,-0.1345878411699608,0.5787993108480584,-0.48749035315198674
2023-04-02,0.0,-0.11877199826808066,-0.15073896821350866,-0.12981404899918866,-0.5019199253073028
2023-04-03,0.0,-0.14008496125698097,-0.1706014913308423,-0.40947094107817883,-0.5149697968228248
2023-04-04,0.0,-0.160851843927192,-0.18653509875207938,-0.631032071123686,-0.5280475022636099
2023-04-05,14.0,0.26183425531108,0.1966358870359618,-0.8366507553351938,-0.342300529461683
2023-04-06,0.0,0.16453582442288045,0.11214491093625194,-0.8279235101840837,-0.35455311300179654
2023-04-07,0.0,0.1213940555691983,0.07480294611793556,-0.8254899506620261,-0.37131288984740374
2023-04-08,0.0,0.07052821106031743,0.029386176471274037,-0.8187503550680841,-0.38431578381463105
2023-04-09,0.0,0.035081140614516955,-0.0010013378924273347,-0.8111130828509797,-0.3956830450531319
2023-04-10,0.0,0.008261912542883266,-0.022129521251948017,-0.8041508127548961,-0.40754797649636504
2023-04-11,4.6,0.13566127849136658,0.09511801280616716,-0.7578789258793193,-0.3559109989878882
2023-04-12,0.0,0.07764788398730044,0.047015637120110344,-0.7514288872545873,-0.3688699885649
2023-04-13,0.0,0.04388162464816946,0.01681144772421377,-0.7466704189103777,-0.49684297894114793
2023-04-14,0.0,0.022822874692973928,-0.0014244272509079268,-0.7431995711103501,-1.2183246476441014
2023-04-15,2.2,0.07888233957511578,0.05336056149200651,-0.7209255956083387,-1.7368155199683946
2023-04-16,4.0,0.18750009794104985,0.1572058800906719,-0.6819858361749629,-1.666612728413274
2023-04-17,0.0,0.13891733033351109,0.11136284807138483,-0.678017390982846,-1.6876067544921765
2023-04-18,8.3,0.4115903093917684,0.34672647040912197,-0.6031432372127398,-1.5273876000771551
2023-04-19,0.0,0.3255201217872383,0.2772263174797079,-0.5990408080028945,-1.5468611873310154
2023-04-20,0.0,0.25950355956688465,0.21482645056380695,-0.5960204287741191,-1.5666135494257554
2023-04-21,0.0,0.21404686029535086,0.1772197816828519,-0.8591024803268634,-1.590233062696569
2023-04-22,0.0,0.16391262112216773,0.13999239495922994,-1.0430541458451965,-1.6107595010169504
2023-04-23,0.0,0.13178267064182833,0.11424605856954174,-1.0617159868257162,-1.6328871232327007
2023-04-24,0.0,0.08791677054678962,0.07931094693437028,-1.0628185746947256,-1.6551789734131814
2023-04-25,0.0,0.056281011466008626,0.04860326993716496,-1.0648081650165648,-1.6760351389512933
2023-04-26,0.0,0.005947746918399917,0.004901363564813354,-1.1711197810908787,-1.694417481807667
2023-04-27,0.0,-0.051463475983527664,-0.04734474625155104,-1.1733814905330242,-1.7118722172122807
2023-04-28,0.0,-0.0919915120561724,-0.08820262500196054,-1.1770852172794952,-1.728911893636488
2023-04-29,0.3,-0.11723158259580216,-0.11214131893922429,-1.1765502389552844,-1.7411262268137557
2023-04-30,0.0,-0.17425905511842985,-0.16477608967322435,-1.1784423013029461,-1.7609906663363653
2023-05-01,0.3,-0.20101268157503502,-0.1828342712600217,-1.1778541471511934,-1.7758453154026304
2023-05-02,0.0,-0.19982925779843436,-0.18821823270554597,-1.1828055607698493,-1.7992460625855728
2023-05-03,0.0,-0.19447423918921547,-0.18558285681530698,-1.1880147686847158,-1.8257124773568143
2023-05-04,0.0,-0.20494215179666023,-0.1922786285229783,-1.1935635515496463,-1.8521235102767815
2023-05-05,7.2,0.0219582654844963,0.012042642848251172,-1.1223019859381238,-1.7162913623136593
2023-05-06,66.4,1.144694639437465,0.8655334424126669,-0.48619696906135446,-0.5850400969353236
2023-05-07,0.0,0.5307900466079055,0.37395143838378014,-0.4887135268617059,-0.6013825442217163
2023-05-08,0.0,0.3434858551512766,0.20262602928816828,-0.491303788884904,-0.6182410892355784
2023-05-09,0.0,0.2060359479332189,0.07625027100412507,-0.493616175206403,-0.6338874145728199
2023-05-10,0.0,0.10792246483153317,-0.011883046980149246,-0.5230516209575814,-0.6496742460663046
2023-05-11,0.0,-0.005553647527064223,-0.0885650400722883,-0.526404284952953,-0.7341297393203883
2023-05-12,0.0,-0.10252871594045605,-0.1703715353093042,-0.7935321524188048,-0.7496600245045856
2023-05-13,0.0,-0.15458271785426975,-0.21795549817942597,-0.7934007107335833,-0.7799773190793712
2023-05-14,0.1,-0.2318543235283023,-0.2904982023383682,-0.7914864995314569,-1.0283708455556024
2023-05-15,0.0,-0.3181363137861305,-0.36754163402671136,-0.7909453063952481,-1.046292241353519
2023-05-16,0.0,-0.3731534745566616,-0.39873288023631465,-0.7910340494223438,-1.3158604650473933
2023-05-17,0.0,-0.4151121176039587,-0.4497486358335191,-0.7922274982943733,-1.323702908077486
2023-05-18,0.1,-0.4380979560277492,-0.4763674310116947,-0.7922334899199618,-1.3291258244228619
2023-05-19,0.4,-0.4639706259871327,-0.526907310799873,-0.7898840074948641,-1.3280790207086979
2023-05-20,0.0,-0.4944633291143369,-0.5513611174293646,-0.7913222323556214,-1.336068182859007
2023-05-21,0.0,-0.5143085934495871,-0.5580977343713266,-0.833728020817379,-1.3448859291821864
2023-05-22,0.0,-0.5675509816004564,-0.6066618198941377,-1.0298107369075993,-1.3499335483915282
2023-05-23,0.0,-0.5944466907672133,-0.6395537751712691,-1.0326990479527471,-1.35415275000402
2023-05-24,0.0,-0.5102622563068411,-0.5629210641517087,-1.0359024317859418,-1.3557041863839276
2023-05-25,0.0,-0.56748701453243,-0.5934116258699024,-1.0396900821678896,-1.3583694638270916
2023-05-26,0.7,-0.5830116260816275,-0.6036015487764453,-1.0360689758019554,-1.3901446421505659
2023-05-27,2.4,-0.5266002979604014,-0.5618212228646171,-1.0501578614916052,-1.348505768807665
2023-05-28,5.3,-0.37207494233964505,-0.42356381679621274,-1.033820148290085,-1.2578331501810531
2023-05-29,7.9,-0.13848404448739704,-0.21112421969113604,-0.9591838838825922,-1.125784049035466
2023-05-30,0.3,-0.19799491328855906,-0.2642887761965458,-0.9624874418216134,-1.1220770189601499
2023-05-31,0.0,-0.2693846926408416,-0.3307213750250767,-0.9701150888936179,-1.1229894549291441
2023-06-01,0.0,-0.3301912320733254,-0.38961271857022983,-0.9777544438746782,-1.1237607437951307
2023-06-02,0.0,-0.35803238990133823,-0.40826616605558497,-0.9855709944519947,-1.1248696506142677
2023-06-03,0.0,-0.42241373395065906,-0.444494061930251,-0.9946911222904304,-1.1282883950358265
2023-06-04,0.0,-0.47473727713830544,-0.4986796819536437,-1.003410546631016,-1.1329806965453733
2023-06-05,0.0,-0.49704488421258197,-0.5276951949214668,-1.0127188932785804,-1.1384475977534874
2023-06-06,0.0,-0.5516264521738087,-0.5720523154487409,-1.0239520754802527,-1.1437375191070647
2023-06-07,0.0,-0.5881794256172593,-0.6140608555031035,-1.0356681834858597,-1.147088962276512
2023-06-08,0.0,-0.5897408884079068,-0.6223078075227987,-1.0485350413069454,-1.1511039980767803
2023-06-09,33.8,0.553055881413606,0.4693132177425403,-0.7347996721073665,-0.6351722393548811
2023-06-10,8.8,0.04065040891991569,0.5825601422673927,-0.6673526970168809,-0.5652500948222036
2023-06-11,4.5,0.02379557165106829,0.5967845360416341,-0.6433912589267977,-0.5156216623129636
2023-06-12,0.0,-0.11456018615708566,0.4755452012690685,-0.6620690401891205,-0.5295486908953311
2023-06-13,0.0,-0.1832092648205066,0.39402107469577896,-0.6815416289623003,-0.5439898468817225
2023-06-14,0.0,-0.24718244437097758,0.33426493886326836,-0.7020506237020642,-0.5602121897639014
2023-06-15,0.0,-0.30856460098487365,0.3005300813054656,-0.7235497465630798,-0.5787529179283146
2023-06-16,0.0,-0.35443934990696885,0.2624861834215552,-0.7461545291704288,-0.6000875310992112
2023-06-17,0.0,-0.42574255877130895,0.2146872101650121,-0.7709957543422119,-0.6242403005110564
2023-06-18,0.0,-0.5057686598029821,0.14649976428528536,-0.7967588622440755,-0.648892778967698
2023-06-19,0.0,-0.5476253028949621,0.04281075384576958,-0.8225410681636448,-0.6741399926731136
2023-06-20,0.0,-0.5972319151894123,-0.043614021681185326,-0.8513208473831372,-0.7019349108555492
2023-06-21,40.6,0.3576112026112846,0.27311444586920264,-0.5181598245940706,-0.2815202807739722
2023-06-22,1.2,0.125724888548417,0.04191923787930895,-0.5366985165893684,-0.29677813590119073
2023-06-23,0.0,-0.08215709286901507,-0.1550714510231087,-0.5653550677435961,-0.32628875044899847
2023-06-24,0.0,-0.23668929890832335,-0.3012605315908013,-0.5956429834065856,-0.35726452080078
2023-06-25,0.0,-0.35774212988569193,-0.42130804339413935,-0.6275612106951273,-0.38841735346212625
2023-06-26,31.9,0.231398037468266,0.14433742044710912,-0.3958576807147534,-0.06763753319155841
2023-06-27,1.9,0.06518235471122523,-0.023900401586498615,-0.41485005210858167,-0.08407081312955317
2023-06-28,0.0,-0.08803122644912567,-0.1660630041411861,-0.4500252973365419,-0.12045732883988469
2023-06-29,31.6,0.5267279854633484,0.38558374678818264,-0.23835949170173523,0.15607604475008394
2023-06-30,5.7,0.4101057722988718,0.2754765842681849,-0.2327536134422838,0.16767498078241994
2023-07-01,0.0,0.1491408359914213,0.04211676107816875,-0.2716574634507231,0.12351226310803771
2023-07-02,0.0,-0.006047091345309517,-0.11765483020904499,-0.3114867961677157,0.07880137946822632
2023-07-03,0.0,-0.15668219734615785,-0.2520808064158374,-0.3522152718589937,0.03361490637474766
2023-07-04,6.1,-0.14563435380016498,-0.25852665471077424,-0.3477080152526585,-0.08403788570141067
2023-07-05,8.6,-0.0789350631921979,-0.20295297262456047,-0.3251336651109652,-0.04871206070102361
2023-07-06,0.0,-0.18867628109253937,-0.3060554334065664,-0.3680713306963004,-0.09140456318970867
2023-07-07,0.0,-0.308946120133243,-0.42459698440594884,-0.40848775350633687,-0.13382960707037692
2023-07-08,0.0,-0.40929089964544396,-0.5115439572681588,-0.45032515802916273,-0.17881985939153403
2023-07-09,32.7,0.09958087750001345,0.032892482243843044,-0.25521371592434566,0.06181904332668358
2023-07-10,1.3,-0.09856428751670142,-0.14251524401689913,-0.28796600492827773,-0.010729064243345954
2023-07-11,3.6,-0.18906707254616156,-0.22923615617840842,-0.3043751259744043,-0.02436725441017892
2023-07-12,4.7,-0.22835814363332382,-0.26393925641054233,-0.3675954993203412,-0.026297993082513443
2023-07-13,11.0,-0.15775795372827164,-0.19984126196372592,-0.6409375361875543,0.024392648339390463
2023-07-14,11.5,-0.09070362971900865,-0.13899943138218673,-0.7893698266411092,0.05934566473487316
2023-07-15,7.3,-0.10379408982088015,-0.15481163166271245,-0.7730770207524646,0.04680879890379124
2023-07-16,0.0,-0.22515323208568153,-0.2615946230987826,-0.8115010162574912,0.009609886032969172
2023-07-17,2.0,-0.30549360185406077,-0.3329044751288332,-0.8340756673753346,-0.07528419145756204
2023-07-18,13.0,-0.13695388008136214,-0.18762085961209257,-0.7716093310806488,-0.006463295274460813
2023-07-19,0.0,-0.2221391233977769,-0.2682372694708425,-0.8045486538880969,-0.0401347973631847
2023-07-20,0.0,-0.2967161060672442,-0.33448317331694083,-0.8371382908403437,-0.07239710287480432
2023-07-21,0.0,-0.364381510891547,-0.39282474801490663,-0.8660008459367003,-0.10200395600008111
2023-07-22,0.0,-0.4036831756918176,-0.42375274847890043,-0.8959036161097865,-0.1318282835940772
2023-07-23,2.3,-0.4464326337688338,-0.4602260802570208,-0.9092883812837537,-0.14358317116513405
2023-07-24,0.2,-0.5750898486540644,-0.5644832839805256,-0.938038130950315,-0.17234445091148828
2023-07-25,0.0,-0.6334079580418566,-0.6156888237036338,-0.9672328745822435,-0.20260558909612977
2023-07-26,0.4,-0.5930536345786216,-0.5911014244724352,-0.9927024560137266,-0.23144381340762946
2023-07-27,0.0,-0.6220249855939505,-0.6061417569523302,-1.0197347145168651,-0.2609380402254009
2023-07-28,0.0,-0.6411814371883929,-0.6276196643239258,-1.0453018541804757,-0.2906563070247913
2023-07-29,0.0,-0.6764466654865509,-0.6616445835508389,-1.0712598168593659,-0.3177745932399005
2023-07-30,0.0,-0.7162902146731338,-0.6929335930628632,-1.0968876850040188,-0.34673899799563485
2023-07-31,0.0,-0.7638677595645629,-0.7308872387791646,-1.120839480863378,-0.3709128180436376
2023-08-01,0.0,-0.8149608745823834,-0.7782920086573752,-1.1443550889413496,-0.39424536989221837
2023-08-02,0.0,-0.7822871544553942,-0.7622156038011775,-1.1668817380806673,-0.41693215292544833
2023-08-03,0.0,-0.7262872718460962,-0.7152899800951457,-1.1900529005588347,-0.4949179092064801
2023-08-04,0.0,-0.8148389599034952,-0.7738029116529046,-1.2108457464520235,-1.0537370020399663
2023-08-05,0.0,-0.8840321489169437,-0.8316592108634093,-1.2315550900796566,-1.073173627569973
2023-08-06,27.7,-0.4497390503507397,-0.48172786394944533,-1.0644218676991268,-0.8627724832728978
2023-08-07,39.5,0.09089714380342244,-0.030557010361577115,-0.8315405886579289,-0.5809585326452462
2023-08-08,0.9,-0.14291474191416254,-0.2274013662824957,-0.849310462553736,-0.5971176740391861
2023-08-09,76.4,0.7223723045873415,0.39457099056360456,-0.44794105704464793,-0.1039436928367282
2023-08-10,270.5,3.4989654246528823,3.143803189499588,0.8616289427538038,1.3028696422601551
2023-08-11,0.0,2.6128869045033736,2.7603101043473397,0.8260250263128105,1.2678195160669559
2023-08-12,0.6,1.8858063378247214,2.444438581928059,0.7321294803778083,1.2344285488974438
2023-08-13,0.0,1.50522864116024,2.3278173480858726,0.7004408214454293,1.1994561255411067
2023-08-14,0.0,1.1870773931010674,2.207731654162049,0.6041594483412783,1.1647770204395982
2023-08-15,2.3,0.8356336887644561,1.9288533550507503,0.5842217735696877,1.1405328946340598
2023-08-16,0.0,0.5958383075415404,1.6733351908748293,0.5485880809661124,1.0978444727749106
2023-08-17,0.0,0.3911773123613759,1.4937063620304387,0.5130029750305489,1.0543931844228522
2023-08-18,0.3,0.22162927318685047,1.3174417601181356,0.4792494028588782,1.014815044767364
2023-08-19,0.0,0.07874790230689696,1.0895776406372688,0.44321030241663945,0.9728642185700879
2023-08-20,21.0,0.25061627522228047,1.115052767672715,0.4978728612700454,1.0209839824877984
2023-08-21,0.0,0.1472384741477133,1.0275456749128746,0.4615886587642797,0.9792774390875881
2023-08-22,0.0,0.04395575494715966,0.9684675691607865,0.42537933039464254,0.9375263619706978
2023-08-23,8.6,0.06859252697575288,1.0056965361434766,0.4263413473175126,0.9332132525911568
2023-08-24,23.0,0.30671488057983,1.1678665582524304,0.4774133772781717,0.9840110088910059
2023-08-25,11.0,0.29382133832113566,1.1827866833286194,0.48801893648261085,0.9788222220557403
2023-08-26,0.0,0.0989306096519659,1.04877856379957,0.45518038490670854,0.9207142607542061
2023-08-27,0.0,-0.051839228536397566,0.8949773993651028,0.42191393441988534,0.8520353179504374
2023-08-28,7.8,-0.02847528922499003,0.8812542671084164,0.41947052988915806,0.8450444310491545
2023-08-29,1.9,-0.20881048630435042,0.7379586945281391,0.39258779595554044,0.8151181838377975
2023-08-30,29.3,0.14548520670671392,1.0336079373324984,0.4746807861102845,0.8926396215297561
2023-08-31,0.0,-0.03466945157090122,0.40817225544313934,0.44091233262542845,0.8560807906744179
2023-09-01,0.0,-0.18524382273835516,0.34138414072019585,0.40781624686843754,0.8207160254320346
2023-09-02,0.0,-0.35874745658848123,0.2478304064705052,0.37507395260678383,0.7863587784909964
2023-09-03,0.0,-0.3482948495442578,0.1728845751487421,0.3430109584589601,0.7529301864547185
2023-09-04,0.1,-0.46626577546028813,0.10691791087847971,0.3127244932965772,0.7225895510150823
2023-09-05,0.0,-0.5748333348009586,0.05046937425056249,0.28295031754384375,0.6925123851433445
2023-09-06,0.0,-0.5625675131056984,0.004933952597760336,0.2527914709413635,0.6629709294172914
2023-09-07,0.0,-0.6335392224513149,-0.03835206087131204,0.22206407325717284,0.49913549121815576
2023-09-08,0.0,-0.5558846068065109,-0.07224662006073615,0.17964931561519046,0.4350586790190485
2023-09-09,0.0,-0.6870931415396107,-0.1168544625220339,0.15087151956479775,0.39036638213740593
2023-09-10,0.0,-0.81396686912814,-0.18073103122313577,0.12327124806775118,0.36571237936274575
2023-09-11,0.0,-0.6976865380980791,-0.22313057406302186,0.0962197123071181,0.3416510872435156
2023-09-12,0.0,-0.7890776636274038,-0.27889313506733315,0.07018209834176872,0.3192255990371052
2023-09-13,41.5,-0.23933463981873318,0.04416134218712166,0.20667252494587132,0.4662185174135291
2023-09-14,19.3,-0.1179744584562729,0.1283836222938175,0.2555935997668523,0.5236393976244392
2023-09-15,10.0,-0.09639069148593184,0.13520140582533915,0.2688339507517075,0.5449951688261028
2023-09-16,28.3,0.08810673820753795,0.33865104800508655,0.3535677584320418,0.6407751874647121
2023-09-17,0.2,-0.06853522100595202,0.23173339669049745,0.3341493343533444,0.6298987742493956
2023-09-18,0.1,-0.15281534773520117,0.13780988648650064,0.3144855154135863,0.6201407633142773
2023-09-19,0.0,-0.25655937786094746,0.06427811852491545,0.276351782869154,0.4562190594897523
2023-09-20,92.1,0.9586346746940387,0.934055571916232,0.5907256016347636,0.7922845908969266
2023-09-21,10.8,0.8288814472732984,0.8511545961315103,0.6108216900836491,0.8243735720620885
2023-09-22,0.0,0.6113494663023958,0.7157573729693817,0.5947210261876015,0.8192411022446148
2023-09-23,1.4,0.5027001994277721,0.6442391329587213,0.5838499737239431,0.8201139167725575
2023-09-24,0.0,0.40110379365861804,0.5698403624002731,0.5691552945433933,0.7018798991992344
2023-09-25,5.3,0.4138124815212599,0.5835962103455675,0.5731670949465094,0.7132624736603216
2023-09-26,17.0,0.6067498581227838,0.7257256770691662,0.6180914049948809,0.7752318661197423
2023-09-27,10.3,0.6490445196875136,0.7687233053014483,0.6404907084172194,0.6985488670001224
2023-09-28,0.0,0.5451697635854027,0.6902333317414213,0.6281795912559348,0.6811593578855005
2023-09-29,0.0,0.4780561496605814,0.6411668433728233,0.6165676212200124,0.686495016943909
2023-09-30,0.4,0.3910143390762793,0.589615085134452,0.6068730484875069,0.6944499884174137
2023-10-01,0.0,0.33030343396435125,0.5334622174856601,0.5965064946790635,0.7020681885661897
2023-10-02,0.0,0.27639890294853287,0.49223073675824236,0.5381233918551793,0.6884808817917526
2023-10-03,0.0,0.1691573472223134,0.3932495716582941,0.5285885473248432,0.6659593534538744
2023-10-04,0.0,0.12751421184725442,0.3569419371355658,0.5199951105098579,0.675955357295574
2023-10-05,0.0,0.06571110394149039,0.2941102296322269,0.5113841119251114,0.6853621243850523
2023-10-06,0.0,0.019712895557154424,0.25284038274163084,0.5030280747247203,0.6958869018079435
2023-10-07,0.0,-0.029372518160502646,0.21932879301456437,0.49576112015617296,0.5871872411929104
2023-10-08,0.0,-0.06104428316602416,0.19755702791342938,0.4722124363807537,0.5951380946646511
2023-10-09,0.1,-0.08550593043664723,0.1735063895411145,0.46554253822693525,0.5956602983310244
2023-10-10,2.7,-0.07786314447199796,0.17346912501780926,0.4690554935224937,0.6021436950217625
2023-10-11,0.0,-0.12517196768660238,0.13686908874960027,0.4637192796704021,0.5751675720032751
2023-10-12,0.0,-0.1596242248602538,0.09199638860931938,0.45093142073937936,0.5465862593642694
2023-10-13,0.0,-0.19590836538409773,0.05281284884487962,0.4323726737652216,0.5340580291515626
2023-10-14,0.9,-0.20688429799499675,0.030507915827537268,0.4308648689819456,0.5521981578950781
2023-10-15,0.0,-0.2390960705283142,0.0072608634117581825,0.3969707020958949,0.5581914027617256
2023-10-16,0.4,-0.28294883622338796,-0.016567186437337005,0.3939585379096594,0.5242466568126668
2023-10-17,0.0,-0.3008422124104113,-0.036709521782313737,0.38914682402536843,0.5382022894561451
2023-10-18,0.0,-0.3098823804816579,-0.055345306322077396,0.38450403041295583,0.5517318686262332
2023-10-19,0.0,-0.35313982493958906,-0.07779591443695848,0.380889401072396,0.5650133136309909
2023-10-20,0.0,-0.38969487266729835,-0.09666774943649174,0.37754255596021247,0.5789140463300478
2023-10-21,0.0,-0.43479648467102683,-0.12484988991020365,0.37494208493465575,0.5851903471790811
2023-10-22,0.0,-0.46894964068702866,-0.1479304411748331,0.3730190195302924,0.6010454685904574
2023-10-23,0.0,-0.36514530338095486,-0.13968813098419794,0.37095948912954196,0.6178208089799596
2023-10-24,0.0,-0.4318655922554636,-0.1500922901928408,0.368560011357748,0.6342190635794415
2023-10-25,0.0,-0.47490797847905075,-0.164091348059887,0.3665708847479094,0.6514063320494062
2023-10-26,0.0,-0.47660384067270145,-0.16539319657609172,0.3637187394426896,0.6681178894400913
2023-10-27,22.0,-0.011853897509525882,0.03677303164004763,0.44102550998779777,0.769628578799352
2023-10-28,0.0,-0.09860403272732805,-0.030514644574282948,0.4388963929002731,0.7861838328016523
2023-10-29,0.0,-0.1513665044103629,-0.06920278332471594,0.4380477789521745,0.802844788015105
2023-10-30,0.0,-0.21107176323094692,-0.10601596732851337,0.43743745907261755,0.8194736733250928
2023-10-31,0.0,-0.27566799361629474,-0.14627032209715263,0.43659517806058085,0.8353374241723128
2023-11-01,0.0,-0.30710803201281967,-0.16859930201309548,0.4096065660553202,0.8524214902926414
2023-11-02,0.0,-0.3390426153773116,-0.19217022017675434,0.16375876178660306,0.8694999476428856
2023-11-03,8.5,-0.1725704792433345,-0.07509899393747768,0.19445644113744845,0.9203997891078106
2023-11-04,30.0,0.16967013186780874,0.31857092738039916,0.3048466769620198,0.9479394754951261
2023-11-05,0.7,0.04259912805554573,0.2353981654402363,0.3073682451981835,0.8178482712968951
2023-11-06,1.8,-0.020725463515811553,0.1926546189506898,0.3144051403680753,0.8415858524336789
2023-11-07,0.0,-0.11567234452348935,0.12888329374869636,0.31466054805987975,0.5535140194750133
2023-11-08,0.0,-0.18077208601267533,0.06272120937928301,0.31550776550775117,-0.742181181497885
2023-11-09,0.0,-0.245888683001269,0.009712617506150992,0.3161991473260687,-0.7110229595527057
2023-11-10,0.0,-0.3141953959293729,-0.040684233861595503,0.3157661759490748,-0.6817834065744743
2023-11-11,0.0,-0.35111469075966034,-0.07173998665360086,0.3154525189099578,-0.6484230156237043
2023-11-12,0.0,-0.40705769211197423,-0.10467872074929069,0.3150376844221607,-0.6147252106297152
2023-11-13,0.0,-0.45502007765594216,-0.14487768872691242,0.3143829097553171,-0.5936622919958908
2023-11-14,0.0,-0.4432945478337376,-0.16912186471484406,0.31382807652849043,-0.5574570715101955
2023-11-15,0.0,-0.42357264966472374,-0.17858031113022896,0.3122407660657449,-0.5209300558427907
2023-11-16,0.0,-0.4736530040576468,-0.20190170955871475,0.31251107315308213,-0.4841024423906855
2023-11-17,0.0,-0.5166774470839799,-0.22251265585318417,0.3134243743020353,-0.4425532544104005
2023-11-18,0.0,-0.5368035285059538,-0.226495858928002,0.3144934979333982,-0.514980873422686
2023-11-19,0.0,-0.5412772239210689,-0.22705638003981385,0.31546018449140756,-0.4722668382480913
2023-11-20,0.0,-0.5609310649637347,-0.232992404903173,0.3164750663831232,-0.42973080286278753
2023-11-21,0.0,-0.5742299859852218,-0.24107818950483859,0.3176235651142084,-0.43566098501764206
2023-11-22,0.0,-0.5784962027746693,-0.2428348434124045,0.31615741253043705,-0.5212327025397404
2023-11-23,0.0,-0.5863969000902763,-0.24667693747554145,0.3080869144559928,-0.5417845225068713
2023-11-24,0.0,-0.5973859813934065,-0.2511226015481245,0.28962304405772665,-0.5007799629472186
2023-11-25,0.0,-0.5913416694583932,-0.24941411769463945,0.26114852805558814,-0.4597779737100125
2023-11-26,0.0,-0.6156337242263502,-0.26201067260095146,0.2610840272419322,-0.4613493422845338
2023-11-27,0.0,-0.6165732765446945,-0.26455185762727484,0.26236407940231593,-0.4286201536021047
2023-11-28,0.0,-0.5788120830218185,-0.2632215862191659,0.26369566669745553,-0.5550301011830416
2023-11-29,0.0,-0.6091485318511538,-0.2829627514587099,0.26510276246008535,-0.5102775787911626
2023-11-30,0.0,-0.6170669086929292,-0.29284028037861065,0.26682688225801815,-0.46683818253629317
2023-12-01,0.0,-0.6242919593260462,-0.2924190409201926,0.26927563195127197,-0.4231400662740086
2023-12-02,0.0,-0.6201145688046673,-0.2829632994583729,0.2722008201298198,-0.3788652207834957
2023-12-03,0.0,-0.5926072724927954,-0.2677223689906025,0.27590845929462526,-0.3366397653349313
2023-12-04,0.0,-0.5983307608176469,-0.2657452517083244,0.279663614716271,-0.2948911582442106
2023-12-05,0.0,-0.6182642246949349,-0.2656985618557086,0.28401581414554816,-0.2522541398809863
2023-12-06,5.7,-0.4778751386610739,-0.1526883322217562,0.18326250718619413,-0.1760987540563876
2023-12-07,0.0,-0.5242911992912845,-0.17643048819147805,0.1553781320789249,-0.13387870605487495
2023-12-08,0.0,-0.540731690915809,-0.19000421919494537,0.1450518908691677,-0.0925902959814518
2023-12-09,0.0,-0.5515136399403322,-0.20295264165556723,0.1523408104896714,-0.05220717717247911
2023-12-10,31.4,0.3010452236113249,0.09747081322145897,0.2772323162956816,0.16301404905928665
2023-12-11,91.2,2.2115513449769137,1.9333945707638291,0.6134481934749926,0.658660677493435
2023-12-12,17.2,2.195448427852044,2.0020748690266847,0.6804636667969193,0.583870166929277
2023-12-13,0.0,1.8846247841206196,1.7894051783646947,0.6892660390562781,0.5293941917489616
2023-12-14,16.2,2.1156770812738204,2.0070227150709816,0.7547648089226349,0.6016862044046385
2023-12-15,52.4,3.3231945478169025,2.9783839074889946,0.9411621614152582,0.7552262748413852
2023-12-16,0.1,3.065614280501131,2.7454031298501724,0.9519531210166676,0.7907851341988182
2023-12-17,0.0,2.904674845388338,2.6010690818737396,0.9608560461543821,0.8182753404300559
2023-12-18,0.0,2.7441021107738544,2.491315104686828,0.836855800413478,0.8528978821415036
2023-12-19,0.0,2.4092993968657432,2.3131687711321156,0.8454704062022217,0.41133845223997195
2023-12-20,0.0,2.1498374946850873,2.1490189902079666,0.858488330151646,0.38407249507175073
2023-12-21,0.0,2.136096479176422,2.105762065239011,0.8714671384440238,0.4178331568678956
2023-12-22,0.0,2.096922804890514,2.057720816140911,0.8850796626217745,0.44408330675404434
2023-12-23,0.0,2.0231617850754438,1.9898022158513946,0.7920547611990059,0.4783032483661854
2023-12-24,0.0,1.934824310253327,1.9507779720518366,0.8017112947254645,0.481243281230848
2023-12-25,0.0,1.8359618917635365,1.859772715070238,0.8188231444598422,0.41176866977202253
2023-12-26,0.0,1.7673205939826595,1.8173636447095347,0.7283969359883808,0.37979257921928816
2023-12-27,0.0,1.6859122665502666,1.7584972658768323,0.7275002862436212,0.41110788703560913
2023-12-28,0.0,1.6954897228700514,1.7579355436562447,0.7472410385126885,0.441359208719746
2023-12-29,0.0,1.649190987866454,1.7449841684166674,0.767785560726605,0.46849180874538254
2023-12-30,0.3,1.7274209629810278,1.7300464703892344,0.7899042950895425,0.4992466972173983
2023-12-31,14.7,2.1924352290167435,2.1106944918178714,0.8405350339145676,0.6185428045836951
2024-01-01,1.3,2.1995319519134546,2.0449547136044837,0.8593929232919494,0.678900157834404
2024-01-02,0.0,2.1558410799914904,1.964648396121501,0.8809340337219643,0.7046840118231377
2024-01-03,0.0,2.060491419922754,1.9471307340546409,0.9028331665567702,0.7293539917181038
2024-01-04,0.0,2.059938349311532,1.9393601676428858,0.9247151603146401,0.7522788007584333
2024-01-05,0.0,2.021577937626281,1.906354412188778,0.835827442666002,0.7733356398013407
2024-01-06,0.0,1.924468686942716,1.8501498983886966,0.8536479943673155,0.7957329467713826
2024-01-07,0.0,1.7856113650761427,1.7298459189781639,0.8638981161571816,0.8172888949549019
2024-01-08,0.0,1.6714590047368623,1.7054787371740356,0.8706110148373208,0.8229124376605276
2024-01-09,0.0,1.6221076698681582,1.6661136666125733,0.8564745302951842,0.845089873711063
2024-01-10,0.0,1.5312964512393752,1.6204007546641008,0.8404894717561979,0.8668542228547927
2024-01-11,0.0,1.361543921726226,1.5169164663069383,0.8389765106178763,0.889837049672311
2024-01-12,0.0,1.246825703577171,1.4398712882924756,0.8611270707895861,0.9076022551718294
2024-01-13,0.0,1.192224500933225,1.3976296237531831,0.875748028090407,0.9297694792868633
2024-01-14,0.0,1.0470809788440028,1.2589525631779885,0.8521726975329011,0.9497385480369115
2024-01-15,0.0,0.9785066721733183,1.2399510934637334,0.8742575258631499,0.9723220983230513
2024-01-16,0.0,0.9496858304193447,1.2209793088318595,0.8829066934283339,0.9771340986396613
2024-01-17,0.0,0.9494264870416402,1.1955585070800967,0.9033736929922306,0.9961539627992616
2024-01-18,1.4,0.9848659961244088,1.214863172921548,0.9288980888567544,1.0226921602193748
2024-01-19,2.3,1.0021821131237265,1.2365291087544814,0.9501459666111307,1.0530614100683782
2024-01-20,38.8,2.1309735717889806,2.2854943584341685,1.1047947734318275,1.305059744769025
2024-01-21,3.0,2.0888014398740995,2.207233104596321,1.13698065752314,1.3373686721926177
2024-01-22,0.0,1.9697029881736503,2.1092566099869217,1.1585494491706467,1.3530290124469009
2024-01-23,0.0,1.820984502116804,1.9374715238302072,1.1811959002010242,1.3711445578459702
2024-01-24,0.0,1.7397616756354144,1.8606550411195355,1.202614622144738,1.38973869708094
2024-01-25,0.0,1.6615312110810716,1.8051647248495748,1.2239765817960944,1.2747406633176213
2024-01-26,0.0,1.6481390094179107,1.7863008250609758,1.244897679418154,1.2901856961983378
2024-01-27,0.0,1.590259124453985,1.7309242273675223,1.2657150635020111,1.3068195772939937
2024-01-28,0.0,1.448560316669562,1.586380397510474,1.2855735871430611,1.3236150474347026
2024-01-29,0.0,1.3006969262755348,1.5026695728120814,1.3054269315000897,1.3412163306100267
2024-01-30,0.0,1.1607997982803109,1.3751530425196101,1.3262945427976252,1.359416054797598
2024-01-31,0.0,1.009062244649461,1.2395905615588994,1.3463220786373908,1.3773048326576793
2024-02-01,9.0,1.1975472936793703,1.4256375153684284,1.3976551721788129,1.3979601630287313
2024-02-02,0.4,1.2011659270190893,1.42743824845023,1.328784145055993,1.2210535062336993
2024-02-03,0.1,1.2057514074598403,1.416087218266791,1.217531498292599,1.231406679760935
2024-02-04,0.0,1.1481359040303452,1.372845169683951,1.2368300166909034,1.233097499191707
2024-02-05,29.9,2.075198282643441,2.2210596980745185,1.0965511893221978,1.4457023499927737
2024-02-06,0.1,1.9626586398861956,2.1347445569684727,0.07326966457579494,1.4577910172105166
2024-02-07,0.1,1.8810689672572245,2.0604113866104563,0.1012998616526495,1.4683205619707342
2024-02-08,0.0,1.8527998535521277,1.950949659737232,0.12673200413437827,1.4762955201645678
2024-02-09,0.0,1.8339162030805805,1.9324747878643902,0.15501130305924202,1.483917031656179
2024-02-10,0.0,1.7091431265930848,1.8293193868165478,0.1829048649832148,1.4889909617886996
2024-02-11,0.0,1.6617286744773738,1.7404023138373814,0.2016231495382081,1.4920465584312952
2024-02-12,0.0,1.6039595248394858,1.6524823677257894,0.23317824114496022,1.4950806878566048
2024-02-13,0.0,1.57030621706595,1.637129612715626,0.26543217579060513,1.5002817698960838
2024-02-14,0.0,1.523870119903267,1.5614603797583555,0.2970603528433309,1.5047389837600575
2024-02-15,31.9,2.5480698761055467,2.460061763046503,0.455609235978197,1.7045062107632274
2024-02-16,0.0,2.101787170702369,2.1564046727449173,0.40610773703424363,1.70654074283695
2024-02-17,0.0,1.8158868978865634,1.9751197805804794,0.43958510868381306,1.7083373604314975
2024-02-18,0.2,1.6912879657000874,1.8262218216438617,0.47411394354295167,1.7115931699981253
2024-02-19,7.6,1.8817692638358718,1.9967063630596027,0.503479495093206,1.757074414112036
2024-02-20,33.6,2.8010244807029454,2.8882587476362622,0.5764402543140149,1.949309566208599
2024-02-21,35.6,3.572427601275879,3.614437561108797,0.7003087791048876,2.1420919143691903
2024-02-22,18.6,3.6585651718820253,3.593676557956964,0.7975329451900766,2.2353775153864275
2024-02-23,4.1,3.206995928192839,3.268597064830939,0.8422903273290253,2.2517649953190535
2024-02-24,0.7,2.986687893181082,3.0970249262909917,0.8476764116235352,2.2517963439709856
2024-02-25,2.0,2.878231961951123,2.95829271777231,0.8802181088770161,2.258403781148526
2024-02-26,1.4,2.8323980085135303,2.8911200056710014,0.8132716436075471,2.2617489647661984
2024-02-27,0.0,2.8027083037462432,2.855339496938014,0.8468346390009218,2.2577631276865264
2024-02-28,0.0,2.679712863485127,2.7473592760102754,0.8812152239692455,2.2538748058426377
2024-02-29,0.0,2.612804297196273,2.6943490842900624,0.9152944305605165,2.2492276665307247
2024-03-01,0.0,2.61221840364351,2.694253734234648,0.9483889008498243,2.244304859122433
2024-03-02,0.0,2.1733275687202145,2.2693953576260015,0.9805586965174745,2.242435353264301
2024-03-03,0.0,2.120993068701835,2.2308449259448695,1.0143563035482492,2.2406034447329506
2024-03-04,0.0,2.04319679733029,2.1270281935859203,1.0491324656436278,2.241321241601465
2024-03-05,6.3,2.148522195225541,2.1842336295248117,1.1082803024566228,2.2458942368796584
2024-03-06,2.9,2.1352593048431396,2.1659990626770074,1.1546746090056543,2.261006693750289
2024-03-07,0.7,2.1628973506338824,2.1616441433711437,1.1935291177568192,2.2657930868395515
2024-03-08,0.0,2.122322340252188,2.1684502623061617,1.2294377082828838,2.2661755402618917
2024-03-09,0.0,2.0879313464448805,2.163767425128171,1.2670562546727082,2.103026740363614
2024-03-10,0.0,2.0443393724196244,2.1165008773702123,1.3052921501818275,1.5735009764896537
2024-03-11,0.0,1.9932890168329043,2.06660376986269,1.1875901488147342,1.4636985984694002
2024-03-12,0.0,2.0047219493699466,2.051970250602887,1.1503354335190434,1.465839324482719
2024-03-13,0.0,2.0393915119797317,2.045726220325732,1.1479190587560515,1.3570787200318037
2024-03-14,0.0,2.048938208199035,2.054006900747014,1.0624793305662992,0.9659598548940336
2024-03-15,0.0,1.9913656388396177,1.9513632333977495,1.0903289143376558,0.9602098857013306
2024-03-16,0.0,1.952224582051073,1.885148385609356,1.1197564943018667,0.9556796868839537
2024-03-17,0.0,1.9259685783077352,1.8582783497397153,1.149347944081259,0.9520903310983684
2024-03-18,0.0,1.8416914728727851,1.782908747360291,0.7741430417923091,0.9487396069144991
2024-03-19,2.7,1.9029231244715663,1.8480651651350701,0.7644780762947503,0.9670256513241625
2024-03-20,9.4,2.1938469181930884,2.0962272736223375,0.8356845288993322,1.0403413724811945
2024-03-21,0.0,2.0278202084822134,1.9268363569773823,0.8561659592768238,1.0376763864470455
2024-03-22,0.7,1.9147082537009261,1.8268737799245462,0.8868312571908893,1.0408800200220703
2024-03-23,1.4,1.713736376684278,1.7491083790272162,0.8953857880187176,1.0501452708363885
2024-03-24,0.0,1.6411115312422115,1.6908506127856617,0.8389392624744703,1.0486805968782345
2024-03-25,9.8,1.9597773506370575,1.9710207717196442,0.861278261444402,1.12739784198663
2024-03-26,32.1,2.880735304498682,2.80167141444114,1.0430771200548352,1.3820268673357108
2024-03-27,0.0,2.5770081757134347,2.5464948522032764,1.0662842001143795,1.382070429794064
2024-03-28,0.0,2.3267651301575936,2.3351441969574576,1.0860953799958606,1.3819229999613802
2024-03-29,0.0,2.120492784147575,2.158563008022747,1.1065212870552061,1.3792175073402744
2024-03-30,0.0,2.122758317156327,2.1069512148629004,1.125181908828912,1.2567853672092393
2024-03-31,0.0,2.1004694856613573,2.107364485137855,1.1436105108718313,1.242703363662764
2024-04-01,0.0,2.033421269921306,1.9968078842349501,1.1614764733772556,1.2385470093355906
2024-04-02,0.0,2.0285576083173553,2.0082182466078544,1.1787121451154317,1.2320923732516214
2024-04-03,2.9,1.907406725149976,1.9040312527570553,1.2093419830229033,1.2488009636975543
2024-04-04,0.0,1.8827363944535944,1.8703167743524793,1.2242143349658976,1.2416021511865958
2024-04-05,0.0,1.7639759684579368,1.7692528305338133,1.2392805075536375,1.2336367314777255
2024-04-06,0.0,1.7385887614056639,1.7693962379834247,1.2538930011575755,1.2260664228842677
2024-04-07,0.0,1.6520745351035635,1.6476508658722455,1.2545730354559357,1.218820760509438
2024-04-08,0.0,1.604866417222292,1.5918322167057442,1.2680732618111499,1.2118239019798915
2024-04-09,0.0,1.473815599677755,1.4998645839478186,1.2816718028897147,1.2034658002121503
2024-04-10,0.0,1.4417124597678088,1.4787936286889212,1.295051031065953,1.1942125100925534
2024-04-11,0.0,1.284821757922098,1.3566630885336137,1.3046430782599079,1.1856455460595976
2024-04-12,0.0,1.2489795715992382,1.3246389946232802,1.3185588584929755,1.17633655158409
2024-04-13,0.0,1.2185161763698777,1.304740884368829,1.3296248700997002,1.1659656864736823
2024-04-14,0.0,1.1690009524213976,1.261580306869203,1.3432117341371437,1.1578724319935685
2024-04-15,1.6,1.2009405143390703,1.293452965916203,1.3648217383903216,1.1637091657505085
2024-04-16,0.0,1.1856548921936958,1.2728427859387954,1.3747840385385706,1.1552273277026734
2024-04-17,0.0,1.1791709285443126,1.2028776712816682,1.3840051302026644,1.1340971426491069
2024-04-18,0.0,1.1149261515370752,1.1644409829181033,1.3914995587525956,1.1063268168238567
2024-04-19,0.0,1.048222431666972,1.078816981219799,1.3996763773958714,0.7380278505917488
2024-04-20,20.5,1.8149722895899005,1.7598762832295212,1.5156063361276684,0.8987593632410961
2024-04-21,6.6,1.7658773220695256,1.7570450904201202,1.5587977025189415,0.9522584815660329
2024-04-22,0.0,1.6388002897156386,1.6644855765127105,1.5686175857100821,0.9426674369562313
2024-04-23,1.0,1.428759315648302,1.5125742297595626,1.5846647532656488,0.9421290278693109
2024-04-24,9.3,1.6087629013193436,1.595045007617477,1.5283170164958717,1.01887801132561
2024-04-25,0.0,1.475159636544263,1.4902475723386637,1.537017411303701,1.009284495751197
2024-04-26,0.0,1.3031237644800038,1.3415935518335884,1.5463806477740258,1.0001856920507508
2024-04-27,0.0,1.0891384381745768,1.1573305952853519,1.5551850705681884,0.9888889077945631
2024-04-28,0.0,0.8890159352568836,0.9358766573969494,1.5631144614714734,0.9779762174055382
2024-04-29,0.0,0.8995065591144824,0.9333155326795167,1.5705308692209443,0.9667414703210785
2024-04-30,0.0,0.8978633378254454,0.8878989253535657,1.5777900659078987,0.9557550426748436
2024-05-01,0.0,0.8609798355108383,0.8734801783319313,1.538884270051569,0.8596857109645373
2024-05-02,0.0,0.8438083456947522,0.8674337725261343,1.3769581086103182,0.8460099054455736
2024-05-03,0.0,0.821944236810362,0.8409921554921662,1.3780740900335946,0.8353480332612022
2024-05-04,0.0,0.7876356743657709,0.8023949606782383,1.3717359345100122,0.8256368836378976
2024-05-05,0.6,0.7512648885621351,0.7537220059864652,1.3789397772098495,0.5162549970172604
2024-05-06,0.0,0.5138109779411577,0.5360532204262872,1.381089125684338,0.5045478295612623
2024-05-07,20.4,1.0818421302791685,1.0391658483588786,1.5005772813696312,0.7067336974303621
2024-05-08,0.0,0.9758264398042014,0.9372373983060058,1.5015529982334312,0.6963472507056053
2024-05-09,0.0,0.9224193163087446,0.8560651160138605,1.5019458362458242,0.685990049058614
2024-05-10,0.0,0.8273819683222268,0.774788474343186,1.5005545661550133,0.6765387635214313
2024-05-11,0.0,0.7579053682128998,0.7135751334732063,1.4974983195557647,0.6676538003031202
2024-05-12,0.0,0.5927940741795549,0.6093561054062793,1.495158284601605,0.6591992059986198
2024-05-13,0.0,0.5500491983389549,0.57309187223367,1.4942135145362094,0.6525459840357235
2024-05-14,0.0,0.4823044649087714,0.5104853600095921,1.4937533658663893,0.6482193013536452
2024-05-15,29.1,1.4087146473221304,1.2784089815267863,1.6554910949613102,0.6136924359078879
2024-05-16,26.2,2.0584028748787278,1.9056809612970746,1.7961551136437814,0.8771498216481827
2024-05-17,0.0,1.698891160216347,1.6230833057830143,1.7933757478039796,0.8719629633056643
2024-05-18,0.0,1.5883917496390172,1.605959980207179,1.790255174002621,0.864949401630514
2024-05-19,0.0,1.514450072122511,1.5234187453666936,1.7866452695997859,0.7847052995773743
2024-05-20,0.5,1.4457663461323633,1.430980412421474,1.785032735467384,0.42979029969696475
2024-05-21,0.0,1.40345789084766,1.3888109136346827,1.781415303146947,0.01175997148742743
2024-05-22,0.0,1.2916486071724371,1.2968551365543721,1.7776147419422514,-0.2268644326841589
2024-05-23,0.0,0.9719438164614344,1.00544977417359,1.7737240470437374,-0.28303366742808955
2024-05-24,0.0,0.9583290494786898,0.9410438206939267,1.7696377414118647,-0.2954541987612483
2024-05-25,0.0,0.9304418436357594,0.8985401292554835,1.7642775191602647,-0.32511526537979707
2024-05-26,0.0,0.9400791042481947,0.9098780541511517,1.759107821986014,-0.34658474293842323
2024-05-27,0.0,0.9446919955768935,0.9127647181662557,1.7544280173388345,-0.350343578845974
2024-05-28,0.0,0.9542195794933946,0.9161812208905693,1.7492248528694996,-0.3534310276572964
2024-05-29,0.0,0.9169846655825377,0.8810645733919281,1.744477030003853,-0.3552834721337666
2024-05-30,0.0,0.8788439649933901,0.8494627415301723,1.7402192592304644,-0.3568417005862652
2024-05-31,0.0,0.7819811151686911,0.7743292377110687,1.7372338836531516,-0.35809381290924885
2024-06-01,5.1,0.8387263628906172,0.8246024921891397,1.7622605263114903,-0.2915848583700302
2024-06-02,3.6,0.9076253758964185,0.843638418334888,1.7799040169109284,-0.24699009356913634
2024-06-03,0.0,0.8274355171660747,0.7872318984549765,1.7466829767604501,-0.3333348909630302
2024-06-04,0.0,0.7165893315234912,0.7040882784448318,1.7429387370246765,-0.3766288893067233
2024-06-05,0.0,0.6649989528685691,0.6506407701194603,1.7382547284139789,-0.3914528561276212
2024-06-06,0.0,0.5688431916995167,0.5728605008753116,1.7336698002786792,-0.39532464420866315
2024-06-07,0.0,0.4644277414253953,0.48244148021343447,1.5567121670925914,-0.4003048573879822
2024-06-08,0.8,0.44019037231349095,0.46092240429074627,1.0180470150384178,-0.3965954027416156
2024-06-09,0.0,0.3974137385799979,0.41329132410315395,0.9008724117122648,-0.40600200774132056
2024-06-10,0.0,0.3549780484311898,0.367893913815253,0.8899115034634414,-0.41896338217712253
2024-06-11,0.0,0.30586859451859655,0.3182315774674564,0.7714942427289209,-0.4329241432415529
2024-06-12,0.0,0.25344194831146777,0.2735784045210197,0.39821164310255536,-0.4473873247363391
2024-06-13,0.0,0.21219893348739938,0.2319802728370103,0.3805341594189744,-0.46367307147675957
2024-06-14,0.0,0.18365067715112413,0.20373441360491265,0.36248511063015126,-0.4823016008134788
2024-06-15,13.1,0.6183980597795615,0.5990319212650449,0.43475216855122184,-0.33275949346253425
2024-06-16,0.0,0.5033946267649454,0.4886395679447791,0.41293083158598926,-0.35719043138555917
2024-06-17,0.0,0.37544740732628484,0.3919043188273009,0.38970140866464703,-0.4169023287851612
2024-06-18,0.0,0.21279630476008624,0.23963117645570423,0.3658671074353794,-0.565166531324697
2024-06-19,0.0,0.09260324804965762,0.11330500607675328,0.33963729936216086,-0.5920342379383511
2024-06-20,0.0,-0.013912827483258325,0.002343268637160875,0.3128809214207164,-0.6277465862173955
2024-06-21,0.0,-0.0978458235730871,-0.0958563187249895,0.2850236615489949,-0.6739042997487396
2024-06-22,15.8,0.23551838466403088,0.2163804525911012,0.3683311092609901,-0.5004281963823025
2024-06-23,14.8,0.4139888933392905,0.38558457784025574,0.44059802602202497,-0.4695027394243756
2024-06-24,8.2,0.36877774566398686,0.3434765415143464,0.46542037317182294,-0.80068021457197
2024-06-25,0.0,0.17517921547956108,0.15234868608351326,0.43301957890393444,-0.8317182806069711
2024-06-26,0.0,0.05359516787036272,0.025042473581485595,0.3990938497783894,-0.8638459562102747
2024-06-27,0.0,-0.049864866386469066,-0.08218278948476566,0.3625096866421971,-0.8945308528408296
2024-06-28,0.0,-0.14251067398395587,-0.17286123827943026,0.22683407671114242,-0.9256622652637849
2024-06-29,19.6,0.19960997916992043,0.13611226972358625,0.3140381727771547,-0.7192145830226327
2024-06-30,12.8,0.24905813653862366,0.18800057346285537,0.3601072855027411,-0.6093833475086026
2024-07-01,0.0,0.08808068589678231,0.016203639121905308,0.31976849508232025,-0.6493600193070861
2024-07-02,43.8,0.8539379807992291,0.6877328224138586,0.5594193362562263,-0.26191502966346975
2024-07-03,0.0,0.6296964139040997,0.47560753525912874,0.517864053125912,-0.30550204164971206
2024-07-04,0.0,0.4330552455136668,0.29621787943260797,0.47784793615110116,-0.3479977651377709
2024-07-05,0.0,0.2846509375449264,0.16693938908947284,0.43844457998926656,-0.3899018123486549
2024-07-06,0.0,0.15102008107850604,0.03849611963568502,0.3992126752665783,-0.43191344009137467
2024-07-07,2.9,0.09680283353277404,-0.018121219048172415,0.37772270483603987,-0.4491761661674962
2024-07-08,14.1,0.2563242715450178,0.1279988246575961,0.4259351839952221,-0.35994212300835826
2024-07-09,3.4,0.16809737610437867,0.03494566108571685,0.4065972186093747,-0.3737661965977004
2024-07-10,9.2,0.19723423633817888,0.05861612798115079,0.42253232339199254,-0.3333651939914547
2024-07-11,0.0,0.022954748451413237,-0.10168540419823086,0.3823424882125847,-0.3743799028131318
2024-07-12,0.0,-0.1363972950119157,-0.23345031054991297,0.3430716398935871,-0.41368978285353564
2024-07-13,0.0,-0.24736055972235518,-0.32933768140851505,0.30427990277484623,-0.4529877689012716
2024-07-14,2.4,-0.28650514853865605,-0.36703750755771103,0.2812453629834463,-0.4842074504740953
2024-07-15,4.2,-0.288763156730697,-0.3608612621534084,0.27031064870802035,-0.48332945374921304
2024-07-16,4.7,-0.3109845624686708,-0.3809374718841648,0.25574779755422306,-0.4759205108041902
2024-07-17,6.7,-0.23375554624360123,-0.31113412539741825,0.24804596512678329,-0.449664490099818
2024-07-18,17.6,-0.005491227828938813,-0.12611678903653903,0.08527159957410886,-0.33176127525228605
2024-07-19,0.0,-0.09548829741439321,-0.21071155559127258,0.03383984910771315,-0.5379965498640735
2024-07-20,0.0,-0.1658825811351492,-0.274047790294151,0.003292115467309546,-0.6244714716821332
2024-07-21,0.1,-0.2096943501535691,-0.3085678969837507,-0.027279208544498845,-0.6527556916379438
2024-07-22,1.2,-0.27279903339793216,-0.3626639726511618,-0.0511190434628528,-0.6795073751171611
2024-07-23,2.0,-0.3510704622744303,-0.4301352998789323,-0.07022092870153346,-0.7741804910047044
2024-07-24,0.0,-0.4278007464526125,-0.4922655328663758,-0.10078317364398978,-0.8044353518601131
2024-07-25,0.0,-0.4291521543749252,-0.4912472250488047,-0.13258291167452424,-0.8346810957715618
2024-07-26,0.2,-0.46417497422389054,-0.5106887061704792,-0.16194077790604808,-0.8604509913844749
2024-07-27,1.3,-0.4673782363150074,-0.5174265220282814,-0.18308148572772742,-0.8743302331404484
2024-07-28,0.0,-0.4997014910899836,-0.550339402533348,-0.2116891537620145,-0.9003015810404627
2024-07-29,0.2,-0.5286157851490881,-0.5753462749338976,-0.23833755518189156,-0.9248234103828109
2024-07-30,1.7,-0.5406664542051312,-0.5858693707530247,-0.3087520496049448,-0.9322559051881057
2024-07-31,0.0,-0.5892763739205632,-0.6321403905129386,-0.33707191793128816,-0.9536134718305506
2024-08-01,0.0,-0.5748790566545271,-0.6251950437192692,-0.36293758697960105,-0.9740550364906727
2024-08-02,0.0,-0.5400984760465538,-0.5910178956834014,-0.3888013264793188,-0.9956895871974291
2024-08-03,0.0,-0.6157972929528698,-0.6455231992502031,-0.594894477819983,-1.02085353152004
2024-08-04,0.0,-0.6759474440466952,-0.6990749900776367,-0.6199914432888947,-1.0405245067268427
2024-08-05,0.0,-0.698819958287524,-0.7353343834999282,-0.645564129825654,-1.2377408287900575
2024-08-06,0.0,-0.7958187106723756,-0.8070777510322419,-0.6698010281658416,-1.2560472102011409
2024-08-07,0.4,-0.880451644659971,-0.888121881592539,-0.6916116205390449,-1.2710607350822363
2024-08-08,0.3,-0.9795235282984496,-0.9939726613443634,-0.7151739924676432,-1.287540949677367
2024-08-09,0.0,-0.7077415015350997,-0.81310607519623,-0.7399362685908518,-1.3059929223695081
2024-08-10,0.0,-0.9079141466819903,-0.9267320717356216,-0.7652205213449365,-1.3256875640372845
2024-08-11,0.0,-0.9991172167430503,-0.9807260157067528,-0.7917244906654718,-1.347948704318724
2024-08-12,0.0,-1.0994369844429726,-1.0573536967164687,-0.8195674509491808,-1.373535307678916
2024-08-13,0.0,-1.1876778688370946,-1.1387045128037874,-1.0414582543078947,-1.6593939400461002
2024-08-14,0.0,-1.1106450990687204,-1.1240661737587483,-1.0713134318869466,-1.9403378513062244
2024-08-15,0.0,-1.179780087494222,-1.151999075330348,-1.1007192942067605,-1.9644412562188531
2024-08-16,0.0,-1.2689094773064513,-1.2294291569683855,-1.1305598382786657,-1.9891082855093631
2024-08-17,0.0,-1.2973819698774416,-1.2754016838998052,-1.2069589988164686,-2.0150868805896
2024-08-18,0.0,-1.2107244717918162,-1.2290880599382574,-1.4490723600774058,-2.0452721604147293
2024-08-19,0.0,-1.1015702616936724,-1.1442379312152458,-1.7152908386745067,-2.072431823452411
2024-08-20,0.0,-1.2441422481187485,-1.2210227655987627,-1.8749596812765912,-2.1032345837851683
2024-08-21,3.7,-1.3423330864415033,-1.2876309713605862,-1.9080205584835013,-2.0978256296702535
2024-08-22,1.0,-1.453066106969643,-1.3871807684164499,-1.9355053476968953,-2.1181214388400957
2024-08-23,0.0,-1.5134078996899825,-1.4311619693083548,-1.9780505573973541,-2.144946200156003
2024-08-24,0.0,-1.7022468727793012,-1.5843995560446693,-2.016783974606739,-2.171547473351519
2024-08-25,19.7,-1.5163548650731558,-1.4556662734757324,-1.9088626993309736,-2.016223267655782
2024-08-26,4.1,-1.4742028366898077,-1.4830990983567591,-1.9090539946687155,-2.0089502826707495
2024-08-27,10.8,-1.40859315522582,-1.4017346907743515,-1.8678363383958059,-1.9499076978450427
2024-08-28,0.2,-1.646669169414677,-1.6087050515797527,-1.8969000533992337,-1.9831917099485015
2024-08-29,40.4,-1.0685597486288168,-1.1722124876140003,-1.671684881140271,-1.6936000864026401
2024-08-30,6.6,-0.5015338066399952,-0.6461285610657284,-1.6624789383340555,-1.7183266962248749
2024-08-31,0.0,-0.9304937991320756,-0.8422943323168787,-1.6938293433348317,-1.7819316897045159
2024-09-01,0.0,-1.2668354569953688,-1.001362080449179,-1.7649990176276582,-1.8187632758905776
2024-09-02,6.4,-1.042521813242889,-0.9407592658358449,-1.7742989273961771,-1.8045004971884502
2024-09-03,0.0,-1.2586733634454395,-1.0386757564963616,-1.8100439989735606,-1.8399363941439881
2024-09-04,0.0,-1.4436722678553477,-1.1419497849182019,-1.8419413813282213,-1.8758914122612087
2024-09-05,0.0,-1.3523120504137087,-1.1600718373435337,-1.8740750183774686,-1.913781188295885
2024-09-06,29.8,-0.9483467327737913,-0.9113274931458459,-1.7294715142102848,-1.7393595182313522
2024-09-07,0.0,-0.8644264188181856,-0.8906895311806455,-1.7634933009566822,-1.7773874152004139
2024-09-08,0.0,-1.0659356377278706,-0.9961879576030149,-1.795189027839727,-1.8099777035257194
2024-09-09,0.0,-1.2324260156436297,-1.1041415756574728,-1.8244106206847546,-1.8391214919467107
2024-09-10,0.0,-1.0315468077976,-1.0892669377201096,-1.8521748590920244,-1.8660841099564152
2024-09-11,43.7,-0.5188056322499969,-0.7091188986990405,-1.6256553790921981,-1.5849053342258614
2024-09-12,16.4,-0.40590274682866234,-0.6176520171424503,-1.5592669363695497,-1.4959340051322494
2024-09-13,6.0,-0.4893387397611291,-0.6789260922926994,-1.550604798931436,-1.559028447421827
2024-09-14,1.9,-0.5790971758309681,-0.7500454551423507,-1.5641075930503192,-1.5639639110583892
2024-09-15,44.0,0.0168960488220557,-0.35991229612629844,-1.3676666954686671,-1.3036375052665345
2024-09-16,5.0,-0.07208754354899873,-0.4276030135851303,-1.41228028081501,-1.2865453932970699
2024-09-17,0.2,-0.16740996323333088,-0.4793384198889687,-1.4311005943121224,-1.2952068432225703
2024-09-18,3.4,-0.22780877206524147,-0.5244894609295159,-1.4356097392753417,-1.282608422502004
2024-09-19,0.0,-0.3027531174815945,-0.579638182399919,-1.4616539151024408,-1.289490009541181
2024-09-20,84.6,0.2639049577049987,0.24055118267535217,-1.0594084012289762,-0.9083249649082872
2024-09-21,137.4,2.018809059816568,1.007838194358584,-0.5033130000161229,-0.30424769711773064
2024-09-22,57.4,2.1695692462457714,1.3029227765392075,-0.41367836994215895,-0.08684098950637757
2024-09-23,0.0,1.6457535957689824,1.030583820669073,-0.43049259542497703,-0.08926521789465812
2024-09-24,0.0,1.3843896577851218,0.8881937484833314,-0.4468251559664247,-0.08991987146971428
2024-09-25,0.0,1.1744910458184556,0.7767380026613803,-0.46192692787000067,-0.0890728346729353
2024-09-26,0.5,0.992423892746986,0.6812205963497295,-0.47418207835237924,-0.0846371293029028
2024-09-27,36.5,1.4630648965853557,1.0083691314343917,-0.33593952667223537,-0.0059759784040263764
2024-09-28,6.2,1.4191541897050686,0.9569229061398821,-0.3230887108444562,-0.02685145858266422
2024-09-29,0.1,1.1803127350831524,0.8363683602573709,-0.33474931854575424,-0.017746226489596267
2024-09-30,0.0,1.0911378134429872,0.737239736659501,-0.35809102725165026,-0.19901365348060931
2024-10-01,0.0,1.0257886090379698,0.6658112648742903,-0.3686444460152052,-0.18699065462480954
2024-10-02,0.0,0.7389845893203482,0.5225236061727688,-0.3783835244261813,-0.17509388391605732
2024-10-03,5.8,0.847990602989266,0.5374644060160694,-0.3641267362010513,-0.13743403361801168
2024-10-04,0.2,0.7434399047670939,0.4403866490486837,-0.37304128414953563,-0.12443223746908187
2024-10-05,0.0,0.6523214027776543,0.37510951427426337,-0.382760320298883,-0.12399933568809728
2024-10-06,0.0,0.6128925809711656,0.32443670787292944,-0.39124326299552425,-0.17198849824810383
2024-10-07,0.0,0.5855460926572814,0.2877016046303064,-0.39882163929155684,-0.1721156788585738
2024-10-08,25.0,0.9965284549329404,0.5665857058504431,-0.30465323405087535,-0.08760638893663694
2024-10-09,0.0,0.8657021796176299,0.4718479321388758,-0.31109047732978706,-0.07256998378228162
2024-10-10,0.0,0.7808092017277498,0.4104118666561848,-0.3168729408748759,-0.057026635967942656
2024-10-11,0.0,0.6549919591406458,0.32767380530116985,-0.32259619395065725,-0.04113397742765529
2024-10-12,0.0,0.5668152555232208,0.26408785358420317,-0.33398770689414226,-0.03558292000936045
2024-10-13,0.0,0.49178642237910325,0.20459571295838,-0.3389073585747719,-0.03904861894737886
2024-10-14,0.0,0.46829511453506617,0.17481742035686454,-0.34376517447389404,-0.04569107659714604
2024-10-15,1.0,0.46753371159230517,0.1520745409529622,-0.34436003183414,-0.0563860977913719
2024-10-16,0.0,0.3892641340096247,0.10672183862892726,-0.3493555014850078,-0.12065631188998428
2024-10-17,0.0,0.305366239094885,0.05893252220036689,-0.4380703087895207,-0.10752143231119479
2024-10-18,50.7,1.24858118834105,0.6865871282779252,-0.2646396232716949,0.12674994938288625
2024-10-19,61.5,2.2764121288543384,1.320288109208679,-0.029137482294971574,0.39387805416896243
2024-10-20,0.0,1.971551060100652,1.1263890815892827,-0.036243258878806466,0.4038533748220282
2024-10-21,0.0,1.8134659610318031,1.0211862491628543,-0.07467456474863786,0.4119744660300566
2024-10-22,14.3,1.5169754928049175,0.9960480932702444,-0.02266320219159623,0.4857450447868159
2024-10-23,0.0,1.679402684366693,0.9576834287893142,-0.02598338661256048,0.5034462587558476
2024-10-24,0.0,1.7172095762798858,0.9143912818225824,-0.0288579155828186,0.5196801550797243
2024-10-25,0.0,1.68680268140817,0.8704685119321715,-0.03136649846998359,0.530996323121322
2024-10-26,0.0,1.6017204089817396,0.8332165349808668,-0.03356749769011433,0.5472660635407124
2024-10-27,0.0,1.4733038758271322,0.7788679031628324,-0.03530126399332354,0.5628321637600935
2024-10-28,8.9,1.5437767889426068,0.8568735542305611,-0.0026379200718148676,0.608119891866507
2024-10-29,0.0,1.5213811485874433,0.8118648824761125,-0.004247238350290027,0.6244671879492725
2024-10-30,0.0,1.4540234022667489,0.7530536997120791,-0.005646118211234978,0.6403516055843083
2024-10-31,0.0,1.357379428290325,0.7001107705892656,-0.006979782529266037,0.657422966372823
2024-11-01,0.0,1.2785315631725707,0.6596578044697988,-0.01094720597351711,0.6746653539363526
2024-11-02,1.0,1.2680151470638414,0.6392576340417816,-0.008575208659764442,0.6973101378729847
2024-11-03,0.0,1.2283434747373447,0.610262122456866,-0.08958913090311775,0.7164626898447847
2024-11-04,0.0,1.1734659349276364,0.582763860037587,-0.09013568443152555,0.7362921373563591
2024-11-05,21.8,1.583021506127076,0.9029153434044974,-0.004948552033914138,0.8411945704854933
2024-11-06,0.0,1.5171192129964939,0.8389396165120638,-0.005147538334859379,0.8600132497411219
2024-11-07,0.0,1.300248279501261,0.7300411044327353,-0.0049892477088772525,0.8794786273972456
2024-11-08,0.0,1.2264142633295856,0.6820878813706029,-0.004987110282267303,0.8973220791893133
2024-11-09,0.0,1.1946710497057487,0.638430954480018,-0.005701663597061489,0.9147673745497904
2024-11-10,0.0,1.0896639169717004,0.576498641745004,-0.006678068230662255,0.932609867978944
2024-11-11,0.0,1.055254015029726,0.5436477359632658,-0.1229658890882587,0.9507175418687538
2024-11-12,0.3,0.9721343475585724,0.49445204229302386,-0.22878500431703036,0.9702531488236016
2024-11-13,0.1,0.800234641895265,0.4154624380625091,-0.22943378556400815,0.9950893038596326
2024-11-14,2.0,0.697628312576722,0.3637589954906281,-0.2219028770766365,1.0274404264208439
2024-11-15,0.0,0.694544020073912,0.33302024981883394,-0.22210951936634243,1.0518955952495481
2024-11-16,0.0,0.6946779805293749,0.31203056083971487,-0.22361288316122951,1.076490189603978
2024-11-17,0.0,0.69278298279226,0.29500860553805014,-0.222508994757726,1.1027791124774025
2024-11-18,0.0,0.6674589007202996,0.27341898590158853,-0.22142520591213297,1.1307110442952641
2024-11-19,0.0,0.6540473995815494,0.25452707541633074,-0.2204765748861669,1.1467083279028962
2024-11-20,0.0,0.6336483245051253,0.23877573525575113,-0.21954449423896272,1.172705293511801
2024-11-21,0.0,0.6167355683069433,0.22623651186133675,-0.21853730046801415,1.2011240976178117
2024-11-22,0.0,0.584661366232416,0.2019395808210382,-0.21728710965338535,1.229692112425482
2024-11-23,1.0,0.5894390949543455,0.2036217743411656,-0.21114407086583198,1.193636066616652
2024-11-24,0.0,0.5445208128656253,0.17505088106157793,-0.20931427660186305,1.2095929115366926
2024-11-25,0.0,0.506632069427256,0.14251602619288742,-0.20780834989912006,1.2036070298934463
2024-11-26,4.0,0.5377316260964269,0.173955835664138,-0.1899040634204944,1.249410986215464
2024-11-27,2.7,0.4964555315612458,0.17142933584744283,-0.17716950257344,1.1528956706043267
2024-11-28,0.0,0.4473454051986694,0.12987085600456455,-0.19590606138030237,1.1643868996588962
2024-11-29,0.0,0.40515516499516535,0.0992703757537216,-0.2079748325746456,1.2002857891046812
2024-11-30,0.0,0.3842061617497555,0.07912991215039746,-0.2047704965797423,1.23744506738349
2024-12-01,0.0,0.3779677235019601,0.07043309383785862,-0.20083678252727696,1.2514118659042714
2024-12-02,0.0,0.3598309732030726,0.061850452563154336,-0.19619846898512808,1.287850325755885
2024-12-03,0.0,0.3417904721477083,0.044036053767533244,-0.19145698308519407,1.3259177417265247
2024-12-04,0.0,0.32360966130741897,0.02223427119708761,-0.18634718865246433,1.365427855443102
2024-12-05,0.0,0.2917813868225212,-0.005284805215303595,-0.18435640107994886,1.3028409321103873
2024-12-06,0.0,0.26222990476883634,-0.018455476438596085,-0.17844036202395797,1.3450836659132142
2024-12-07,0.0,0.21108202667914513,-0.03650958789298111,-0.17091805868632723,1.3873357604630816
2024-12-08,0.0,0.1649998551122562,-0.05262031742468614,-0.1629759898244669,1.4293723364386
2024-12-09,0.0,0.12818539568264933,-0.06660945381185913,-0.15501294083079722,1.4723855112016517
2024-12-10,0.0,0.10530745394870865,-0.06848515998643899,-0.14630532714686764,1.3550136737716867
2024-12-11,16.9,0.5653776849881867,0.21035968953301784,-0.0701071629570227,1.3987152038587682
2024-12-12,0.0,0.4877451215504647,0.14105763099768828,-0.1109471620612867,1.4192669449914406
2024-12-13,0.0,0.4378688169137554,0.10698194756970485,-0.09936359617692078,1.4571784647399522
2024-12-14,0.0,0.39109663827754143,0.07929961979855747,-0.08677557997554332,1.3210763444234672
2024-12-15,0.0,0.37162277752786177,0.05404058758845841,-0.07406050856336754,1.337287888989382
2024-12-16,0.0,0.34601501404484697,0.027304935513230353,-0.06757224312462716,1.3633848833596036
2024-12-17,0.0,0.32146366888880495,0.007139092811548423,-0.05377227818308075,1.385122265326161
2024-12-18,0.0,0.27205468763948387,-0.014002992112015463,-0.03939376702259872,1.42099987423261
2024-12-19,0.0,0.23186593093885824,-0.018784522553843802,-0.0869737273707967,1.094265624024351
2024-12-20,0.0,0.21514145488813313,-0.025973220750947004,-0.1309487670708075,0.4304934208191681
2024-12-21,0.0,0.1967033545297761,-0.030430599508702666,-0.14765136541540919,0.11291449350057267
2024-12-22,0.0,0.16537646486563448,-0.041964347793050034,-0.13049660435344115,0.14643508523703047
2024-12-23,0.0,0.13420562592858434,-0.052233703899654586,-0.11265970731647507,0.17935731716541414
2024-12-24,0.0,0.10519833495590297,-0.05826252777755168,-0.0938492972086924,0.2113887714864739
2024-12-25,0.0,0.08408166402588789,-0.060036721824471756,-0.07417262823492672,0.2398392817496638
2024-12-26,0.0,0.0613682551865788,-0.06200970652783302,-0.13131996656398884,0.016427474593143806
2024-12-27,0.0,0.04919878114836411,-0.05900355896229009,-0.16016284316814663,0.0001357288272845702
2024-12-28,0.0,0.0308825447854781,-0.05873963172379968,-0.13637589039398645,0.028186989944585523
2024-12-29,0.0,0.08267976014065576,-0.05670923910333553,-0.29052003871162563,0.05701272206096267
2024-12-30,0.0,0.058390029537709956,-0.0574123747103543,-0.2657378725669044,0.08493828636276692
2024-12-31,0.0,0.07224627529758429,-0.13885948183431507,-0.2409563877863736,0.11104389720188772
2025-01-01,0.0,0.016591630845512875,-0.08552346468275057,-0.2171379043297958,0.0922910884083653
2025-01-02,0.0,0.00010773347109190112,-0.07572613748387076,-0.19378966351386107,0.11580374941415458
2025-01-03,0.0,-0.09480768356819205,-0.06599343493652268,-0.18122002881117888,0.1401440122529257
2025-01-04,0.0,-0.08735125663367636,-0.057497626904337934,-0.21469576921182792,0.16377642274785417
2025-01-05,0.0,-0.10371707538840064,-0.06722454116951188,-0.20373555359266032,0.18595390835270587
2025-01-06,0.7,-0.0988678365702983,-0.06208835703488793,-0.21423356870583965,0.014789960140955403
2025-01-07,0.0,-0.11726640769109808,-0.07451007464685196,-0.19012895698574425,0.036028318442212555
2025-01-08,0.0,-0.13363046410239568,-0.08919707835873174,-0.16527871959709592,0.05624988143540898
2025-01-09,0.0,-0.16622462966892967,-0.11239602587381599,-0.14014200738802138,0.07616544543454451
2025-01-10,0.0,-0.1675692542455732,-0.11445130318201069,-0.12507303002203995,0.09508697109336905
2025-01-11,0.0,-0.15150563931762007,-0.10600083586364722,-0.11811937112678941,0.11432708002327913
2025-01-12,0.0,-0.16369142674812664,-0.11845366986407008,-0.1143791784450073,0.1340324633440156
2025-01-13,0.0,-0.19139444594998797,-0.14090231579866522,-0.1196377553841909,0.1442685222757153
2025-01-14,0.0,-0.19668410333551864,-0.14771490016969296,-0.17167427341570504,0.16249925329304846
2025-01-15,0.0,-0.21327870037621569,-0.1675904577466235,-0.1493913276142761,0.18097888876887064
2025-01-16,0.0,-0.23485504474234326,-0.18527955991698697,-0.1367094382324072,-0.3003139941291533
2025-01-17,0.0,-0.2447258643700717,-0.18559286612443945,-0.1163155954300724,-1.0881238327363505
2025-01-18,0.0,-0.2547868907862266,-0.18843718247353688,-0.10040491022272038,-1.0717393114236773
2025-01-19,0.0,-0.2580239225903559,-0.19159602563901607,-0.08769855281033917,-1.05590786762199
2025-01-20,0.0,-0.25001720818843126,-0.18838631772001677,-0.06585214923952593,-1.295186946975121
2025-01-21,0.0,-0.2676544339103627,-0.19588592092017829,-0.04424661738812271,-1.2814798882716603
2025-01-22,0.0,-0.2842415100808519,-0.20813200617782862,-0.021592077184987957,-1.2675731044628284
2025-01-23,0.0,-0.28131216719508373,-0.20134064449499003,-0.0034743709173696434,-1.2536857748656456
2025-01-24,6.8,-0.04899499900905553,0.007147290847022528,0.048257811797482654,-1.1142308557333505
2025-01-25,8.9,0.222591705558785,0.25239067416677724,0.10696331226512547,-0.9500125406197726
2025-01-26,0.1,0.17118749400388128,0.20869611413143857,0.12209728390099639,-1.0879473156922446
2025-01-27,0.0,0.12905950620720286,0.17359135795724803,0.14415489152167404,-1.0777752611192246
2025-01-28,0.0,0.07993056438813317,0.12956754310117874,0.16571958541524895,-1.067736482436113
2025-01-29,0.0,0.03297614915086151,0.09119286932191466,0.187631593038447,-1.0580653972477134
2025-01-30,0.0,-0.0077460923523965,0.053286841723352144,0.21110394943752164,-1.0476198388498201
2025-01-31,0.0,-0.03294118797650529,0.027324057574261443,0.23560465037177256,-1.0554570090148123
2025-02-01,0.0,-0.04667227458548254,0.01507193686957717,0.26046787434972907,-1.0477432161049145
2025-02-02,0.0,-0.05246717674582616,0.014508287228761418,0.2857606365429398,-1.0394507448721209
2025-02-03,0.0,-0.05329902773508024,0.018207873973300166,0.30872060955064884,-1.4946357950626021
2025-02-04,0.0,-0.04842865423003595,0.023998106499312732,0.3327666078088387,-1.4915052993415325
2025-02-05,0.0,-0.05139077595472617,0.02465337278821196,0.3578776647740759,-1.4876524931342014
2025-02-06,0.0,-0.05244782919146944,0.028305384363373518,0.3835800563752537,-1.4811553130025459
2025-02-07,0.0,-0.05838643365181749,0.02613621894302969,0.40862405905107024,-1.473121385478467
2025-02-08,0.0,-0.07071141329725825,0.018982074737860743,0.4336449224955576,-1.4612541359437698
2025-02-09,0.0,-0.09323470487308394,0.004568802150336018,0.45888376217507076,-1.4502267826957556
2025-02-10,0.0,-0.1156262777237549,-0.014783287173345813,0.48385160563487056,-1.4439556409564864
2025-02-11,0.0,-0.1454767645843904,-0.035903012859031296,0.5092803219770412,-1.4301183001758673
2025-02-12,0.0,-0.16364371182768633,-0.04735457334016469,0.5387997346319426,-1.4652854978259164
2025-02-13,0.0,-0.18909356153806448,-0.06442942315203355,0.5690283534103692,-1.455288479478516
2025-02-14,0.0,-0.22610587935944215,-0.08866888065247115,0.5991440860526385,-1.4479954667173973
2025-02-15,0.0,-0.24515565299958142,-0.11106446874098239,0.6294751402055699,-1.441223523493565
2025-02-16,0.0,-0.25757142713395303,-0.1337042313400298,0.6602108503937134,-1.436643329251439
2025-02-17,0.0,-0.2688816530175649,-0.15573200975122886,0.678343195789941,-1.43232116509005
2025-02-18,0.0,-0.28369095598395083,-0.16646577242904054,0.7070820193530144,-1.4308526948351707
2025-02-19,0.0,-0.2916589898252694,-0.1698481235629861,0.738665905547578,-1.4285952444938017
2025-02-20,0.0,-0.28706020317717196,-0.16916489490243827,0.7698399457821856,-1.4270927266128228
2025-02-21,0.0,-0.2840942239878261,-0.16827405477213847,0.7293666785285052,-1.4521344833445144
2025-02-22,0.0,-0.2819056243693824,-0.16468738328839727,0.7437303285019126,-1.4520423980347956
2025-02-23,0.0,-0.271708174534762,-0.1671572210653119,0.7346077420988117,-1.4525905015274563
2025-02-24,0.0,-0.2776016480876431,-0.1748518934630126,0.7651927385333551,-1.5618366733044216
2025-02-25,0.0,-0.28112307840374884,-0.17522257185172216,0.6482005666630414,-1.6425717555243537
2025-02-26,0.0,-0.2956652651034541,-0.1840734587658721,0.6575092636786947,-1.64589213900808
2025-02-27,0.0,-0.32943342576285756,-0.20943442625169598,0.6914740891539514,-1.6487180319559664
2025-02-28,0.0,-0.3500245042506576,-0.22782756057073927,0.7260884359562784,-1.6536274958863075
2025-03-01,0.0,-0.38735459110820164,-0.2597361523517932,0.7364588503191604,-1.6610963651778452
2025-03-02,16.9,0.08201365482406743,0.19136993187809861,0.8331192262615306,-1.2406531745263674
2025-03-03,17.5,0.4498887424573329,0.5307340895092552,0.9301406433165482,-0.9062595607090844
2025-03-04,10.1,0.6091233058326971,0.6892746470706742,1.0006337442491877,-0.7451189012962969
2025-03-05,14.4,0.044098973966056165,0.9493362044905185,0.9792952917280623,-0.5366581487343344
2025-03-06,0.0,-0.10379586761418313,0.814108863391976,1.0156323692077485,-0.5464704324884732
2025-03-07,0.0,-0.18988421287249527,0.7372385189413618,1.0513685086115718,-0.5559571474323322
2025-03-08,0.0,-0.26556915632133254,0.7015462273620898,1.0874069259982821,-0.5667113882264215
2025-03-09,0.0,-0.3127879662265934,0.6885620906800122,1.1228800250574411,-0.5790949387442522
2025-03-10,0.0,-0.3550346744821641,0.6748747134129462,0.9936440590049895,-0.5918017371534989
2025-03-11,0.0,-0.38714950163223727,0.6529131557188353,0.9653649251273836,-0.8753743117781495
2025-03-12,0.0,-0.40503456553278805,0.63721681445398,0.9769553021457387,-0.8925729906803261
2025-03-13,0.0,-0.43101869661301623,0.6353298982023089,1.0054141360687763,-0.9118008489422915
2025-03-14,0.0,-0.4663919855184941,0.634980332032825,0.8575611733570085,-0.9340190169084217
2025-03-15,0.0,-0.49843069938435786,0.63915044849773,0.8645162227456819,-0.9565579634012964
2025-03-16,6.6,-0.2917612833007357,0.8056045698691938,0.9200304067324054,-0.8615383126383069
2025-03-17,17.7,0.05959400493075002,1.2787565638973728,1.0102950919356557,-0.5981658576650651
2025-03-18,10.4,0.26849232903347725,0.0805517177674142,1.083608212236306,-0.46385497202857995
2025-03-19,0.0,0.1089352690674994,-0.05350363775542712,0.7363643921677164,-0.4792046332572334
2025-03-20,0.0,-0.002884505330313081,-0.13479422579473838,0.05600962205907583,-0.4948372064692371
2025-03-21,0.0,-0.08078437662866415,-0.20155180014212443,-0.2644896703620536,-0.5102383941215625
2025-03-22,0.0,-0.15914770611915147,-0.26233853573768495,-0.24508751972353854,-0.5275182169964338
2025-03-23,0.0,-0.22112319078064913,-0.3111014180257431,-0.22583582696821605,-0.5443989607747637
2025-03-24,0.0,-0.25608485394093755,-0.3511101717082947,-0.20585357651196548,-0.5614607022126846
2025-03-25,0.0,-0.3049002795907757,-0.3962312700947407,-0.18945218670722463,-0.5794863104842574
2025-03-26,0.0,-0.35710433569417666,-0.4423931778489673,-0.41669262690886627,-0.598484299050734
2025-03-27,2.5,-0.2773551436983759,-0.3651355115254902,-0.42704337163613615,-0.5814375367794654
2025-03-28,23.7,0.3401078070891078,0.17966609860517102,-0.24820546792405665,-0.267779615002234
2025-03-29,0.0,0.17111732142321887,0.03182463713703451,-0.23275398590118704,-0.2844485243009349
2025-03-30,0.0,0.07672240752317065,-0.049492557362753736,-0.21776170534315797,-0.3010711824721784
2025-03-31,0.0,0.00935188120840036,-0.09864515417462583,-0.2036003338381209,-0.31658774909250287
2025-04-01,0.0,-0.06282946165571472,-0.15260872788898883,-0.23051182809865567,-0.3312067991815823
2025-04-02,0.0,-0.11874096542141627,-0.1982847945916927,-0.2189538640362116,-0.34469305767124414
2025-04-03,0.0,-0.16958597224997643,-0.24681085965408017,-0.2065633963622804,-0.35713108707645935
2025-04-04,0.0,-0.21294827696009372,-0.28086263520360544,-0.1947221736356863,-0.3697135601701081
2025-04-05,3.1,-0.18024913273600743,-0.25075423821194315,-0.16240235768808395,-0.33956003838184207
2025-04-06,0.0,-0.23566885795609752,-0.2990491829102921,-0.3321080445657006,-0.36143539885144327
2025-04-07,0.0,-0.2801736251081546,-0.34361629593171744,-0.32209892694584114,-0.37407687723863486
2025-04-08,0.0,-0.32915368153331515,-0.3771565160206978,-0.31355771160796064,-0.3870900210108558
2025-04-09,0.0,-0.3729942089193104,-0.41196887850266173,-0.3045279476901707,-0.39846510443269934
2025-04-10,2.0,-0.31991379738465553,-0.36756999314851624,-0.2810207419618474,-0.38257479254802285
2025-04-11,0.0,-0.36988671937967443,-0.41439401414606675,-0.27288119190328053,-0.39439455955776614
2025-04-12,0.2,-0.37617054200392125,-0.42356183097581784,-0.2631264871881575,-0.40469246185090957
2025-04-13,2.0,-0.35225700850463987,-0.40066677736419326,-0.24868189728769055,-0.3915929684150485
2025-04-14,0.6,-0.3705385852820172,-0.4193765589399874,-0.2383677680728133,-0.39739322597858334
2025-04-15,0.0,-0.39505609807506864,-0.4421360085341877,-0.23277790404645507,-0.41234334446379156
2025-04-16,0.0,-0.42740122141401876,-0.4721183493747938,-0.6355168719519929,-0.4277533511853349
2025-04-17,0.0,-0.4855752398251761,-0.5231461069691725,-1.204559832764067,-0.44312382738150896
2025-04-18,0.0,-0.5442751073411075,-0.5471856339060867,-1.2027486299493808,-0.4588261012934799
2025-04-19,5.4,-0.3831845284722017,-0.4100746491475004,-1.144863477602179,-0.3982201998184719
2025-04-20,0.0,-0.46109502688823606,-0.4672442192200041,-1.2907507864101218,-0.4117723127791562
2025-04-21,0.0,-0.5306778519513757,-0.5299887252190083,-1.2918926153667747,-0.4275622913664856
2025-04-22,12.9,-0.05814865143217547,-0.1121503661285869,-1.1582492851654669,-0.2672776909402178
2025-04-23,0.0,-0.16504912587608836,-0.21047217680445035,-1.1585085000594075,-0.2827161717986688
2025-04-24,0.0,-0.21670742426288236,-0.2606125353446311,-1.160045141228034,-0.3903894336169516
2025-04-25,0.0,-0.26177369865087874,-0.28526934802586223,-1.162489511959393,-0.5310208726156094
2025-04-26,0.0,-0.3328165100099744,-0.35201302749448476,-1.2585056474646983,-0.5469922692698261
2025-04-27,0.0,-0.3935912979504033,-0.41003088641019114,-1.261138563015046,-0.5607905120927804
2025-04-28,0.0,-0.41449683209170857,-0.4376183486236805,-1.2652429434358714,-0.5752673781615687
2025-04-29,0.0,-0.4225707286125589,-0.4358471646859489,-1.268200217362858,-0.5906111535986271
2025-04-30,0.0,-0.5201498979351269,-0.5234510690213069,-1.270400567972021,-0.6066943757592769
2025-05-01,1.2,-0.5501532513410827,-0.5295348110180991,-1.2711372429680288,-0.6061155618935863
2025-05-02,0.0,-0.5606418185158599,-0.5543678602491572,-1.2765141064543575,-0.6237351973904357
2025-05-03,1.4,-0.5228481968652505,-0.5275211934683471,-1.2668079256261229,-0.6221891637398757
2025-05-04,0.0,-0.5573282356372283,-0.5537667092957084,-1.5208101419249416,-0.6409467382791001
2025-05-05,0.0,-0.6134525605511825,-0.5963252450592603,-1.5272906577098564,-0.6574158447710658
2025-05-06,0.0,-0.6724818859543504,-0.6337217313005281,-1.5321232070824304,-0.6727849003754287
2025-05-07,0.0,-0.549483850538202,-0.5273254840290642,-1.5372631958150405,-0.6895875096449442
2025-05-08,0.0,-0.6241762782232688,-0.5934023137332217,-1.5425053467860177,-0.707000495230036
2025-05-09,15.8,-0.183477686810164,-0.20304550564793217,-1.3624669035352082,-0.49328847386701186
2025-05-10,0.1,-0.26682595929859426,-0.26530658609051816,-1.3652082953811377,-0.5070816992060161
2025-05-11,0.9,-0.3051567327405897,-0.2958366711320392,-1.360040746403958,-0.5094111728512534
2025-05-12,0.0,-0.38936196464478245,-0.3642721893156297,-1.3603296344013815,-0.5238701545779911
2025-05-13,0.0,-0.384448789029623,-0.3823069426006683,-1.38227719800799,-0.5365804559066868
2025-05-14,0.0,-0.4578936803142205,-0.4487277736204977,-1.380836122782994,-0.5459122759924053
2025-05-15,0.1,-0.5286025099936011,-0.5094781733583116,-1.378899855289109,-0.5537533320646826
2025-05-16,7.2,-0.33229674929633857,-0.3184712519986958,-1.2979524441741321,-0.45996859500373133
2025-05-17,7.0,-0.16246653741331463,-0.1785743629053753,-1.2223191273381802,-0.3700834545309571
2025-05-18,0.0,-0.23677044896944469,-0.24732140449920553,-1.2229915351164546,-0.3764024556906676
2025-05-19,0.0,-0.28490211157056816,-0.30570222028709443,-1.2242141381351161,-0.3820660647256956
2025-05-20,0.0,-0.3164472518725863,-0.33186817741223557,-1.2252976701758223,-0.388215610241363
2025-05-21,0.0,-0.3380097158150798,-0.3440154429266014,-1.226937999696486,-0.3949915503269559
2025-05-22,3.0,-0.28008934195537666,-0.2877126343116208,-1.2066163665029008,-0.3587229314969992
2025-05-23,0.0,-0.32535100917814397,-0.3343805959698872,-1.2094536207448459,-0.36237860049006
2025-05-24,17.0,0.17852868861723026,0.14967650920712175,-1.0348828733772992,-0.1415829227915405
2025-05-25,0.0,0.08401527679803777,0.05144857219476492,-1.0796819811874012,-0.14480456134284786
2025-05-26,0.0,0.02892355759091032,-0.0027488938370696207,-1.111100866238453,-0.14794798167921297
2025-05-27,0.0,0.011446106952795989,-0.02280430943928048,-1.1149793630608078,-0.1508251595593105
2025-05-28,0.1,0.004351450774200257,-0.03085914941821983,-1.1189619684632537,-0.15334399345464478
2025-05-29,0.0,-0.005542023446417863,-0.04032220519808883,-1.1234717978191036,-0.15634213865035632
2025-05-30,0.0,-0.026721273225565164,-0.0581849660375762,-1.1298512246849244,-0.15833100770743222
2025-05-31,0.0,-0.06715180019036224,-0.0941186228422474,-1.1376977030020465,-0.3810166423845215
2025-06-01,0.0,-0.11627741318870703,-0.13855396418423807,-1.1456342929308216,-0.6260285464486378
2025-06-02,0.2,-0.1408804162792071,-0.15727604401789377,-1.1517189898426126,-0.7729315463456257
2025-06-03,0.0,-0.18838771061468268,-0.18969228643123706,-1.1613066822734128,-1.0001541770500475
2025-06-04,0.0,-0.22919916938150603,-0.22784069928046127,-1.1703955023986512,-1.0046758071430895
2025-06-05,0.0,-0.2550149927099773,-0.25459393694068544,-1.1800531639359266,-1.009984413016907
2025-06-06,0.0,-0.29654646490058645,-0.2881153868594597,-1.1916979678534063,-1.0152903318428987
2025-06-07,0.0,-0.333797463634547,-0.32595429210339993,-1.2038613939320526,-1.0187290269677758
2025-06-08,0.0,-0.3473106969456053,-0.34256564450275256,-1.2172724181686574,-1.022906710506782
2025-06-09,0.0,-0.37764015431624387,-0.370554189124176,-1.417092552852051,-1.030099834984162
2025-06-10,0.0,-0.3883982893914979,-0.3728387919734048,-1.4330645835912046,-1.0399675757977336
2025-06-11,0.0,-0.4154556538163316,-0.39004204692053485,-1.4532789716385066,-1.0531275390939197
2025-06-12,0.0,-0.4133359829428337,-0.3828259433161805,-1.4750388325763684,-1.0668883089976449
2025-06-13,0.0,-0.3968324053765435,-0.37413565374796415,-1.4974880225486442,-1.0812288972025974
2025-06-14,0.1,-0.4042295379836284,-0.3759560478849801,-1.5196267004294435,-1.2036419598477266
2025-06-15,0.0,-0.4277876715809987,-0.39178506543370156,-1.54382859536551,-1.5309870530535619
2025-06-16,4.5,-0.27508210720672954,-0.24615372513455247,-1.5166501781839714,-1.660322784418705
2025-06-17,0.0,-0.3343219137003945,-0.29514680888888106,-1.5435732834435723,-1.6835300070251684
2025-06-18,0.0,-0.396632678050843,-0.36914061571682105,-1.5711075057549486,-1.7061836593358044
2025-06-19,0.0,-0.4321390329488094,-0.4166855884772848,-1.5982809699753302,-1.7290767980663708
2025-06-20,0.0,-0.47284726851176534,-0.45216570468210665,-1.6288569399611335,-1.7514790665576403
2025-06-21,6.5,-0.30579885938750917,-0.2894758737746974,-1.5859229867861528,-1.6525936444027889
2025-06-22,0.0,-0.41104521812552536,-0.37674640216073296,-1.6160985140378508,-1.6753819299732884
2025-06-23,0.0,-0.5350566757776213,-0.48051140352507743,-1.6459919717407763,-1.698722560022941
2025-06-24,0.0,-0.5764018761860247,-0.5443803547022061,-1.6772223133535715,-1.7239361290671282
2025-06-25,1.3,-0.5906169908898641,-0.5745288566540606,-1.6959101620067027,-1.7694406141414851
2025-06-26,0.0,-0.6087243337495089,-0.6029315653289464,-1.7303906093351509,-2.2516714583568103
2025-06-27,0.0,-0.6775216283494007,-0.6591952608730115,-1.765564336763826,-2.276420306101734
2025-06-28,5.9,-0.6396926038513138,-0.6278111435290707,-1.7362366761738497,-2.1780229223844065
2025-06-29,0.1,-0.7250728188946617,-0.7051854208604784,-1.7719740994382547,-2.198513832853126
2025-06-30,0.0,-0.8016073512519413,-0.7980876961667565,-1.8102298303575872,-2.224032591909109
2025-07-01,0.0,-0.7476937531421088,-0.7632294733709236,-1.8484285838480095,-2.2511010581888256
2025-07-02,0.0,-0.9106978783247531,-0.8661700368314132,-1.8873939629236673,-2.281298192261124
2025-07-03,0.0,-0.9742604016288445,-0.9141459150237965,-1.9269949571363705,-2.3145607934552235
2025-07-04,0.0,-1.0989210705675707,-1.0386790536987012,-1.9680389065067618,-2.4085715053124983
2025-07-05,0.0,-1.1433151514196238,-1.08509292429169,-2.019660813905706,-2.444456433074586
2025-07-06,0.0,-1.1295487922932546,-1.1015305712360957,-2.063648282902229,-2.4818488837603305
2025-07-07,0.0,-1.210219898146409,-1.1886499246959672,-2.107025522931453,-2.5219547080773435
2025-07-08,0.0,-1.2722099680448076,-1.22451708743748,-2.1538914096859823,-2.5721450156479317
2025-07-09,0.0,-1.2695635183420724,-1.2403141368894088,-2.2011215869928202,-2.6646177109913283
2025-07-10,0.0,-1.42439224042998,-1.3913733762368796,-2.2483017526196667,-2.717450935370725
2025-07-11,0.0,-1.4771189192362053,-1.451077845802413,-2.294442901290497,-2.7701840611217987
2025-07-12,0.0,-1.4823343895685968,-1.4389214817575953,-2.331575114628066,-2.84999533509699
2025-07-13,5.5,-1.4011874088695147,-1.3615946205728822,-2.3073074386437713,-2.78808049094964
2025-07-14,34.1,-0.753617748045484,-0.7660338867495529,-1.9857631199566477,-2.2299673539845655
2025-07-15,39.7,-0.16723446162266806,-0.24002527389760694,-1.6441900908492995,-1.704183224264424
2025-07-16,4.7,-0.2728012434481925,-0.329147711310794,-1.6413379763421023,-1.680859940489194
2025-07-17,15.8,-0.15690497097749362,-0.22959363780001746,-1.5395096689476577,-1.5208232313577743
2025-07-18,0.0,-0.2475447075881091,-0.30626856715476186,-1.5743950753471823,-1.6154255590954139
2025-07-19,20.1,0.006539810089402523,-0.09768946830848753,-1.4328894364201124,-1.4085743131866346
2025-07-20,8.3,0.04933525842432429,-0.06951023953891626,-1.3954655515559102,-1.34517618845939
2025-07-21,0.0,-0.051194416419887534,-0.15805847473539925,-1.4233088077216731,-1.5160793484680877
2025-07-22,0.0,-0.11861543952210588,-0.21261185316831757,-1.4524494844256814,-1.5442756707566927
2025-07-23,0.0,-0.21603713909214511,-0.2948730467653819,-1.539088064773801,-1.571344674369925
2025-07-24,0.0,-0.3370365458718833,-0.39737860508737277,-1.644105886916277,-1.6006586777141787
2025-07-25,0.0,-0.4129583361741915,-0.45977145849689294,-1.673129305349114,-1.6310462287276586
2025-07-26,0.0,-0.41691799068157365,-0.4631778435236554,-1.6988107156396655,-1.6591823902190561
2025-07-27,0.0,-0.4557889512119875,-0.48717325801721406,-1.7230259402987163,-1.6842205383804287
2025-07-28,0.0,-0.47876785242407066,-0.5108618606584805,-1.7458706561608026,-1.706931419524333
2025-07-29,0.0,-0.5092504903447966,-0.5416131669262771,-1.7697581965311997,-1.7313991492235912
2025-07-30,0.0,-0.5411412520707787,-0.5684003836845888,-1.7936618349528435,-1.7707661759671416
2025-07-31,0.0,-0.5809217079946806,-0.6015386428855698,-1.815557057740389,-1.7905502278192165
2025-08-01,0.0,-0.6249049315186587,-0.6433996080744195,-1.837094240566838,-1.8247806266611888
2025-08-02,0.0,-0.6044829360021106,-0.63287922487535,-1.8573424962001917,-1.8418525217972466
2025-08-03,0.4,-0.5585241081688475,-0.5907582256513554,-1.874951127927523,-1.8556155267469387
2025-08-04,1.9,-0.603647374040316,-0.6182879006513532,-1.8764686768072896,-1.8495742231466692
2025-08-05,0.0,-0.6656552538967582,-0.6727112897033454,-1.8931651340857394,-1.8634196489619341
2025-08-06,22.7,-0.31671550599768394,-0.39167572160321246,-1.7306788152391825,-1.639068357802805
2025-08-07,6.0,-0.3385261275987493,-0.4099980857990084,-1.7034526939491563,-1.7548868857684028
2025-08-08,0.0,-0.4796723324274265,-0.5337609466983836,-1.7224156681597067,-1.7714379276763823
2025-08-09,0.0,-0.5974113456485646,-0.6523078307953979,-1.7429437144069089,-1.7965031435038759
2025-08-10,0.0,-0.45878379666991453,-0.5612631751145115,-1.7627681492317224,-1.811512886312255
2025-08-11,0.0,-0.6105466764068296,-0.6608063917189937,-1.7847157087925167,-1.828414040205764
2025-08-12,0.0,-0.6902552655471998,-0.7164793709606209,-1.8088579502507134,-1.8482724949717353
2025-08-13,4.9,-0.6839120395010594,-0.7175987168214472,-1.7988826321426132,-1.824320610432181
2025-08-14,4.4,-0.6891780037233592,-0.7358168659541756,-1.7944461583099194,-1.8776444551794882
2025-08-15,0.0,-0.6848928244420438,-0.7582391951636678,-1.8243095268036684,-1.975791083214992
2025-08-16,0.0,-0.7681384243251711,-0.8067007102433693,-1.851040868733114,-1.999702806477773
2025-08-17,0.0,-0.8645778021660679,-0.8888437409610298,-1.8766395621323153,-2.0241907906166468
2025-08-18,0.0,-0.9129132251586562,-0.9440484102837544,-1.9039864765454566,-2.0500144400327014
2025-08-19,0.0,-0.8722120389599043,-0.9260141943541376,-1.9315755455339831,-2.0750853221153633
2025-08-20,0.0,-0.8068532559022995,-0.8731490577536177,-1.9601338342080856,-2.132111590032432
2025-08-21,0.0,-0.9242344140308896,-0.9419676534496664,-1.9905303279473863,-2.162735492416953
2025-08-22,0.0,-1.0533530733676801,-1.0388673460581157,-2.020516019656328,-2.3683285537408754
2025-08-23,0.0,-1.1595312975572378,-1.134088066530584,-2.049847188212414,-2.3974736116614572
2025-08-24,0.0,-1.2150838469176877,-1.1750516582212323,-2.0781068684422355,-2.4231985463032144
2025-08-25,0.0,-1.382309216357068,-1.3116970178016802,-2.1068314368219085,-2.448780676054602
2025-08-26,0.8,-1.515262517438421,-1.4331049696636944,-2.1285312519168427,-2.4665363363442356
2025-08-27,0.0,-1.4931677177909106,-1.4772678891700686,-2.1558393255709505,-2.49451516705048
2025-08-28,0.0,-1.5784714689310906,-1.5177736912196877,-2.1859592977262463,-2.5286162885818557
2025-08-29,0.0,-1.7724358908661553,-1.6881225438780243,-2.337950575685142,-2.563391263955998
2025-08-30,0.0,-1.9147213332146777,-1.8349445625803809,-2.4995539341951702,-2.598786874769025
2025-08-31,0.0,-0.8622179146820206,-0.9766881292177162,-2.607420703049365,-2.6373830509912555
2025-09-01,1.2,-1.4250297219638342,-1.1630079562499618,-2.74186311976526,-2.661655320140726
2025-09-02,4.6,-1.7523697737349508,-1.2720767116774625,-2.738234758341541,-2.6521953420375732
2025-09-03,0.0,-1.5326017101145133,-1.2413795165335177,-2.768651876527388,-2.6875941618058508
2025-09-04,2.1,-1.7421080726049636,-1.307436508992969,-2.784197704425436,-2.7035319259828112
2025-09-05,0.0,-1.9509387167953423,-1.4105914906497148,-2.817304607112828,-2.741841575226856
2025-09-06,0.2,-1.793666871197723,-1.4116181270636077,-2.8490075668408266,-2.7808620409538753
2025-09-07,4.8,-1.8222921676638082,-1.4138902045935482,-2.84828087505635,-2.776860504714451
2025-09-08,0.1,-1.5071480182333912,-1.3004156183551854,-2.884211338551597,-2.818778004615604
2025-09-09,0.0,-1.7599116496446143,-1.404902515580561,-2.9178399155696506,-2.8547136381943408
2025-09-10,0.0,-1.9391797410059894,-1.5109683044988655,-2.9482360665688896,-2.886314731662955
2025-09-11,0.0,-1.5633735048414554,-1.4550092974311128,-2.976645764620239,-2.914971046652848
2025-09-12,8.6,-1.5479652604939795,-1.4089485459432651,-2.985585486457196,-2.8515177733038684
2025-09-13,103.7,-0.12177360554272389,-0.39752389067781346,-2.390186328847663,-1.9832477628348208
2025-09-14,0.0,-0.5082573278634059,-0.5926870688593333,-2.4839841571755894,-2.0337029631023515
2025-09-15,0.0,-0.7251700307331527,-0.7060510000975692,-2.5075994372578694,-2.0510255834577187
2025-09-16,1.0,-0.8485853691058297,-0.774299528148936,-2.5241509055324935,-2.0588513860572406
2025-09-17,88.0,0.436309988110839,0.09279891595383306,-1.9901681949245678,-1.469726958074098
2025-09-18,12.3,0.2754956894379839,0.039980915878165886,-1.9378468457819034,-1.4030927642501925
2025-09-19,5.1,0.17143156212846333,-0.034546639261202466,-1.9270241729615973,-1.4193774315668926
2025-09-20,83.8,0.008659352745323768,0.7209095750680229,-1.4851265932449373,-0.9425738247717916
2025-09-21,10.1,-0.15560289056983886,0.6345413522045869,-1.451329212381095,-0.8949472289240717
2025-09-22,0.0,-0.36651152901465534,0.5018304561271,-1.4697250259328374,-0.8992065419149884
2025-09-23,0.0,-0.514777665991806,0.41631089086453715,-1.5009184524017325,-0.9096512876485976
2025-09-24,0.0,-0.6134794519147153,0.3496597002346747,-1.6453301786813899,-0.912768595891172
2025-09-25,0.0,-0.72459114212141,0.3054070363274123,-1.6639478693796774,-0.9128954516958623
2025-09-26,0.0,-0.807695570099322,0.26573226495405944,-1.6802195271407854,-0.9426025828353856
2025-09-27,0.0,-0.8462537533670244,0.22890555563593518,-1.6959864104969102,-0.9399061132884925
2025-09-28,14.2,-0.6952021279284545,0.35254444819053266,-1.6337356487314691,-0.8566654948780196
2025-09-29,0.0,-0.8190914240472396,0.3006109746685905,-1.6473151175175835,-0.8466311414035439
2025-09-30,0.0,-0.8147901803195525,0.26049673848488986,-1.6608528434572496,-0.8354061078358773
2025-10-01,0.0,-0.9085659647826188,0.21879463798028137,-1.6740400256314245,-0.8224952177741589
2025-10-02,0.0,-1.0082331576271555,0.1846637859960416,-1.702224475630489,-0.8081439926514432
2025-10-03,0.9,-0.8382819299238098,0.14082589223057598,-1.7075223250030431,-0.7894920125661844
2025-10-04,0.3,-1.0184679029114712,0.108546334727783,-1.716627547450723,-0.774321616976982
2025-10-05,13.4,-0.8449726053370701,0.22090287168644515,-1.6570942374931361,-0.6918390354098853
2025-10-06,77.5,0.2446494409858716,1.070482916093836,-1.2770219933953182,-0.305349785843649
2025-10-07,33.0,0.5585879364805681,0.10157807043913016,-1.1382392136865405,-0.1428290313134898
2025-10-08,1.5,0.3792435711630832,-0.045107969872733765,-1.1389034663450301,-0.12140103480381842
2025-10-09,3.8,0.2963870215262036,-0.10203113883115217,-1.1293532228445895,-0.08978396582998399
2025-10-10,6.7,0.2768782966712578,-0.11360617855718845,-1.1142472071355558,-0.04570703797184693
2025-10-11,4.2,0.2233933616230271,-0.15388111565072052,-1.1036645868485055,-0.03582883889478317
2025-10-12,24.1,0.532671483045188,0.061361782198515076,-0.9986783216537447,-0.06326857002069558
2025-10-13,48.6,1.2402206301518617,0.5709446963276604,-0.7863469382663532,-0.008805065152979331
2025-10-14,30.9,1.528334906767626,0.7663840162499611,-0.657512335441486,0.11724373168345986
2025-10-15,16.7,1.6901157501656154,0.8557411432661536,-0.5914984848623652,0.13478970560107204
2025-10-16,44.8,2.536276406021842,1.3630935809005156,-0.43221346284270196,0.33249023211592305
2025-10-17,10.8,2.3544530290155206,1.2906821214284903,-0.39311808829873274,0.3089660371631337
2025-10-18,46.4,2.8465277412514283,1.6712249806492996,-0.21265041301163495,0.47385988709033755
2025-10-19,4.6,2.706259182444622,1.5085393143252284,-0.24994335122449335,0.50503862659558
2025-10-20,49.8,3.491111966433617,1.951754889695561,-0.05976647991024396,0.7089917388742091
2025-10-21,1.2,3.2035962588070643,1.7723054541937246,-0.05848490620440286,0.7288834820399361
2025-10-22,16.3,3.364960382659466,1.8770165648456727,0.0012148603864445126,0.8065949822202586
2025-10-23,17.4,2.6847850941228826,1.7399529875866524,0.06438288176960368,0.8882037049353597
2025-10-24,33.3,3.6398654891753734,2.121934614834945,0.1858711396225055,1.027344297162995
2025-10-25,0.0,3.6900624527317594,2.0184901090452394,0.18347220391656255,1.0449952918270105
2025-10-26,0.0,3.6129701151649596,1.9270096877654737,0.1813603003628775,1.0622158336695184
2025-10-27,0.0,3.456088742667997,1.8706040856739434,0.17945716211992363,1.0788979978767252
2025-10-28,0.0,3.2160170867062603,1.7816585017524669,0.17355109671106037,1.095716294288261
2025-10-29,0.0,3.009751535499838,1.7091920240943372,0.17222631628935228,1.1128717953583138
2025-10-30,0.0,3.0577446074390107,1.6861046015369143,0.16576615901688901,1.1299570207642637
2025-10-31,0.0,3.006820149401973,1.6259390358993848,0.1645816191662981,1.1457959440686567
2025-11-01,0.0,2.8656969869292075,1.556625200766257,0.16335076654582262,1.1614670742983675
2025-11-02,0.0,2.7572034272739927,1.5123207811433557,0.1618787808868165,1.17144550183211
2025-11-03,0.0,2.737077897669744,1.4714167285150135,0.1606520654343213,1.1894108783201647
2025-11-04,0.0,2.7035182640907114,1.445831937988905,0.1595244421124973,1.1254211546181174
2025-11-05,0.0,2.6182618943319587,1.410259811941179,0.09933002055033913,1.122968845009781
2025-11-06,0.0,2.443102517599293,1.3531407589529165,0.09906427488334126,1.1425798626825934
2025-11-07,3.7,2.5845594484294345,1.4240126034466232,0.10971239073112765,1.1747659395427235
2025-11-08,11.6,2.5735872301119365,1.5013067339885908,0.15433701986365722,1.2340509268286288
2025-11-09,0.0,2.4793387495104175,1.4466379354605912,0.15468177871002645,1.2490422831942285
2025-11-10,0.0,2.4814643307173343,1.4088078333758904,0.15429190004982204,1.2632166059625527
2025-11-11,0.0,2.3253504829453244,1.3250564292378726,0.1532631700568377,1.260598156816903
2025-11-12,0.0,2.3187015881513595,1.3076903430859728,0.12502036698636726,1.2602383894810767
2025-11-13,0.0,2.20136538395955,1.2520257332567903,0.09720115859083443,1.2756660499493662
2025-11-14,0.0,1.8789671265213597,1.1224718304948136,0.09666963958103146,1.2979131115775377
2025-11-15,0.0,1.6046292476351625,0.9625766692299219,0.09635648850694892,1.3208243339902523
2025-11-16,0.0,1.6615759174827167,0.9498676230615203,0.09643401001028594,1.3426969161722
2025-11-17,0.0,1.7150540902042335,0.9510965744725706,0.09719768924871008,1.3641578999214807
2025-11-18,0.0,1.745170101594705,0.9405146294495674,0.08662644046027751,1.3876102082431019
2025-11-19,0.0,1.7182537703911362,0.9149478131676487,0.0876426992199205,1.413027497861377
2025-11-20,0.0,1.7269372230687354,0.9023188889757446,0.022170392382156238,1.4395600977037546
2025-11-21,0.0,1.7173928844260378,0.9006128376981664,0.023200140248593147,1.466999523010645
2025-11-22,0.0,1.7067461018740928,0.8988657666085025,0.024275913377228595,1.4930362569426918
2025-11-23,0.0,1.670744900318959,0.8720828128440921,0.025382373083236032,1.5194415884643202
2025-11-24,0.0,1.6563619170916333,0.8591076609804258,0.026762488662588797,1.542514120553743
2025-11-25,1.7,1.636962844540948,0.8568201108769263,0.03499848656044039,1.5756814519884417
2025-11-26,0.3,1.6111729435049449,0.8280205990692762,0.037450855573054324,1.605158320042008
2025-11-27,0.0,1.4819362596841483,0.7327736214730924,0.03889623990771693,1.6356066851915416
2025-11-28,0.0,1.2972242519321657,0.655809485239307,0.04045108018920403,1.6664062244858444
2025-11-29,0.0,1.2767073197736103,0.637055411570492,0.04134763338920455,1.6981329483506156
2025-11-30,0.0,1.2385928060674176,0.6193983366366314,0.043469805801919184,1.7282523026405099
2025-12-01,0.0,1.2337614721414167,0.6081202480324889,0.046273750416090685,1.7496374966191655
2025-12-02,0.0,1.2445190437643707,0.6096449654936157,0.04967307144831171,1.783596703988044
2025-12-03,0.0,1.2111057746311082,0.6012121562033534,0.0538181463234573,1.8118859104075298
2025-12-04,0.0,1.20649319646153,0.5892153493836403,0.05803691372712645,1.8490487817481402
2025-12-05,0.0,1.2150859816681496,0.5691136093955476,0.06274506928170986,1.8872388252850696
2025-12-06,0.0,1.1954313958445897,0.5544972067867873,0.0676076838583078,1.9145404176206304
2025-12-07,0.0,1.1897050540224074,0.5255434731799676,0.07319183159549889,1.9568376349579548
2025-12-08,0.0,1.1154131532937752,0.47201391166284584,0.08012602905252199,1.9998332887380004
2025-12-09,0.0,1.0489811295664182,0.43452339895007075,0.08754894928685442,2.042895037015637
2025-12-10,0.0,1.007025073478925,0.41501478422677696,0.09497345849728792,2.087527589931626
2025-12-11,6.2,1.1449101349548558,0.5275991984497652,0.12634847317980813,2.124791130583177
2025-12-12,0.3,1.1383342451773655,0.5094069482380303,0.1361397969849358,1.837692771081083
2025-12-13,0.1,1.1407061343554374,0.4939674712712572,0.12964509335089935,1.8829758584447938
2025-12-14,0.0,1.1079800741218173,0.4801979398753978,0.14071988763137275,1.9302860441754837
2025-12-15,0.0,1.0545288215556756,0.45697288339794695,0.15266767665449668,1.9631099824346834
2025-12-16,0.0,1.0725595701466624,0.4488351570934046,0.1648534073495263,1.690968226100787
2025-12-17,1.8,1.131845550193327,0.47837230796549784,0.1786866841284088,1.6786930541103322
2025-12-18,0.0,1.1115188583343276,0.46271875467029866,0.16749935812376185,1.6958522030930974
2025-12-19,0.0,1.0070239679028647,0.43119511420047923,0.18144811471146666,1.4059318145383646
2025-12-20,0.3,0.9311228244056478,0.40766190871432534,0.19671827066854178,1.4022883637854089
2025-12-21,0.0,0.9436527796482213,0.39539714449939,0.21090568737377738,1.4372185010829148
2025-12-22,0.0,0.9438822692089863,0.3831055726108079,0.2212151295851525,1.4730768889886592
2025-12-23,0.0,0.9204186124079905,0.35984193049166485,0.23748838955124144,1.5098627295278022
2025-12-24,0.0,0.8885893845221613,0.34208452718484644,0.25463429870959026,1.547512430171393
2025-12-25,0.0,0.8509758156675402,0.3164774041957174,0.25073314401014907,1.5832707136500908
2025-12-26,0.0,0.8285745176777952,0.30294007298776404,0.2692739645153627,1.6168278310619655
2025-12-27,0.0,0.797647827233071,0.28528995790966827,0.2892704549830379,1.5902169825935697
2025-12-28,0.0,0.8126100708473593,0.28203673760820913,0.3104547488879748,1.622544918030516
2025-12-29,0.0,0.7976674447140399,0.27337773440641167,0.3325509337790928,1.6549883185510912
2025-12-30,0.0,0.8732565864186855,0.2635816847383318,0.35519765595348235,1.6844167813575064
2025-12-31,0.0,0.8629835622587387,0.2511246832559238,0.3779472979316262,1.7129530464384726
