date,precip_mm,CEDI,EDI,SPI6,SPI3
2010-01-01,0.0,-0.9097051753986974,-0.6779413600607704,0.5505018985325503,0.3574165439076807
2010-01-02,1.4,-0.8862925043851347,-0.6745654978375861,0.5799823950680141,0.40899163184548615
2010-01-03,0.0,-0.9752984738989866,-0.7050829603398829,0.6065618152465467,0.43583468529725994
2010-01-04,14.2,-0.6436253913604828,-0.4083714106120628,0.6753103088996868,0.6804136953820026
2010-01-05,0.0,-0.7074963797233376,-0.4813683120545009,0.15184229590840986,0.7020731268963363
2010-01-06,0.0,-0.7307795876656027,-0.5095139869440054,0.1855535132866932,0.7245902245961253
2010-01-07,0.0,-0.8328458768613822,-0.5071237201857282,0.21633048658738563,0.7480771686201098
2010-01-08,0.0,-0.8572623001611621,-0.574596732819925,-0.1128975952964695,0.7713401166509019
2010-01-09,0.4,-0.861758861605938,-0.5799219330791165,-0.08866947975750859,0.8000766260666432
2010-01-10,0.0,-0.8854229549050289,-0.5859288570264527,-0.5439788775947428,0.82352918305747
2010-01-11,0.0,-0.9272810532354572,-0.6169680197536206,-0.5006581927002807,0.6374595077404261
2010-01-12,0.0,-0.953657953817458,-0.6398448872163395,-0.4589775994326125,0.6528141601305941
2010-01-13,0.0,-0.9641362875674746,-0.6518696371803621,-0.6335661557911649,0.6730396930733339
2010-01-14,0.0,-0.9956097293301732,-0.6739760143916268,-0.648115675633709,0.65083815188082
2010-01-15,0.3,-1.0178329408120592,-0.6836709193927673,-0.6047243345721893,0.43686508193021967
2010-01-16,0.0,-1.0451348110676615,-0.7061067245540872,-0.5779058751262283,0.4475396640013276
2010-01-17,0.0,-1.0606425274449995,-0.7186901454059429,-0.5378080799180373,0.2760475954134477
2010-01-18,0.0,-1.0805307830893707,-0.7345795802225721,-0.49752872713006546,0.29381408694532646
2010-01-19,3.0,-1.0139973514599392,-0.6833341400555444,-0.44492935145665596,0.3702688834491622
2010-01-20,7.0,-0.8373660301058778,-0.5444252149494423,-0.38095477288230367,0.5228528693791051
2010-01-21,0.5,-0.8832728705022125,-0.58555697579763,-0.42624514600040375,0.4780899192485047
2010-01-22,0.0,-0.9386658052777792,-0.6269197450846834,-0.4276081901525062,0.5018954915471197
2010-01-23,0.0,-0.9786840898983635,-0.6599714792083858,-0.38809723045839345,0.527719418694941
2010-01-24,0.0,-0.99792887501833,-0.673476100164815,-0.35031097614010026,0.5534194522197173
2010-01-25,0.0,-1.0191606464713068,-0.6911524166515383,-0.3106450485389077,0.5800169302203451
2010-01-26,0.0,-1.0412436977077912,-0.7112768508892319,-0.270894278454059,0.6052699469950317
2010-01-27,2.5,-0.9843408986069707,-0.6727657963861761,-0.2208082476638765,0.6800749711344279
2010-01-28,0.0,-1.0175476625854525,-0.7002087016280496,-0.26813045424039644,0.7073798985370015
2010-01-29,0.0,-1.0464784207525628,-0.7252138122025757,-0.23479002117215292,0.33325881794957585
2010-01-30,0.0,-1.0771160914303664,-0.7494470895615556,-0.19517747859028756,0.2700631770536665
2010-01-31,0.0,-1.1041736050744921,-0.7769928572828632,-0.15555465978525967,0.2947673884607994
2010-02-01,0.0,-1.089015447051459,-0.7865849449697808,-0.1152110378574091,0.31958957496927154
2010-02-02,0.0,-1.1210552417909165,-0.8138028541660608,-0.0761954815429316,0.34689444643843065
2010-02-03,0.0,-1.137411753361576,-0.8338847128363874,-0.03765694761926652,0.3677957732063615
2010-02-04,0.0,-1.1491372177033876,-0.8458306901483554,0.001302566226303301,0.39206794310466775
2010-02-05,0.0,-1.1599847370842347,-0.8591884314203992,0.04279961232086993,0.3133982917884313
2010-02-06,0.0,-1.1715241685377265,-0.8711423064188746,0.08439546717795864,-0.5926558989498375
2010-02-07,0.0,-1.191101229693046,-0.8881906463432059,-0.38787815303094353,-0.5672127592410815
2010-02-08,0.0,-1.1947094631110973,-0.9064184490948062,-0.7811184826667944,-0.5420481755685308
2010-02-09,12.0,-0.8499840211701142,-0.6243108033391512,-0.6736800432717825,-0.15376863113247138
2010-02-10,2.0,-0.8697706863001652,-0.6460873871663901,-0.6246580621605543,-0.07200345244563562
2010-02-11,10.5,-0.6057246925474081,-0.43353673793438696,-0.5261966701771277,0.16885070323811932
2010-02-12,0.3,-0.6473128942525697,-0.4808858697529819,-0.48451965663002905,0.20277181994555513
2010-02-13,1.3,-0.6181130568007603,-0.47981070467521236,-0.4368414242239768,0.26229497876873875
2010-02-14,0.0,-0.6782692325052786,-0.5263988478435293,-0.3956656819859532,0.28550585449088806
2010-02-15,0.0,-0.7219381915431801,-0.5660125634581905,-0.3541322103187146,0.3075966157934127
2010-02-16,0.0,-0.7651526322781089,-0.5947528503567361,-0.42950065040355273,0.32809507444406444
2010-02-17,0.2,-0.7958145585635806,-0.6199955079332067,-0.3868339004547135,0.3540821164053543
2010-02-18,2.5,-0.7451809309042843,-0.5848659217728163,-0.3301773075341857,0.4234237730946
2010-02-19,0.0,-0.776392488585451,-0.6222557076939812,-0.2897408171149756,0.44003517953687027
2010-02-20,0.0,-0.8009395726948777,-0.6546324083913249,-0.2500202986146845,0.42894426691050747
2010-02-21,0.0,-0.8016826456786905,-0.6662302053408756,-0.2671528360019222,0.44078314444790323
2010-02-22,0.0,-0.8128257724635553,-0.6868701533675178,-0.32345876520151123,0.4480533819895614
2010-02-23,0.0,-0.8413025594711212,-0.7136171771146212,-0.40103579948889967,0.4165436037971428
2010-02-24,0.0,-0.864405271215715,-0.7328651256731528,-0.36304535870834154,0.4210965838434114
2010-02-25,26.5,-0.18521987995212463,-0.14858163905209068,-0.14063091072015826,1.0223227834393278
2010-02-26,0.0,-0.3203046158667754,-0.25891299026828307,-0.1459214549149183,1.0204303292855679
2010-02-27,0.0,-0.39983484385375456,-0.32992180414593825,-0.10777360316280936,0.9346037620449729
2010-02-28,0.0,-0.4485389493752969,-0.3709606745206369,-0.06899659202725669,0.9319107571190606
2010-03-01,17.0,-0.04307517302535801,-0.02646511700086259,0.09187373602206711,1.2651214825049006
2010-03-02,0.0,-0.14616178990944104,-0.12103036791590459,0.1343408307912532,1.2592673578464002
2010-03-03,0.0,-0.20772390122417406,-0.18336439889512038,0.17696896365577874,1.2458258488229512
2010-03-04,1.5,-0.19762382058617922,-0.19624283332085932,0.23096618507523564,1.2701789378398844
2010-03-05,0.3,-0.21078913919859282,-0.2398707209133682,0.27861542227478114,1.0480068179482127
2010-03-06,0.0,-0.33316496253776123,-0.2587684690481356,0.3253454413265322,1.0413439638676405
2010-03-07,0.0,-0.34455319549532776,-0.29524586620663085,0.37182687612784565,1.0338472807783337
2010-03-08,0.0,-0.35292437067331445,-0.32536399130784793,0.41833603111671974,1.0220694114955315
2010-03-09,14.0,0.13477644885954865,-0.0626421257117676,0.5751136278642319,1.278921725785423
2010-03-10,7.1,0.27316569500054316,0.013924369755142078,0.6250743706720795,1.3532680843867517
2010-03-11,0.0,0.16015745273702003,-0.05569273336741576,0.47490929805556575,1.3366827804859867
2010-03-12,0.0,0.08385861687964948,-0.10888641098606189,0.5162351538202132,1.3269949665686058
2010-03-13,0.0,0.032835866742264616,-0.14543900831267592,0.5569539502649349,1.3176729573905899
2010-03-14,7.0,0.25817616723869624,-0.029240402857774093,0.6601202797083998,1.4307265918487757
2010-03-15,12.5,0.6717686472597358,0.1822849420678619,0.8118343407788665,1.628833351978487
2010-03-16,0.0,0.5413293819964478,0.10913762687574215,0.8514228085079436,1.6186903078254962
2010-03-17,1.0,0.49812521149630495,0.09640545087444931,0.8994089199251658,1.626083874853701
2010-03-18,0.0,0.4139018557783262,0.06352069342353676,0.9382593696117734,1.6173779634310388
2010-03-19,0.0,0.36278379654369125,0.03504052583944343,0.9773219161454987,1.6096848975928928
2010-03-20,0.2,0.3042434944558786,0.014370072429598443,0.7194185332441974,1.6050957944510926
2010-03-21,0.0,0.24521776820584382,-0.007235699804358415,0.750655716363461,1.5927174532531185
2010-03-22,9.9,0.5652500326210874,0.15880154870143343,0.8812724481069808,1.7397640612818335
2010-03-23,0.0,0.4426249220310724,0.09273053184223502,0.9126808080945857,1.7035809500199228
2010-03-24,0.0,0.35419419604788865,0.04228294293139016,0.9421967809075585,1.6838017525668183
2010-03-25,2.5,0.40373448770251397,0.05173329501081254,0.99524303779081,1.6749975233115326
2010-03-26,0.0,0.3184121616072379,0.00566116280542781,1.0135199647858593,1.655476954840801
2010-03-27,0.0,0.2664575728368702,-0.027142237372490455,1.015700241729962,1.6013711361566227
2010-03-28,0.0,0.21488797568886578,-0.06024752581352051,1.0246497751646824,1.5752767306238926
2010-03-29,0.0,0.17419612794553319,-0.08993027558952807,1.0434981363922315,1.531944637847015
2010-03-30,0.0,0.14200477082958685,-0.11844345302818318,1.0611931680482003,1.496339764737462
2010-03-31,9.5,0.46109849142844317,0.04886583874791463,1.1809934872746823,1.6194284800889738
2010-04-01,1.0,0.39041639096782255,0.0072675022870283225,1.1614762904132676,1.606496377497983
2010-04-02,0.0,0.2737939558839499,-0.04354289810838984,1.1730602091679532,1.5540504480478186
2010-04-03,0.0,0.17629964512774818,-0.08532468508938226,1.1819608966499016,1.5213304773219678
2010-04-04,0.0,0.09225508830656867,-0.12701473040351116,1.188795846662922,1.2578280630935832
2010-04-05,0.0,0.016480866722178394,-0.1722243085357688,1.189457879427172,1.2240382419741203
2010-04-06,0.0,-0.03736752273163988,-0.20550250691911726,1.189411558717242,1.1908481026835296
2010-04-07,0.0,-0.09233805749600275,-0.23270426619027423,1.1888978186581165,1.1568532186096028
2010-04-08,0.0,-0.1337195115997629,-0.26022227438425427,1.1851960905036591,1.1203659846489307
2010-04-09,0.0,-0.1626704679780372,-0.2875203904050187,1.1789888850768704,1.0750473262799067
2010-04-10,0.0,-0.20020935175379917,-0.3176554817010164,1.1731840098524975,1.0370150314383795
2010-04-11,0.1,-0.2546685592653673,-0.3441560098313927,1.0210309509465854,0.9972534960676898
2010-04-12,7.0,-0.0507302600360165,-0.2279782964249789,1.0885682961955545,1.0689599066378404
2010-04-13,1.0,-0.09469324522287416,-0.2552420015107214,1.090786990495355,1.0440214148782037
2010-04-14,0.0,-0.1480344961277943,-0.29085447898096023,1.0514710421956983,1.002002471212998
2010-04-15,0.0,-0.19215427797319248,-0.3133540057365375,0.8848178527763239,0.9558590286477016
2010-04-16,0.0,-0.22937995222727042,-0.3378340505462494,0.8717342282966187,0.9148813427442168
2010-04-17,0.0,-0.2634189435164007,-0.3387630814742456,0.7383378769167814,0.8739313674398196
2010-04-18,0.0,-0.31359058930995076,-0.3542115017834001,0.7235431107192993,0.8332066855473325
2010-04-19,0.2,-0.3579504956302034,-0.38199306045853343,0.7118146213409844,0.752387729991137
2010-04-20,0.0,-0.41620259628794537,-0.3949823219357589,0.698093820687902,0.6071279429389324
2010-04-21,4.0,-0.3634943220280672,-0.34093043579250226,0.682597299452677,0.620994250729488
2010-04-22,4.5,-0.31213180569258187,-0.45210069926634217,0.7203496994120951,0.6467249913435851
2010-04-23,4.0,-0.2591715985596509,-0.376046905459744,0.7511973700779369,0.6627129241786888
2010-04-24,0.0,-0.33528974598031724,-0.4124965107897691,0.7348224814346185,0.6215117731572358
2010-04-25,0.0,-0.4193217116784768,-0.4853684193216908,0.7180049337069048,0.5805636688240531
2010-04-26,27.0,0.40118211093901734,0.19212510670100497,1.0077139045075678,0.9039971381554792
2010-04-27,4.5,0.3451679731142973,0.13719049979566142,1.0381239788521022,0.8855883070164345
2010-04-28,9.5,0.4887034292347869,0.25544236078417093,1.1202652959349169,0.9585882457373264
2010-04-29,0.0,0.3101238237495946,0.10706796255390409,0.8857531954238559,0.9150782650145494
2010-04-30,0.0,0.15661402971043759,-0.014254503249976925,0.8206553372555403,0.8733881924441965
2010-05-01,0.0,0.03806467801843481,-0.11353326401684907,0.7976285674389929,0.8305763262511137
2010-05-02,0.0,-0.04282960616596079,-0.18403101179553788,0.773861997648187,0.7882863785575928
2010-05-03,0.0,-0.11654069079718093,-0.24072559009794717,0.7506574007402769,0.7457566764478046
2010-05-04,0.0,-0.2148322096797585,-0.3240393593423477,0.7235385365674886,0.7034729940699053
2010-05-05,0.0,-0.3382692492177049,-0.42416698738448305,0.6986450252295033,0.6625252520898925
2010-05-06,18.0,0.14884571856193593,-0.026159064858167363,0.8220249947732287,0.8281269293237907
2010-05-07,0.0,-0.03446724680617307,-0.1786043755332067,0.422998383360855,0.7900197756371282
2010-05-08,0.0,-0.16968014878344556,-0.30329197244385314,0.40197574911911765,0.753654997216131
2010-05-09,0.0,-0.288103681783294,-0.411184314213649,0.381727056505063,0.7184111146693393
2010-05-10,0.1,-0.4004856249086572,-0.5056771250653006,0.3622387299643123,0.5497076247692937
2010-05-11,0.4,-0.5084475708639272,-0.5840714563071444,0.3458566223705534,0.49698328172706624
2010-05-12,0.0,-0.6110657258281326,-0.6623729942246858,0.29693346242415297,0.34096784375461514
2010-05-13,0.0,-0.5930710468177428,-0.6609854592975134,0.27707276355850446,0.30399366655011484
2010-05-14,0.0,-0.6734337908652328,-0.713039662948221,0.2580066903220673,0.2565865409198483
2010-05-15,0.0,-0.7758321163030363,-0.7802211112411567,0.23988461396960004,0.22708587681814002
2010-05-16,0.0,-0.7746606894704877,-0.8140092954494266,0.22235659464713017,0.19887494264483402
2010-05-17,1.0,-0.7396314906221001,-0.7948487978394989,0.216341078979214,0.18387412759159827
2010-05-18,59.0,0.749075016263866,0.48473634217017886,0.8092122059181321,0.784212660554273
2010-05-19,0.5,0.4636022884591292,0.23980562434804473,0.7879501544401909,0.735749112897226
2010-05-20,0.0,0.3075425183038253,0.10209706349566812,0.7669726624976987,0.7088230561688356
2010-05-21,0.0,0.19861166024320964,0.007791443728352145,0.735607714872769,0.6823433468240171
2010-05-22,5.5,0.2867424567728713,0.07427155932013624,0.7681261555817984,0.7119713122671694
2010-05-23,21.5,0.8361065858696165,0.5512112884776065,0.9487507525674367,0.8929226505282752
2010-05-24,15.5,1.1298661833297747,0.7790192415812626,1.0553026551592841,1.0118477206748777
2010-05-25,0.5,0.893194935276971,0.6439774523602295,1.040088269582577,0.9958418869779472
2010-05-26,0.5,0.7671762455528448,0.5342633339043629,1.0242325056357304,0.7380786209788299
2010-05-27,0.0,0.6240981159927605,0.4336052819135948,1.0027943900989553,0.7166860785395165
2010-05-28,0.0,0.5176322132816135,0.34844786011589807,0.9466105852201947,0.6960173448241008
2010-05-29,0.0,0.422033238722992,0.274826772137674,0.927126507459823,0.6773384678136318
2010-05-30,0.0,0.34378790582886487,0.21461544840877614,0.9068259829927737,0.4973001332115808
2010-05-31,1.5,0.3075854159647886,0.18877695376586415,0.8997349544254213,0.49344087297348876
2010-06-01,0.0,0.20980987009240712,0.10031337401125699,0.8776080074389765,0.47691810338915436
2010-06-02,0.0,0.12040517953649221,0.0260634469876986,0.8611115837329925,0.4466003063786949
2010-06-03,0.0,0.04268429392324581,-0.04590034970143984,0.7426665232465642,0.4275287133665941
2010-06-04,0.0,-0.029279488130153006,-0.1146472917992424,0.7241195360929875,0.4115028849095537
2010-06-05,0.0,-0.08853263699090175,-0.1708455571946447,0.703482332805434,0.39414475661721365
2010-06-06,0.0,-0.13695376460349032,-0.21374131511574954,0.6795875703739835,0.375870950923954
2010-06-07,0.2,-0.1798133956693679,-0.2480715747326313,0.6592808642330703,0.2234951319787322
2010-06-08,0.0,-0.2426281108734721,-0.3031248382409312,0.6145713411876688,0.1334738930649618
2010-06-09,0.0,-0.32943052008543666,-0.37985527034820304,0.5859497925565389,0.11423898865714761
2010-06-10,0.0,-0.393893540182611,-0.4347983994199469,0.5595050979240628,0.09390422554663451
2010-06-11,0.0,-0.47533790744114446,-0.4935443761748821,0.5305894483859822,0.0712131986396715
2010-06-12,71.0,1.7338256800069616,1.3908355257448834,1.0629402298035924,0.6326995365473816
2010-06-13,18.0,1.8075362948287386,1.4822172878022288,1.1612282185953282,0.6536461952589093
2010-06-14,10.5,1.7037931707600096,1.409085890777653,1.1985634481152458,0.7114614455108681
2010-06-15,0.0,1.5196627903675184,1.2371162419083885,1.1581070687505406,0.6719415823581137
2010-06-16,0.5,1.3933795301787701,1.1093172177779602,1.1169522324235563,0.6405550201045751
2010-06-17,0.0,1.2406400429913207,0.9593020945603027,1.0684723549262662,0.6023423029620949
2010-06-18,0.4,0.9970532798179434,0.7761709282576946,1.021796004604019,0.5646817008968299
2010-06-19,4.5,0.8691599914721299,0.6887857667188416,1.0022222521671977,0.5604459846978722
2010-06-20,0.0,0.6167689384687809,0.4762811881894933,0.9522579196293336,0.44404692759602254
2010-06-21,0.0,0.4510603679981473,0.3377183651348296,0.8964412508981883,0.4051964775229102
2010-06-22,0.0,0.3678833295647916,0.24985910649185103,0.8467585165730195,0.3652800631668709
2010-06-23,0.0,0.2595556273077522,0.1414956033782093,0.7839574503455534,0.30467529922012293
2010-06-24,0.0,0.10582339171352617,0.01405794776620376,0.7316620971466521,0.26170401619991146
2010-06-25,0.0,-0.009560578593105993,-0.08829957163586628,0.6648455483115212,0.21721043502581525
2010-06-26,3.5,-0.033270708984334714,-0.11445197209329068,0.6329501637340562,0.19886438376909119
2010-06-27,9.5,0.01801367876534895,-0.07794411455975614,0.6299781976824819,0.2228396895099124
2010-06-28,0.0,-0.11551211597592141,-0.21244545018529773,0.5718331128974621,0.17496455218684304
2010-06-29,0.0,-0.21272513125896417,-0.29975686991282957,0.5153068571635752,0.05808424728967732
2010-06-30,9.5,-0.18658526360583128,-0.27631218993127105,0.512562164764923,0.07011860331070752
2010-07-01,0.0,-0.3502559935339382,-0.4326595451809272,0.4464184129289967,0.019351228452095633
2010-07-02,58.0,0.445586621936968,0.2660544642746645,0.693035854034166,0.3459211730326137
2010-07-03,5.5,0.3025147852513207,0.12114412062035966,0.58818015921016,0.32471211068670836
2010-07-04,0.0,0.14786895073844086,-0.02794287576897049,0.529245460291789,0.27125459190270756
2010-07-05,0.0,0.03455627636148364,-0.13587894552692664,0.47233646900029863,0.2189825335993777
2010-07-06,0.0,-0.08125436916169206,-0.23783202529186356,0.4167636197925261,0.1678697592954464
2010-07-07,0.0,-0.1987423933323673,-0.3214185671410331,0.36228121557573156,0.11755392293601184
2010-07-08,0.1,-0.31928114837175664,-0.4247972292841561,0.3062113202725837,0.06684769047053067
2010-07-09,0.5,-0.399777199586598,-0.49518995535743043,0.25468033838918974,0.018851977442277904
2010-07-10,0.0,-0.5438745781438115,-0.6320138504545684,0.20012994411596485,-0.03375957001587227
2010-07-11,0.5,-0.6825593909109016,-0.7579361868246746,0.14929468591563222,-0.1220294993743082
2010-07-12,0.0,-0.6946752099464834,-0.7572659933092373,0.09539128703469484,-0.17821680044142593
2010-07-13,1.5,-0.7218555781363165,-0.7837340792821413,0.048551310978364924,-0.21985598458472425
2010-07-14,1.0,-0.8113553729977133,-0.8519187625532584,-0.002540696304829177,-0.26535664501579337
2010-07-15,0.0,-0.9458464661886902,-0.9757246202909454,-0.055633955151448145,-0.31529565419658484
2010-07-16,57.0,-0.2807036055481875,-0.40527817440881064,0.1480958829051792,-0.052752511277066996
2010-07-17,89.5,0.5452392387302544,0.24634242135856838,0.4667203056828377,0.3358258603246348
2010-07-18,2.0,0.2594350545867719,0.0385875015586069,0.4125856476714376,0.29736045098128666
2010-07-19,0.0,0.095361790425974,-0.10108264645539035,0.33541411204103994,0.25139324441963695
2010-07-20,0.0,-0.04097066301266127,-0.21901800932056553,0.284074840714623,0.18797421634331712
2010-07-21,0.0,-0.17688141607190083,-0.3303814190971025,0.23566059899881747,0.12330960252910848
2010-07-22,0.5,-0.27707898369441203,-0.4146966826034957,0.1893142215114255,0.06344088293080222
2010-07-23,4.5,-0.33880290055106926,-0.4633904524154197,0.15856681538923584,0.04000775257669612
2010-07-24,1.0,-0.43653877271205027,-0.5547077087463791,0.1137786554071693,0.00031605758550693136
2010-07-25,0.5,-0.5315311880128075,-0.6397923789699622,0.06846784240233209,-0.165274418385167
2010-07-26,16.5,-0.4114154124720268,-0.5471808334982656,0.07648788824909215,-0.1502340608660048
2010-07-27,0.0,-0.39029048022427,-0.5083180483530678,0.030774753786022045,-0.23454900182576957
2010-07-28,0.0,-0.49251608141851005,-0.5655634024866574,-0.013699450344935152,-0.27322933720780734
2010-07-29,0.5,-0.605643461849442,-0.6423381218809681,-0.055182410106829394,-0.3088364534134122
2010-07-30,0.1,-0.7031343900639541,-0.7132691485182796,-0.09756556633139318,-0.3451013964857997
2010-07-31,0.0,-0.7482476247092303,-0.7442149870308781,-0.13896007265085172,-0.3796020277743296
2010-08-01,0.0,-0.8241220732590342,-0.809116589929739,-0.17899560506445447,-0.41221998861384196
2010-08-02,25.0,-0.539469405748935,-0.6420584378540874,-0.12185513521465681,-0.3280104114785277
2010-08-03,0.0,-0.6679976916182214,-0.7193962444128759,-0.16089588522799428,-0.3596503371835334
2010-08-04,16.5,-0.5483901013159638,-0.6597073896500366,-0.13662476275096674,-0.3974180230032932
2010-08-05,0.5,-0.6731418247239951,-0.7489903786969468,-0.17342711035700237,-0.42621553589426575
2010-08-06,3.5,-0.6785535472712241,-0.7690459110742027,-0.19863608471309185,-0.44116133139062325
2010-08-07,83.5,0.12198532360147692,-0.11890116770109789,0.06951730633727866,-0.11043707533318921
2010-08-08,0.0,-0.08633553674411157,-0.24189360987844652,-0.009833296495890622,-0.13986904006263623
2010-08-09,0.0,-0.23150892928653016,-0.3473612355980705,-0.052853177676215356,-0.16940246217178748
2010-08-10,24.5,-0.07922206635887967,-0.23946677916848774,-0.03725233377548939,-0.09671611365103451
2010-08-11,2.5,-0.16844723433656855,-0.30358663108384,-0.06335169954903609,-0.11250813980823651
2010-08-12,5.5,-0.20433758100870128,-0.3311973397206705,-0.08075509115428879,-0.11529994232467168
2010-08-13,62.0,0.38685543489543883,-0.033605395248868075,0.10221028402245752,0.09571785749047755
2010-08-14,7.0,0.2607457093810349,-0.10893527758886946,0.09436918529029752,0.09628589518823409
2010-08-15,49.5,0.6602771698735295,0.16888377067805294,0.22734153817024563,0.24432026558669803
2010-08-16,0.1,0.4726683708091323,0.045088734466577636,0.1960702141785804,0.00847418026657076
2010-08-17,0.0,0.36768127550767665,-0.042828941858595496,0.15731649806257916,-0.017543175401613677
2010-08-18,19.5,0.4978376583789132,0.03327374773693503,0.19043149716306942,0.029386221199542352
2010-08-19,0.0,0.35672281596076727,-0.06157502729526098,0.16100948574717722,0.006282942530760219
2010-08-20,0.5,0.2473057551119914,-0.13736367115027914,0.13447499121230014,-0.03399940914291719
2010-08-21,0.0,0.13972515199422508,-0.22486957584420159,0.10602511597875071,-0.13532990619798202
2010-08-22,0.1,0.037334945063880326,-0.29918677598112486,0.07848916605326182,-0.21489732439664497
2010-08-23,21.0,0.19630991172653767,-0.16940940990239126,0.11985227497556168,-0.16032771964197493
2010-08-24,9.5,0.18325679091347064,-0.15991665754532622,0.03973838557216361,-0.1470535186814733
2010-08-25,50.5,0.6609512683189505,0.15060746221510082,0.17719678488691393,0.011878621948089673
2010-08-26,10.0,0.6004637649197115,0.09823342830468522,0.18485780982128086,0.027165408767041488
2010-08-27,92.5,1.4769603822202526,0.7310885342289773,0.445073959450729,0.31197761758980436
2010-08-28,12.5,1.3872544759498737,0.6719849538372139,0.4088779716830751,0.33270491097524524
2010-08-29,99.0,2.288723155352101,1.3794727216897573,0.6758473999404319,0.6099402179168877
2010-08-30,1.5,1.8830962422522486,1.1365779281715238,0.6592038254165715,0.5968994389837899
2010-08-31,2.0,1.670750275073456,1.0115192666559065,0.6408781905362787,0.5864805632774444
2010-09-01,14.5,1.711073574119364,1.0474581563907694,0.662280505295699,0.6134654233286996
2010-09-02,37.0,1.854165370996739,1.2376174717549586,0.7473438895228696,0.7042753746997814
2010-09-03,3.0,1.7956673550980111,1.1279739235024757,0.7369207568361036,0.6981012899518935
2010-09-04,0.0,1.67726096494845,1.0211760473869644,0.7188456867415227,0.6846482239765062
2010-09-05,49.5,1.9724385279092056,1.2867973743271068,0.7997915703475673,0.8095237192031586
2010-09-06,0.0,1.8995833566194584,1.1989227908261861,0.7617685349811169,0.7963885862665958
2010-09-07,0.0,1.8116220623992358,1.1178166069875064,0.7439109655363643,0.7843321174693626
2010-09-08,0.0,1.6928582336487643,1.0427653403456196,0.7275677615121814,0.7746749085032112
2010-09-09,90.5,2.4482856245323985,1.7210978230708869,0.9566657868004126,1.00991963062476
2010-09-10,74.5,2.8003148142963985,2.1119646125487406,1.117608984172409,1.0120680843935792
2010-09-11,68.5,2.754158004978434,2.205914380085084,1.2449013635834203,1.1358748294776104
2010-09-12,15.5,2.962336494836097,2.2161943823556025,1.2701476431269818,1.1442554232603255
2010-09-13,0.0,2.983113177911823,2.1452683988483128,1.2546879604718286,1.141481754991144
2010-09-14,0.0,3.006454678168907,2.111546262993459,1.2419367599283504,1.1384009656673189
2010-09-15,0.0,2.9648256918175093,2.053819470066741,1.2295999146043515,1.137641290860334
2010-09-16,0.0,2.877514659543046,1.9904062361780452,1.2176746979905824,1.1367228319932163
2010-09-17,0.0,2.768858695232058,1.9390386225917395,1.2068453945484938,1.1258945957919115
2010-09-18,0.0,2.545232965806664,1.7971593575869362,1.1725405767412007,1.1275710894792312
2010-09-19,17.5,2.675007695435829,1.8770917807925154,1.2061817761398235,1.17261655222501
2010-09-20,25.5,2.8086260882798695,1.9906091165319908,1.258868132581261,1.2373529771807998
2010-09-21,259.5,4.756254980225298,3.799963305516309,1.8419354935449088,1.8321305360950837
2010-09-22,0.5,4.1715925696766964,3.5766772789097625,1.8346703495596413,1.835123021536233
2010-09-23,0.0,3.790529682298909,3.4288024379548876,1.826417581326498,1.837295816661414
2010-09-24,0.0,3.5843355000430086,3.354108980189199,1.8188938045302292,1.8334779240998245
2010-09-25,0.0,3.4842003944359328,3.312486112904021,1.8122908117769592,1.818341263236326
2010-09-26,0.0,3.406354223220788,3.278066675868832,1.8062530020990377,1.824095943598353
2010-09-27,15.5,3.49869715985324,3.356660636171183,1.8151195320116933,1.8647715840937822
2010-09-28,0.0,3.4480923208857512,3.3080461720313012,1.8088240652216836,1.8540804290742259
2010-09-29,0.0,3.3553406859694395,3.2129223652027536,1.8046984180281698,1.8643221762818547
2010-09-30,0.0,3.1434513034735225,3.0720169550529586,1.800625770447041,1.7552050111616562
2010-10-01,0.0,3.035140816619809,2.9887075036057067,1.7963334324927245,1.7566739898668906
2010-10-02,15.0,3.1655330910306154,3.066948993211775,1.8248965573740497,1.8014755742611441
2010-10-03,7.0,3.190270964708571,3.070677412779808,1.8365864496495004,1.8312180553139834
2010-10-04,3.0,3.2055889435351803,3.0710492221200583,1.8411859620575686,1.8542130640295618
2010-10-05,0.0,3.183502849257533,3.055406931830577,1.8399948418504501,1.8723202684419118
2010-10-06,0.0,3.187713723650126,3.048258202185611,1.8389166779905866,1.89058651944339
2010-10-07,0.0,3.1383795659683233,3.0144672347364954,1.8397585628258661,1.9109813379135225
2010-10-08,0.0,3.127458716507255,2.9960411125120228,1.8403529260142686,1.9306997839489792
2010-10-09,0.0,3.104768951110009,2.966033675843017,1.8264300601985024,1.9490899030460456
2010-10-10,0.0,3.027887726959018,2.918792196139361,1.8252684667200878,1.968584250953512
2010-10-11,0.0,3.0373015609396887,2.911083219671589,1.8270413102401357,1.9855488349627923
2010-10-12,0.1,2.9299787911452153,2.869631029042045,1.8297894495939133,2.0051996835347836
2010-10-13,0.0,2.9441317150870745,2.8665892937134725,1.832008507693557,2.0259000257401176
2010-10-14,0.5,2.9105997906313936,2.831642385796684,1.8355591267256364,1.9386235547268584
2010-10-15,0.0,2.901455524246937,2.806572976788373,1.8387285305583407,1.78604881564476
2010-10-16,0.0,2.910079094222491,2.808870853091514,1.8418328016408174,1.80709048155766
2010-10-17,0.0,2.9375311871146277,2.8212944643364084,1.8453923724741952,1.8330113077670502
2010-10-18,0.0,2.919690546678952,2.8062457770865827,1.8405204329870193,1.8610284380427058
2010-10-19,0.0,2.9550313744361643,2.8224461593861774,1.8348833676827092,1.8919521824943648
2010-10-20,0.0,2.9362546462031744,2.7928438775515216,1.830187320065903,1.9239784202666828
2010-10-21,0.0,2.8946996493351116,2.7687390883465293,1.8340941039029315,1.9492697317430523
2010-10-22,0.0,2.8984903378234876,2.7556319051686122,1.8378734146591913,1.985233022034278
2010-10-23,0.0,2.859076038416063,2.724848691981212,1.7833183858855715,2.0234073591177992
2010-10-24,0.0,2.8403360948176077,2.701587786759472,1.777155424092706,2.0317564664641696
2010-10-25,0.0,2.8380734069364433,2.696762593793405,1.7597982846098503,2.074190150910502
2010-10-26,0.0,2.8862838732204015,2.7209220184146012,1.7633077908474568,2.116897400657792
2010-10-27,0.0,2.7986845445523865,2.660311121049515,1.7668198174064917,2.158189903889026
2010-10-28,0.0,2.7232737027743803,2.6173760695710175,1.7701669682031862,2.1999160311399057
2010-10-29,0.0,2.721987337078686,2.6090707383817633,1.7738922898534915,2.2415905950715094
2010-10-30,0.0,2.7266926532806743,2.6051846361459647,1.7786257119680442,2.282529816077212
2010-10-31,0.0,2.709410125153747,2.5793623826209977,1.783394556200152,2.2711905823711565
2010-11-01,0.0,2.695208167451328,2.5633559619578556,1.7884061826822795,2.310385972285139
2010-11-02,0.0,2.634304487192387,2.522566751495827,1.7542910826329248,2.3161121103289757
2010-11-03,0.0,2.617602666864531,2.5141386604854246,1.75961653355518,2.355930592388796
2010-11-04,0.0,2.558998058085403,2.497038236080406,1.764185492765233,2.3910063498087335
2010-11-05,0.0,2.4582984309765554,2.4427651434047597,1.7682226987572776,2.255660716044021
2010-11-06,0.0,2.331890364646584,2.3612534556416946,1.7723476427141622,2.3003230297549733
2010-11-07,2.0,2.2679994696716017,2.3129522766574304,1.7801909871311279,2.351387622416598
2010-11-08,0.5,2.226890186683567,2.280902992419574,1.785870666360383,2.3470971251685886
2010-11-09,0.0,2.2047713179470683,2.2645732584716063,1.790401346441402,2.390577083994482
2010-11-10,0.0,2.1995772540317096,2.258715783903521,1.7951940039456122,2.4258315983912775
2010-11-11,1.0,2.181295995490215,2.2387224405194304,1.8012843678214874,2.333380772957245
2010-11-12,0.4,2.105634010261615,2.1754017469069034,1.8052029654306416,2.368974475162367
2010-11-13,0.0,2.0319085806565225,2.1239464449747745,1.8063737372142885,2.3028377776009843
2010-11-14,0.0,2.0361120472755383,2.1256924582225354,1.6802763506999572,2.359446024787717
2010-11-15,0.0,2.0182365946848355,2.1193551341805965,1.6824056656152946,2.417925352940755
2010-11-16,0.0,1.9867636814179301,2.0934043328718026,1.6858844848046421,2.4257582403585065
2010-11-17,0.0,1.954446150308169,2.077603890869478,1.6895877798559475,2.4820946175198904
2010-11-18,0.0,1.8940071726536727,2.0349805612397165,1.680668817321308,2.537735437213736
2010-11-19,0.0,1.8352343126630823,1.9796047298368624,1.6358636159389364,2.598772713834585
2010-11-20,0.0,1.7280795715555486,1.919187873110938,1.6043995897413126,2.659777165061695
2010-11-21,0.0,1.7586091941144608,1.9357794924110212,1.6068552918909098,2.6655858171118982
2010-11-22,5.0,1.8318085753675581,1.9862938558553989,1.620797070467908,2.7117159232187666
2010-11-23,0.0,1.7912869338335893,1.9498912215312252,1.6246363365156236,2.63245948086501
2010-11-24,0.0,1.7875596613799967,1.9424163270443415,1.6290457376829162,2.666639513947641
2010-11-25,0.0,1.7395038024188567,1.90117669946395,1.6335521981030225,2.450211351790421
2010-11-26,0.0,1.7212011770969995,1.88665372727022,1.6383195558838086,2.4740904082423834
2010-11-27,1.0,1.7134390384350806,1.888966317957517,1.642291629690884,2.2142655121990296
2010-11-28,1.0,1.6885300955336893,1.8480253347352487,1.6498900203107012,2.2774122362226645
2010-11-29,0.0,1.6485118946339044,1.8076816117255456,1.6549745632825283,2.3366782202699903
2010-11-30,0.0,1.6075964921340562,1.766442208624292,1.6597727733270995,2.3515106450398524
2010-12-01,0.0,1.5816229371009705,1.737941820054934,1.664981066006189,2.284493830351109
2010-12-02,0.3,1.5348564020731725,1.6981614785054853,1.6707921716298162,2.349729201789
2010-12-03,0.0,1.505222367177954,1.6744871025767392,1.6766329805537008,2.4292713889579143
2010-12-04,0.0,1.5151545538018834,1.6738378769132076,1.681907743937469,2.3068724142656576
2010-12-05,0.0,1.503866931869462,1.666482030490931,1.6886245648209577,2.387849141463372
2010-12-06,0.0,1.4787656636822386,1.6514781221333648,1.6963545114382912,2.4749336807486357
2010-12-07,0.0,1.4636028398018757,1.6415929513821617,1.7052756080158642,2.5631412672446925
2010-12-08,2.5,1.5110652082428555,1.6810406585578161,1.7206176004027782,2.2347100518031406
2010-12-09,0.0,1.5045926048327942,1.6740251021595576,1.5682410819157606,1.9227569918000336
2010-12-10,1.5,1.5185660975448607,1.6829027268856076,1.5394309835598396,1.6020424731051313
2010-12-11,0.0,1.4950382054842233,1.6609055553175691,1.5256047995592208,1.5725788398805869
2010-12-12,0.0,1.4823292509993804,1.647893146143344,1.5379019815286907,1.640302673441552
2010-12-13,0.0,1.44570306246443,1.6195274645962807,1.5495628347109522,1.7056649503108314
2010-12-14,0.0,1.4009631304663368,1.5891306895205564,1.5630509177750016,1.7727409467655786
2010-12-15,0.0,1.3380422561255854,1.543704820022733,1.5757376175611215,1.839031641619505
2010-12-16,0.0,1.3208497252503644,1.5283191069049449,1.5790640296287517,1.9054568466775503
2010-12-17,1.4,1.317771213149373,1.531440908664476,1.5929185677503797,1.9652223536852838
2010-12-18,0.0,1.3049996610676757,1.5174924027338876,1.604815527993305,1.8981572615827154
2010-12-19,0.4,1.3010659088654144,1.5191643538222388,1.618305719929893,1.7641998368231273
2010-12-20,0.0,1.2797676385248937,1.4989951293366364,1.6312374642246266,-1.504097175498917
2010-12-21,0.0,1.2488142372724205,1.4721962504996127,1.6443456042020714,-1.499558920226057
2010-12-22,0.0,1.2444718475840528,1.4667568745226198,1.6572929930163693,-1.4826114034892508
2010-12-23,0.0,1.2174227625275587,1.4502012015463528,1.6628970519180126,-1.4670884672267155
2010-12-24,0.0,1.203020768935979,1.4292820536430335,1.6560526747120006,-1.449791785086966
2010-12-25,0.0,1.1753537999986148,1.4047783212402263,1.670845791352159,-1.4296737854543267
2010-12-26,0.0,1.1536812208749097,1.3868507224348914,1.686231895654049,-1.8818902891373934
2010-12-27,0.2,1.1374493409966773,1.3744676682271295,1.6801884190692107,-1.860448092574164
2010-12-28,6.0,1.2718161177344975,1.4764376548038602,1.7104077476990218,-1.6470219080948076
2010-12-29,0.1,1.2188353510584493,1.4361233120286327,1.5958454336197723,-1.6277361813339648
2010-12-30,3.7,1.3251120014271944,1.4664119423940267,1.6107534317247016,-1.4975553510884296
2010-12-31,0.0,1.2689936387965006,1.42078455039032,1.6309350243729153,-1.9978086284576746
2011-01-01,0.0,1.2494089303946994,1.3822433466326,1.673518784620681,-2.2809263681805705
2011-01-02,0.0,1.2207642560763705,1.3546438474103244,1.6952441970078538,-2.4179561926029365
2011-01-03,0.0,1.107710178354408,1.3237414192837287,1.718196290833267,-2.4080283513756493
2011-01-04,0.0,1.0786960715425058,1.2996056477817612,1.740598752100279,-2.3936836227354257
2011-01-05,0.0,1.061048136354254,1.2603999927500724,1.762806019677715,-2.380352372154905
2011-01-06,0.0,1.0369378525882924,1.2371310152897548,1.7842404481329757,-2.3695534689437374
2011-01-07,0.0,1.1231675637687217,1.1671183233256226,1.8046273739496053,-2.360303383359725
2011-01-08,0.2,1.1174517389916188,1.274489336948855,1.8275697334600673,-2.3375260952603196
2011-01-09,0.0,1.106556809930031,1.269376780856261,1.8467935545312022,-2.325678045531049
2011-01-10,0.0,1.081661804679148,1.2686243287648595,1.8659320025899142,-2.3206255743440143
2011-01-11,1.9,1.1255608937755386,1.3004431721846874,1.8907027015307616,-2.2128493723568514
2011-01-12,0.0,1.087320700449075,1.267216570956554,1.7922058091830086,-2.2279513631535717
2011-01-13,0.0,1.0350318705686001,1.2251424555557715,1.6225245962832988,-2.218541991631334
2011-01-14,1.1,1.0396637021360708,1.2285824307672577,1.645089019464531,-2.154944434088054
2011-01-15,0.0,1.0039945789612243,1.191551599081984,1.6707502783871098,-2.1464933996191093
2011-01-16,0.0,0.9784072781902068,1.1785936502532928,1.6832780342479072,-2.135071254657439
2011-01-17,0.0,0.9405982931699379,1.1508372495473698,1.7149917280034384,-2.125463619084531
2011-01-18,0.0,0.9061395834870692,1.1194300115195581,1.7470959189581308,-2.117046430868789
2011-01-19,0.0,0.875066286865504,1.0949312549794579,1.7725736300659236,-2.1078191784419644
2011-01-20,0.0,0.8498440323007378,1.0754205275306135,1.8078620399698415,-2.096534805048214
2011-01-21,0.0,0.8151868571731451,1.0529397288141025,1.8455100405828162,-2.084363006300841
2011-01-22,0.4,0.7977710908993073,1.0330379290424325,1.8511550814823259,-2.0483084185172573
2011-01-23,5.3,0.9365110554559928,1.139116017763778,1.9037621349856275,-1.7843852995254275
2011-01-24,0.0,0.8749715693358685,1.0771475279316993,1.9443322546516357,-1.7684418019459218
2011-01-25,0.0,0.8300489638306363,1.0354679896925005,1.9829658179915493,-1.753491905999633
2011-01-26,0.0,0.7955732566484718,1.0070821703581156,2.022964262791402,-1.7373281935918627
2011-01-27,0.0,0.767974157970028,0.9901464429192909,2.0620529374617287,-1.7197962876276298
2011-01-28,0.0,0.7379233734070721,0.963291364571012,2.099963788492013,-1.7042659258626986
2011-01-29,0.0,0.7054005196721058,0.9355119141948149,2.083078367950759,-1.690073190785156
2011-01-30,0.0,0.6749021772560742,0.9028712619887306,2.1224726061245582,-1.6744130203657224
2011-01-31,0.0,0.6417816425873293,0.8740688007634426,2.1274114746168844,-1.6577103006773266
2011-02-01,0.0,0.5875285674796122,0.8278288641100532,2.1697197546226104,-1.6407633396673478
2011-02-02,0.0,0.5632244777544384,0.804311974345287,2.2083467782350006,-1.619046180736815
2011-02-03,0.0,0.5363454543638884,0.7792323823905398,2.0664892480624855,-1.5957976875499664
2011-02-04,0.0,0.5131795528914866,0.757300665006469,2.114059212989821,-1.5732009077724198
2011-02-05,0.0,0.48883887102447127,0.7359148058679309,2.1642241549736307,-1.6431560562456053
2011-02-06,0.0,0.4657852322145853,0.7141206871889669,2.158551027685429,-1.6419314739945372
2011-02-07,0.0,0.44208899286099984,0.692402215838514,2.2037276845175056,-1.6160904719860707
2011-02-08,0.0,0.41455983722719414,0.6669251125349897,2.2406423789168444,-1.5907711921967316
2011-02-09,0.0,0.3824299532304294,0.641222622211803,2.141749580613653,-1.6144289899503046
2011-02-10,0.0,0.3498319955624438,0.615190635834701,2.1793580198550617,-1.6071713159038359
2011-02-11,0.0,0.3160019415748687,0.5860034032876148,2.1096020735919305,-1.5806497193200284
2011-02-12,0.0,0.26557326200055476,0.529719280779785,2.1690949230871746,-1.556582093340377
2011-02-13,0.0,0.2192331661953934,0.46968784597963403,2.2300322363015663,-1.526485796353567
2011-02-14,0.0,0.1894736561591831,0.44185498616607294,2.237647819187387,-1.499356991332303
2011-02-15,0.0,0.16436848959682035,0.4227481551808563,2.2983936733767436,-1.4735012090430502
2011-02-16,0.0,0.1409369585107211,0.3988512177046735,2.359122601649903,-1.4463560161258793
2011-02-17,0.1,0.11693360409763745,0.3772643282627326,2.425461562996632,-1.4149740483568036
2011-02-18,0.0,0.09805931220370787,0.36333166061981875,2.4926417372457546,-1.3910590462382675
2011-02-19,0.0,0.07731849004702072,0.3378801301290438,2.5007324498712045,-1.3698094269617758
2011-02-20,0.0,0.0560887564988065,0.31151723852121244,2.5392545877541606,-1.60992529644479
2011-02-21,0.0,0.03517262161061857,0.27869188230795505,2.4564627518471425,-1.591390272959845
2011-02-22,0.0,0.018243924702442644,0.25457842119862906,2.4939105891254636,-1.576282032898932
2011-02-23,0.0,-0.011483158795506002,0.22766205209022705,2.2633043329045277,-1.5624718286466885
2011-02-24,0.0,-0.03054586126333147,0.21088885248706107,2.2893660099175133,-1.5469195301234535
2011-02-25,0.0,-0.055393101354606615,0.19105044563685453,2.0035320775601626,-1.5898566244519654
2011-02-26,0.0,-0.07965382264890448,0.17252489699111126,2.0662078986221464,-1.6360803383810314
2011-02-27,28.5,0.665488308446791,0.7935489024055485,2.2363508669214314,-0.42342985810498446
2011-02-28,0.5,0.5318647473101359,0.6804571742092167,2.257096161079853,-0.4034477022550932
2011-03-01,2.3,0.5043157210628254,0.6528046244928803,2.199148740806387,-0.32506232012441694
2011-03-02,0.0,0.44106578519409245,0.6043670065327805,2.268633670342632,-0.33237774645601026
2011-03-03,0.0,0.3927034805351203,0.5521104713066111,2.3506793359711304,-0.33140738311784484
2011-03-04,0.0,0.38366275929030236,0.5120840129305781,2.2141490492036198,-0.3316941775973841
2011-03-05,0.0,0.37065630859544,0.4660192580549947,2.2924904799582486,-0.3348447162168473
2011-03-06,0.0,0.5328146049358956,0.3846534593512613,2.3768646780387925,-0.33898169869402156
2011-03-07,0.0,0.5077689958820539,0.3586210891473861,2.4637086186629635,-0.3428537022961839
2011-03-08,0.0,0.4897250585764686,0.3301449167290427,2.0894160521303426,-0.4274947028846232
2011-03-09,0.0,0.4608450833282385,0.3084082235232292,1.7443015688236845,-0.43491668358676444
2011-03-10,0.0,0.4092648797968498,0.2833559270763706,1.3833499762141719,-0.4922158336132946
2011-03-11,0.0,0.37540192743252143,0.2598180579949003,1.3377970201218006,-0.5045169398967458
2011-03-12,0.0,0.34698948608250846,0.23473003852036908,1.3946004499298674,-0.5179813924870538
2011-03-13,0.0,0.33778116344647374,0.2122100986285676,1.4496682892829047,-0.5321297465075854
2011-03-14,0.0,0.32281613338920634,0.19714407528106462,1.5046847236294443,-0.5480830003368956
2011-03-15,0.0,0.31924040511497387,0.18416569278293363,1.5587850512065617,-0.5640338952185884
2011-03-16,0.0,0.2986102689629414,0.17064578492836716,1.6092117180383445,-0.5837165253336088
2011-03-17,0.0,0.2832388733515435,0.17194479494864373,1.6588872966040573,-0.650140108484271
2011-03-18,0.0,0.25584179343721586,0.1660465128123916,1.5706945932177683,-0.670151122572422
2011-03-19,0.0,0.23930560288634245,0.15981602632571468,1.4073962518327825,-0.7058035105889404
2011-03-20,5.0,0.4029895902802246,0.2547618673379161,-1.610914217300418,-0.5604460608267225
2011-03-21,0.0,0.34177551493010894,0.23291300291056796,-1.6190301653308627,-0.5831498359239442
2011-03-22,0.0,0.28709257954435796,0.19710391145409406,-1.6201253103628577,-0.6065201383701336
2011-03-23,0.0,0.24011387764165826,0.16776067537448522,-1.6231139352421025,-0.6298148209362012
2011-03-24,5.8,0.40862576700307984,0.2563659085501797,-1.5096940776792742,-0.46735731491136423
2011-03-25,0.0,0.35874122634127104,0.21361796339939315,-1.5078020112550807,-0.49040804389603754
2011-03-26,0.0,0.296167214458851,0.17793891672237175,-1.825322156707082,-0.5144424203559006
2011-03-27,0.0,0.26011502588115937,0.15299297098247605,-1.827585994603198,-0.5473684208438578
2011-03-28,1.5,0.2763757499740501,0.15726231960784895,-1.7961865208944023,-0.716886348066276
2011-03-29,0.0,0.2391608373525287,0.12581914574976827,-1.7998719845389255,-0.7429033041011149
2011-03-30,0.0,0.21591446906600165,0.10127883182927203,-1.8026419486294767,-0.8904833804268916
2011-03-31,0.0,0.18043699591813692,0.07587005024430135,-2.159614710998486,-0.9147281120153116
2011-04-01,0.0,0.13129702983066122,0.047008629536986084,-2.343251224322916,-0.9422963963645263
2011-04-02,0.0,0.07130340035463416,0.015174155354705024,-2.4290776089654855,-0.9684792914609663
2011-04-03,0.0,0.008753423091877701,-0.013720509079538923,-2.4338965339220864,-0.9928786373616663
2011-04-04,0.0,-0.05945230822544801,-0.04489484115712396,-2.440160814296919,-1.0186887699035472
2011-04-05,0.0,-0.11728816556276371,-0.08084456941241748,-2.4498555935510704,-1.045434593327882
2011-04-06,0.0,-0.15347415995985403,-0.10682475500954446,-2.4599297314286948,-1.0733158186286658
2011-04-07,7.0,0.034536662057544916,0.008849603993990277,-2.2827449287107364,-0.8776027840363256
2011-04-08,0.0,-0.030129481158207398,-0.03607569079617674,-2.291630906354192,-0.9152581365364152
2011-04-09,0.0,-0.06886599840667063,-0.06897925440943321,-2.2961489024516055,-0.9434673837658518
2011-04-10,1.5,-0.05802620375965136,-0.07309294588629604,-2.2644630465607962,-0.9251536166957985
2011-04-11,0.0,-0.12226505287297851,-0.10784412073604425,-2.2697444504467335,-1.0060477496710802
2011-04-12,0.0,-0.16444124494260928,-0.13571335864213868,-2.2909237157429376,-1.0308547740966103
2011-04-13,0.0,-0.20851091974796054,-0.16236778951772737,-2.30114706662141,-1.0575819033792015
2011-04-14,0.0,-0.2409237009634976,-0.18588702258587103,-2.3152120401806564,-1.1197477832231593
2011-04-15,0.1,-0.270434667829377,-0.19813833339361853,-2.3291578357765603,-1.1464316555545153
2011-04-16,0.0,-0.30042545610234506,-0.21765082292659263,-2.345890632319819,-1.1769162361770928
2011-04-17,0.0,-0.327892966730905,-0.22075104613274282,-2.3630624226038957,-1.2062689026698385
2011-04-18,2.0,-0.3000182387123012,-0.20160229138775837,-2.3319478759676766,-1.1771567711811537
2011-04-19,0.0,-0.3570072331787819,-0.23355055804100336,-2.3527468804766327,-1.207923112149928
2011-04-20,0.0,-0.41486513940011666,-0.24569945171801527,-2.373490147314026,-1.2390993669032162
2011-04-21,0.0,-0.48086862724350116,-0.2633432608378121,-2.3932235049481236,-1.2698403820331805
2011-04-22,19.0,0.10113982338343491,0.10562775789746003,-1.9487385066428917,-0.81314053784472
2011-04-23,0.0,-0.0710576914810438,0.0009203556597554974,-1.9612710246629081,-0.9719926725921038
2011-04-24,0.0,-0.17596312800567948,-0.06423214324048108,-1.976052207488714,-1.003350006292413
2011-04-25,0.0,-0.2655435096128968,-0.13987218908037216,-1.9904594018012824,-1.0342255832560217
2011-04-26,2.5,-0.2689129021690023,-0.1419289211810345,-1.9519957584254304,-1.0066955853706936
2011-04-27,5.0,-0.19971795393222022,-0.08281676612954018,-1.8611196286419525,-0.9235428452306129
2011-04-28,0.0,-0.3161307321679813,-0.1810875442023775,-1.8791792759900798,-0.9569816965458875
2011-04-29,4.0,-0.28020998661748275,-0.15401802791346764,-1.8116010637938633,-0.9034875050724953
2011-04-30,69.0,1.8946109182858344,1.6471659248408876,-0.6086363587560654,0.25864952387965073
2011-05-01,0.0,1.4256956935132112,1.2709197169950537,-0.6268679116576503,0.21936120967210926
2011-05-02,0.0,1.1638044237214686,1.0696475123575637,-0.6444018602739601,0.18071435980407566
2011-05-03,0.0,1.0227045709742797,0.8983804131165374,-0.6624375560994129,0.1415123424520133
2011-05-04,0.0,0.8702523212742299,0.7732188358696939,-0.6808238962674109,0.10217740185489758
2011-05-05,0.0,0.7282882129621268,0.6467979311857703,-0.6999690132928713,0.06381141709538263
2011-05-06,0.5,0.5483457109509733,0.5191035032215422,-0.7406413543890198,0.033784201606310495
2011-05-07,3.5,0.48333409722695025,0.47607198252984806,-0.7137846673543701,0.04567700723979039
2011-05-08,0.0,0.35587253506977273,0.3616455453052734,-0.7301020582411746,0.0110379460440848
2011-05-09,4.0,0.4074075954006692,0.392648624098477,-0.6882463909753551,0.03152649158027549
2011-05-10,6.5,0.5371358274819878,0.4843585815225667,-0.6270256139854197,0.08288092984642442
2011-05-11,14.0,0.8681824407930315,0.7319759437647733,-0.45683075771418913,0.2262841105916667
2011-05-12,0.0,0.5992747603387013,0.5139854417541444,-0.47486167141204205,0.1924274259898156
2011-05-13,0.0,0.3681771278203326,0.3395868314981434,-0.49229010059569,0.1592329723135404
2011-05-14,0.0,0.22915984325753205,0.2127616986126108,-0.5089497524945155,0.1273912222121568
2011-05-15,0.0,0.11712722466221602,0.11345762115320573,-0.5237150528836383,0.09815345715715879
2011-05-16,0.0,0.021511666557781396,0.03423171267798252,-0.5372487022475517,0.07019175348148604
2011-05-17,0.0,-0.06226361659430635,-0.03773363923741095,-0.5510179719245399,0.04393977964557506
2011-05-18,0.0,-0.15442925817393832,-0.11299821888762572,-0.5656546984704024,0.015706104103997007
2011-05-19,0.4,-0.20486506607594276,-0.15297528558108603,-0.5750670205424807,-0.006309584737315629
2011-05-20,15.0,0.1785240843789833,0.18142720087364653,-0.39927730912273846,0.14450103231471803
2011-05-21,2.0,0.13183958290120673,0.14339668656863452,-0.45358375917856275,0.14100979297092175
2011-05-22,0.0,0.05373953758186755,0.07398994464301147,-0.4687558257176344,0.11730055465868106
2011-05-23,0.0,-0.03924534668469507,0.007498615031877534,-0.4844811010752787,0.09609037711844548
2011-05-24,0.0,-0.12524373828748883,-0.052032587282918874,-0.4997242894022465,0.07587795161751035
2011-05-25,0.0,-0.20981472644152618,-0.12000575192296555,-0.5156751565662329,0.055263573443276585
2011-05-26,0.0,-0.3052681933418277,-0.18564145377142438,-0.544216056216714,0.03503527967238425
2011-05-27,0.0,-0.385732135271126,-0.23439532421514886,-0.5727855696665922,0.01560769852447525
2011-05-28,0.0,-0.4271443456045056,-0.2684540837688619,-0.5877982319017911,-0.342133446251899
2011-05-29,0.0,-0.4619716631189461,-0.2976584580568854,-0.6008616201608454,-0.3633870813889463
2011-05-30,0.0,-0.49091332492119855,-0.3214687968218719,-0.6140192581825717,-0.4075867935792683
2011-05-31,7.5,-0.31172804196782833,-0.15694696436055594,-0.5412867066563346,-0.3298802487311029
2011-06-01,21.5,0.2660117236040516,0.3537240088249209,-0.3075885906234317,-0.09324956040975332
2011-06-02,0.0,0.08428837814072107,0.18412885953634361,-0.32309199643187203,-0.10932388033018561
2011-06-03,0.0,-0.031919954079624835,0.07558275509270554,-0.33993045207548794,-0.12608781179019946
2011-06-04,0.5,-0.11514644880243285,0.004406362508047272,-0.3502936612688098,-0.1362952838117887
2011-06-05,0.0,-0.19554851152064046,-0.06420974430446315,-0.36614058330994675,-0.15238591303346644
2011-06-06,0.0,-0.2565667836624919,-0.11709565495670733,-0.41019966978992684,-0.1690381117943019
2011-06-07,0.0,-0.3072376806865173,-0.16854009146802404,-0.42668635218773826,-0.1854786498861326
2011-06-08,1.5,-0.33114810077396173,-0.18720388934294782,-0.44548561187666513,-0.1868742707776665
2011-06-09,0.0,-0.4351222403488452,-0.2698976248661945,-0.46442943161869893,-0.20526521812652485
2011-06-10,0.0,-0.5055282573773494,-0.3338538412712226,-0.48388639693899355,-0.2244772477413002
2011-06-11,0.0,-0.5721584964403923,-0.3998132456373942,-0.5052729856205792,-0.2457068836632704
2011-06-12,0.0,-0.6404374275665996,-0.4829853870062461,-0.5269699314692537,-0.26666134241407374
2011-06-13,0.5,-0.6465610826559927,-0.5205558907081662,-0.5434782304653352,-0.2824322049009723
2011-06-14,0.0,-0.6341360576578581,-0.5353250632173738,-0.566972869261548,-0.3053374948029234
2011-06-15,1.0,-0.6568264063949516,-0.5506991316925273,-0.5967419886085011,-0.3202736122267645
2011-06-16,0.0,-0.7371694883454103,-0.612178211500437,-0.624155064553416,-0.3484601475786819
2011-06-17,0.0,-0.7878948867786553,-0.6443522052045633,-0.6575448040662627,-0.380703778307493
2011-06-18,0.0,-0.7924663513668617,-0.6652312638324611,-0.6871622413660695,-0.4663278919818799
2011-06-19,0.0,-0.7993064798379856,-0.6913465255688948,-0.7168859270208655,-0.4988307785333818
2011-06-20,0.0,-0.7537655183067076,-0.6592321695514234,-0.7474896491394094,-0.5320618190467479
2011-06-21,0.0,-0.7361601006972525,-0.657042905016964,-0.7781991480769704,-0.5652839991078689
2011-06-22,16.0,-0.48099031556381133,-0.4168724272361656,-0.6573444555361135,-0.49468628256924124
2011-06-23,41.0,0.10848928465824358,0.15014379447814152,-0.33166164677011,-0.1451498265415136
2011-06-24,10.5,0.06318412058005562,0.09860194251493148,-0.28410240764181205,-0.09362961423071162
2011-06-25,37.0,0.5025949109977702,0.4975401645590865,-0.04288626514192885,0.16422384944327328
2011-06-26,40.0,0.9457666184580061,0.8870206399583358,0.15309334102984604,0.403466326547164
2011-06-27,11.5,0.9050715042388475,0.8363710671572436,0.18188493047484378,0.43531120547629704
2011-06-28,0.5,0.7227022971989273,0.6582314568287333,0.11137006106325022,0.38852875944996074
2011-06-29,177.0,3.2974570349098578,3.024852709876939,1.0692094403355843,1.3659524671836338
2011-06-30,46.0,2.8227701459909706,2.972158819505121,1.2291301743877574,1.5295212477553515
2011-07-01,0.0,2.13099596586709,2.5396370330260316,1.16002943834898,1.4612404398461432
2011-07-02,0.0,1.6283191051377381,2.166198799614452,1.0914415862752214,1.3931713741549818
2011-07-03,115.0,3.2114772695533786,3.5366667618429473,1.519222542972769,1.827110230585953
2011-07-04,0.0,2.6468260263787733,3.2344853198679355,1.447663126872598,1.7562907928364733
2011-07-05,0.0,2.3309132775427357,3.0453893017222513,1.380398398959744,1.689642725603035
2011-07-06,0.0,2.0333793746643747,2.8100407170906023,1.3160275129781742,1.5991476731573298
2011-07-07,42.5,2.376177595074066,3.04555388458254,1.4161796468974965,1.7061208338112883
2011-07-08,13.0,2.1715400019873408,2.891132860420056,1.402994329268012,1.6972732647119821
2011-07-09,15.0,1.9493302196275362,2.6243316475043814,1.3972303929774834,1.689593530653546
2011-07-10,6.0,1.8253513063057298,2.5060552447566944,1.352232205246358,1.654937229321761
2011-07-11,42.5,2.251948926862431,2.8294004256010212,1.444470041329101,1.7525978248191316
2011-07-12,51.5,2.3272491938941924,2.741215992068631,1.5567877573585542,1.869744242606757
2011-07-13,29.0,2.197022158433578,2.557020864377545,1.5864419242293815,1.9071860851720097
2011-07-14,38.0,2.3362337795199517,2.5800060039199644,1.6472094303134126,1.9725026502285246
2011-07-15,15.0,2.3148517025698836,2.5200304086906393,1.63684448672129,1.9654466777902981
2011-07-16,54.5,2.569471711944052,2.611277540841796,1.747969997400205,2.08102167258938
2011-07-17,1.0,2.2732904658415967,2.296786784354694,1.697625738223803,2.026433730693182
2011-07-18,0.0,2.021878100300031,2.074515844238548,1.6441271289343555,1.9736946824888182
2011-07-19,0.0,2.0086381367434023,2.0637665503184213,1.591287287617776,1.9216277560212554
2011-07-20,0.0,1.9912688657621,2.03842335741399,1.53867688878497,1.8718893670702883
2011-07-21,0.0,1.884126117688911,1.960625641222802,1.4876357476912554,1.769102905723659
2011-07-22,1.5,1.743186315208939,1.8392892550303008,1.4277363583989091,1.7289215823342605
2011-07-23,3.0,1.6184071777232312,1.7008686392465662,1.3884622199624188,1.6932923975336482
2011-07-24,8.0,1.5529570702260735,1.6503934235645543,1.3631887265223674,1.6722298632943322
2011-07-25,27.5,1.604965655437732,1.6847470261428799,1.3970404257169826,1.7046985818098572
2011-07-26,171.0,3.301093187190169,3.0670096279545223,1.822210061657268,2.128864847661431
2011-07-27,301.5,4.402256661268706,4.240476488006948,2.5169603619769627,2.8370165281028576
2011-07-28,115.0,4.464959556882169,4.490468453275304,2.7328931184601237,3.0494798076869802
2011-07-29,7.5,3.917947266278793,4.261266463219393,2.7097023900229504,2.8758923798120724
2011-07-30,0.0,3.646427172747865,4.183442841473612,2.6717186429190223,2.8409353732653697
2011-07-31,73.0,4.0491044430344125,4.471658978144106,2.790648923657006,2.9663985514599944
2011-08-01,0.5,3.7044615430142525,4.311470041530151,2.7539198588700033,2.931770108575634
2011-08-02,0.5,3.098965807352574,3.9956476021103424,2.721336463632318,2.9012279024048993
2011-08-03,41.5,3.5025146268114344,4.14573201534939,2.7797202123733915,2.9634736654680762
2011-08-04,10.0,3.3185441820671375,4.083800297385915,2.7705556250651915,2.954003147098631
2011-08-05,0.0,3.2595140671668,3.984584165463724,2.7398169587862204,2.915028520238639
2011-08-06,1.5,2.8766711903356432,3.7130516898459316,2.71397459282143,2.887263341750011
2011-08-07,4.5,2.6225012137517485,3.4446258681688446,2.6967611368587434,2.858458378792754
2011-08-08,39.5,2.3523116770193253,3.1302705734446734,2.749803526904208,2.8959859595481
2011-08-09,0.0,2.4978693189758423,3.0919512304989176,2.717173347463267,2.8306429545256524
2011-08-10,0.3,2.444430572622448,2.97896139469169,2.6843848742146457,2.795680453741956
2011-08-11,0.0,2.4244875826502605,2.919008303442264,2.651992855823848,2.759885644860331
2011-08-12,19.5,2.4684893608509824,2.9471311603932,2.6628900149017527,2.769341760037817
2011-08-13,6.5,2.5344478948861253,2.9807224612331553,2.648107980143682,2.7529959067083407
2011-08-14,9.5,2.406653138918807,2.8615274122671135,2.640188826999696,2.7423223640819274
2011-08-15,0.5,2.2443487158619146,2.7098087744648156,2.6131939756570084,2.713153789616913
2011-08-16,16.0,2.282226882985784,2.7547823276373427,2.618326099433595,2.7169310730162084
2011-08-17,4.0,2.320731722211471,2.7889171521812206,2.5995722709636127,2.6964058480203175
2011-08-18,0.0,2.3006665914594366,2.783763373018496,2.572879103320434,2.637246346901486
2011-08-19,0.0,2.1704706242940652,2.7014776792315094,2.547755189621773,2.6064540036157378
2011-08-20,0.5,2.0503110995084444,2.635379467780769,2.524889416140598,2.580523590903727
2011-08-21,0.0,1.999284144193146,2.617457013890345,2.499570294467847,2.5515729654183468
2011-08-22,3.5,1.9507062103887909,2.586263462850509,2.48305929580089,2.5316506479252565
2011-08-23,0.0,1.7395737436914092,2.398143712545214,2.4619634576964833,2.5070725432872263
2011-08-24,0.0,1.5262584400634347,2.193426249204552,2.4438942091047435,2.485496473728255
2011-08-25,0.0,1.5521647690211118,2.191166470348093,2.4258439282824944,2.4640146074988767
2011-08-26,0.0,1.4850094983970885,2.101967060352198,2.3466348014182987,2.443573298678437
2011-08-27,0.0,1.3520187782060726,1.9801847525694478,2.325521961550962,2.4231432311763923
2011-08-28,0.0,1.3619111638066819,2.030904106412615,2.3016838083473528,2.4047313380712856
2011-08-29,0.0,1.237791476132285,1.9693692850224547,2.283030901818914,2.371842996258214
2011-08-30,8.5,1.2646172767800072,1.9643065603744019,2.2831839568217482,2.3283697851154606
2011-08-31,0.0,1.194209373006626,1.936282257474329,2.266971149075863,2.3135309821477827
2011-09-01,0.0,1.1608364269109186,1.9388418776982652,2.2514968980144476,2.3001669032942917
2011-09-02,0.0,1.015425433079021,1.8384805162892368,2.235991266681523,2.286397143095652
2011-09-03,0.0,1.0154539782393344,1.8147930602525781,2.2199791466839947,2.2734127959074
2011-09-04,0.0,0.9810875013582752,1.790344199124857,2.2048616770845304,2.2624153130617706
2011-09-05,0.0,0.842344375200888,1.5963807605441893,2.1898426160232662,2.251272005243901
2011-09-06,0.0,0.8595871644944071,1.6261177245365899,2.171471071154341,2.2348054184755894
2011-09-07,0.0,0.8389192777176974,1.6201028951240821,2.153706793431039,2.223229164793944
2011-09-08,0.0,0.7997496221986485,1.5973426230268657,2.1379036639494373,2.215582548104665
2011-09-09,2.5,0.6988601926267628,1.485148615942408,2.1294585638644357,2.21523043856127
2011-09-10,0.0,0.6069691639825198,1.3822246817968808,2.115238575535805,2.20952319667272
2011-09-11,0.0,0.4794930680477023,1.1872657848541266,2.1006197950086816,2.202866678346369
2011-09-12,0.0,0.5064965180201298,1.2081873711605158,2.087114054647619,2.1994654762507206
2011-09-13,0.0,0.5253151317699405,1.233165215221816,2.073578723528037,2.194842345514499
2011-09-14,0.0,0.5474720938153538,1.2654966428340797,2.0596320785138613,2.191548166930119
2011-09-15,0.0,0.541972883710827,1.2703926665169374,2.046140553285133,2.1885175151181913
2011-09-16,0.0,0.5219337078872449,1.2636010369240076,2.0229741398043837,2.185975607699652
2011-09-17,0.0,0.49570917163384903,1.259670619976974,2.0110845257098977,2.1830516461517746
2011-09-18,0.5,0.4449356639626981,1.1933838284503933,2.000940379484187,2.181439744935321
2011-09-19,0.1,0.39521000385507404,1.15189540915477,1.9899792351579118,2.1774604494565515
2011-09-20,0.0,0.3503879088620627,1.1012817120398442,1.966446310979819,2.1421714011090183
2011-09-21,0.0,0.2676798704205065,0.9533404079291985,1.9572557632464116,2.0579725338717645
2011-09-22,0.0,0.28285091253561,0.9765108811183516,1.9487271808887159,2.037188678834955
2011-09-23,0.0,0.2871647056775279,0.9811653599226062,1.9402961215769476,1.9620702331525097
2011-09-24,0.0,0.3085220200091325,1.0027702972457373,1.929407238132582,1.8818694379569962
2011-09-25,0.0,0.32188758954298263,1.0231793012502917,1.922674794165463,1.8624585551842099
2011-09-26,0.0,0.3255823562398641,1.038227020648321,1.9165046225574578,1.8668857577542999
2011-09-27,0.0,0.3175541876338391,1.0353450434975653,1.9122778410745427,1.4949838189890579
2011-09-28,0.0,0.30856927790573413,1.0401922058388458,1.9080976075321132,1.402900139194781
2011-09-29,22.5,0.6082554200337957,1.249374082472599,1.951734069230855,1.4666755292228628
2011-09-30,0.0,0.5194837918575606,1.1757407272801574,1.9475083915490181,1.48012803583916
2011-10-01,0.0,0.4661427077237904,1.1360592626659385,1.9430333239043711,1.2346792171353431
2011-10-02,0.0,0.4267627440546918,1.1050819046131868,1.9390859981347632,1.2521041110585691
2011-10-03,0.0,0.40115291977240314,1.0887670851588913,1.9356203191555124,1.2709463761715105
2011-10-04,0.0,0.3867574948565077,1.087046632516433,1.918969484776651,1.2910055261340823
2011-10-05,0.0,0.37218547941109664,1.0887790113465994,1.9177347392509405,1.2142510305261542
2011-10-06,0.0,0.367469759786168,1.0950458146171258,1.91659814516015,1.2064270556340915
2011-10-07,0.0,0.3556472453664507,1.0896997952645497,1.9142572917569773,1.1963768232150822
2011-10-08,0.0,0.3470373025095158,1.088245984702403,1.9150382332405946,1.2070296755002712
2011-10-09,0.0,0.3353038291084843,1.0820710925826977,1.9160560121289867,1.1318527539226029
2011-10-10,0.0,0.31505910917464,1.0663403969297256,1.9169988637913442,1.034542182978599
2011-10-11,0.0,0.3014972263028878,1.0631213788310978,1.9187583786087865,0.9913343565591534
2011-10-12,0.0,0.2788938963362281,1.048307572630671,1.9211031442812971,0.926631100985477
2011-10-13,0.0,0.27136514012369206,1.0492016059393714,1.9233230504593535,0.9183513790948155
2011-10-14,5.0,0.3391777184097031,1.0968964315565908,1.936340512426436,0.8224494447402678
2011-10-15,20.0,0.653164384005456,1.3286389905230853,1.9773203522751697,0.9007921527814605
2011-10-16,0.5,0.6058758363008996,1.3024340918553332,1.9819624485315384,0.9322453959625029
2011-10-17,0.0,0.5742343480151286,1.2913406590332208,1.985561212856099,0.9630638846996636
2011-10-18,0.0,0.5439033918551344,1.2748252043502664,1.9892857026275945,0.9950515109466694
2011-10-19,0.0,0.5266526055847395,1.274080293807799,1.9534047786401034,1.028433971684309
2011-10-20,0.0,0.5026313795764814,1.2549847245125694,1.957304515745581,1.0593161086526608
2011-10-21,0.0,0.4747371181075898,1.238921156389244,1.9612036121420302,1.0874998523614912
2011-10-22,0.0,0.4588262953393002,1.2293766523039467,1.9649668562500837,1.105575423605642
2011-10-23,0.0,0.43491776362288365,1.2107604829914944,1.9634551896284682,1.0748811702585397
2011-10-24,1.5,0.44465472503994563,1.2167461288507033,1.9596202132991052,0.6543195531300403
2011-10-25,0.0,0.4230061877786864,1.2067491491242703,1.9627950593181682,-0.3492677378614739
2011-10-26,0.0,0.40742689197835913,1.209497739654594,1.9577250336959557,-0.8520220172061299
2011-10-27,0.0,0.37551356005183323,1.176012970978293,1.8138682625134535,-0.8564503209267345
2011-10-28,0.0,0.3478791908835566,1.1520731238591635,1.817167604796564,-0.8200265867745001
2011-10-29,5.0,0.4294932565090299,1.21650288863631,1.8316203565888163,-1.1840017464459287
2011-10-30,0.0,0.39835558790123393,1.2002150322223875,1.836331659450112,-1.1513089416108002
2011-10-31,0.0,0.37296747863124496,1.180222742455984,1.841072727281169,-1.1185105895426908
2011-11-01,0.0,0.3494494491580352,1.1660179664075947,1.8460642509560161,-1.371852113691292
2011-11-02,0.0,0.31719738621587995,1.1396177956900435,1.8500423839095108,-1.4120702045744595
2011-11-03,0.0,0.2930948730951278,1.1285888702073497,1.8478442059618567,-1.3739881596674122
2011-11-04,1.0,0.2743249209048849,1.1240126772233676,1.8545302317400036,-1.3402022027713572
2011-11-05,0.1,0.23130131202924384,1.0872383617419346,1.850134025173422,-1.3387382068866054
2011-11-06,12.0,0.4245747817286592,1.2202614747769447,1.866257286461987,-1.5380873729693514
2011-11-07,0.0,0.33623898339882213,1.1413462765181037,1.8404471071990594,-1.5032041772724123
2011-11-08,0.0,0.2785045352109255,1.09948756412816,1.8450142451338296,-1.4738628590581988
2011-11-09,0.0,0.23737919351049752,1.076101988488872,1.8495204336284718,-1.4410881489486704
2011-11-10,0.0,0.19733259653677349,1.05789196333007,1.8543009789805813,-1.599433196481967
2011-11-11,1.0,0.18376679682202945,1.044095582558833,1.8603326277380203,-1.625662693277059
2011-11-12,0.0,0.14606638967059896,0.9991181827239529,1.8633243640342672,-1.7005815253020173
2011-11-13,0.0,0.11183938240355047,0.964072977642529,1.8666191975779636,-1.6771992564498148
2011-11-14,0.0,0.08521357984957408,0.9543234019987694,1.8697779852212024,-1.8468010148688474
2011-11-15,0.0,0.060836057024371365,0.9423292101474049,1.871967418382238,-1.8733058767940802
2011-11-16,0.0,0.035070495913964043,0.9209275094835682,1.8430568687703133,-1.8420571907149723
2011-11-17,0.0,0.007898904316959636,0.9032978066107084,1.8423369925246,-1.80958064570636
2011-11-18,6.0,0.10211024356658202,0.9697505994859531,1.858363088525375,-1.7037632067766872
2011-11-19,0.2,0.05154659309018975,0.9193881064547929,1.8616235938257848,-1.6693171518746057
2011-11-20,0.0,0.011316413715351945,0.8729077433700765,1.8647121984145012,-1.6838529687947386
2011-11-21,0.0,-0.02060887124701706,0.8654504727489265,1.8681990117340228,-1.6530222657531572
2011-11-22,0.1,-0.0499376463661506,0.8378427705361613,1.8721855189771381,-1.6199525330059272
2011-11-23,4.5,0.027015978803318817,0.8931582561569786,1.8855395327806865,-1.526704643951908
2011-11-24,0.0,-0.0063168972858199755,0.8720906931982383,1.8899180080550566,-1.495006506560519
2011-11-25,0.0,-0.03888619031618637,0.8374622017986014,1.8944701230320047,-1.4603613483307196
2011-11-26,0.0,-0.07523580859426901,0.8147218476996422,1.899297055368801,-1.4274362312189974
2011-11-27,0.0,-0.10505417492861592,0.7909889693768911,1.8884007868351873,-1.396550595459075
2011-11-28,0.3,-0.12675555450894255,0.756477043019149,1.8482078922596228,-1.4838875171319237
2011-11-29,1.0,-0.13611991763549655,0.7410245239410341,1.8555561448705826,-1.4415211770711467
2011-11-30,30.0,0.5236694426261677,1.2415402218292693,1.9250084077934015,-1.0133383572373285
2011-12-01,0.0,0.4016424440000405,1.1375655922026284,1.9292808822158862,-0.983012956386171
2011-12-02,1.5,0.3562104846746736,1.0910015715867718,1.9376884496319235,-0.9352469986625576
2011-12-03,3.5,0.3781910180534328,1.1052471944252695,1.9511175747154785,-0.8633725765365228
2011-12-04,0.0,0.32960062503231913,1.0713940183306432,1.9568778373979878,-0.833808282786256
2011-12-05,0.0,0.2857669844113887,1.0414800264330144,1.9604919539026664,-0.8003002909851961
2011-12-06,0.0,0.24480374451467313,1.0108316767510208,1.9684188383560985,-0.7671051763816341
2011-12-07,0.0,0.2133106501589016,0.9873521904016834,1.9776471142328673,-0.7355245715286711
2011-12-08,0.0,0.1847265402295293,0.9668776487643529,1.9876672608352302,-0.7366262790332087
2011-12-09,0.0,0.15739595383254046,0.9515923337385637,1.9974811750589638,-0.7060848945556503
2011-12-10,0.0,0.12929469739590815,0.927793954972991,2.0062214139106422,-0.6763916939647772
2011-12-11,0.0,0.1041269264273128,0.9064512496767139,2.0173532521920827,-0.6460409613118206
2011-12-12,0.0,0.078433892286946,0.8887143611325867,2.0281303233221557,-0.6159685496359298
2011-12-13,0.0,0.04810526536479365,0.8611948443406587,2.0412073875771486,-0.5849692257133564
2011-12-14,0.0,0.020372084118319443,0.8330730083717351,2.054616486285595,-0.552604015575262
2011-12-15,0.0,-0.007706362854616065,0.7968780731904673,2.0679711236928693,-0.5194216690731429
2011-12-16,0.0,-0.03540845124102899,0.7766436428291953,2.081425033113692,-0.4858026951565369
2011-12-17,0.0,-0.06158306377574443,0.7518484595353365,2.0927258957280412,-0.47432933950910866
2011-12-18,0.0,-0.08226994490583933,0.7373712250366842,2.10339584377056,-0.4443452056086902
2011-12-19,0.0,-0.10242118443389304,0.7259006950020664,2.080266327911638,-0.41246776235504096
2011-12-20,0.0,-0.12274548406374491,0.7079457581137629,2.002970761727847,-0.3809436686891003
2011-12-21,0.7,-0.12684336458639958,0.6996279511494167,1.9935487641342913,-0.33933016291481727
2011-12-22,0.0,-0.15655272915417476,0.6844276451157281,1.923826291826837,-0.3081981899959831
2011-12-23,0.6,-0.16754596124033752,0.6773199819820046,1.8489820455509673,-0.2672183220790632
2011-12-24,0.5,-0.1841327524859955,0.6648094648480342,1.8387985393716857,-0.22846223341485977
2011-12-25,0.0,-0.20766156633727414,0.6411429893490468,1.8515529416262395,-0.19735845306786767
2011-12-26,0.0,-0.22709477932923075,0.6229542180207098,1.4597241383862167,-0.16862896896672502
2011-12-27,0.0,-0.24540482427037855,0.6051902536713187,1.3662872929175915,-0.1388656148212932
2011-12-28,0.3,-0.26013480156454244,0.5866687202893921,1.3856597946589218,-0.5141285654827014
2011-12-29,0.0,-0.28423354883309404,0.5630020344924839,1.4049362221556714,-0.4890996780982726
2011-12-30,0.0,-0.22954811031269903,0.5293861466928906,1.1457807581198014,-0.4640934864057661
2011-12-31,0.0,-0.2639776956695794,0.5002649433934803,1.1688174688208046,-0.43890780786764444
2012-01-01,0.0,-0.2831450752850091,0.47178343473442313,1.2169994631278351,-0.39321340898357143
2012-01-02,0.0,-0.3091164391064237,0.4483770483007481,1.2413931519033348,-0.37048095814606735
2012-01-03,0.4,-0.3974489051142904,0.43193942684951764,1.1637805270985395,-0.34028228311002917
2012-01-04,0.0,-0.4159739985506716,0.40942895848965893,1.157713755111497,-0.3214806317745236
2012-01-05,0.0,-0.42056362144887255,0.37920913017116215,1.1474803691817972,-0.30283250391295885
2012-01-06,0.0,-0.4184603695939448,0.36658266891110985,1.1587370455083663,-0.2844400486934328
2012-01-07,0.0,-0.46889032769381084,0.3409117262756369,1.0795964454165698,-0.2659098723843755
2012-01-08,0.0,-0.4774015074540623,0.36626684592206976,0.9779438055087025,-0.2464623830526466
2012-01-09,0.0,-0.4822509454087144,0.3619345326902351,0.9334843214026387,-0.2277455909674316
2012-01-10,0.0,-0.4958658686727092,0.3637405765862512,0.8650342129031763,-0.20896355968164934
2012-01-11,0.0,-0.5243774499887657,0.3450520517899798,0.8559471683742601,-0.18936789220510047
2012-01-12,0.0,-0.5444690161529341,0.32378372516497467,0.7418255351858976,-0.2805448490606301
2012-01-13,0.0,-0.5566971589901781,0.30099983386691015,0.7697290747368399,-0.750187481836108
2012-01-14,0.0,-0.5822048760595545,0.28162473000235266,0.8008765958835427,-0.7491453661406942
2012-01-15,0.0,-0.6087453431188734,0.259336293786931,0.832582287827975,-0.7351531308591391
2012-01-16,0.0,-0.6297508249783301,0.24553317400378438,0.8509737426472196,-0.7242606889275265
2012-01-17,0.0,-0.6451948278941088,0.22813720217496633,0.8855730244793137,-0.7104857044956749
2012-01-18,0.0,-0.6641623196204589,0.20666659706964452,0.917270214319637,-0.6967365319697224
2012-01-19,0.2,-0.6834138178323331,0.18974307022052211,0.9470691533307806,-0.6770112305884181
2012-01-20,0.5,-0.6971895467792933,0.18081543627631616,0.9661537315479758,-0.6474612749547672
2012-01-21,0.1,-0.7170510595130359,0.16003187996781318,0.9332872346243384,-0.627782214212947
2012-01-22,0.0,-0.7486670280130326,0.1332222194752685,0.4915699385239864,-0.6487066403942948
2012-01-23,0.0,-0.7733354587615531,0.10946923471371203,-0.5248123230708887,-0.6279188692671892
2012-01-24,1.6,-0.7320399047572987,0.1287331141297199,-1.0011806809341144,-0.5630687185863961
2012-01-25,0.0,-0.7539316496811517,0.10237126045389404,-0.9983735119044579,-0.5422994690311889
2012-01-26,0.0,-0.7732167421530325,0.08152326107174751,-0.9583044624314083,-0.521634940017816
2012-01-27,0.0,-0.7927554738120589,0.06339464868238216,-1.3165142798471439,-0.6422455796552057
2012-01-28,0.0,-0.8108328511620924,0.0437892983218361,-1.2792021882265883,-0.6216672849119904
2012-01-29,0.0,-0.8312851733788028,0.0220818219939028,-1.2409308271100863,-0.6014956987710564
2012-01-30,0.0,-0.8551547234842801,-0.0025971809494667137,-1.459615954540542,-0.5805203806885186
2012-01-31,3.9,-0.7509623135448491,0.0706735073539856,-1.4602544789470284,-0.4455147115794597
2012-02-01,0.0,-0.7635281492068482,0.02990591945154833,-1.420488707655624,-0.42382487538404895
2012-02-02,0.0,-0.7990517936676629,-0.0007896040438202445,-1.3913530534416991,-0.42779909899764046
2012-02-03,0.1,-0.8165866293764997,-0.024043557536509986,-1.3830818866437153,-0.4019733104857458
2012-02-04,0.2,-0.8258169892888274,-0.038536569958755804,-1.6328348009208735,-0.7449787863516558
2012-02-05,0.0,-0.8410116587538103,-0.05853387532320064,-1.596370991000694,-0.7197359037221411
2012-02-06,0.2,-0.8493116415044807,-0.0722413736078953,-1.5619005176571243,-0.6874798723554034
2012-02-07,0.0,-0.8710824830430812,-0.09390351258937468,-1.5261469946877322,-0.6620168726752641
2012-02-08,0.0,-0.8943883043348522,-0.11745846937030786,-1.649587728520727,-0.6368544250038023
2012-02-09,0.0,-0.9145197374519483,-0.14309471202331717,-1.6717147190632167,-0.6444272757140213
2012-02-10,0.0,-0.9414298851310237,-0.17140114741648385,-1.7251807852056993,-0.6184334629107211
2012-02-11,0.0,-0.9753348000318687,-0.20096700368615533,-1.6974815054318173,-0.5926678558235615
2012-02-12,0.0,-0.9321543164705677,-0.21466708815832208,-1.8203204294177575,-0.5675844806343111
2012-02-13,0.0,-0.8796768241974812,-0.23083845609559528,-1.8280605368896539,-0.5399452420181196
2012-02-14,0.0,-0.9106090347302973,-0.2553368986574626,-1.7941382110097726,-0.5151045829259161
2012-02-15,0.0,-0.9327505342485194,-0.27758266617322147,-1.7610263357658977,-0.4914467854340952
2012-02-16,0.0,-0.9603801374467686,-0.296292496380371,-1.7357851886412,-0.6757640629758163
2012-02-17,0.0,-0.9825067923412537,-0.31767844504160886,-1.704146862262699,-0.6590272753050467
2012-02-18,0.0,-0.987661919278494,-0.3321917885696324,-1.7112359473545145,-0.6372763314152264
2012-02-19,0.0,-0.9961503299647819,-0.3549905421442697,-1.6825702924305626,-0.6180516774755503
2012-02-20,0.0,-1.004967809005219,-0.3786011718987713,-1.654347761068553,-0.604704510962016
2012-02-21,0.0,-0.9884982085044244,-0.39113763019979003,-1.6270499029735457,-0.7550862199695141
2012-02-22,0.0,-0.9707925013972438,-0.4087789100217192,-1.6006920888113976,-0.7432603839279759
2012-02-23,0.3,-0.9652432984320105,-0.425515267780978,-1.5691433117353033,-0.7215059311606797
2012-02-24,0.0,-0.9655019589383119,-0.44241357698868283,-1.5432383158288474,-0.7106616577509772
2012-02-25,0.0,-0.9868687203123166,-0.46424730502941003,-1.5196354074021734,-0.7025572045569765
2012-02-26,0.0,-0.9873938723389654,-0.4793057149139819,-1.5992453432789113,-0.7078416747740872
2012-02-27,0.0,-0.9851511517008222,-0.5017765385311593,-1.5798504143200425,-0.7404581518496226
2012-02-28,0.0,-0.9672477474208221,-0.5097692832411868,-1.5621078227007328,-2.333091388514121
2012-02-29,0.0,-0.958139101143219,-0.5187369751888113,-1.5479957544037404,-2.316964680371602
2012-03-01,0.0,-0.9498936074432217,-0.5449385012088139,-1.534574882305726,-2.435252004434371
2012-03-02,0.3,-0.927435784414264,-0.554465585748747,-1.5171360072982985,-2.748687033399907
2012-03-03,0.0,-0.9140880810865681,-0.5701464046894699,-1.5029763572094368,-2.743963003526
2012-03-04,0.0,-0.8742343896909854,-0.588065229621225,-1.484748151850172,-2.7400278819679906
2012-03-05,7.0,-0.959464272605358,-0.40975213251004017,-1.3737796207076804,-2.112495435587719
2012-03-06,8.5,-0.9522388994158337,-0.2777667038960242,-1.24576851760451,-1.5762652332293252
2012-03-07,0.0,-0.9862434648693104,-0.33070833953818435,-1.2621651630988087,-1.5799526480293231
2012-03-08,0.0,-1.056038918907149,-0.3644324944502889,-1.2481302718705254,-1.58763818263335
2012-03-09,0.0,-1.0521435970658222,-0.3923573442931873,-1.2376886353076877,-1.5966462246249875
2012-03-10,0.0,-1.0336352055683975,-0.41946398766226084,-1.227102255698135,-1.6119831059920569
2012-03-11,0.0,-1.0359946596033642,-0.44860021957822516,-1.215541468796736,-1.6280200956536572
2012-03-12,0.0,-1.0534086765798651,-0.4621791912844289,-1.2023679107935732,-1.6453760125894017
2012-03-13,0.0,-1.0268968558610507,-0.47438487094509957,-1.1894914045451488,-1.6647875825221865
2012-03-14,0.0,-1.0252356051379472,-0.488668493999421,-1.1780505562069226,-1.682430129512603
2012-03-15,0.0,-1.0261750117716069,-0.5001942067791681,-1.1666312150477223,-1.707412565204284
2012-03-16,4.0,-0.8481108787572541,-0.4161650779349833,-1.1013613201792654,-1.5204419036645296
2012-03-17,2.0,-0.7668435893997776,-0.3852793045867613,-1.0612260493095367,-1.4465374516781053
2012-03-18,0.0,-0.8167169117852523,-0.4084148583042281,-1.0493207756319525,-1.4733968588824973
2012-03-19,0.0,-0.8133692022577543,-0.41882576346847633,-1.0384608933823898,-1.5025950334424327
2012-03-20,0.0,-0.8086928307789342,-0.43033294532665206,-1.029786104161683,-1.5647737472697347
2012-03-21,0.0,-0.8260211240213542,-0.4623682439612583,-1.0232666990623502,-1.5912769528935593
2012-03-22,0.0,-0.8069124853749894,-0.48411396144131486,-1.0181541083636327,-1.6467936221669153
2012-03-23,22.0,-0.33649454043536786,-0.05053647051637023,-0.6629568663314688,-0.778348660471804
2012-03-24,3.5,-0.3828617082107982,-0.07377118758288631,-0.5994314616053831,-0.6830067929391703
2012-03-25,0.0,-0.47812397581375526,-0.14251275357864956,-0.5899658608355719,-0.7075052084669619
2012-03-26,0.0,-0.5325854754008167,-0.1871727378732399,-0.5811965598227319,-0.7350460424567963
2012-03-27,0.0,-0.5764377930077873,-0.22700708594915076,-0.9374404861865856,-0.770164377034806
2012-03-28,0.0,-0.6259175582542744,-0.2590715044011502,-0.934344340078343,-0.7927767732171771
2012-03-29,0.0,-0.691539323642075,-0.29162534135355156,-0.9309588305925455,-0.8158056019253773
2012-03-30,0.1,-0.7211880134009185,-0.3202806635158823,-0.9274238511281696,-0.8368948064133278
2012-03-31,0.0,-0.7589837519918194,-0.35633393793615115,-0.9251042389378822,-0.8644680656980632
2012-04-01,0.0,-0.7317469783835516,-0.377948959118066,-0.9234874090274973,-0.8907417243814213
2012-04-02,22.0,-0.05888873931642716,0.029746219912542924,-0.5535073934263797,-0.27853836620544925
2012-04-03,35.0,0.9497464793084794,0.6226504942916449,-0.02491409208832003,0.5022534948781994
2012-04-04,0.0,0.6354306137891008,0.44823220641598754,-0.02769667357713865,0.47100591675715847
2012-04-05,0.0,0.4464414860347946,0.3440741888305746,-0.03107151204056244,0.4397820102521418
2012-04-06,0.0,0.33917587495588164,0.26076385424732185,-0.03509648115833631,0.40677452731355285
2012-04-07,0.0,0.2524225490753783,0.1941641795771628,-0.0405808508274151,0.3723375157955926
2012-04-08,0.0,0.17605591554629982,0.1385739306229537,-0.04614149566002119,0.3376610857519045
2012-04-09,0.0,0.09995672364402033,0.08329844936701922,-0.051503521970398466,0.30365207766680713
2012-04-10,10.5,0.39761310855136756,0.23998499614905855,0.09004854602220777,0.47186030138703083
2012-04-11,3.0,0.32944770767487597,0.21057295653046848,0.05475917380307784,0.49184897398373995
2012-04-12,0.0,0.22447149607485636,0.14955193769867228,-0.2426170069049894,0.4553651172482811
2012-04-13,0.0,0.14931090949127498,0.09910404876696179,-0.262257563392556,0.41724396179411993
2012-04-14,0.0,0.09015775059493011,0.06475343549998662,-0.2756543259182495,0.37914691692903013
2012-04-15,0.0,0.04026489960898552,0.02594523540752131,-0.2899490090304429,0.34124566999708755
2012-04-16,0.0,-0.008536842483678468,-0.005493539957502686,-0.30574412234664033,0.3036723758639636
2012-04-17,0.0,-0.07523475786295235,-0.04343010234900562,-0.3224086549789562,0.26608336181938014
2012-04-18,0.0,-0.14581117671840568,-0.08043373014402778,-0.33871841956323046,0.22628779221892184
2012-04-19,0.0,-0.22295996828829778,-0.10108188968620069,-0.3547466120648944,0.1813705650138807
2012-04-20,0.0,-0.32258250525889304,-0.12573716454660025,-0.3715865302912444,0.14206430846304366
2012-04-21,47.5,1.3261005286634244,1.1290306087241544,0.25796708404286894,0.842690245213486
2012-04-22,9.0,1.2606561524174948,1.1162164135268844,0.35833014049739687,0.9219900632753117
2012-04-23,0.0,0.8882526368165476,0.8816155585730437,0.34223018886481515,0.8576553947175748
2012-04-24,0.0,0.7388146483935435,0.749498162466552,0.3258065938654019,0.8151426028389872
2012-04-25,28.0,1.5593269107101355,1.4276610023389957,0.6516893609937503,1.1281582638634648
2012-04-26,2.0,1.3801314318447726,1.2453204022926379,0.5970868272047658,1.106857620536054
2012-04-27,0.0,1.1510849329685828,1.0602209035076686,0.5767744287865019,1.0607886561079494
2012-04-28,0.0,0.9929905804720897,0.9346210045515975,0.5562873849689249,1.0167522183986293
2012-04-29,0.0,0.8007729356088871,0.7762426719286679,0.5363287784721131,0.9746318492149143
2012-04-30,0.0,0.6560997218930594,0.65775815388942,0.5142749453332287,0.8853811007796135
2012-05-01,0.0,0.5445241245592872,0.5685632595641591,0.49176735434275537,0.842756863312296
2012-05-02,0.4,0.4816780286060225,0.4848697872882095,0.46255209962333294,0.8045935044195703
2012-05-03,0.2,0.380720021902124,0.39960375538838205,0.4410501986878006,0.7631755270531797
2012-05-04,0.0,0.26044208955192966,0.2950731806446119,0.2759319329703731,0.719650387747678
2012-05-05,0.0,0.12061091272816518,0.18079961094739885,0.25441418248449577,0.6802184030233376
2012-05-06,0.0,0.007515635838940365,0.07723519066892068,0.23321678890390743,0.6401486362281125
2012-05-07,0.0,-0.0980901177323296,-0.019322644617063137,0.2129903524612608,0.6041482299635313
2012-05-08,0.0,-0.1938579746766977,-0.10173616759812829,0.1933763149180194,0.5692519843781025
2012-05-09,0.0,-0.2932845062051247,-0.18352658419921472,0.16147258425358876,0.5337451952661936
2012-05-10,0.0,-0.40810930932973305,-0.2766226090901216,0.14121864751568158,0.4992676149094391
2012-05-11,0.0,-0.5101287559574458,-0.3666595486265762,0.1212470580613349,0.46520563100760376
2012-05-12,0.0,-0.502415185379424,-0.4117247359385658,0.10194614682201077,0.4315684056742215
2012-05-13,0.0,-0.5797779259462209,-0.4887268542275457,0.08343372141852838,0.3993514744694842
2012-05-14,6.5,-0.4761987832192869,-0.4132552009406233,0.14120670932696805,0.4425684025085946
2012-05-15,0.0,-0.5198993842817111,-0.4937630346833888,0.12419833610898541,0.413929716010115
2012-05-16,0.0,-0.5414165953975346,-0.5416227054723665,0.03888519223513377,0.38637086975755186
2012-05-17,0.5,-0.6179761240263951,-0.623454227609656,0.025375875352488465,0.36390025984803964
2012-05-18,0.0,-0.6553221815022316,-0.6491682246728219,0.007912028907959888,0.33615614268820215
2012-05-19,0.0,-0.6992342715056517,-0.6763544717773218,-0.009626888770517036,0.30957865458226447
2012-05-20,0.0,-0.7236327920778045,-0.6922476416357263,-0.029323210473914427,0.28315003302878944
2012-05-21,0.0,-0.7558652920906208,-0.7147535694281897,-0.09720032554596875,0.2593714499016205
2012-05-22,0.0,-0.7982828692147936,-0.7381799841164084,-0.11375544054668195,0.2380731530799933
2012-05-23,0.0,-0.8449798637256533,-0.7363416682405913,-0.12987691283615208,0.2144881276814912
2012-05-24,0.0,-0.8715205599067267,-0.7996401645753796,-0.14667708983197328,0.19391212264611526
2012-05-25,0.0,-0.9509013629853611,-0.8435195429050045,-0.16380627785316645,0.17357796072958942
2012-05-26,0.0,-0.9943197005370537,-0.8605588814285806,-0.1846488539892688,0.15377109066487743
2012-05-27,0.3,-0.9799225809313734,-0.8440277592765149,-0.2090303136660643,0.13851800256678867
2012-05-28,0.1,-0.9658755991905997,-0.8294022862898807,-0.5727451657633081,0.12293009336819462
2012-05-29,0.0,-0.9534318592449669,-0.8151870997078529,-0.5860319452750641,0.10576501820372022
2012-05-30,0.0,-0.980679259811874,-0.8330215817970378,-0.6181983202654997,0.08882506952941344
2012-05-31,0.2,-0.9959538899019633,-0.8498295781334323,-0.6720609859834853,0.07180020905504243
2012-06-01,0.0,-0.9402290760774861,-0.818257687195947,-0.6872878348102656,0.05577532170683063
2012-06-02,0.0,-0.9766629495457054,-0.8328375707176073,-0.703634006601365,0.03918940843169395
2012-06-03,0.0,-1.04986239419832,-0.8870399453328471,-0.7187068522572367,-0.052803302657109065
2012-06-04,0.0,-1.101428634851902,-0.9221930512351328,-0.7329429491582553,-0.16365280359855816
2012-06-05,0.0,-1.1104745929911153,-0.9287697341069268,-0.7474640949020758,-0.18027216527704584
2012-06-06,0.0,-1.0659128702099285,-0.8988736561829561,-0.7622660713824325,-0.1966782190687183
2012-06-07,0.0,-1.0993694109311323,-0.9218442559822054,-0.7797422234689504,-0.21473309614844616
2012-06-08,2.0,-1.1272536269147049,-0.9298258044763764,-0.7733209884163542,-0.2108035782545201
2012-06-09,0.0,-1.1481030020290932,-0.9479638191279686,-0.7907571754754166,-0.22999634897076254
2012-06-10,0.0,-1.2094248315767056,-0.9687825365123516,-0.8099669601883546,-0.251200879949015
2012-06-11,0.0,-1.261709731110333,-1.0191215093525556,-0.8293905153803462,-0.2721257384655
2012-06-12,0.4,-1.2289239339144171,-1.0110512416856579,-0.8444572497432761,-0.2889528043018523
2012-06-13,0.0,-1.1639158862799464,-0.9652922513917644,-0.865574709195904,-0.311824457472686
2012-06-14,0.0,-1.2228844179715153,-1.0090316444263288,-0.8887220900234599,-0.38079283951721343
2012-06-15,0.0,-1.3096944770081795,-1.0696335659285328,-0.9133473897166292,-0.4302980466000567
2012-06-16,0.0,-1.3527178455864233,-1.0876061747894055,-0.9395349305376247,-0.4620649574262356
2012-06-17,0.0,-1.3029743347175557,-1.0748006129003067,-0.9660055444054777,-0.4942229829122135
2012-06-18,0.0,-1.254054720056923,-1.0651838963967737,-1.0001592827806798,-0.5265504853012252
2012-06-19,0.0,-1.1402435738637253,-0.9788741344952024,-1.0276612664126614,-0.5596244084527184
2012-06-20,0.0,-1.0801502682284934,-0.9459806554059889,-1.0617614513307236,-0.5926935895955051
2012-06-21,0.0,-1.1930085298812831,-1.0313198866602227,-1.0949291938502392,-0.8678396713598088
2012-06-22,0.0,-1.3207844768904822,-1.123266432723196,-1.1224700807115513,-0.9417341171839643
2012-06-23,0.0,-1.1785983575028165,-1.0432112644545024,-1.1503293520897564,-0.9750940792100372
2012-06-24,0.0,-1.0809175327858125,-0.982318698945821,-1.1800209983025594,-1.0092315747071785
2012-06-25,0.0,-1.1169141389854238,-1.0035097302031772,-1.2127341684233703,-1.0441979434523014
2012-06-26,0.0,-1.240893462461622,-1.1120456666715777,-1.2409349224981576,-1.0787348356563171
2012-06-27,0.0,-1.3857118273367994,-1.241634718305043,-1.2694689737629212,-1.1131055425652603
2012-06-28,0.0,-1.2735907889220972,-1.1697623988518755,-1.2989717283656734,-1.1490913494108055
2012-06-29,20.0,-1.0137066336683564,-0.9179485186916437,-1.146406229582655,-0.9768124854963932
2012-06-30,69.5,-0.04948558610127564,-0.06565295367272148,-0.6213358187578326,-0.400085139396242
2012-07-01,0.0,-0.3171077106349446,-0.31408717208164655,-0.6670911383520522,-0.6254895437852784
2012-07-02,0.0,-0.49257622271817003,-0.46855262185768654,-0.7095852347818924,-0.9765613260657994
2012-07-03,25.0,-0.2038519121309253,-0.22538887940504487,-0.5784563895595897,-0.7956551838017015
2012-07-04,0.3,-0.35822427398209616,-0.36057103111275524,-0.6213835641808954,-0.8358597716116423
2012-07-05,72.0,0.1804361732152305,0.01719617704466702,-0.22195335095100718,-0.3361810446941053
2012-07-06,102.5,1.5799567828682504,1.2151777264719628,0.2742238431585717,0.24909049650767415
2012-07-07,0.0,0.926257190847493,0.7813585851377834,0.22015070884983684,0.1972824713680143
2012-07-08,0.0,0.506974629033635,0.4600600555155849,0.16673012740179638,0.14587003713240518
2012-07-09,0.0,0.24077313245395493,0.2367994151642201,0.11255889237584868,0.03473976098795226
2012-07-10,6.5,0.09760912797944268,0.10643909831917411,0.0910713338379781,0.0035834769224637668
2012-07-11,8.0,-0.005439676203124938,0.0021389780335687343,0.07556774174129949,-0.0031582092933569125
2012-07-12,0.0,-0.17851033633762228,-0.16343875014629522,0.021807237914478843,-0.05413504616867815
2012-07-13,76.5,0.5897063100429197,0.4833823004873941,0.31036638475294964,0.28787856500332404
2012-07-14,8.0,0.42251029000077883,0.31497600655450964,0.2906495993009853,0.27559383039541097
2012-07-15,32.5,0.5862249242976971,0.42873665685635515,0.3736152519160351,0.37876189065898797
2012-07-16,2.5,0.40192852857062744,0.25676841043974424,0.33297847369365846,0.3426777354269587
2012-07-17,0.0,0.2472011137253293,0.11970294424912276,0.2822856537797896,0.2959960828392112
2012-07-18,6.0,0.22116921297015343,0.0800190004551652,0.25521127483429157,0.27713273562516827
2012-07-19,72.5,1.0640208749905913,0.7408717358336978,0.4870588879477341,0.543427649029791
2012-07-20,1.0,0.8297486137911266,0.5451308315570395,0.44219420349484395,0.30239811155350543
2012-07-21,0.0,0.6338726338277724,0.38272759740077134,0.3938620434575179,0.21920071096058516
2012-07-22,16.5,0.6738839521570803,0.402147045410321,0.4009203946553694,0.2468963187469495
2012-07-23,1.0,0.4931998168995796,0.2521400428360433,0.355915316336257,0.20689447275573303
2012-07-24,0.0,0.27940788241024966,0.07937232427595936,0.3088500353461349,0.041902743392432835
2012-07-25,0.0,0.12292863287548002,-0.06024724526845654,0.2623989793958333,-0.008230881733090466
2012-07-26,0.0,-0.00030425846777848344,-0.14174909863403376,0.21676909749824477,-0.04818150100012398
2012-07-27,0.0,-0.07441449841937521,-0.21041684150748982,0.17251040607525214,-0.08679891723269732
2012-07-28,0.0,-0.15820583017771592,-0.28514743144675764,0.1294102847043178,-0.12453791834271717
2012-07-29,0.0,-0.21734094483762662,-0.34489831576834895,0.07251602657661195,-0.16108879861734612
2012-07-30,18.0,-0.071679719523971,-0.24504840430082264,0.09791425504272296,-0.116195535454575
2012-07-31,0.1,-0.17614366313377353,-0.32379665431969545,0.058508152671954174,-0.15025987407464775
2012-08-01,0.0,-0.25093144688091973,-0.3861887240349158,0.019382043600458625,-0.18260874535220728
2012-08-02,0.0,-0.34081583000509547,-0.44639833584335376,-0.01991132084907685,-0.21404617219965316
2012-08-03,0.0,-0.41337051042222855,-0.5149361400756345,-0.05802599242682887,-0.24486590891444532
2012-08-04,0.0,-0.507034215709049,-0.5842282677724542,-0.09722603184230785,-0.2759055104055424
2012-08-05,0.0,-0.551582143612665,-0.6292470119541149,-0.13544883059378945,-0.3067658716761136
2012-08-06,0.0,-0.5693562553032977,-0.6463327563711372,-0.173439922824406,-0.3371931455789705
2012-08-07,0.0,-0.5139535771047802,-0.608593484773431,-0.21058791642870966,-0.3659826642036309
2012-08-08,0.0,-0.6422611419738026,-0.6826002719458129,-0.24671470144378657,-0.39338379444876287
2012-08-09,0.0,-0.7094647514351916,-0.7258951401666666,-0.281342612985872,-0.41904002008951763
2012-08-10,0.3,-0.7654794489168923,-0.7645192529306376,-0.31434551158192303,-0.4424307096152306
2012-08-11,0.0,-0.7998695961598299,-0.7986038437522642,-0.34693961555448805,-0.466190589691567
2012-08-12,17.0,-0.698555601926592,-0.730551117514075,-0.3155031300614986,-0.4452453663653397
2012-08-13,2.0,-0.7234866255207508,-0.7477360823220123,-0.3402710127247241,-0.4609161672121748
2012-08-14,15.5,-0.5994724821762807,-0.6587136460932792,-0.31469477846503985,-0.41980095398928857
2012-08-15,136.5,0.7388251456717865,0.24604842688933104,0.12969499826999753,0.08246552634004382
2012-08-16,0.0,0.2705336905928166,0.05302324823655118,0.09900893648544072,0.05820241642049906
2012-08-17,0.0,-0.003628913342224684,-0.07010698819857776,0.06851675934926482,0.03407016655829738
2012-08-18,2.0,-0.16418483197498243,-0.14857840927673877,0.04550155644744261,0.01814812532434355
2012-08-19,5.0,-0.24312373599455825,-0.19283878867460388,0.03373339093454523,0.01374559505775334
2012-08-20,59.5,0.33446235693375903,0.21649648831973067,0.1987404232000646,0.19686643466314988
2012-08-21,137.0,1.791622213737253,1.2467262489042243,0.589077435418381,0.6111305815220777
2012-08-22,17.0,1.2907002417601092,1.0647968524101705,0.6133424211759944,0.6402368458259619
2012-08-23,0.1,0.8679001459095764,0.8281752395578721,0.5902178499131581,0.6205585750892774
2012-08-24,7.5,0.7816774247813896,0.774682674869707,0.588636979228688,0.6229274223890828
2012-08-25,11.5,0.7345672531632289,0.736837727542846,0.5991787328884908,0.6367009849008186
2012-08-26,0.0,0.5418720094575105,0.596213374424511,0.5761733697033253,0.6168297307598868
2012-08-27,0.0,0.43723711694976153,0.524193146947416,0.5537321498443929,0.5982253384981201
2012-08-28,13.5,0.45856220919583524,0.5443461216978511,0.5711203592817985,0.6198720668153159
2012-08-29,6.0,0.40263681053480266,0.48954060028426755,0.5665435304256049,0.6193446971148394
2012-08-30,34.5,0.7076531042704715,0.710425398509992,0.6457195261341461,0.7023477232461458
2012-08-31,0.0,0.5678198966400703,0.6048139587223799,0.626738968313596,0.6872658871350815
2012-09-01,0.0,0.41990916224566277,0.49969916039916323,0.5876005260923532,0.6721680176810605
2012-09-02,0.0,0.3446949678941937,0.4237092646059009,0.5440001868277905,0.6574627162798358
2012-09-03,0.0,0.26291847183467376,0.3543107702862855,0.5255267014426235,0.6439432666361478
2012-09-04,55.5,0.8372994311233716,0.7653589618837976,0.6663188932307863,0.7871913071198812
2012-09-05,10.5,0.8641270064591271,0.7728281232801637,0.677300853166577,0.802983639208547
2012-09-06,0.0,0.756091830038589,0.6859148191355631,0.6594328136685421,0.7854323931355494
2012-09-07,3.0,0.6994588850241827,0.6459466180022294,0.6514518765183692,0.7840321895431143
2012-09-08,25.0,0.8249817121635183,0.7621160782238859,0.7056120992655214,0.844465252018361
2012-09-09,0.0,0.6572908726157929,0.6373425084975299,0.6907408225591359,0.8372669853959658
2012-09-10,0.0,0.48582728031445843,0.49804039208770545,0.6763211942360903,0.829497061306181
2012-09-11,0.0,0.4821922385968194,0.4653551784216686,0.6629992940636587,0.8248755598463934
2012-09-12,0.5,0.4768626786492739,0.44500040777715716,0.6407325743858824,0.8233916407532523
2012-09-13,13.5,0.6285103360448175,0.5500381885543562,0.6605627503630213,0.8585627001375664
2012-09-14,2.0,0.6026084907026649,0.525015747986754,0.6545161593989547,0.8637841336793366
2012-09-15,0.0,0.5472771486232302,0.48350073777652575,0.6437088414558796,0.8645659048642869
2012-09-16,2.5,0.524386797113946,0.47327173431053815,0.6404553415565575,0.8726598586847201
2012-09-17,85.5,1.4584767688235334,1.195777842707759,0.8599933603068206,1.097037549001001
2012-09-18,0.0,1.2234281739595039,1.0217633321365718,0.851187013350644,1.0986697937077925
2012-09-19,0.0,1.060773370339341,0.9043560318292249,0.7848765363325851,1.1013174722628583
2012-09-20,0.0,0.7933969912137251,0.7367006168109543,0.768319125275211,1.1058727894084797
2012-09-21,0.0,0.8259166705169949,0.7148296350523915,0.7615190746130126,1.1116405668531002
2012-09-22,0.0,0.8210962582460163,0.6845615545324689,0.7549288718332664,1.1181267205716938
2012-09-23,0.0,0.8285997674298361,0.6745759385242805,0.7488066483250476,1.125758708856973
2012-09-24,0.0,0.8304736058609345,0.6648300960827817,0.7434447935605433,1.1348027640809728
2012-09-25,0.0,0.8190450422261252,0.652080239868836,0.7386779040855195,1.1450523223813267
2012-09-26,0.0,0.7865979180202821,0.6287761462619514,0.7347364774618872,1.1575534328173673
2012-09-27,0.0,0.7658288901838692,0.60928280544132,0.73121639509465,1.1228421428650566
2012-09-28,13.5,0.9181154595385904,0.7124560668440281,0.7631213355071207,1.0015648945013462
2012-09-29,0.5,0.8239789054024159,0.6533871506016774,0.704102059828823,1.0197815836537156
2012-09-30,0.0,0.7585525881910148,0.6077734225055125,0.6088207319071647,1.0377639347746899
2012-10-01,0.0,0.7078608731016561,0.5695720202395165,0.6064432713317427,0.9955000149620862
2012-10-02,0.0,0.6726049635092474,0.5425450738185991,0.6046230932948892,1.0151931295246608
2012-10-03,0.0,0.6515437819318874,0.5245784214560785,0.6036068961972679,0.8578994420950283
2012-10-04,0.0,0.6301200441073808,0.508297321141686,0.6031089601187785,0.6135557049840874
2012-10-05,0.0,0.6192949775515034,0.4974211706235748,0.6029610030746819,0.6395837214574588
2012-10-06,0.0,0.5970189393704182,0.4809152823511372,0.6041079508576701,0.6674525644047444
2012-10-07,0.0,0.5810273267771648,0.4658302446228086,0.5774893498663702,0.6957741385452204
2012-10-08,0.0,0.5612287977266154,0.4492366130079307,0.5708188780432671,0.7066133807917306
2012-10-09,0.0,0.5294277695179944,0.4266944190040526,0.5722845619975551,0.7146612505332798
2012-10-10,13.0,0.7199721886037979,0.56060081396853,0.6087644633587821,0.7784347015507114
2012-10-11,0.0,0.6492631918877507,0.5168012388408434,0.6110222275754099,0.6064165130648747
2012-10-12,0.0,0.6249134481293629,0.49372819567002574,0.6132374574550389,0.6163092848457351
2012-10-13,0.0,0.5926972993001279,0.46865262916957334,0.6156615143759029,0.5588190290805348
2012-10-14,0.0,0.5741227591494171,0.45274998983778136,0.6184574999208702,0.5838218061736454
2012-10-15,0.0,0.5600584835091047,0.4418521564135535,0.6214448215138884,0.6159443895229497
2012-10-16,0.0,0.5454817987703391,0.43045412634311764,0.6246739797595758,0.6322189605645833
2012-10-17,2.5,0.5679285050315763,0.4480957199159773,0.634809317025267,0.4693385214551037
2012-10-18,0.0,0.5490964123239483,0.43153581122574136,0.5114866662431765,0.5014765592532752
2012-10-19,0.0,0.5239897636250419,0.41144667902346904,0.4909873811784074,0.5371650415742395
2012-10-20,0.0,0.494474318190498,0.39238721962599526,0.4949920021257297,0.525980732095876
2012-10-21,0.0,0.4767780389864189,0.3768488919655369,0.49895734876682174,0.5610538703242596
2012-10-22,39.5,1.200897726415035,0.8981684493289491,0.5342696011479757,0.7122325434113859
2012-10-23,0.0,1.0707763250582856,0.8004337612374148,0.5329315337732682,0.7506436943058867
2012-10-24,0.0,1.0023313107746887,0.7481858908752176,0.537206036647565,0.7896845821220008
2012-10-25,0.0,0.9664177999233186,0.7143860220835506,0.5416071488644791,0.828707783187654
2012-10-26,0.0,0.8958344536714933,0.6662074490020229,0.5459347189254625,0.8674959435445131
2012-10-27,44.0,1.7119203309335402,1.2640271985290712,0.6680008637893609,1.0296225877843481
2012-10-28,0.0,1.5578173033550462,1.1474480881757625,0.6727117272323488,1.0188525637570836
2012-10-29,0.0,1.475192522405971,1.0829860357340169,0.6768271193706309,1.0570139292894947
2012-10-30,0.1,1.4067767085260425,1.029062458295188,0.6818781112072417,1.0950139825381235
2012-10-31,0.2,1.3534016890993807,0.9888808910502488,0.6878161433202739,1.1333037859203383
2012-11-01,0.0,1.2776372151159348,0.9394997946762984,0.6930633371683909,1.1713879820019786
2012-11-02,0.0,1.2304346301040525,0.9066014402290465,0.698359399739802,1.2105545900022583
2012-11-03,0.0,1.1604840234373965,0.8667982894423358,0.7033486480659211,1.2506542393423583
2012-11-04,4.0,1.160901790523818,0.8793248495377898,0.7184433710826358,1.3024310468461366
2012-11-05,8.0,1.2141948381013032,0.9326237611811812,0.7442798050109035,1.3665995209633257
2012-11-06,5.0,1.1982717947671968,0.9282638770699597,0.7622271738610457,1.4236119323878489
2012-11-07,0.0,1.1133390537979801,0.8659952081398297,0.7672345353512576,1.4678763097061556
2012-11-08,0.0,1.059766094352856,0.8263048229670259,0.7721995902822296,1.5115997962407761
2012-11-09,0.0,1.0170421739331512,0.7925688753395849,0.7772132447120994,1.5550614682503416
2012-11-10,0.0,0.9654021666154662,0.7526019797501643,0.7648439287906029,1.550961457895019
2012-11-11,28.0,1.4869425291855853,1.1462493622585634,0.8414661788990125,1.6725333188415947
2012-11-12,3.0,1.3938447983959728,1.0842116530686838,0.8532824663329762,1.6860875376396556
2012-11-13,0.0,1.3275262042732987,1.02943201212477,0.8561136882708094,1.3138941408741314
2012-11-14,0.0,1.2668810916591606,0.9863360990996067,0.8601803376010021,1.3635214745234816
2012-11-15,0.0,1.2067362143599198,0.9404034982224283,0.8643571834446326,1.4135093142173243
2012-11-16,9.5,1.3578114982710365,1.0598440403300073,0.8929274835980519,1.4882440234869738
2012-11-17,1.5,1.2863854611115588,1.0103771992963586,0.9006104884996727,1.526257720201647
2012-11-18,0.0,1.1982495639368422,0.9410814341910967,0.9040603656129254,1.370117211586024
2012-11-19,5.5,1.2064442535263633,0.9696487652509725,0.9215327452332281,0.9038085457482551
2012-11-20,0.0,1.1801770853452629,0.9369746343667175,0.925350690305516,0.8776245331539175
2012-11-21,0.0,1.119966379177598,0.8883491920923821,0.9294655650031304,0.9229318821556574
2012-11-22,0.3,1.0824929168917519,0.8569516641250395,0.9344042926327729,0.9385848362199551
2012-11-23,0.0,1.0586515500607843,0.8326725706840097,0.9381432601585966,0.9344464746547115
2012-11-24,0.0,1.00674349178338,0.7914293917328448,0.9422820750554673,0.9837555411977956
2012-11-25,0.5,0.9820672840232617,0.7694504574412949,0.9481638165214168,1.0366859581041947
2012-11-26,1.0,0.963107951449911,0.7541564542777903,0.9555498386865346,1.0290266331602762
2012-11-27,0.0,0.9119352388997152,0.7043029249016227,0.9599536296011253,1.0520255534715315
2012-11-28,1.0,0.8906007530684644,0.6811052183882365,0.967235035660545,0.9327649190502393
2012-11-29,0.0,0.8463785326983105,0.6420472682217422,0.9718965470681287,0.9836975381720222
2012-11-30,0.5,0.8271588417856883,0.6210082772497788,0.9780258619157797,1.040426768360465
2012-12-01,0.0,0.7787930152672915,0.5851612049584273,0.9830322501439749,1.0975384944573288
2012-12-02,0.0,0.747158500206074,0.5604824794885785,0.9886491487769562,1.1568545849792031
2012-12-03,5.4,0.8622752297106832,0.6424450315412906,1.0079603480440735,0.9214650643696942
2012-12-04,0.0,0.822203209240494,0.6095524366227565,1.0144127580024882,0.9139285352839028
2012-12-05,5.8,0.9223328745780796,0.6888384774091847,1.0312747959830288,1.0127084119855596
2012-12-06,0.1,0.8777098602489615,0.6533554745324962,1.0397081131323271,1.0553323420995264
2012-12-07,1.9,0.8899951514600515,0.6621987381909559,1.0535118993975918,0.9585182772357412
2012-12-08,0.0,0.8621711661011525,0.6354384183339662,1.0625678772978773,1.0192754173431702
2012-12-09,0.0,0.8280847615168128,0.6070890117010749,1.0707213173379975,1.082502099445479
2012-12-10,0.0,0.7997710307338518,0.5826334812524763,1.0810316443345855,1.1445545234725691
2012-12-11,0.0,0.7761512322524778,0.5611106647445994,1.0927615769682224,1.2009683568173095
2012-12-12,0.0,0.738552605507751,0.5328724242824795,1.1053868538674636,1.1537347539911207
2012-12-13,0.0,0.6986473443336801,0.5050066558186311,1.118959174002128,1.1959781076429676
2012-12-14,18.5,1.1096368889910417,0.839194288605619,1.1796085182301204,1.4028031898342452
2012-12-15,0.5,1.0306382017720355,0.7733622941084058,1.1951052910112043,1.446865979626176
2012-12-16,0.0,0.9565417127941883,0.7195381322579164,1.2051118927700397,0.7175969493401589
2012-12-17,0.0,0.9197159105226014,0.6859399399965338,1.2179728613559948,0.7642721350263997
2012-12-18,0.0,0.8860953187682462,0.6599956512379225,1.2314664663938368,0.8119873803070087
2012-12-19,0.0,0.8515950871781321,0.6310171116310049,1.2453807806247053,0.8570130066038177
2012-12-20,0.0,0.8115814751264042,0.5994001432002541,1.2596494904453375,0.9026594313129224
2012-12-21,1.8,0.8375050008757403,0.6158267085050712,1.2786264259223539,0.9692302562314472
2012-12-22,0.0,0.794610439602149,0.5844629640664207,1.2938842164436086,1.0184036881721683
2012-12-23,0.0,0.7646942457542775,0.5553343292442582,1.3103151506491808,1.0639893620366605
2012-12-24,0.0,0.7299503446769234,0.5284721303687403,1.326869581489955,1.1075577316706813
2012-12-25,1.0,0.7287123867591846,0.5282337304072564,1.3466051633956455,1.15832528059653
2012-12-26,0.0,0.6972175982728733,0.5036340655755139,1.3153109742839488,1.2008538656286332
2012-12-27,0.0,0.6619824656822928,0.47425999057877505,1.1630728368786967,1.0848637238628756
2012-12-28,0.0,0.6274392532949381,0.4476269407695524,1.1839920782119737,1.1174658440707765
2012-12-29,4.1,0.765156604822428,0.5017212275250343,1.2159956565052248,1.20661235262488
2012-12-30,2.3,0.7721473819743165,0.5071080902135818,1.1827030776576795,1.276772887807598
2012-12-31,0.0,1.1668357654483996,0.7676965592623004,1.2058918886569483,1.318641435122462
2013-01-01,3.1,0.7591607308158043,0.474532020211511,1.0584730668149152,1.3948801509041073
2013-01-02,0.0,0.7143846236444016,0.43357058223531997,0.8183794705703978,1.4326444668730547
2013-01-03,0.0,0.595805681833836,0.39732013215745265,0.8463578171108254,1.4662837579789338
2013-01-04,0.0,0.5634134945003044,0.3680190518269853,0.8743699849719078,1.4899354975635908
2013-01-05,0.0,0.5443301223542392,0.3323063655576299,0.9029624638362553,1.514194467776221
2013-01-06,0.0,0.524301115975808,0.31523768209140063,0.9139747351071216,1.540214856893447
2013-01-07,0.0,0.5574988470959094,0.2880716279607007,0.9213763534045389,1.5678833332528581
2013-01-08,0.0,0.5424532852787296,0.30457027241521334,0.950976986223731,1.4277421959314434
2013-01-09,0.0,0.5303688069065166,0.2968108537480473,0.7811393038895885,1.4528246442455148
2013-01-10,0.0,0.5062736659547684,0.295768251958667,0.7911626315446935,1.4793697519046092
2013-01-11,0.0,0.4827511227017078,0.2741090173109602,0.735230209483523,1.5060129542452338
2013-01-12,0.1,0.45719913951307084,0.25332195876346636,0.7595028621503381,1.5335398678802745
2013-01-13,0.0,0.4198796685648526,0.22934804182224816,0.7899286637218996,1.5574565659606794
2013-01-14,0.0,0.39081482486354924,0.20818520961010487,0.8051038605110296,1.5815372471646811
2013-01-15,0.0,0.36067126981070574,0.18497373978082834,0.6420282072930035,1.5719100591561284
2013-01-16,0.3,0.34668470692639036,0.17685784000451915,0.6598566676232167,1.5866091277332623
2013-01-17,0.0,0.316058779966236,0.15779827242600503,0.6951492784124211,1.6081796606981622
2013-01-18,0.0,0.2866098536169065,0.13546006861413723,0.6862184361444186,1.6316845114065768
2013-01-19,0.0,0.25676081366164777,0.11255521907600796,0.7211114711175255,1.6553255989031026
2013-01-20,0.0,0.22922717946728252,0.09080863711265631,0.759976747148167,1.0951503696395013
2013-01-21,16.5,0.7273785366685922,0.4839768288565371,0.8439299564688232,1.3742463780273408
2013-01-22,0.5,0.6346391847547033,0.4080213698180643,0.8851229909649839,1.4087069220773507
2013-01-23,1.5,0.6124745116920451,0.3902272090497204,0.9297709938483935,1.4613594658278455
2013-01-24,0.1,0.5521617352632087,0.3413243220510539,0.970021621090626,1.4929551395752385
2013-01-25,0.0,0.5010140937107587,0.30131112505925955,1.0096261512933198,0.7945034830942066
2013-01-26,0.0,0.46008928217213957,0.2698236032022577,1.0003759442285525,0.8206727795461768
2013-01-27,0.0,0.42596224948647476,0.2443295260055912,1.0394143181534135,0.8478219203810405
2013-01-28,0.0,0.3914180134109498,0.21693663313258177,1.077539568674737,0.8741632516369306
2013-01-29,0.0,0.35542913203264986,0.1887043505004798,1.1153654714073937,0.8995089861714065
2013-01-30,0.0,0.32103760534939374,0.1580080041534882,1.1545862744019701,0.9284589568236352
2013-01-31,0.0,0.2857209615318008,0.12807517388001322,1.1947165196340954,0.9561322752218552
2013-02-01,46.5,1.6986699370910565,1.2543164578648776,1.3620556813897065,1.7803447279484028
2013-02-02,0.0,1.4579972605031823,1.0568637686030729,1.4062704909376644,1.7495021891634144
2013-02-03,7.5,1.554014133079382,1.1338753687885181,1.4705871323469304,1.7732840018887732
2013-02-04,7.4,1.6515208464951951,1.2118975958126774,1.535777630544891,1.8416723114744067
2013-02-05,4.5,1.6561426355299183,1.2191970286724125,1.5953422119570346,1.9415130173151807
2013-02-06,2.1,1.6015912953886946,1.1761475145786835,1.6491453801811689,2.001757721796986
2013-02-07,0.0,1.5027289078379948,1.095644204253371,1.6977672546090998,2.0276766792865786
2013-02-08,0.0,1.4176062988672689,1.0258133607700104,1.699683088022678,2.0539196111053672
2013-02-09,0.0,1.3330007757872113,0.9651211586923618,1.7444771147217417,1.6228080395426616
2013-02-10,1.2,1.2978174765302302,0.9411582016674161,1.7573714515228236,1.6157996869451818
2013-02-11,0.0,1.227021485120973,0.8820470168018648,1.4102946303597554,1.6410249423606014
2013-02-12,0.0,1.082325200288574,0.7864020350731977,1.4644554177710492,1.669626730206569
2013-02-13,0.0,0.9461819912275005,0.6922543239959738,1.5198501124448345,1.6928972586441389
2013-02-14,0.0,0.8973261601710862,0.6466492627661561,1.5684375033314994,1.544852497815134
2013-02-15,0.0,0.8525599689884367,0.6134458474030762,1.6079504783424787,1.5375655602203158
2013-02-16,0.0,0.8156538918594586,0.5746828720637148,1.466696853202995,1.5539503072177963
2013-02-17,0.0,0.7713700978509073,0.5379509633493764,1.023382377488038,1.4705940907405446
2013-02-18,0.0,0.7317957375051618,0.5134451606929019,1.0095364153471882,1.4870536287470242
2013-02-19,0.0,0.692184408666844,0.47742000427221515,1.0622115264453642,1.501280009658192
2013-02-20,0.0,0.6530722009864658,0.44127421912044495,1.083409896339303,1.5066155066444709
2013-02-21,0.0,0.6014650786764103,0.39633734610200305,1.0884196425947017,1.5151860841558698
2013-02-22,3.9,0.6701076619822955,0.4522671201643127,1.1583881348837055,1.5894302740437463
2013-02-23,0.0,0.6104955271111628,0.4040295560830845,1.213232364880627,1.5818583824640127
2013-02-24,0.0,0.5749053342586047,0.3739556324554939,1.21013496496394,1.5621079634195358
2013-02-25,0.0,0.5470577513784427,0.3440955612038211,1.2398732656098173,1.560258396217094
2013-02-26,0.0,0.5082055284139323,0.3155581835975476,1.1368198340178581,1.5380921756547936
2013-02-27,0.0,0.46486571806923255,0.2769139354862062,1.1925628756777278,1.5330692821127898
2013-02-28,1.0,0.45299387050679346,0.27243319604953403,1.2558890188241332,1.536486779819003
2013-03-01,3.0,0.4898026675314298,0.3063543817922308,1.333730447321665,1.5819018212401552
2013-03-02,0.0,0.450953383196397,0.2745901569603713,1.3992228733666021,1.5744492841893578
2013-03-03,0.0,0.4195656485455571,0.2404515164272798,1.1683984298741774,1.4752283312407588
2013-03-04,0.0,0.4237231960000047,0.2133958587976578,1.1691807499000393,1.4710719835416701
2013-03-05,0.0,0.4199311493056455,0.1796661752062755,1.229958864961755,1.3589956450188585
2013-03-06,0.0,0.6160790417765409,0.13352938393409303,1.2764334773515476,1.3499429114513868
2013-03-07,0.5,0.6166656843237661,0.1215936075815594,1.1899718024659274,1.3163526775256942
2013-03-08,0.0,0.6006211441322769,0.09739683314657065,1.251846892755936,1.3080004936135148
2013-03-09,0.0,0.5780756057943972,0.07882666722894868,1.3134378001150742,1.3006775469858805
2013-03-10,0.0,0.5272981038812771,0.05787294133441066,1.3786753487781236,1.2923213557985325
2013-03-11,0.0,0.4940179874203101,0.037010869552882804,1.436374857237145,1.284510755908546
2013-03-12,3.5,0.5972327221377707,0.0866384959242439,1.4250103517645674,1.3377173829350464
2013-03-13,11.5,1.0130600734678283,0.2945737573406792,1.5481520654396062,1.5286800952455168
2013-03-14,0.0,0.9179552490338687,0.24018672200829752,1.604773552770883,1.1899199898593036
2013-03-15,0.0,0.8867960695849504,0.208009663461337,1.6422287652593637,1.1667156255568927
2013-03-16,0.0,0.8445657537317229,0.1818708134775184,1.0123567204955894,1.1546416275665243
2013-03-17,7.5,1.0974428975305361,0.32996592105339767,1.1184461156725867,1.2817965541527927
2013-03-18,1.0,1.0313664058999508,0.31235085365978327,1.1691364202015158,1.2895928457518024
2013-03-19,0.0,1.004476004290284,0.28703136760725345,1.211393816693925,1.2799378301560602
2013-03-20,0.1,0.935722934737384,0.26558378616468026,1.2509923302035153,1.2716366669349553
2013-03-21,0.0,0.8745214233122023,0.24859788251924567,1.2891669421803027,1.224447404225439
2013-03-22,0.0,0.8161054673663126,0.21185087332842725,1.3263039555631215,1.2061138062672971
2013-03-23,0.0,0.7473371833652117,0.18016097016611377,1.3639406837443628,1.1856032675718478
2013-03-24,0.0,0.6824339899907121,0.14702312356787922,1.3988542777725046,1.165212069197577
2013-03-25,0.0,0.676782453884219,0.11899093374536983,1.4306771210673497,1.1268571055284178
2013-03-26,0.0,0.6129874346600372,0.09082974001705159,1.4580725032320587,1.1063034360970687
2013-03-27,0.0,0.5757045287319955,0.07018966792170903,1.3532714007889683,1.0864359019469312
2013-03-28,0.0,0.5330142026177908,0.04641157100686459,1.370481282276673,1.0607041698896076
2013-03-29,0.0,0.5066178313564107,0.023198978832543113,1.3921377619071411,0.9556280939816277
2013-03-30,0.2,0.5061335142555331,0.006190968890410462,1.4144177152169162,0.8865393349040012
2013-03-31,0.0,0.46921536068516395,-0.016988073457642635,1.4337340148629605,0.8574530423272674
2013-04-01,0.5,0.4424631023959903,-0.03410072156596885,1.453165431508587,0.7786613656776966
2013-04-02,8.5,0.6575628111817329,0.10709988900499556,1.5532477204253492,0.912473971375012
2013-04-03,0.0,0.5176820141732422,0.05207095670633215,1.5636220300738055,0.8820611527866971
2013-04-04,0.0,0.43560128360699557,0.009273916297445032,1.571856057920501,0.8511680465446887
2013-04-05,0.0,0.3536836833618263,-0.033628865320497525,1.573601719390276,0.8187689174626714
2013-04-06,14.0,0.7394436045097437,0.21579040248367476,1.7169052307272592,1.0366926934307543
2013-04-07,1.0,0.6884006791739432,0.16170128498190264,1.727955352114024,1.020134961847262
2013-04-08,1.0,0.6671822290057338,0.1294692667708885,1.6029791559509987,1.0011298608111585
2013-04-09,0.5,0.6241091004514248,0.09621663396029563,1.601677312276381,0.9715269943041818
2013-04-10,1.5,0.6155936171333807,0.08228364614232672,1.6110838313459608,0.9592325134976722
2013-04-11,0.5,0.5738920755813944,0.050138261922594254,1.6089875178743749,0.926867677334388
2013-04-12,0.0,0.45039580229606724,0.009213404463511777,1.6018362733046843,0.8864441199791637
2013-04-13,0.0,0.39564269136005276,-0.021443466161751818,1.5929374369722935,0.8472739490329984
2013-04-14,3.5,0.46994183912477805,0.017707858958279855,1.6178562416217237,0.8627792805990387
2013-04-15,0.0,0.4277434509966391,-0.009003424136465382,1.581539621352861,0.82205516937106
2013-04-16,0.0,0.40215353424760925,-0.036842976677932404,1.5691340049827787,0.7770729590402082
2013-04-17,0.0,0.37430323670797655,-0.054833137139695835,1.5542274306472583,0.7369461683942188
2013-04-18,0.0,0.3236848093086086,-0.0815494303878022,1.5408281127225059,0.6969867258685936
2013-04-19,0.0,0.2613617890453786,-0.10997704520676269,1.5283400556331024,0.6588860790431468
2013-04-20,9.5,0.5174022119573812,0.05128800604082143,1.1983460910528843,0.7650911233942974
2013-04-21,0.0,0.40472783317109695,0.010861758609928836,1.1834535125508212,0.471840089121056
2013-04-22,0.0,0.29460863451827246,-0.040474040625053366,1.1668177276400438,0.42364050117264007
2013-04-23,5.5,0.39379691276988715,0.08103094996260678,1.2092686541357622,0.4452012369026836
2013-04-24,0.1,0.24644261163629128,0.019420779654429843,1.1936337539755322,0.405382091675539
2013-04-25,4.5,0.3153838004930919,0.07222107205227866,0.7332546982563377,0.43346412952449553
2013-04-26,0.1,0.22998627412794326,-0.00534632056488582,0.7164846535493666,0.3952495987549208
2013-04-27,0.0,0.14166768358137125,-0.08141543784531621,0.6975287877326427,0.3546417388807792
2013-04-28,0.0,0.046927756718932886,-0.1568685215016163,0.6759403557492377,0.3134825728559583
2013-04-29,21.0,0.6840121383864832,0.36273046769224365,0.8924428251579577,0.5655431667245947
2013-04-30,0.0,0.46541413838736373,0.1939239703900303,0.872106031784306,0.5253003912091261
2013-05-01,1.0,0.36168849650396945,0.11235072766858173,0.859981516740176,0.4976970442761249
2013-05-02,1.0,0.2962599531101445,0.06287937085522732,0.8469428892775341,-0.19907063049529278
2013-05-03,0.0,0.22276469245300629,-0.0058508045592265715,0.7794635426397478,-0.2362783455119009
2013-05-04,0.0,0.1260301113578122,-0.0871610266653523,0.6667399926194747,-0.3953206604818803
2013-05-05,0.0,0.013024645173111136,-0.18293285313926108,0.5870175529516195,-0.5561741270062656
2013-05-06,0.0,-0.09732098574071595,-0.2725838096954578,0.5644213862911468,-0.6692454256004857
2013-05-07,0.0,-0.18053195575004483,-0.34315749118431915,0.5421381230166155,-0.7415493340492539
2013-05-08,0.0,-0.27806681572927494,-0.4341728363836936,0.5206135890227847,-0.7746117568995683
2013-05-09,2.5,-0.29323751131387754,-0.45212152130124883,0.527697238401219,-0.7626487270842738
2013-05-10,22.0,0.3798374996842176,0.09646482472354133,0.4400095024780801,-0.43571994477031667
2013-05-11,0.0,0.15769793581756686,-0.08753876004902345,0.38529541696465813,-0.4881152293795437
2013-05-12,1.0,0.015701365728826532,-0.19332067673345626,0.3756912460560281,-0.5061316612561187
2013-05-13,0.0,-0.10359377786177389,-0.27643386474942994,0.3555784736348075,-0.5383194557642461
2013-05-14,0.0,-0.22046653116008033,-0.3688851645545467,0.3362631264080206,-0.5693218750024813
2013-05-15,0.0,-0.33393622027442343,-0.45873323205841604,0.2117426434536504,-0.5972382360314878
2013-05-16,0.0,-0.386316945216458,-0.5190643881580416,0.17748520264390275,-0.6239477113434471
2013-05-17,0.0,-0.4283267811977006,-0.556630263243747,0.16056824097831546,-0.6476702152386098
2013-05-18,14.5,-0.11436648398716961,-0.28567009786210856,0.24264925257193035,-0.4601153167664273
2013-05-19,19.5,0.3315262700932231,0.10533015211353414,0.43172800309648757,-0.22203974568749635
2013-05-20,0.0,0.18045399369813434,-0.02605350657255879,0.4123289275364941,-0.24820482270803004
2013-05-21,0.0,0.0882961957719289,-0.10478955105761044,0.3889381147224326,-0.27463596334899193
2013-05-22,0.0,0.01797108293624393,-0.1706146383890504,0.3704555900372836,-0.29817212927778625
2013-05-23,0.0,-0.07240438926913192,-0.23590789537199403,0.35283474914040747,-0.37008247274788075
2013-05-24,0.0,-0.15743843583992545,-0.28708375782731105,0.3304630317253274,-0.3900406097218831
2013-05-25,0.0,-0.24033735432848463,-0.36534467351360905,0.30234371144511313,-0.4108150781188244
2013-05-26,0.0,-0.3357940626041279,-0.43491452929230573,0.28405264966908794,-0.4307183620771561
2013-05-27,56.5,1.4481739376692457,1.1395027701093363,0.7992710948754784,0.21869276502426876
2013-05-28,11.5,1.4767731196226723,1.1768786305426588,0.8821490495266617,0.3206592448879575
2013-05-29,2.5,1.2901813122394434,1.0306964852084783,0.8806072540502277,0.3187315828652857
2013-05-30,0.0,1.1032284419125276,0.880177619683756,0.8605277011717065,0.27007277735111057
2013-05-31,0.0,0.961988485008013,0.7643517358822265,0.8406563433215425,0.25257717945596275
2013-06-01,0.0,0.8213921860271254,0.6410438170977546,0.7757069410045994,0.2363979457517398
2013-06-02,0.0,0.6564194729167822,0.5103997697876091,0.7593011752056521,0.2204177981006159
2013-06-03,0.0,0.5587942162342915,0.411991457876083,0.6897195307356997,0.20400476317093985
2013-06-04,0.2,0.4969024272204803,0.34909865493247866,0.672188671319451,0.19010573385128543
2013-06-05,0.0,0.4383047480117422,0.2907205348595748,0.6350188063940896,0.16815257987184312
2013-06-06,0.0,0.37592464272081005,0.2379400741211725,0.613227843225484,0.1505560182244459
2013-06-07,0.0,0.2851610882168104,0.16753586645999735,0.5915379426101278,0.13312435381607057
2013-06-08,0.0,0.21639967333374166,0.10741270210269792,0.5686255678475927,0.11424867202076755
2013-06-09,0.0,0.14326371766167428,0.03959084119550614,0.5445339052163689,0.09506501495878421
2013-06-10,0.0,0.058880460249967924,-0.03059117868219395,0.5183679297626712,0.03932206573660858
2013-06-11,7.0,0.20052184298318806,0.08927682163452828,0.5491865479989466,-0.02906525802071216
2013-06-12,6.5,0.27924679458107127,0.15627684804749906,0.4179116052731843,0.014617836451112046
2013-06-13,0.0,0.14240377585686775,0.042973784011338424,0.3849935678549666,-0.007741038931815016
2013-06-14,0.0,0.053679071805029864,-0.028830645752973765,0.3540450328264853,-0.03207438700755124
2013-06-15,0.0,-0.01703090587410465,-0.09320980466568261,0.3207806958142136,-0.13418440778626256
2013-06-16,0.0,-0.10643457361960679,-0.17290384593705022,0.28446337072700273,-0.17373943138528353
2013-06-17,0.5,-0.17015995743759316,-0.22548627166994892,0.24934968866982968,-0.20201260877375543
2013-06-18,12.0,0.09320653621898994,0.0043703861526258134,0.3054402619459034,-0.11989907064478551
2013-06-19,0.1,-0.06890377066200623,-0.13449998570200825,0.25099759092594254,-0.1536570929109098
2013-06-20,0.0,-0.16620331765462687,-0.21482782477647733,0.2096002612606985,-0.1888729051921934
2013-06-21,0.0,-0.23731816844484255,-0.2791510231884478,0.16851552217026064,-0.22402834817128772
2013-06-22,0.0,-0.34001280598641964,-0.3730127338591727,0.1270691900264085,-0.2600361687037055
2013-06-23,0.3,-0.45677922341874816,-0.4746969452945463,0.07983055612420321,-0.29464317407903906
2013-06-24,0.0,-0.4693572498823956,-0.49493809314254417,0.03670986329176325,-0.3328971480084187
2013-06-25,0.0,-0.482774902306085,-0.5127792369804604,-0.007631792646671452,-0.3723123737576792
2013-06-26,0.0,-0.5377018354721881,-0.5585201660790784,-0.052184461503662724,-0.41223123734293593
2013-06-27,0.0,-0.6453971798363359,-0.6600004994358903,-0.12597107476606004,-0.45242612878416294
2013-06-28,1.5,-0.7374972438036258,-0.7502852572577624,-0.17657771708067563,-0.48165079804819394
2013-06-29,0.0,-0.7235753056342159,-0.7469574199596658,-0.2219356906801728,-0.5231032793001685
2013-06-30,0.2,-0.805342076992391,-0.8086398312331959,-0.28801603841139944,-0.5682240537214817
2013-07-01,0.0,-0.934812030367626,-0.9278205885803653,-0.3347200420064183,-0.6855252305827307
2013-07-02,51.5,-0.18991585176469086,-0.27482490743263494,-0.0516381720655003,-0.31230220886068705
2013-07-03,0.0,-0.39583828675145916,-0.45867585551485285,-0.10248255444704846,-0.35971300652468996
2013-07-04,32.5,-0.11468429308186322,-0.23449508832091,0.03641036591609419,-0.17470156935923345
2013-07-05,1.0,-0.28251499736506075,-0.38544448812630716,-0.009501013981174962,-0.31238106025013224
2013-07-06,0.0,-0.41337998097102663,-0.4975871081529228,-0.06055382330549906,-0.366619384586856
2013-07-07,3.0,-0.4607495706848269,-0.5319939358510947,-0.0947775990698132,-0.4001075700117494
2013-07-08,68.0,0.4951213906303978,0.28998136759244136,0.20536885903567667,-0.01850501245757443
2013-07-09,6.5,0.2677024799788004,0.09773123696597028,0.18380351819662202,-0.039485631784397936
2013-07-10,1.0,0.054576375071404164,-0.1027521858649949,0.1344019698072765,-0.08844630487218896
2013-07-11,14.0,0.061393554851843855,-0.10861524239085246,0.147873742014666,-0.058043937369367235
2013-07-12,74.0,0.8514430298603392,0.5929747892410102,0.42741371733654276,0.28682184449162895
2013-07-13,165.0,2.5225805860617543,2.064014370140461,1.0251165927183283,0.9664843162831203
2013-07-14,23.0,1.9033313254539583,1.767506013117732,1.050317460485248,1.0052716808202435
2013-07-15,3.5,1.4779114633138253,1.5127677936594177,1.0061658791424166,0.9669033657068699
2013-07-16,1.5,1.0674534405184923,1.1682536590386037,0.9579574943208641,0.9222709953112966
2013-07-17,18.5,1.036222379698486,1.1321777592881674,0.9712745416153596,0.9462248760338792
2013-07-18,26.5,1.1131576720861138,1.1914760806564022,1.0111775804181635,0.998924943802514
2013-07-19,0.0,0.9927400734245114,1.0966085913282453,0.9600633063074906,0.9146086272589603
2013-07-20,1.0,0.9111765875050659,1.0245593855258026,0.8562045605967574,0.8714755254011316
2013-07-21,0.5,0.784071393691662,0.920773064937514,0.8072010090013291,0.8288021263195476
2013-07-22,84.5,1.7673904163204708,1.7079138206516489,1.0348127536753493,1.0727238405767558
2013-07-23,56.5,2.176635888026738,2.014632055980221,1.1649785402474633,1.2222921280453956
2013-07-24,11.5,1.9615692937179294,1.854077043697042,1.1516994968978596,1.200943503502542
2013-07-25,0.0,1.5469511402485887,1.5154654956464426,1.1051668784107336,1.158528334079067
2013-07-26,0.0,1.2547930509663228,1.2421399888441205,1.058700488217455,1.1167056992198647
2013-07-27,0.2,0.7995110681933585,0.8159028794927343,1.0139130395173863,1.0768143666046779
2013-07-28,11.0,0.8809182665198086,0.7805671908030845,1.004221811294196,1.0048383621031844
2013-07-29,3.5,0.9018383415541752,0.7281520306166152,0.9731406074047698,0.9799271541843336
2013-07-30,9.5,1.0257027904774403,0.7618600283919572,0.9613830626644748,0.9726884301990427
2013-07-31,8.5,1.0155762957669854,0.7317902873393782,0.8038171375634172,0.9620744040288601
2013-08-01,0.0,0.9215307275883284,0.6603030946162496,0.7647314742321516,0.9285471647663163
2013-08-02,7.5,0.8148235153934037,0.6160499615701086,0.727474961962352,0.922010307051966
2013-08-03,0.1,0.7405165591540454,0.5286224261610573,0.6682846873679694,0.8922526395989376
2013-08-04,4.5,0.6810398699265313,0.49187926048211367,0.6322381777491175,0.8767697001783552
2013-08-05,7.0,0.6944279207017112,0.47840292456410105,0.6113682522618057,0.8687774891342592
2013-08-06,45.0,1.0540969748801257,0.7455121068719154,0.7164043954720825,0.9826016620363284
2013-08-07,0.0,0.8410578730049747,0.5899885860398687,0.6819351973233819,0.9447594233636254
2013-08-08,0.0,0.5768823648706366,0.42096925335954993,0.6468816008329338,0.8444135648176245
2013-08-09,0.0,0.5573297252770101,0.3550833379360259,0.608219285191578,0.8142424754994825
2013-08-10,2.0,0.5126997716554594,0.30227147627035134,0.5803296466117641,0.7882975660724144
2013-08-11,0.0,0.4618293526265584,0.24970680326737688,0.5468728868421272,0.7596719600552079
2013-08-12,0.0,0.3712033635675883,0.18789852739259205,0.5151601288567375,0.7332026853296886
2013-08-13,0.0,0.3128114735967181,0.1368779596584228,0.4841214923591187,0.7071095113383711
2013-08-14,0.0,0.22651922548974096,0.07977938377203046,0.4532420075223514,0.6808932339765533
2013-08-15,0.0,0.15655347163190098,0.030678319591922472,0.4225736000135906,0.6548295781582119
2013-08-16,4.5,0.14506909069513443,0.0220379024898817,0.40595912990853356,0.5976155789141365
2013-08-17,0.0,0.08823706004811178,-0.02396805810244545,0.37572129657042674,0.5104346686096302
2013-08-18,13.0,0.17785433580045656,0.031578258333998424,0.3862185456447534,0.527231486495026
2013-08-19,6.0,0.15932400412054798,0.01748630657879779,0.3758053393918136,0.5225570334614188
2013-08-20,0.0,0.070582159000499,-0.046557002854308055,0.3480630402421735,0.49944911313269885
2013-08-21,0.0,-0.01807615118101267,-0.11603881068717825,0.3077887766393648,0.4753152226028119
2013-08-22,0.0,-0.10176522768731257,-0.1811499794936475,0.280296448772379,0.4518581484677686
2013-08-23,35.0,0.24416527964049603,0.06706824388866645,0.36240274055986704,0.5386005961593714
2013-08-24,0.0,0.1176741905273699,-0.02389255966110689,0.3382288600752919,0.5186972455519343
2013-08-25,0.0,0.029296046636074217,-0.09953050604006188,0.31396538580611644,0.32235332274338846
2013-08-26,0.0,-0.05447091459927965,-0.16313482805186466,0.2903253533357562,0.266309181627406
2013-08-27,0.0,-0.1349703326716088,-0.22347377034285112,0.26366683253362455,0.23879944585127688
2013-08-28,0.0,-0.22554015277845307,-0.29403148640971727,0.23124545826506224,0.22010158574320218
2013-08-29,21.5,-0.0472790502075471,-0.16450827344274302,0.27521507081485114,0.2708496520336346
2013-08-30,0.0,-0.15419440538062876,-0.23847747079419476,0.25356974192480797,0.25328964798655723
2013-08-31,2.5,-0.22260651572783693,-0.2873297912908798,0.2406021895873812,0.24463421734948354
2013-09-01,0.0,-0.2990154505476346,-0.3497425903208968,0.22070791044080024,0.22901443495267532
2013-09-02,0.0,-0.32596353943085105,-0.3816956986640571,0.20069114421457918,0.21256152240290996
2013-09-03,0.0,-0.4042758445542258,-0.43335535691455407,0.17928201709850708,0.19731766373671125
2013-09-04,0.0,-0.46719967972018533,-0.4815933420102954,0.16004599473924305,0.1830347803969109
2013-09-05,0.0,-0.43182137194822734,-0.45519401818114247,0.14163435354208584,0.16964846238827472
2013-09-06,0.0,-0.4711549931615499,-0.4856339282647033,0.12304365702039695,0.15656416580621477
2013-09-07,0.0,-0.5169232268308389,-0.5202840300130168,0.1050920617517843,0.1442404807822133
2013-09-08,0.0,-0.5339862815876237,-0.539074931309263,0.07753903164665707,0.13364332101392176
2013-09-09,0.0,-0.5026484427509764,-0.5296440500344316,0.02542448094993762,0.10213128953849741
2013-09-10,11.5,-0.3667823387059303,-0.4293938368833601,0.04629345602934128,0.11018196864779105
2013-09-11,36.5,-0.08019545999649573,-0.1326522847290356,0.144814398884488,0.21863558519204357
2013-09-12,0.5,-0.17259965297676896,-0.20277721328652148,0.13306019559935217,0.21501590603561466
2013-09-13,50.0,0.31324048321177317,0.08017210700407151,0.24906662704127908,0.3656650759116618
2013-09-14,11.5,0.34955656983170946,0.0945306324775034,0.2689009139100962,0.3994590559953056
2013-09-15,0.0,0.25767065508929926,0.020162454804418556,0.2578979591448011,0.39880604853684354
2013-09-16,0.0,0.18339431080137233,-0.03647419915707185,0.24721633070069907,0.3648942715462684
2013-09-17,0.0,0.12025915190269441,-0.08221779802678995,0.23762998663879234,0.36766982523849207
2013-09-18,0.0,0.05267069831657877,-0.12489047778680111,0.22943636099625425,0.3724608745284563
2013-09-19,0.0,-0.0249601194026249,-0.18392298347486613,0.2219220347217388,0.3780047516178691
2013-09-20,0.0,-0.0796138412470038,-0.22650628881498,0.2145388022017909,0.38435006034483604
2013-09-21,0.0,-0.09762195426475191,-0.2253654582859885,0.20806815057113148,0.39158458212892894
2013-09-22,0.0,-0.14104260839110952,-0.25920466525184566,0.20206977596923723,0.40116820748977494
2013-09-23,0.0,-0.17379391060385932,-0.2822749861521253,0.19633475014666815,0.4119308258981013
2013-09-24,4.5,-0.12649982614544408,-0.24616594749988147,0.20403042858213177,0.4365466006063287
2013-09-25,0.0,-0.1494850198035058,-0.260337734590366,0.199291206954574,0.4497044428897285
2013-09-26,0.0,-0.17264937146437476,-0.2738265173091395,0.19458321797781683,0.46025304728122673
2013-09-27,0.0,-0.193860632724786,-0.284086088430325,0.19114883964628437,0.47687057474633776
2013-09-28,4.0,-0.1706224404690355,-0.26224890406973506,0.19805880220367159,0.5052320759798512
2013-09-29,19.0,0.05894000439855716,-0.14950146845364173,0.22550028547676945,0.5771866006931845
2013-09-30,1.0,-0.0011047690990571588,-0.18895259150459573,0.22592615280827116,0.4575501829077421
2013-10-01,0.0,-0.05917946859889945,-0.2307289063360442,0.22357954254005646,0.4794959661522803
2013-10-02,0.0,-0.10565749872552073,-0.2640507695857181,0.22165255403848377,0.4106052186115944
2013-10-03,0.0,-0.14172352723871678,-0.2840575466686038,0.18014003795479114,0.43186224413600777
2013-10-04,0.0,-0.17251456285151304,-0.3028036143078309,0.17652023957191978,0.45672313267140724
2013-10-05,0.0,-0.2030328364453295,-0.3219736700134245,0.173381773536746,0.4738986055574744
2013-10-06,0.0,-0.2251550391428466,-0.3341643436927599,0.17211805879658487,0.30605271375015064
2013-10-07,0.0,-0.24340606686013783,-0.3436723703110698,0.16905446041645927,0.3166491898127255
2013-10-08,3.0,-0.21860759178434566,-0.3213836115953754,0.17766739769865805,0.3533131805081715
2013-10-09,0.0,-0.24739574083603477,-0.3352803487434934,0.1790792828532416,0.3430339102106627
2013-10-10,0.0,-0.2707724835212473,-0.34845992031721645,0.18069969920249995,0.15303589323593858
2013-10-11,6.5,-0.19825839670640785,-0.29084304943867945,0.19133582047984785,-0.34141708699344686
2013-10-12,0.0,-0.2315002427600214,-0.3127624675491252,0.1935022320829637,-0.3860681162714768
2013-10-13,0.0,-0.2616288501968187,-0.3297416551062613,0.19571959023019245,-0.3592547247767128
2013-10-14,0.0,-0.28522407518859405,-0.3388169960585702,0.19812789183906787,-0.32566045163571633
2013-10-15,3.5,-0.24669881155437606,-0.2995455079591877,0.2108343304091697,-0.343180447350435
2013-10-16,0.0,-0.27568164608361384,-0.31221315829907453,0.21364378480877347,-0.405057337793296
2013-10-17,0.0,-0.30835497661786315,-0.3256347439320588,0.1894665811111338,-0.36615875771228645
2013-10-18,0.0,-0.3335018882352066,-0.33349394064397214,0.19291885262010036,-0.3312916423523565
2013-10-19,0.0,-0.3657365633416356,-0.34742607398860637,0.1968235048111882,-0.295415017459349
2013-10-20,0.0,-0.39037461431293635,-0.3538608087343944,0.18492639430599794,-0.5980368931582662
2013-10-21,0.0,-0.41391516028993774,-0.3615373696401156,0.18866894046749055,-0.8142813346778578
2013-10-22,0.0,-0.42759796305938796,-0.3683435709418257,0.17965782977347813,-0.8307613723908283
2013-10-23,0.0,-0.4371544073656995,-0.3757377420375255,0.1835405115328752,-0.7932191686727441
2013-10-24,0.0,-0.4480599851550495,-0.38335320501765036,0.1877522437736377,-0.7568370153004962
2013-10-25,0.0,-0.46305381870010287,-0.39463517870552406,0.19229913422360181,-0.7216774447442926
2013-10-26,0.0,-0.4910210246127493,-0.4137909277730248,0.13586102866363364,-0.7404547480954528
2013-10-27,0.0,-0.49301217924223956,-0.41797844475706714,0.14046642383401975,-0.7224470246619521
2013-10-28,0.0,-0.4944223990342334,-0.421674574822028,0.142573053379785,-0.7345615344533286
2013-10-29,0.5,-0.5014348521000365,-0.42379320964317074,0.14630314143349618,-0.739707457874669
2013-10-30,0.0,-0.5187883251303735,-0.43313238149537864,0.15169277812849422,-0.7035137620161475
2013-10-31,0.0,-0.5291686357866118,-0.43621057652562767,0.1572785072663492,-0.7073508959998142
2013-11-01,0.0,-0.5412380499880064,-0.44157839736024773,0.16289088840133586,-0.6710252859195783
2013-11-02,7.5,-0.3901532776207533,-0.33121203347987216,0.19007037993771558,-0.6182413026483422
2013-11-03,0.0,-0.427086357676333,-0.3569223367235604,0.19536222655679433,-0.6180197189711062
2013-11-04,0.0,-0.460571002107904,-0.3840994174739057,0.20056021215491543,-0.8392167994718379
2013-11-05,0.0,-0.4792272200611536,-0.401309424968422,0.198142669965377,-0.8023693909006612
2013-11-06,1.0,-0.48055498670559077,-0.40226800524586614,0.1419165068907192,-0.7593812195020192
2013-11-07,0.1,-0.5019798572632145,-0.416068493070595,0.14743332196748926,-0.722340144534954
2013-11-08,0.0,-0.533882768532875,-0.43609714574771513,0.14976588736277552,-0.6999530426737671
2013-11-09,5.5,-0.4464465431249421,-0.36500526402124905,0.17114000882570005,-0.6308344670413178
2013-11-10,0.0,-0.4966130199523398,-0.3969201401791328,0.17629590887943894,-0.5960454629597784
2013-11-11,0.0,-0.5208384667424577,-0.413189808546615,0.18127067198407068,-0.5608789130792445
2013-11-12,0.0,-0.5285737038040548,-0.4190588495076994,0.18595034622702075,-0.525669523796242
2013-11-13,0.0,-0.5371444470234585,-0.4273509366365146,0.19059336154992898,-0.4903684891036758
2013-11-14,1.0,-0.5404187610367636,-0.42720660300698654,0.15579747190428686,-0.4766607219501083
2013-11-15,2.0,-0.5141649778894872,-0.4075686637297043,0.10889160173822386,-0.4279218620514453
2013-11-16,2.0,-0.48989586931137874,-0.3886139339291835,0.1196497266997625,-0.4605322877714802
2013-11-17,1.0,-0.4914798954970929,-0.39135696829267264,0.12749763594944763,-0.45518347207959453
2013-11-18,0.0,-0.5170490446067527,-0.4126357477950566,0.13197736957154588,-0.4174788981072256
2013-11-19,0.0,-0.5380732491751071,-0.42728793313597135,0.13593617659062793,-0.37838331683730003
2013-11-20,0.0,-0.5353908677214085,-0.434549747923223,0.1398106366193324,-0.3384420005874791
2013-11-21,0.0,-0.5694817427710627,-0.4554996011722495,0.14391620555940665,-0.553441379336554
2013-11-22,0.0,-0.5836313109687997,-0.4650491932159348,0.1483293541694709,-0.5163462200041077
2013-11-23,0.0,-0.5886421197696852,-0.469286491095239,-0.01669471070331958,-0.4783491517781449
2013-11-24,14.0,-0.2833662182012903,-0.23104936486936015,-0.0044251899506907045,-0.33303144327636575
2013-11-25,9.5,-0.555374482008541,-0.10778450566803127,0.021133531785765363,-0.22175006652381743
2013-11-26,1.5,-0.6119830526900812,-0.1362793395900531,0.03011870490665644,-0.16958295458555944
2013-11-27,1.7,-0.6343042998337868,-0.1484039216796032,0.03983411272407293,-0.2791582383602146
2013-11-28,0.0,-0.6843336603935637,-0.18215401725779556,0.04416144756165584,-0.23922488943987616
2013-11-29,0.0,-0.719559037060971,-0.21258963996782693,0.04847941854258737,-0.2203477341922788
2013-11-30,0.0,-0.7372164315399816,-0.23119671182414825,0.05297459466388483,-0.1819022825838298
2013-12-01,0.0,-0.7490792183025058,-0.2450200269473292,0.056783493189260806,-0.14214778386055338
2013-12-02,0.0,-0.7542693871318645,-0.25427559388357945,0.061630160855968584,-0.10170810621920437
2013-12-03,0.0,-0.7635879245425418,-0.2620776821392365,0.06696652507202093,-0.06073020684401929
2013-12-04,0.0,-0.7898135454443034,-0.2714555649018626,0.07251249168075095,-0.019335838305193493
2013-12-05,0.0,-0.8074553718407632,-0.2810197269044134,0.07862047534379372,0.025683086118891578
2013-12-06,0.0,-0.8172704771595687,-0.2892987669217034,0.08523163692078187,0.07201525416252011
2013-12-07,0.1,-0.8218665387094904,-0.29202015604170817,0.09268992543110635,0.11835057997287365
2013-12-08,0.0,-0.8296194756195246,-0.296558329674611,0.07929311381221792,0.16420983731412958
2013-12-09,14.0,-0.6529293634853834,-0.025664820033990978,0.11052813767406627,0.2337949823695271
2013-12-10,0.0,-0.725466910823556,-0.06900488836327577,0.11907049601897698,-0.08706259301431347
2013-12-11,2.6,-0.7055754228007879,-0.037246449906752514,0.13652212904626831,-0.023349869191947047
2013-12-12,4.1,-0.6537634202880407,0.024211052231219297,0.15958386370417213,-0.5487500925312867
2013-12-13,0.0,-0.7067708547978254,-0.005553748630749664,0.1718093363747677,-0.6834878843624901
2013-12-14,1.1,-0.7114208207832471,-0.002298630958808668,0.18742908113869167,-0.6358411613573662
2013-12-15,0.0,-0.7339945497267195,-0.021707259245987164,0.16524572433351303,-0.6037754622566555
2013-12-16,0.0,-0.7758102488920438,-0.036874830998844456,0.1801459588027068,-0.5712615297287187
2013-12-17,0.0,-0.801542650817836,-0.04910771029521165,0.18871029617420537,-0.5532290769213813
2013-12-18,0.8,-0.7995592230514503,-0.03822709705546912,0.20659845278062614,-0.5099794540839496
2013-12-19,0.3,-0.808908437032547,-0.038244464979702304,0.223517002889616,-0.4741316823983459
2013-12-20,0.0,-0.8216552156616429,-0.04359656628083046,0.2391365965363689,-0.44326454354247846
2013-12-21,0.0,-0.830159406372817,-0.04996999935892106,0.2564927253591687,-0.4135579964374603
2013-12-22,0.0,-0.85779807239357,-0.05613968280874501,0.27515181146810047,-0.38335986641276365
2013-12-23,0.0,-0.8710361626561993,-0.06211488357555913,0.294655347301713,-0.42982942139994534
2013-12-24,0.0,-0.8916677276276549,-0.06680098195007267,0.31487587601213246,-0.40113897607145826
2013-12-25,0.0,-0.8942501249429814,-0.06755335974977304,0.33210639576894063,-0.37163950947311286
2013-12-26,1.6,-0.8519135653209229,-0.03018421547928214,0.3597764729445754,-0.31601628051119146
2013-12-27,0.0,-0.8589211236789954,-0.0345936605704149,0.38277845831277024,-0.35954075213422615
2013-12-28,0.0,-0.866252019272521,-0.04044549190544299,0.4078121844076286,-0.7050784607393767
2013-12-29,0.1,-0.8694010977591343,-0.04360164521106171,0.2826904859420375,-0.7007767216200618
2013-12-30,0.0,-0.7863558001010672,-0.05426833857650363,0.31096728692137615,-0.6776389202824862
2013-12-31,0.0,-0.8064255626714482,-0.06639528294625476,0.241949636042758,-0.6545753339888043
2014-01-01,0.0,-0.8149498880265748,-0.07674150661326208,0.298598743923856,-0.6130715302062196
2014-01-02,0.0,-0.8277719052028987,-0.08341912530563338,0.32847689094058385,-0.5921095499673176
2014-01-03,0.0,-0.9094155158043732,-0.09010465815283412,0.35045683589378657,-0.5716056063675621
2014-01-04,0.0,-0.9083119157965885,-0.09308235948940714,0.17667028190156292,-0.5533672043810652
2014-01-05,0.0,-0.8931126383691508,-0.10005096125374265,0.18964227998263575,-0.5353792100642704
2014-01-06,0.0,-0.8672759951876221,-0.08864084828252684,0.21999742227933256,-0.5869474930469212
2014-01-07,0.0,-0.9427290865647876,-0.07344903440968269,0.21080740586234495,-0.569850065014778
2014-01-08,0.0,-0.9328276122023088,-0.06710750088675435,0.014224472424170355,-0.5514925631583316
2014-01-09,0.0,-0.9185151398640833,-0.05129768964398199,-0.5174536163722233,-0.6914846240431206
2014-01-10,0.0,-0.911249632444551,-0.028056314875591706,-0.5599113703061526,-0.6747186819077015
2014-01-11,0.0,-0.9248163488585899,-0.02768138304539675,-0.529641149428536,-0.6569380052120785
2014-01-12,0.0,-0.9241216833187225,-0.0259444831905435,-0.49332044318247675,-0.6407612665307769
2014-01-13,0.0,-0.9095795771202391,-0.02179959877529252,-0.5222132599434066,-0.7158989234109888
2014-01-14,0.0,-0.916040010643087,-0.019219671223304414,-0.5820729903070234,-0.7013653551642203
2014-01-15,0.0,-0.923185811019099,-0.01722001989802104,-0.5399826678921997,-0.6871751722638835
2014-01-16,0.0,-0.9248242452731208,-0.010470077255428204,-0.5155195092929055,-0.6762953116242366
2014-01-17,0.0,-0.9173746535547599,-0.0038034084954511925,-0.4775888776578553,-0.6623697419470421
2014-01-18,0.0,-0.9146299950643262,-0.0012976527185910199,-0.777730598375722,-0.648429894448415
2014-01-19,0.0,-0.9199661394023858,-0.000742391029139305,-0.9867031831422051,-0.6339523670482033
2014-01-20,5.3,-0.7575096246837805,0.13834946684146568,-0.9734351069616973,-0.4792489543118186
2014-01-21,0.7,-0.7592533464791765,0.13874997873217831,-0.9296511805037067,-0.4438159025243752
2014-01-22,0.0,-0.783913690468086,0.12435533442747687,-0.8892338786105,-0.4230151951695379
2014-01-23,0.0,-0.7960348594198148,0.11723218608467872,-0.8497698860781221,-0.40127206969754087
2014-01-24,0.0,-0.7910524962832081,0.11467428744886683,-0.8616795939131803,-0.37970276224789756
2014-01-25,3.0,-0.6912151792554037,0.19116654608814757,-0.8235970230571097,-0.2813374866193434
2014-01-26,0.0,-0.7042386723697455,0.18189869442783868,-0.8291474403441678,-0.25963897460817414
2014-01-27,0.0,-0.7104912517907161,0.18159518925526696,-0.8296894010987039,-0.24954912733472234
2014-01-28,0.5,-0.6968184763511642,0.19372965099554332,-0.787636121282291,-0.21422426780599038
2014-01-29,0.0,-0.7031863226088663,0.1897652317680292,-0.7841991770642119,-0.1916947502866782
2014-01-30,3.5,-0.5951499061572134,0.27605122938293014,-0.7274195705877866,-0.07945705410309105
2014-01-31,0.0,-0.6176127945468877,0.2578404727010712,-0.7099475770299278,-0.25140398513870266
2014-02-01,11.0,-1.0206901213240331,0.5279488974024463,-0.650223118223322,0.054482404833782
2014-02-02,0.5,-1.090225405159557,0.4950660762806117,-0.83884396741126,0.09329314324424155
2014-02-03,0.0,-1.1349743870250375,0.4695559667120566,-0.7997471867131013,0.12040880830306756
2014-02-04,0.0,-1.1641309793000596,0.456847568401878,-0.7605540367822974,0.12156450435077651
2014-02-05,0.0,-1.1869754702465571,0.44858263152068006,-0.721617235049028,0.14530648420142442
2014-02-06,0.0,-1.190708109298581,0.44278115186558575,-0.6940820927936378,0.17128898318265845
2014-02-07,0.0,-1.2005099953877076,0.43789271868986007,-0.6554486320448331,0.05615081110314976
2014-02-08,4.3,-1.1243121043478714,0.5447326049847104,-0.592662033963493,0.19181201630526662
2014-02-09,0.2,-1.1601323225147129,0.52686780334416,-0.5529087853361255,0.22329231424237536
2014-02-10,0.2,-1.1936806107939761,0.5166627678225649,-0.5136010099860141,0.2534843320993113
2014-02-11,0.0,-1.238164565167079,0.5012919824671541,-0.47429506173999203,0.27886635384423886
2014-02-12,0.0,-1.1674142343986456,0.4649640909188853,-0.4591264571522519,0.2798492038054816
2014-02-13,0.0,-1.0861704803425196,0.4245775012484457,-0.4175513240979632,0.25458205299052683
2014-02-14,0.0,-1.1068345422553085,0.4136848988731324,-0.45064870586483197,0.22601179711297179
2014-02-15,0.0,-1.1171067410117197,0.41202514293665454,-0.4450113685441615,0.2220466969795243
2014-02-16,0.0,-1.1333231357110507,0.40628235448520333,-0.40537044495252395,0.24284436556270272
2014-02-17,0.0,-1.1420158966169398,0.40088470457830455,-0.3637316778784553,0.2639968159756538
2014-02-18,0.0,-1.132146433555099,0.4063676879500184,-0.32222871729760977,0.283322026076528
2014-02-19,0.0,-1.125585982744622,0.4002864807554962,-0.5061672940290135,0.30026418193443766
2014-02-20,0.0,-1.11918502005238,0.3934466129375281,-0.468323601081518,0.3144661707901537
2014-02-21,0.0,-1.0850460705923242,0.37770381210593756,-0.4303380816967827,0.3266620535234728
2014-02-22,0.0,-1.0694357308366678,0.3722207257266199,-0.3926824076019886,-0.04891152047432076
2014-02-23,0.0,-1.074391038760464,0.3644651936044758,-0.3534610351765519,-0.33221803018668006
2014-02-24,0.0,-1.0765603574682057,0.3674834785147554,-0.3149581321726763,-0.3721661124848754
2014-02-25,0.0,-1.1022868326210913,0.36826718335776853,-0.43396295801736184,-0.42152181440759245
2014-02-26,0.0,-1.104795358735588,0.36875441933485936,-0.39806855306089134,-0.41694248965435804
2014-02-27,0.0,-1.103792997306559,0.3575622338943932,-0.3825713398327266,-0.4135170388257322
2014-02-28,0.0,-1.0859844096471665,0.3562913577885663,-0.3478278459333164,-0.4100049581735249
2014-03-01,0.0,-1.0774852157672516,0.3513811203253597,-0.3132765832268817,-0.40537859223518136
2014-03-02,0.0,-1.0709358649722465,0.3582938420434179,-0.27814455291335377,-0.40283131176667375
2014-03-03,0.0,-1.057460600287891,0.35523906083142004,-0.24288290269410867,-0.40163946429554215
2014-03-04,0.0,-1.0470284674915635,0.3570986416063433,-0.20724424494437604,-0.40177759199758023
2014-03-05,0.0,-1.0071452309704079,0.3496577340471013,-0.1688738832952723,-0.4047136078646067
2014-03-06,0.0,-1.431936666256852,0.31088127766424967,-0.13025756015233203,-0.40872716150966115
2014-03-07,0.0,-1.355063163867053,0.3138791731825076,-0.09249427156801024,-0.41562844763570017
2014-03-08,0.0,-1.290660732141888,0.3138070765927233,-0.05457486153578416,-0.4210766509910839
2014-03-09,2.2,-1.2200054635295021,0.3672247001619286,-0.10481596021989979,-0.8395706475978797
2014-03-10,0.0,-1.201319408220452,0.36138869167727683,-0.4419824834484742,-0.8482978561047568
2014-03-11,0.0,-1.168858888570122,0.36014228753986427,-0.421812084940232,-0.963043605011533
2014-03-12,0.2,-1.1543106854594947,0.36275200140416924,-1.0069344616634617,-1.139413776788035
2014-03-13,0.0,-1.1677811562911153,0.3605470033915724,-1.1527010799778132,-1.1553258873648673
2014-03-14,0.0,-1.133844221060313,0.36712926054068823,-1.1390576741198175,-1.2213953686669359
2014-03-15,0.0,-1.1283989108606405,0.3768386144381639,-1.1268395452338302,-1.2383266975565188
2014-03-16,0.0,-1.1250568017494393,0.38493281101877824,-1.114710080553173,-1.2611641001692582
2014-03-17,0.5,-1.0778587305970808,0.41955699115620704,-1.0952299389889557,-1.26122841520649
2014-03-18,0.4,-1.0282365535894544,0.4393411443388505,-1.0782266991449938,-1.3023792853066052
2014-03-19,0.0,-1.0649808102097325,0.4553817110796166,-1.0665479050827662,-1.341912673503375
2014-03-20,0.4,-1.0270742281941005,0.47344546536664445,-1.0495453315938474,-1.3518819220623606
2014-03-21,0.0,-1.011211335022034,0.48718743537854053,-1.041010728844169,-1.3786523623000178
2014-03-22,0.0,-1.0210349752388816,0.4797869307283191,-1.0346370754790313,-1.404536998408984
2014-03-23,0.0,-0.9897453079579858,0.47373391891485167,-1.1046978254608706,-1.429370310221959
2014-03-24,0.0,-0.9657395661848615,0.46223443257139557,-1.0989388743076505,-1.4539092511320826
2014-03-25,0.0,-1.025216678319956,0.4638741691602925,-1.0928979284570446,-1.4794133459403755
2014-03-26,0.0,-0.9855214751449042,0.4583457845282429,-1.0877149979993834,-1.581347702479093
2014-03-27,0.0,-0.9516663269902771,0.46064221637593705,-1.1542134737602683,-1.6129486385500276
2014-03-28,0.0,-0.9234921427283186,0.45849001558426716,-1.5106951484235531,-1.6380687727639165
2014-03-29,3.5,-0.7883238658835258,0.5279043084868893,-1.4621813326771655,-1.5012338712078455
2014-03-30,0.0,-0.8283878902675619,0.5201642460311977,-1.4625583511589093,-1.5223144870617253
2014-03-31,0.0,-0.822529352884708,0.5136017454722843,-1.4646740915296368,-1.5451201897953908
2014-04-01,0.0,-0.847075154378058,0.5069608178901324,-1.465034068194279,-1.5727397998789305
2014-04-02,0.0,-0.8008643696014867,0.47816702471673583,-1.4659613320066833,-1.5982791222324144
2014-04-03,0.5,-0.7679804343664375,0.47355379409810205,-1.4569783273352843,-1.5988501541093496
2014-04-04,0.0,-0.8216256195895452,0.46057317530002234,-1.4597357749862032,-1.6233121338956151
2014-04-05,0.0,-0.8366791902320753,0.44731621627913665,-1.466614740799367,-1.6485378312528876
2014-04-06,0.0,-0.81652076220738,0.44036479561831954,-1.5360711390665842,-1.675359175793736
2014-04-07,0.0,-0.8718012268317067,0.42780795962308305,-1.5444675875644271,-1.706785119191034
2014-04-08,0.0,-0.8982859328558906,0.41943620166658757,-1.5522159974679441,-1.7366902145702874
2014-04-09,0.0,-0.8870760056233726,0.4157784208939238,-1.696063858781915,-1.761176563609021
2014-04-10,0.0,-0.8864034575222789,0.406007869314009,-1.7009113309345136,-1.7849600268426293
2014-04-11,0.0,-0.9265763277423021,0.39857494736032556,-1.7064319486703663,-1.8007562680689997
2014-04-12,0.0,-0.8530743887550967,0.37465697444111307,-1.7144640160736564,-1.820314905310859
2014-04-13,0.0,-0.8625145352742866,0.37534098045823056,-1.8016453529202878,-1.8424291380506195
2014-04-14,0.0,-0.8622432438123028,0.3739541175471713,-1.8152207006569696,-1.8668615331086444
2014-04-15,0.0,-0.8769348682389185,0.38549901284214066,-1.8309644721012237,-1.8929578675384948
2014-04-16,0.0,-0.8911081600985179,0.38646667151590147,-1.8470673610810995,-1.920261173575455
2014-04-17,3.0,-0.7859795281708376,0.4315084801725876,-1.797275121867254,-1.824705934843111
2014-04-18,0.0,-0.8160006048601799,0.40305175180220953,-1.8167988737977856,-1.8519516301953585
2014-04-19,0.0,-0.8321542828811495,0.4006103145819278,-1.8364058380282133,-1.8805093201911085
2014-04-20,0.0,-0.8474205791707096,0.4105465053242901,-1.8559001806605828,-2.12690157471637
2014-04-21,0.0,-0.924166234438249,0.42307877650894204,-1.8748479240595217,-2.1843083321292056
2014-04-22,0.0,-0.9924109989750197,0.6498294517590796,-1.8884283022927586,-2.2049210564984683
2014-04-23,0.0,-0.9900723109436613,0.6405009729101058,-1.9010411102329554,-2.226236341417731
2014-04-24,0.0,-0.9229387772421475,0.6031602484169284,-1.91584922126069,-2.251028723183183
2014-04-25,0.0,-0.967924701758211,0.5878739657995211,-1.930301333912565,-2.407748492789528
2014-04-26,0.0,-1.0245472466930248,0.5817047882607769,-1.9475755418937681,-2.4347874415961903
2014-04-27,8.5,-0.782468914869111,0.8040238767513215,-1.793180347308272,-2.1084283011362235
2014-04-28,13.5,-0.3883156258506407,1.1286398334118757,-1.5381757638115117,-1.6956931001905544
2014-04-29,5.5,-0.33002796865821665,1.2092544280936293,-1.4500120851381577,-1.56567299886677
2014-04-30,0.0,-0.4322673954569086,1.0748276972996087,-1.4679787268323266,-1.6995349083328481
2014-05-01,0.0,-0.5050745915297911,0.9996880456915788,-1.6275990366711908,-1.728840866255986
2014-05-02,1.0,-0.5043295792903185,0.986134702934694,-1.6214465800128588,-2.0721174539181395
2014-05-03,0.0,-0.5576378730929529,0.9223501815264493,-1.6360742726167583,-2.117626701508228
2014-05-04,0.2,-0.6219825812326634,0.8898797221693682,-1.6470353402450508,-2.140817090420167
2014-05-05,0.0,-0.7261596360516096,0.8402625386620571,-1.6823927421539917,-2.171168972912552
2014-05-06,0.0,-0.7599935543972592,0.7614578036730381,-1.6993329916691977,-2.2014576042871985
2014-05-07,2.0,-0.7020408457591812,0.7332340139464197,-1.675797704626467,-2.1683502819266645
2014-05-08,4.0,-0.6675323339725717,0.8002703629792853,-1.7167423447287962,-2.0730056283385334
2014-05-09,0.0,-0.7931848231202737,0.7822531026798623,-1.730124111970857,-2.2392225488844293
2014-05-10,0.0,-0.9008079002270473,0.7628488190135626,-1.7446985364687404,-2.277464662029842
2014-05-11,23.0,-0.13379865241182892,1.39295664946256,-1.3486424874214753,-1.6713157349258043
2014-05-12,10.0,0.022595838858018642,1.4655430870506485,-1.1991968609975379,-1.4727037406995864
2014-05-13,0.0,-0.13214225725325843,1.194046396154127,-1.2305107862095093,-1.5038345820561672
2014-05-14,0.0,-0.25414648557315267,1.0608898929760489,-1.2772389752114237,-1.5339962755469807
2014-05-15,0.3,-0.35435991766832364,1.002287178450972,-1.3162748285573906,-1.5537782613118412
2014-05-16,0.0,-0.3967678797189462,0.9409765507814285,-1.3419590066931693,-1.5790446122530992
2014-05-17,0.0,-0.4265010492391959,0.85949690431043,-1.352252605071013,-1.5995543240146985
2014-05-18,0.0,-0.5114997106609369,0.8556850877966495,-1.3638095803664871,-1.6224915518830316
2014-05-19,0.0,-0.5467083964868674,0.8349759314359277,-1.3747160325542271,-1.6458035345694058
2014-05-20,0.0,-0.5861468538419243,0.8369385399503025,-1.3863344186140267,-1.67136538291902
2014-05-21,0.0,-0.6070852131470094,0.8453159724327753,-1.3994165193601176,-1.698247407457422
2014-05-22,0.0,-0.6335951423444,0.859309870380386,-1.4109719245822028,-1.7215641260223373
2014-05-23,0.0,-0.6727769743027098,0.8551228711827586,-1.6535233822297448,-1.7420852593230256
2014-05-24,0.0,-0.7152214123392312,0.8210252455668651,-1.8300267457245496,-1.7616021118401926
2014-05-25,21.0,-0.05552359674349946,1.468590824653329,-1.5152419541077045,-1.363426623040457
2014-05-26,1.5,-0.15325156687608424,1.4422783521421776,-1.5321819504854932,-1.3553700795590045
2014-05-27,0.0,-0.2494960795831427,1.3975548131417297,-1.5452749968394002,-1.3712337360849534
2014-05-28,0.0,-0.2896070275751312,1.3533867816563072,-1.5566104016810687,-1.3842492396091597
2014-05-29,0.0,-0.31587776534298456,1.314232095913079,-1.5657523317717854,-1.3957364790885858
2014-05-30,0.0,-0.3316428079323709,1.287910687862581,-1.5745362831985972,-1.4072665920521006
2014-05-31,0.0,-0.3701169899499622,1.2718295361127188,-1.5846781701592627,-1.419343682108514
2014-06-01,0.0,-0.4087382286960732,1.225142905450553,-1.595931523325115,-1.4334271181202756
2014-06-02,2.0,-0.34625100674770204,1.1817292942647872,-1.5793252463771918,-1.4145064943868515
2014-06-03,33.0,0.6055952671074638,2.0470484087143794,-1.1163441470895488,-0.9050249696590992
2014-06-04,0.0,0.4429064826690864,1.9556070555904765,-1.1304699091050692,-0.9207151792516605
2014-06-05,0.0,0.3600904600739809,1.9249150019656491,-1.144275755392052,-0.9350883219022367
2014-06-06,0.0,0.29859878590513095,1.8859049478127188,-1.156659701005918,-0.9495206927985342
2014-06-07,0.0,0.22345461258476965,1.754538466115566,-1.3614741392046186,-0.9955786834828461
2014-06-08,0.0,0.1710329556469769,1.725400234949879,-1.3766313495453817,-1.0117425981657922
2014-06-09,0.0,0.11688533086576948,1.7467882255155973,-1.4274953493507334,-1.0280644207432594
2014-06-10,5.5,0.2385687121641698,1.8347163486118898,-1.4211291115290288,-0.9687333107521455
2014-06-11,19.0,0.7957886440973477,2.297310024014124,-1.1822076694449501,-0.7316009894596964
2014-06-12,0.1,0.6202865334653621,2.159156285323381,-1.2116954299605234,-0.7486913533164025
2014-06-13,0.0,0.4870812732811789,2.006813145139239,-1.2286541308575147,-0.7679643969660771
2014-06-14,0.0,0.3894453568126794,1.8290549723967389,-1.2467670647906854,-0.7883997814777197
2014-06-15,0.0,0.3468778348778539,1.834844595996459,-1.2668255532906465,-0.8177065112429062
2014-06-16,0.0,0.2907193208528473,1.8279130092074358,-1.297834406251206,-0.8474420986251694
2014-06-17,3.5,0.35016730602577956,1.8689285822579744,-1.2806910595555672,-0.8334527833347587
2014-06-18,0.1,0.23377968315162498,1.6900225648728295,-1.3021832525303418,-0.8669221805990992
2014-06-19,0.0,0.1163820904329965,1.490502883617053,-1.324994999868952,-0.8969399706035411
2014-06-20,1.5,0.06399491808248295,1.268651278570362,-1.331334644087316,-0.9098644021607273
2014-06-21,8.5,0.17708728408337734,1.2843172474895808,-1.2586734069505532,-0.8412236226925406
2014-06-22,0.4,0.10015146138985652,1.2564175069474433,-1.280007254707753,-0.8689844415724298
2014-06-23,24.5,0.5972696402199169,1.7423573020127212,-1.0463294254893165,-0.6366730374292294
2014-06-24,0.0,0.3398820487636314,1.3608815825843383,-1.0912521885675202,-0.6723130529720284
2014-06-25,0.0,0.18141469897167753,1.0856588177131843,-1.121659333898033,-0.7089106676059463
2014-06-26,0.0,0.09701630886575414,0.972333212686344,-1.1520883691377706,-0.7461838691180988
2014-06-27,0.0,0.003141064073470271,0.9147932909307648,-1.1820978200955214,-0.8187352638638934
2014-06-28,0.0,-0.09106652682898031,0.8710748355132855,-1.2114836839706822,-0.8557228394540521
2014-06-29,0.0,-0.16811422034826679,0.6810936770752026,-1.2418128976007436,-0.8932567273368808
2014-06-30,0.0,-0.27331496243914644,0.5409355633868841,-1.2740834009269892,-0.9320551315948045
2014-07-01,0.0,-0.3975326239141308,0.43040934261608144,-1.3068209482462705,-0.9715179683218188
2014-07-02,20.5,-0.1429624605670788,0.636686474801055,-1.16004721600385,-0.8253560295033459
2014-07-03,2.0,-0.24168258772584014,0.5480235476273938,-1.1792139531208705,-0.8496181017554373
2014-07-04,0.0,-0.34503076089471235,0.487210571562874,-1.2152968212467385,-0.8904049259407373
2014-07-05,0.0,-0.41957652848691407,0.44787264352576023,-1.2536289353414056,-0.9323147716004097
2014-07-06,0.0,-0.4894130288268415,0.38980797281316987,-1.293558950654277,-0.9753812215980909
2014-07-07,0.0,-0.5429699145072231,0.29603814876800344,-1.3349091858530744,-1.0194377439034765
2014-07-08,0.2,-0.614894448950426,0.2080525882494418,-1.3779465543596336,-1.0649641287068548
2014-07-09,0.5,-0.6509400609122513,0.11030267047011028,-1.418802427161788,-1.1074854526523183
2014-07-10,0.0,-0.7847919453356846,0.006062457307154085,-1.466833551979943,-1.157222867191915
2014-07-11,0.0,-0.9179619183014833,-0.1110886742923107,-1.5146032331519894,-1.205475635152375
2014-07-12,0.0,-0.8814304322002313,-0.19276108613078297,-1.559321389887804,-1.2508317126731963
2014-07-13,0.0,-0.9006337811511228,-0.2678003746627678,-1.6056546825355602,-1.2974036111677933
2014-07-14,0.0,-0.9865630299522781,-0.35441751634440766,-1.6549305224980688,-1.3464162982765333
2014-07-15,0.0,-1.1145759466852379,-0.45394733527812636,-1.705229707028477,-1.395042087920313
2014-07-16,0.0,-1.1025593176436952,-0.4794265407748869,-1.7550021566008132,-1.4670116981870036
2014-07-17,0.2,-1.1471011903833972,-0.5224545010473622,-1.8020137154299278,-1.5100214673360477
2014-07-18,1.5,-1.1385158170423049,-0.5398945636243486,-1.8361744117939627,-1.5389506878089074
2014-07-19,0.0,-1.2536098253588681,-0.6099921418738052,-1.9228345959786401,-1.5797421014817488
2014-07-20,0.0,-1.3689793278478768,-0.6737665676544909,-1.9735241648732154,-1.621626656622652
2014-07-21,0.0,-1.4515363037425777,-0.7382538980825979,-2.0209650781029764,-1.6657907387817383
2014-07-22,16.5,-1.2506683723382017,-0.5810840544268248,-1.943484928445978,-1.5754118533866495
2014-07-23,55.0,-0.5757716861383684,-0.017086132807715045,-1.6078763578366817,-1.2154028772767274
2014-07-24,48.0,-0.08815782530819521,0.38486817248285915,-1.37522936913491,-0.949464766899683
2014-07-25,59.5,0.4507597429944344,0.8219270837987552,-1.0861060656151043,-0.6484887761368787
2014-07-26,2.5,0.20067703847621837,0.5757742372868828,-1.119611147461561,-0.7226161187557646
2014-07-27,0.0,0.019674551672051583,0.31114138696597204,-1.1688568848562042,-0.8380559655813297
2014-07-28,0.0,-0.07207329408176576,0.21769838592775467,-1.2150162191644198,-0.908405702672772
2014-07-29,0.0,-0.16625237989682412,0.14902821147372022,-1.2797846930270151,-0.9472282081582077
2014-07-30,0.0,-0.2360883545079839,0.10761017338761678,-1.325402163869247,-0.9847020479991331
2014-07-31,1.5,-0.2782692217642904,0.07051879322119019,-1.4206945457343483,-1.01604051327262
2014-08-01,0.0,-0.3563984191821915,0.020877125252439507,-1.4652278119081186,-1.0484220832662448
2014-08-02,0.0,-0.4022830383622415,-0.03702905341220307,-1.5077083944140277,-1.081466128014931
2014-08-03,13.0,-0.32635144867444704,0.027396210736889463,-1.479843415945525,-1.040337504102492
2014-08-04,6.5,-0.33170350115784875,0.019374256344731028,-1.4872327578361684,-1.0354480233957295
2014-08-05,0.0,-0.4357274289643443,-0.04497404283240472,-1.5303367446407568,-1.0779319107412266
2014-08-06,10.5,-0.3602505595066422,-0.010962350638607433,-1.516896200885404,-1.07307691861386
2014-08-07,0.2,-0.4048626301645742,-0.06499394666113184,-1.5832506163426885,-1.1029005798994513
2014-08-08,0.0,-0.3873395162462146,-0.10852963103799573,-1.6253409348463481,-1.131013624707206
2014-08-09,0.0,-0.5014837572798776,-0.16336269798479652,-1.6649219702452402,-1.286180631036236
2014-08-10,42.5,-0.08935140943460095,0.13487476978546306,-1.4753323473067148,-1.1287592307622538
2014-08-11,0.0,-0.19584516548778882,0.06136085053880624,-1.5106812371836535,-1.1513044297884507
2014-08-12,0.0,-0.2745270732360528,0.0031172017908469196,-1.54476234015336,-1.1736197030698803
2014-08-13,0.0,-0.3610873784340288,-0.04520831254136347,-1.579121432281418,-1.198456437511781
2014-08-14,0.5,-0.4024212488875782,-0.08140251002274286,-1.6111415840084113,-1.2188031816896854
2014-08-15,0.0,-0.4480859358726808,-0.11524023932801626,-1.645075020857497,-1.2417766870447378
2014-08-16,0.0,-0.4853659795468519,-0.14534364857046694,-1.678988823661828,-1.2647527118576485
2014-08-17,3.0,-0.5150371732124027,-0.15276641581020856,-1.6974216896555832,-1.271690289772407
2014-08-18,11.5,-0.4457238579261775,-0.0908918292087105,-1.6722007862498294,-1.2337487136935938
2014-08-19,4.5,-0.45271525281610225,-0.0971708323860516,-1.6827174766556163,-1.2322582316510293
2014-08-20,0.5,-0.5074393006085183,-0.139342210254703,-1.7122247586866475,-1.2501319147458774
2014-08-21,46.5,0.0036047066480765794,0.2401186653653012,-1.5141650911615867,-1.0405247199659327
2014-08-22,15.0,0.048038044000189135,0.277680398864561,-1.4739672830348791,-0.9910411148331066
2014-08-23,0.5,-0.06060629543801358,0.187790683805426,-1.502382916818747,-1.1084111642704235
2014-08-24,0.1,-0.12646440941976966,0.11997012721234608,-1.5319900355770169,-1.134088615174694
2014-08-25,0.0,-0.2152804155208936,0.06536717405040789,-1.5622557548693323,-1.1530745946592504
2014-08-26,11.5,-0.14510225527796783,0.1174311893083757,-1.5364750378820864,-1.1169350823792095
2014-08-27,0.0,-0.2297511849948042,0.049082302157085506,-1.56360638828967,-1.1361343172307747
2014-08-28,0.0,-0.3243707901982526,-0.004748988735132295,-1.5908683265928674,-1.1553572895779571
2014-08-29,6.5,-0.3113164652125116,0.0031757190569562297,-1.5866096398989789,-1.1433385936019704
2014-08-30,0.0,-0.38370374141930846,-0.04938511381223751,-1.6119180003801377,-1.1616304957446832
2014-08-31,0.0,-0.4658650383521839,-0.1019091240180294,-1.637073646796515,-1.1891274963979586
2014-09-01,1.5,-0.514478591578393,-0.12768080248905914,-1.6543558992218206,-1.3587828584248032
2014-09-02,6.0,-0.4410361604066586,-0.094906548472813,-1.650657181259761,-1.347689018804696
2014-09-03,57.5,0.2530781659723235,0.4563503970583934,-1.4127997292917995,-1.093898899395521
2014-09-04,0.0,0.0982160240835359,0.34657865352171724,-1.4355197743963553,-1.110449946732309
2014-09-05,0.0,0.024299692267437067,0.2670989237236121,-1.4665801748826572,-1.125442180854399
2014-09-06,0.0,-0.02011782424717861,0.24477479273941657,-1.485607271643443,-1.1385505563229588
2014-09-07,0.0,-0.07406464998538494,0.21354080230235747,-1.5039608289128166,-1.1515339995876244
2014-09-08,0.0,-0.10937232089981867,0.19097571122351417,-1.522373886237324,-1.1892434178280393
2014-09-09,0.0,-0.13578512453093983,0.1514256547334908,-1.5403058562711789,-1.2890377323866424
2014-09-10,0.0,-0.15785214889108415,0.11939355449323139,-1.556496092578355,-1.2992333536582203
2014-09-11,0.0,-0.1627962021649595,0.08090543488987421,-1.57087847828491,-1.3077522316234749
2014-09-12,0.1,-0.20276643261303384,0.06709254111315918,-1.583720972712612,-1.3139332586135974
2014-09-13,0.0,-0.2310005417259018,0.059749880657821726,-1.597264543064659,-1.317309625695788
2014-09-14,0.0,-0.24354040287065645,0.06306699787421682,-1.607898925135673,-1.3156763766851507
2014-09-15,0.0,-0.26426541185575353,0.05845063526718252,-1.6164718850396207,-1.3276560826837904
2014-09-16,0.0,-0.28321252613375386,0.05152418203381809,-1.6267542753455735,-1.3217871966486372
2014-09-17,0.0,-0.2982143118188322,0.04676158965653086,-1.6340651574515206,-1.3130845018235981
2014-09-18,0.0,-0.3096374864053958,0.032163768785511915,-1.6391927114635008,-1.3083554035973601
2014-09-19,0.0,-0.35871595260216593,0.002410918561220056,-1.6429654432993246,-1.3336453507819286
2014-09-20,0.0,-0.37779629338018,-0.016858913222053108,-1.6466065222415742,-1.320292226376881
2014-09-21,0.0,-0.320278979776395,-0.02362291357800395,-1.650292398313812,-1.4206340257499406
2014-09-22,0.0,-0.3688126872054798,-0.03268714279999746,-1.6536998293812784,-1.4011839660138083
2014-09-23,0.0,-0.39239661017182814,-0.03627108849416405,-1.6566634539606426,-1.3793635008692195
2014-09-24,6.5,-0.3008636858953759,0.04343995083707912,-1.6313432707112274,-1.3263302193678288
2014-09-25,0.0,-0.31240858594917303,0.046784608708827856,-1.6492864698919631,-1.302399474777052
2014-09-26,0.0,-0.32001236098359676,0.05152164100020927,-1.6512903553992164,-1.2756483008617536
2014-09-27,0.0,-0.32168279485907025,0.05487961626172135,-1.6539305647958986,-1.2482812068015836
2014-09-28,0.5,-0.3302023416919583,0.059985742216518874,-1.6539998142179526,-1.216877824530652
2014-09-29,16.0,-0.0997246923534272,0.233755900155125,-1.5863304487290744,-1.1127802104662785
2014-09-30,0.0,-0.13917001885053115,0.20180728052193264,-1.5890769564982765,-1.1714119397364016
2014-10-01,0.0,-0.17038840470612382,0.18208200144408082,-1.589216083878441,-1.1466901391291153
2014-10-02,9.0,-0.059945224250945166,0.2694375240274218,-1.5508437467805247,-1.072274492766396
2014-10-03,0.0,-0.09270602992320344,0.25175029759539674,-1.5500244057211623,-1.0385402114701994
2014-10-04,0.0,-0.11076168564185461,0.2470257170598887,-1.5496486701087635,-1.0048487636630576
2014-10-05,0.0,-0.12555079380587775,0.24563282251206664,-1.5489455067500404,-0.970921582267427
2014-10-06,0.0,-0.13003943797395082,0.25146545844429324,-1.5474724610426487,-0.9356452827015295
2014-10-07,0.0,-0.13146117108012312,0.25485284269296093,-1.5457727393871228,-0.9011384906767468
2014-10-08,0.0,-0.13443338964518642,0.25913762308554394,-1.5437053800081741,-0.8612983117969262
2014-10-09,0.0,-0.13790214126444023,0.26326550052860737,-1.541882433644762,-0.8217308945065814
2014-10-10,0.0,-0.14127656028390995,0.26250121447955865,-1.5395671425187365,-0.7800767189270166
2014-10-11,0.0,-0.15060358520089565,0.26368679058804306,-1.5372509979178255,-0.7375672674850571
2014-10-12,0.0,-0.15036303862990807,0.2644017118823387,-1.535441952380389,-0.6946664800682126
2014-10-13,0.0,-0.1521045259684609,0.271405880590661,-1.5331944333980698,-0.6523078318267892
2014-10-14,0.0,-0.15173981643372864,0.2759104936602501,-1.5434645810242411,-0.6107958022948383
2014-10-15,0.0,-0.14732133099601527,0.2868512382198958,-1.541281869782681,-0.5718111806817429
2014-10-16,2.5,-0.0981095048346897,0.33477576795418085,-1.5286691068159015,-0.5283109313308135
2014-10-17,0.0,-0.10662706845145327,0.34273649485052876,-1.5259669368625126,-0.4886261701227073
2014-10-18,0.0,-0.10889919241771265,0.3506070280656416,-1.5227233647958927,-0.4493062833793146
2014-10-19,0.0,-0.11334502129503812,0.3608831373677851,-1.5188863312086751,-0.4111045814048658
2014-10-20,21.5,0.314378175925313,0.6847669995460482,-1.4252174300397928,-0.3535296351367491
2014-10-21,18.5,0.6240735455932648,0.9255029060252099,-1.3455002780664354,-0.46145203427372883
2014-10-22,0.0,0.5540565242860771,0.880346806398639,-1.34122205590301,-0.6292301626526378
2014-10-23,0.0,0.5097799675083,0.8535909559141113,-1.3366446415590598,-0.8746780163201382
2014-10-24,0.0,0.48397543565193557,0.8393205437342646,-1.3663041838722005,-0.8510520058008765
2014-10-25,0.0,0.4669316220806955,0.8352332213827333,-1.415832330170413,-0.8150480831160278
2014-10-26,0.5,0.4700996792170931,0.8492887060324785,-1.4306061931234018,-0.7768724592140321
2014-10-27,0.0,0.4440703705685888,0.8313553885139372,-1.4248912864676386,-0.7412614465305485
2014-10-28,0.0,0.42477508406914954,0.8227360752052089,-1.4181802641843542,-0.7047252840191283
2014-10-29,0.0,0.41722652954999584,0.8261372071370329,-1.4156549466177017,-0.6756947334009511
2014-10-30,0.0,0.41375178516649985,0.8331925120955439,-1.409568085157658,-0.6394530479281222
2014-10-31,0.2,0.41409412657663053,0.8385674689771021,-1.403128534293441,-0.6022627426593485
2014-11-01,0.0,0.4097082778505385,0.8434188757490528,-1.3968692544745962,-0.6331576317295211
2014-11-02,2.5,0.45252859364161785,0.8807997245249864,-1.380870432215795,-0.6177072357837841
2014-11-03,0.0,0.4399337274663479,0.8823376725978911,-1.38379333392722,-0.579781609644087
2014-11-04,0.0,0.41377698099237925,0.8778476576863272,-1.3944321399082193,-0.5986459794974082
2014-11-05,0.0,0.3844938170569381,0.8622713054556425,-1.3887059127189962,-0.5626273644072686
2014-11-06,0.5,0.35534801337495614,0.8429692053044735,-1.3806082398169761,-0.5226243010177425
2014-11-07,0.0,0.32050332601280135,0.8164741451286353,-1.4707247855372587,-0.4856249406692951
2014-11-08,0.0,0.2971465811741098,0.807139321490943,-1.507253549648772,-0.6980984000333366
2014-11-09,0.0,0.28522264120927554,0.8102569161492207,-1.5012202502691485,-0.6628439561675682
2014-11-10,0.0,0.2728362842675851,0.8156812580660573,-1.495616007237808,-0.6281604427692694
2014-11-11,2.0,0.3093412552797014,0.847828716431231,-1.4822239513499538,-0.5806597933623142
2014-11-12,5.0,0.40343233627854214,0.9164134758535698,-1.45456974772434,-0.5176472913383167
2014-11-13,0.0,0.37056299048447766,0.8934924192329028,-1.4485431784706968,-0.4823000647154115
2014-11-14,0.0,0.36285237992905506,0.9003704575091709,-1.442169005675657,-0.4465269452316905
2014-11-15,0.0,0.3569430779916787,0.9076979291010583,-1.435700188053682,-0.4291878479955005
2014-11-16,1.0,0.37269778389705754,0.92536041045063,-1.4252705462615418,-0.45856301146891587
2014-11-17,1.5,0.39666972858390703,0.9545856670660874,-1.4128411085255488,-0.43982898168608175
2014-11-18,0.0,0.36998341776228244,0.9383303744886652,-1.407085077313071,-0.4053872679262321
2014-11-19,0.0,0.34773840379802795,0.9191421123930658,-1.4020694379828444,-0.7041730153992329
2014-11-20,0.0,0.32204550994693465,0.9004203676817251,-1.3974438671045468,-0.7883555717866086
2014-11-21,0.0,0.3258187656530138,0.9198759766393476,-1.4818159815325422,-0.7565346543006701
2014-11-22,4.0,0.4118019582010806,0.9911429973545077,-1.466027695944899,-0.6876135566353185
2014-11-23,0.0,0.40012242328271774,0.9851076188345927,-1.4605818500620695,-0.6506945266217337
2014-11-24,0.0,0.40351227757049263,0.9965586059237369,-1.4556878342472632,-0.7134511748083647
2014-11-25,0.0,0.39317861868056597,0.9884320252277137,-1.4516105051553754,-0.6747033056053192
2014-11-26,0.0,0.38611594422857254,0.9934172090463559,-1.4474320131447138,-0.63672820773613
2014-11-27,0.0,0.3806044792477023,0.9975496781952621,-1.4433076558929026,-0.6594719011031261
2014-11-28,18.0,0.8186257913161327,1.3366746929888103,-1.3636126535190387,-0.45965167544098984
2014-11-29,0.0,0.7494328347452419,1.2819103730290393,-1.3683215664463861,-0.42282733055647925
2014-11-30,7.0,0.8890904096212301,1.3907082120251788,-1.4749917297649788,-0.3379587400599724
2014-12-01,0.5,0.8628646749370619,1.3693690150987738,-1.4691053993916192,-0.3490879174884651
2014-12-02,0.0,0.8219190540974289,1.336918859464772,-1.4644727816649805,-0.9109766345453361
2014-12-03,0.9,0.8265742531798816,1.3465442657750042,-1.4556505939887305,-0.8706580184025594
2014-12-04,0.0,0.8320719108689961,1.3576042215973816,-1.45020077675047,-0.8411980817850947
2014-12-05,0.0,0.8293889271308121,1.3664619001338765,-1.4445894544453979,-0.8077913217267306
2014-12-06,0.0,0.8214513200718466,1.3709936995047312,-1.438950274335529,-0.7747120287864369
2014-12-07,0.0,0.8229902717476428,1.3818763968961818,-1.4572825288888676,-0.7432537305622174
2014-12-08,0.0,0.8271700465979092,1.395569459658421,-1.5346646822208723,-0.7115729495904037
2014-12-09,0.0,0.840093063065403,1.416824871903309,-1.5279578030954828,-0.6806038683742441
2014-12-10,2.0,0.8968141537117705,1.4684995732934973,-1.5114674170836082,-0.6234226307160723
2014-12-11,0.5,0.9091864441351796,1.4839021527947927,-1.5009719799171197,-0.5866967175450324
2014-12-12,0.1,0.9170310893536304,1.4981270353457006,-1.4918724013289812,-0.5542805106114999
2014-12-13,0.0,0.9072994708608093,1.4968619269338794,-1.4802100632390174,-0.5223894671472366
2014-12-14,0.0,0.894038439901759,1.4943182446046248,-1.481507721446605,-0.48912482304356913
2014-12-15,10.5,1.154068785053615,1.711152464357066,-1.4195574962775819,-0.30781030312168445
2014-12-16,0.0,1.1215207716801525,1.6934659043848448,-1.4026674070239926,-0.2713952615444656
2014-12-17,0.0,1.091531248443929,1.6812141764465314,-1.4028928055431527,-0.2496746915542571
2014-12-18,0.0,1.095342568303178,1.6910117633401422,-1.4209697836013753,-0.21536053536054384
2014-12-19,0.9,1.1249495094779025,1.7306054073356583,-1.3985116815775673,-0.1676710105097676
2014-12-20,2.0,1.1794098908381383,1.7805453781834313,-1.478664275405813,-0.10479588238137263
2014-12-21,0.0,1.162496661792555,1.7717491879429095,-1.4558063444789646,-0.07103006807706105
2014-12-22,0.3,1.184459783859616,1.8001071870106664,-1.4284640397357347,-0.032105105842626165
2014-12-23,0.0,1.1775983625333615,1.809200757540491,-1.401489895668347,-0.0950780560354557
2014-12-24,0.2,1.1911942736659498,1.8192791529927375,-1.3736678539627356,-0.05947641810453702
2014-12-25,0.0,1.1863702478604752,1.8193277915678934,-1.3429376252654555,-0.026787657849443224
2014-12-26,0.0,1.1887265325277787,1.8281125485466265,-1.3102247890682714,0.0033182264664175895
2014-12-27,0.0,1.1918060496436105,1.8394906878514892,-1.2756030434178456,0.02672751336783263
2014-12-28,0.0,1.1878864863480598,1.8374706377433985,-1.2394595177067265,-0.21159028034781988
2014-12-29,0.0,1.1833256915440282,1.843587675134661,-1.2901970774413885,-0.18407571808093193
2014-12-30,0.0,1.2290183797103114,1.8285005054501933,-1.259244803760241,-0.15634065281182785
2014-12-31,0.0,1.2219943259345372,1.8316425935496023,-1.2208212862184702,-0.29555394677855523
2015-01-01,0.0,1.2422291646237311,1.8338579565955848,-1.142399505038541,-0.24705198881118096
2015-01-02,0.0,1.2505353337126308,1.8458748774064462,-1.1035592173941708,-0.22313210772481817
2015-01-03,0.0,1.1724698593617575,1.8517733164863863,-1.0639937471683372,-0.20033095177697563
2015-01-04,0.0,1.1771948864378983,1.8645977598524457,-1.0244421458084978,-0.1811815095398897
2015-01-05,0.4,1.2042822287077637,1.8669985094451091,-0.9840808472167359,-0.15416908333621523
2015-01-06,3.0,1.2997567833740244,1.94786409956703,-0.9287953913557204,-0.07591644919418516
2015-01-07,0.0,1.432109688307815,1.8661121984146687,-0.8859508246213906,-0.05638363524841561
2015-01-08,0.0,1.448175088542528,2.066283613520856,-0.841221743173148,-0.03616962055901835
2015-01-09,0.0,1.4680773522706236,2.0958788725108333,-0.7950486351854883,-0.01669002314530397
2015-01-10,0.0,1.4732168690065464,2.1283860282328257,-0.7483869151889114,0.0030292782234013324
2015-01-11,0.0,1.4941852268994245,2.1535662453456665,-0.703076189780835,0.023471253977847502
2015-01-12,0.0,1.4965714588190842,2.1589375988132042,-0.6595478806614332,0.04267877111285289
2015-01-13,0.0,1.4731546399886668,2.141010887528456,-0.6182595227323836,0.06043840787039888
2015-01-14,0.0,1.4798222184835683,2.153929526554115,-0.5816839809715676,0.027133681429633353
2015-01-15,0.0,1.4851405335211514,2.149480937762755,-0.5395966740515684,0.044411476047558136
2015-01-16,0.3,1.5087408515932177,2.1886503246863613,-0.5101531243644423,0.06132469534103427
2015-01-17,0.0,1.5007705389634216,2.189689364680713,-0.4703335183679846,0.07763145835137698
2015-01-18,4.0,1.6369383506839323,2.297644507950618,-0.4781695167798082,-0.2913534175136637
2015-01-19,0.1,1.6256965584754761,2.2974978110520947,-0.6561649555142425,-0.7456647422662906
2015-01-20,0.0,1.6303270491159985,2.3114679161756966,-0.8199741676880238,-0.7299282252285024
2015-01-21,0.0,1.619655797731355,2.3213973059827304,-1.0563080112037107,-0.7132552784523762
2015-01-22,0.0,1.6220858551595614,2.320207297454313,-1.0280434891094812,-0.6932860649621699
2015-01-23,0.0,1.6214715370939323,2.3246070947436377,-0.9875974840371289,-0.6726849899987672
2015-01-24,0.0,1.6096002664975269,2.293573637506862,-0.9476485125735347,-0.6664705543751305
2015-01-25,3.0,1.709300723294239,2.366465589077731,-0.8924422547455061,-0.5616702004452219
2015-01-26,0.5,1.715538955325546,2.377497812783413,-0.8500027575853208,-0.5271776700380277
2015-01-27,0.0,1.717512689653108,2.4002878056081913,-0.8164922037584049,-0.5053619943647356
2015-01-28,0.0,1.7167069784801732,2.4015610228389357,-0.7769010074592783,-0.4841127234798716
2015-01-29,0.0,1.713814469318031,2.4036447690274563,-0.7366257455843555,-0.46878527561394756
2015-01-30,0.0,1.716673564911425,2.3974315631292464,-0.7605412464022664,-0.4471329588702097
2015-01-31,0.0,1.7140894898634464,2.402349853671755,-0.7533898462752956,-0.4975541852754461
2015-02-01,0.0,1.650679799042893,2.356986907109444,-0.7134351838267894,-0.4760782455508096
2015-02-02,0.0,1.6654793815587903,2.3724335689711467,-0.7268352607881592,-0.45120612496093254
2015-02-03,0.0,1.6661999374715182,2.37836007896422,-0.6885727559522512,-0.42543610144137567
2015-02-04,0.0,1.670021997078678,2.3826098041567523,-0.6491356858611362,-0.41542002583249615
2015-02-05,0.0,1.671154828348398,2.3894076430278215,-0.6098465197734302,-0.38982734061958935
2015-02-06,0.0,1.6748855036413615,2.393916677678442,-0.8021554255234887,-0.3641130405477643
2015-02-07,0.0,1.683510062055465,2.4040355633074126,-0.763908279018374,-0.3387054622571846
2015-02-08,0.0,1.686967725231524,2.407706094570003,-0.724955853636477,-0.313523412493919
2015-02-09,0.2,1.68546258582269,2.421701778262554,-0.6857251305551371,-0.3414295020100552
2015-02-10,0.0,1.681554507845492,2.4343763940806253,-0.6511439424447015,-0.4710333693857226
2015-02-11,0.0,1.6830885292878581,2.4403550070642885,-0.6126813531994111,-0.4453501243345173
2015-02-12,0.0,1.5665525501051916,2.316241005063144,-0.5732856154802777,-0.4200834783960448
2015-02-13,0.0,1.4435395366680337,2.1818392102190027,-0.5502157848314979,-0.3927798541284166
2015-02-14,0.0,1.4461113491649,2.1768118042317393,-0.5787721034974402,-0.4002283237251318
2015-02-15,0.0,1.4488997019609429,2.1968292579219786,-0.5663480925489934,-0.4253615894672562
2015-02-16,10.5,1.7885740524003262,2.4677637927050062,-0.46548782850495074,-0.07965644689253573
2015-02-17,0.5,1.758844504252583,2.4444765596463554,-0.7253744392527047,-0.0430967050392948
2015-02-18,0.0,1.729512998184038,2.445657834623358,-0.7940051969827193,-0.02298897214968917
2015-02-19,0.0,1.708277013937412,2.431998333078336,-0.7613616379426864,-0.005308942952222982
2015-02-20,0.0,1.6899273632884335,2.420230713474857,-0.7264335541838272,-0.1070078876163535
2015-02-21,8.0,1.873564356407236,2.5572263679086213,-0.6315389497962267,0.13492848086297424
2015-02-22,2.5,1.89312018981969,2.573810349092627,-0.6633359268835373,0.2110309823891081
2015-02-23,0.0,1.8457640654206682,2.5395893428397853,-0.6266898841890428,0.21774278332229277
2015-02-24,0.0,1.8343915764618992,2.533659744949859,-0.5911097084974338,0.22338854132426356
2015-02-25,0.5,1.8702895568424247,2.5505357081208433,-0.6040519665301575,0.2405484307861732
2015-02-26,0.5,1.8665842952447131,2.5492786407835126,-0.5662647718032372,-0.25632095318339226
2015-02-27,0.0,1.8347225610731475,2.5135285029143777,-0.5336836079999863,-0.25358954264584976
2015-02-28,0.0,1.7969984049821404,2.4801411151018287,-0.5136002164602992,-0.476514110412464
2015-03-01,0.0,1.7672396104992611,2.4390175904496667,-0.5331667403210205,-0.48828959852699183
2015-03-02,0.0,1.7648744109449193,2.4800917378670246,-1.0585721764891092,-0.4853269246533471
2015-03-03,5.5,1.9180443829689675,2.6056752156111544,-0.9774723315374698,-0.33455849800584114
2015-03-04,0.0,1.9573503099313594,2.5839141286593907,-0.9543390478075904,-0.3348386189451636
2015-03-05,0.0,1.958598797268639,2.547488323205815,-0.9277094193143945,-0.3379795230533851
2015-03-06,0.0,2.902593134667797,2.2883116569097384,-0.9025980936576968,-0.34211095814940423
2015-03-07,0.0,2.8559351729804283,2.3060391219069167,-0.8793648451591319,-0.34597493382722183
2015-03-08,0.0,2.832409891939293,2.2986514241581424,-0.8557569427728696,-0.35153405518559455
2015-03-09,0.0,2.884330916379178,2.3081225750603758,-0.8342368185986554,-0.3589447702606919
2015-03-10,0.0,2.812990767278924,2.302411787444112,-0.8151445585791659,-0.4307029621904742
2015-03-11,0.0,2.768261249978677,2.307472911299378,-0.7978224203041154,-0.4589251947606847
2015-03-12,0.0,2.776140233906345,2.3166509063840626,-0.7788620490422327,-0.47552534801343666
2015-03-13,0.1,2.8723003345858507,2.293398986890559,-0.75757136558665,-0.4863107820040611
2015-03-14,0.0,2.870603450902252,2.294788678204536,-0.7377928486579061,-0.5021278061517287
2015-03-15,0.0,2.9506353831945225,2.312157223101682,-0.7193579950533862,-0.8862452125688661
2015-03-16,0.0,2.988104438384404,2.3188290549931367,-0.7015479774388533,-0.90742053288821
2015-03-17,0.0,2.994782485619221,2.3484696930317277,-0.6841174518258902,-0.9280685759076763
2015-03-18,1.5,3.0061970754170475,2.375115067228969,-0.6471045532561029,-0.8925161045406593
2015-03-19,0.0,3.128362321991255,2.4097211538892536,-0.629657491356714,-0.9500218457429489
2015-03-20,0.0,3.0817365988733667,2.405119679455017,-0.6137132744899496,-1.053980058357318
2015-03-21,0.0,3.050004796050902,2.426179029256391,-0.5996456444986158,-1.0791987048449212
2015-03-22,0.0,3.04607544933444,2.425138030099724,-0.587521344737141,-1.1162196990136781
2015-03-23,0.0,2.961214892387914,2.4081569751060923,-0.672240881467279,-1.140472164385676
2015-03-24,0.0,2.883782595925155,2.3706491250060115,-0.6614462237987313,-1.1725878257268585
2015-03-25,0.0,3.0562026282386956,2.39999554281125,-0.6509552431130984,-1.197360179549717
2015-03-26,0.0,2.9500643460995364,2.3851951564533067,-0.6419383313133031,-1.2231564581476282
2015-03-27,0.0,2.909496362344806,2.3837543594061925,-0.6414095975480834,-1.2530611082617207
2015-03-28,0.0,2.8577698932783018,2.374563462103356,-0.8935467841767155,-1.278115640274704
2015-03-29,0.0,2.8831391226137693,2.3413215495216457,-0.8901019912948841,-1.2997066700351714
2015-03-30,0.0,3.0086490507462536,2.3532431882600764,-0.8863999345789603,-1.3213210020214623
2015-03-31,2.5,3.0933372645320074,2.4102853058998064,-0.9975069212144493,-1.2444996889931046
2015-04-01,2.5,3.2014483033292254,2.468306496343228,-0.9513637099507769,-1.1759912071048333
2015-04-02,28.0,4.030714900588727,3.000058950984252,-0.4845537991180321,-0.3163008129446718
2015-04-03,3.5,3.757386709888558,2.9447801458497715,-0.427279832883432,-0.24961292648008035
2015-04-04,0.0,3.6865540684835714,2.879992548274682,-0.4263131085437173,-0.27728537285906985
2015-04-05,0.5,3.546005214658771,2.863055038300223,-0.42242655256342193,-0.30351210166347525
2015-04-06,0.0,3.3461781825241466,2.830194072545859,-0.42688593620112647,-0.4117894351039198
2015-04-07,0.0,3.471365408268834,2.759954960806068,-0.4320558834201666,-0.44392762399644886
2015-04-08,0.0,3.554838183136143,2.7187504304223364,-0.4381281897194555,-0.47629900524428104
2015-04-09,0.0,3.532583754401043,2.7029224706216657,-0.4434901413305839,-0.5066322318770059
2015-04-10,0.0,3.508374489573568,2.6743125306979234,-0.4487190649004069,-0.5362894283828837
2015-04-11,0.0,3.5764542867077465,2.6535366013710435,-0.454825352173057,-0.5629696589095053
2015-04-12,0.0,3.1988603860338753,2.533194131198555,-0.4624641917969155,-0.590839295997418
2015-04-13,6.5,3.418629523346981,2.6889545733992737,-0.37105209853358573,-0.45786251468960976
2015-04-14,10.5,3.768781584813729,2.8940780700224624,-0.262257563392556,-0.24718876949136123
2015-04-15,1.0,3.8242067333348624,2.901876237885832,-0.26073387199655174,-0.2595080567322612
2015-04-16,7.0,4.171783836636658,3.0256039525435634,-0.1718645717697143,-0.151363150736464
2015-04-17,0.0,4.183572069992317,2.84013735309603,-0.1875940714602977,-0.18614782635308086
2015-04-18,0.0,4.152994443057663,2.7126893658127655,-0.5298146779611039,-0.3046976373731856
2015-04-19,12.0,4.534251623991621,2.980332404090948,-0.6503982357934293,-0.0975496983527721
2015-04-20,5.5,4.520401897030056,3.073425745007754,-0.5789081739539855,-0.027504412117522855
2015-04-21,0.0,4.5654328555563986,3.089832879824475,-0.5960477530135844,-0.06399627854883018
2015-04-22,0.0,4.523869230220903,4.744447630618066,-0.6107963145425235,-0.10004341510840485
2015-04-23,0.0,4.276734128786277,4.597408628259716,-0.6252034456140647,-0.13641859806386794
2015-04-24,0.0,3.742368597698335,4.310137287863292,-0.6486075772870828,-0.17264565256611755
2015-04-25,0.0,3.7540681101697415,4.320853403534464,-0.664100788854171,-0.2634903462176987
2015-04-26,0.0,3.814374230478074,4.393761506239894,-0.6815933687322366,-0.30889582724458764
2015-04-27,0.0,3.8358060466184556,4.331564101582095,-0.6999269344216603,-0.345259483665169
2015-04-28,0.0,3.7225241634175386,4.253715645838459,-0.7189567967783482,-0.38208542062040596
2015-04-29,3.5,3.8425591134136803,4.402604347870439,-0.6856286084531927,-0.35623112645362853
2015-04-30,0.0,3.5991113768468956,4.200309281814453,-0.7042970358691002,-0.3929161156776336
2015-05-01,0.0,3.465878551718951,4.123614427840953,-0.7612856519740919,-0.42865763725514955
2015-05-02,0.5,3.359325992838219,4.094822861840238,-0.7704349687723014,-0.454880257049082
2015-05-03,3.5,3.529184672168942,4.054507332088659,-0.7339555421803711,-0.43058827858557364
2015-05-04,0.0,3.5013078972968823,4.050093965615432,-0.7520749085491314,-0.46728895450447644
2015-05-05,0.0,3.5357478615385713,4.053564907699828,-0.7786191836616932,-0.5033631253336511
2015-05-06,0.0,3.2428350791758533,3.9191005267685375,-0.79657056831993,-0.5384128990179431
2015-05-07,0.0,2.9287646782938594,3.712750414229764,-0.8141748345272857,-0.5737469518744639
2015-05-08,0.0,2.9384030318772854,3.743277951185922,-0.8300844188961667,-0.6071223026591227
2015-05-09,0.0,3.149284737804474,3.8966909271126022,-0.8462706649446412,-0.6395178136041736
2015-05-10,0.0,3.321613922219136,3.992997757507071,-0.8934491025567778,-0.6762820079829069
2015-05-11,14.0,3.847987580439322,4.3301188159236075,-0.7768440915062983,-0.4850199063499104
2015-05-12,9.5,3.8924429196912165,4.32706092292376,-0.657956147975802,-0.3750965847751782
2015-05-13,0.0,3.189129750610952,3.800881675326839,-0.6748181333880221,-0.4074585857307186
2015-05-14,0.0,3.0741361547204304,3.615480610833054,-0.6909170320297217,-0.43860448808991814
2015-05-15,0.0,3.129245130957321,3.5919152804093377,-0.7188446397566622,-0.46675589341811935
2015-05-16,0.0,2.8889243791161725,3.5234527719905855,-0.7522724610040653,-0.4936880409367459
2015-05-17,0.0,2.642339699647821,3.351892834787911,-0.7651056463779254,-0.6752575744999543
2015-05-18,0.0,2.7394784494452855,3.4784445072701162,-0.7789118894765497,-0.7080632209770201
2015-05-19,1.0,2.753602142282738,3.4984223449117446,-0.7787812460691094,-0.7179221106246558
2015-05-20,0.0,2.812751373952225,3.5523140132473654,-0.792922233095841,-0.7437998719578967
2015-05-21,0.0,2.8542146283462144,3.6049833206232185,-0.863244438562953,-0.7703115954969464
2015-05-22,0.0,2.945799338268589,3.6849644532490604,-0.8768363971378236,-0.9186308390116592
2015-05-23,0.0,2.9401776674220197,3.715254090899409,-0.8916684418381098,-0.9795336030254086
2015-05-24,0.0,2.950547136420172,3.616042350075239,-0.90596476044782,-0.9992360297957119
2015-05-25,0.0,2.8543841238101124,3.7926498109838405,-0.9210012334608043,-1.020297002460831
2015-05-26,0.0,2.9275567739300126,3.875621470551364,-0.936182013766149,-1.0479577837134373
2015-05-27,0.0,2.9068638573550913,3.9087008685152567,-1.2041678246653165,-1.0726784695934797
2015-05-28,0.0,2.8625177263429578,3.8757720646909055,-1.2167789478844402,-1.086728609635681
2015-05-29,0.0,2.7975803624884645,3.8273031381173968,-1.32968350739479,-1.099190484374453
2015-05-30,0.4,2.7624086015406935,3.8046172817815966,-1.3410039335180912,-1.1053592930577085
2015-05-31,0.0,2.750972930240249,3.8210045973502336,-1.352047959007269,-1.1183673286355642
2015-06-01,0.0,2.6948968770640294,3.771086885034392,-1.3771236298421041,-1.2220770663043445
2015-06-02,0.0,2.465625976270041,3.5297872725134316,-1.3918578296775945,-1.238622174219348
2015-06-03,0.0,2.452832147764502,3.4552903173141245,-1.407298416477993,-1.2567389542234462
2015-06-04,0.0,2.5450822741315586,3.566131953964026,-1.420769432249906,-1.2723952744251157
2015-06-05,1.0,2.668526289951596,3.6947218960938093,-1.4174036781108952,-1.2695861465131695
2015-06-06,0.0,2.6764871305499294,3.7207215103514266,-1.4283821147347335,-1.2831101058217294
2015-06-07,0.0,2.51471029655869,3.5490653611906597,-1.4398323288148105,-1.2962578398572884
2015-06-08,0.0,2.526296307447196,3.5701421457798355,-1.483512509858771,-1.3117485327966432
2015-06-09,0.0,2.633601514960845,3.7004349958818006,-1.5045600890031032,-1.327357899264416
2015-06-10,0.0,2.551946719384794,3.6152825701893057,-1.5187145366011245,-1.3428208255649035
2015-06-11,7.5,2.8310646010790803,3.7693589315123193,-1.4276264346359757,-1.2424956908288856
2015-06-12,0.5,2.7599930144183213,3.7315168251119757,-1.4356495518778511,-1.2505586507562505
2015-06-13,0.5,2.599747330438185,3.5973823215197185,-1.5897654833149546,-1.2602831855442953
2015-06-14,15.5,2.8969980451950197,3.807244687007398,-1.3940503176657362,-1.0536305814642393
2015-06-15,0.0,2.9015320137008156,3.838339546546536,-1.412925408807303,-1.075209828866731
2015-06-16,0.0,2.940083339970247,3.883662483337671,-1.432605687891321,-1.118861512736434
2015-06-17,9.5,3.249674216872442,4.10609334477184,-1.3446915493279956,-1.0189677074826893
2015-06-18,3.0,2.984560211392032,3.872672843057372,-1.3544201563990634,-1.008718634837773
2015-06-19,0.0,2.59817815794023,3.51167464726251,-1.376650749373563,-1.0378745493943176
2015-06-20,44.5,3.3272786839188853,4.057272663398671,-0.9085652395780303,-0.552178829928536
2015-06-21,0.0,2.8105431326284704,3.553248464496307,-0.9375581846322794,-0.5852893073022799
2015-06-22,0.0,2.831216543016207,3.5695271267238984,-0.9688374045630873,-0.6191312659155993
2015-06-23,0.0,2.8324022508411475,3.5461539312319657,-0.9978443304860017,-0.6543675342340057
2015-06-24,0.0,2.2693846883606184,2.9758132159166903,-1.0272597154873506,-0.689873950567573
2015-06-25,2.0,1.8982932415819274,2.555990668386242,-1.0389341291097194,-0.7058479681784667
2015-06-26,12.5,2.0320088932320597,2.622526354402635,-0.9524675848225849,-0.6192801336283665
2015-06-27,0.0,2.000107676169045,2.6020970803801107,-0.9842735411808186,-0.6575957190911859
2015-06-28,0.0,2.011806157432382,2.6358019799609895,-1.0165358319920044,-0.6962263666995946
2015-06-29,0.0,1.6494134789024892,2.2345296498549905,-1.0496562416531732,-0.7590592049727268
2015-06-30,2.5,1.5358304819474682,2.0541483769161277,-1.0626723293711562,-0.7991968516252728
2015-07-01,0.5,1.4446295099672295,1.9578344137208952,-1.0940755484885683,-1.1086590455625687
2015-07-02,0.0,1.3058337427349322,1.8108918624069712,-1.1303425664923288,-1.1833005498219258
2015-07-03,0.0,1.2592784392700072,1.73450095983848,-1.1666856743204475,-1.2216972508459962
2015-07-04,0.0,1.2609261140531367,1.748791154080255,-1.2062188309108195,-1.2637230532014816
2015-07-05,0.0,1.271214307165002,1.7648738953510443,-1.2692148186573475,-1.3024988404397573
2015-07-06,0.0,1.2236225345086964,1.7204878522655758,-1.3090109625738047,-1.3431692037142686
2015-07-07,0.0,1.0759049796440592,1.5597882687178009,-1.350249836260514,-1.3853991979247025
2015-07-08,0.5,0.955282374085246,1.4680712106526377,-1.3907824384134657,-1.426578104986379
2015-07-09,0.0,0.7856761606445498,1.2780926346768815,-1.4355548045204158,-1.4722330700120723
2015-07-10,0.0,0.7022961306588645,1.2116821337984531,-1.4835286912629222,-1.5214148276090853
2015-07-11,0.0,0.5943573421494943,1.1014178564745611,-1.531251745822791,-1.5690740644992762
2015-07-12,29.0,0.8510703249206842,1.2369324003588824,-1.3553213115684655,-1.4022782549018538
2015-07-13,10.0,0.7819281953012659,1.134719049284918,-1.3305169383595679,-1.4528628145658753
2015-07-14,0.0,0.6302813174807068,0.9597995785717878,-1.3805293576251931,-1.510580768445183
2015-07-15,0.0,0.5418411366702408,0.8735415496318769,-1.433313162472242,-1.622698935202798
2015-07-16,0.0,0.4257385640223921,0.7176687787823492,-1.4832949073579165,-1.6691583663592962
2015-07-17,0.0,0.35155071222465883,0.6301637472829152,-1.5604646142745242,-1.7136753054612412
2015-07-18,0.5,0.3001407013531848,0.5735067840621826,-1.6037632840653346,-1.8627074276299194
2015-07-19,5.0,0.3534662570991862,0.6308859384909549,-1.6140817216949592,-1.9075806850908634
2015-07-20,0.0,0.3283941334997203,0.6214334320789978,-1.6597006887542198,-1.9490548940257926
2015-07-21,11.0,0.44530233526038415,0.7275807645408948,-1.6309485655811147,-1.8901627734134159
2015-07-22,1.0,0.37930393261917206,0.6714662643717305,-1.6730935679089032,-1.9254096827742684
2015-07-23,16.0,0.5315856077209498,0.7839932366821376,-1.61576957213905,-1.8279135983088348
2015-07-24,26.5,0.8141406632737638,1.0202275368035552,-1.514281233712495,-1.6534120002167525
2015-07-25,80.0,1.7122705995133758,1.773277927584546,-1.100706810521325,-1.128596584450141
2015-07-26,40.5,1.8942532343495728,1.906850992123996,-0.9350144737286501,-0.9203305145075786
2015-07-27,1.5,1.2359869284309595,1.2988580885117498,-0.9737713641005992,-0.9513003373204192
2015-07-28,0.0,1.2471291335015655,1.1737867523033756,-1.0196199498520955,-1.0110413904841347
2015-07-29,4.0,1.344118627867085,1.1666908206071904,-1.044649104773345,-1.026345962510208
2015-07-30,0.0,1.4276478411346514,1.1699673300034632,-1.0896793626560168,-1.0639219446898514
2015-07-31,0.0,1.3576130987797315,1.1013379145058573,-1.1323332729966014,-1.101058936292731
2015-08-01,0.0,1.3226275007206425,1.0804932917614072,-1.173653667529917,-1.1541586267480133
2015-08-02,16.5,1.3448072799214426,1.1529457297159313,-1.1320679710203265,-1.089521501957407
2015-08-03,0.0,1.3134980146009942,1.0841674463649917,-1.1747537841380755,-1.1223257907978057
2015-08-04,0.0,1.220344796667157,1.0443306831407937,-1.2166234077202613,-1.153843941923221
2015-08-05,0.1,1.211687438315988,1.0160346465141443,-1.2582976544156246,-1.18467217623476
2015-08-06,0.0,1.057339403073516,0.9303277757364008,-1.3008323231600787,-1.2159600951035734
2015-08-07,11.0,1.0880160782757775,0.9505072524812436,-1.2884652876044902,-1.1840070813134722
2015-08-08,7.5,0.8914313079716998,0.8278596531401935,-1.2921706891160143,-1.1698723673903169
2015-08-09,0.0,0.9438237891407544,0.8026692594876849,-1.3300536448675948,-1.274714633727833
2015-08-10,0.0,0.9215572337342542,0.7627645241090301,-1.3655843425300613,-1.3527759261909909
2015-08-11,0.0,0.9204774777552951,0.7448892598102873,-1.4008069841042161,-1.3746707441149293
2015-08-12,0.0,0.851427640257045,0.7065485031822407,-1.4347377360142215,-1.396556865242465
2015-08-13,0.0,0.8508921803689359,0.6992300744044536,-1.4688961074116929,-1.4195038276947436
2015-08-14,0.0,0.7712578823411441,0.6502325466763016,-1.503278019651128,-1.4422165807461123
2015-08-15,0.1,0.7194536812953256,0.6138995019707206,-1.5896182250452382,-1.4643066334131085
2015-08-16,29.0,1.032358458116593,0.8483265760806967,-1.4808331595959023,-1.324658191251663
2015-08-17,0.0,1.0048102364326128,0.8268760017736376,-1.5144222946649166,-1.352973958488419
2015-08-18,0.0,0.9853094829647191,0.813422706404104,-1.5479363982614025,-1.3753683870098679
2015-08-19,0.0,0.9224990450890876,0.7806386095349891,-1.5810850690110865,-1.397060706230497
2015-08-20,0.4,0.8668712188683063,0.754989614158268,-1.6507081231172056,-1.4151185655308276
2015-08-21,2.5,0.8654066165650095,0.7585341222991853,-1.6820824196460162,-1.421983926193689
2015-08-22,0.0,0.8099571825378543,0.7230181328253638,-1.7135135271392752,-1.4428185210855202
2015-08-23,0.0,0.717837392080935,0.6613528819208535,-1.7449516057166363,-1.4627561040031516
2015-08-24,0.0,0.6283037109292139,0.5971129778141575,-1.7783658261046842,-1.4815577647328637
2015-08-25,5.5,0.7007315826793556,0.6356230499781754,-1.7841927878667314,-1.4709396439998104
2015-08-26,0.0,0.6553135933599292,0.5923534412275154,-1.8133918914309748,-1.4896059000208965
2015-08-27,0.0,0.5820905769712336,0.5401014611895688,-1.8411060270160722,-1.5087938456276555
2015-08-28,0.3,0.5772156334711408,0.5404195426768513,-1.867517992030061,-1.528747961674822
2015-08-29,0.0,0.5069563322251818,0.5060163030607666,-1.8944715174445088,-1.5475632386945346
2015-08-30,0.0,0.46565867668370536,0.47291078817792315,-1.9485520665100284,-1.5661222731744115
2015-08-31,0.0,0.4267611102249555,0.45227881463119723,-1.9745622114793782,-1.584693359324497
2015-09-01,0.0,0.4096550686749658,0.4460883577988989,-1.999766630091139,-1.602729679137261
2015-09-02,0.5,0.3642189527550592,0.4257701756459367,-2.022610206924268,-1.6190075094353151
2015-09-03,18.0,0.6200085877740059,0.6099905009187427,-1.9550399462037724,-1.5467023623740113
2015-09-04,0.0,0.5755907339520776,0.5761490288283798,-1.9790098456174818,-1.5640972956370556
2015-09-05,5.0,0.5661840893300003,0.565584343986965,-1.9760776696435725,-1.5536530661798098
2015-09-06,0.0,0.5813039125667339,0.5768117011252772,-1.9952996668717986,-1.566811033352275
2015-09-07,0.0,0.572989728102108,0.5736497901551538,-2.0138351892495177,-1.5800515720791957
2015-09-08,0.0,0.5585459769620029,0.5720257642926634,-2.031692393244034,-1.5933475516507818
2015-09-09,0.0,0.4776429116860838,0.5255193948023458,-2.050781671800668,-1.6448081547847242
2015-09-10,0.0,0.42671546053028253,0.49176214409707564,-2.0673298591752034,-1.6576239571347973
2015-09-11,2.5,0.37183022369137775,0.4449007200080489,-2.0691245559729965,-1.6559105966395917
2015-09-12,0.0,0.40311117494084053,0.45448011177539926,-2.082453877012361,-1.7458572168875948
2015-09-13,0.0,0.43389664863984645,0.47247368484350133,-2.0935384270409165,-1.7493545850814356
2015-09-14,0.0,0.4724993170033031,0.501135610612321,-2.1093307651367543,-1.747119226750107
2015-09-15,0.0,0.4873124167454188,0.5155097244052808,-2.11729059553754,-1.793414458152896
2015-09-16,0.0,0.48972769485281015,0.524390329477062,-2.1253302373834777,-1.8023828008522376
2015-09-17,0.0,0.4866629239386302,0.5359522267417579,-2.1320670930490957,-1.7920618797428565
2015-09-18,0.0,0.4524902910539918,0.5141508873123403,-2.1364056880709636,-2.0326250300765487
2015-09-19,0.0,0.42502726060561496,0.4949971948130925,-2.139207491937482,-2.0139182633433164
2015-09-20,0.0,0.4022190407903534,0.477891194639743,-2.1418770534164597,-1.9950974452363366
2015-09-21,0.0,0.3284041220300222,0.4224483215309185,-2.144843141943222,-1.9749143216823688
2015-09-22,0.0,0.3712251956157073,0.44216562566258993,-2.147580805412124,-1.9523865193768928
2015-09-23,0.0,0.40193657508581043,0.4568948458312181,-2.149825782032433,-1.938762625030053
2015-09-24,0.0,0.4500453539467485,0.48945406407359066,-2.152300833945856,-1.9868120645641691
2015-09-25,0.0,0.49188061645321385,0.5203418514329673,-2.1544312320797157,-1.9587394206896067
2015-09-26,0.0,0.5236659444175062,0.5476877900864783,-2.155868751764736,-1.9273948366857345
2015-09-27,0.0,0.53976000696662,0.5649389471556326,-2.170732724212664,-1.8958585104903063
2015-09-28,0.0,0.5606457584888696,0.5843168163059173,-2.1851819466146423,-1.8768864675570045
2015-09-29,0.0,0.5662969551684427,0.5896148588302885,-2.32854343667735,-1.8431183429671487
2015-09-30,0.0,0.5482939272239112,0.5841149124040494,-2.3465956553962117,-1.8035722937120118
2015-10-01,35.0,1.0935389502056316,0.9947087047503551,-2.168161572251297,-1.5726064736304766
2015-10-02,0.0,1.0202012192521106,0.9452986611469077,-2.1698015883530437,-1.5354377503938492
2015-10-03,0.0,0.9977682654727945,0.9334821431593643,-2.168231538915416,-1.4985705209663986
2015-10-04,0.0,1.00351074149089,0.942103445229679,-2.1674601936843456,-1.4619919509123636
2015-10-05,0.0,1.0138740512671987,0.9575491193573547,-2.1664138359515057,-1.42532680337
2015-10-06,0.0,1.039168923332231,0.9802130974999012,-2.164475095066445,-1.3887002919634321
2015-10-07,0.0,1.0472676762825934,0.9940286632096108,-2.1626108077822446,-1.3493480914264497
2015-10-08,0.0,1.067968497495081,1.012502895265257,-2.160304657292591,-1.3060552897269848
2015-10-09,0.0,1.084054238444958,1.0275846800834525,-2.1583286922912213,-1.2630249726242577
2015-10-10,3.5,1.1424488996532725,1.0810762809034686,-2.1705823990345876,-1.3478416383216796
2015-10-11,3.5,1.2249122013345934,1.1429833684189723,-2.202967522611773,-1.3343111418577915
2015-10-12,0.0,1.1937128337807181,1.1424450766993381,-2.206287844292107,-1.2862912872330545
2015-10-13,0.0,1.220410068804656,1.1634652470779436,-2.239221116715711,-1.238787160240045
2015-10-14,0.0,1.2255102611974993,1.1711308505598335,-2.236860071455532,-1.1923395453894645
2015-10-15,0.0,1.2489493585528026,1.1893596233439236,-2.2348592062797,-1.1483817468624753
2015-10-16,0.0,1.2806467104885708,1.219245628699853,-2.2942517306874244,-1.1075277388250893
2015-10-17,0.0,1.3185867841391052,1.2525619460986956,-2.320115050095803,-1.089344652920545
2015-10-18,0.0,1.3376685987140777,1.2746242287973946,-2.3169481456223098,-1.0466828166697315
2015-10-19,0.0,1.381257450239093,1.3098611484493043,-2.3131198786366056,-1.0622784391284763
2015-10-20,0.0,1.400712466174039,1.3247879684015798,-2.308921023809561,-1.0276271763863127
2015-10-21,0.0,1.4082111193812066,1.341727992633607,-2.3045936397341764,-1.0709806987293915
2015-10-22,0.0,1.4401034978826759,1.364930923479833,-2.30012172762184,-1.1777926959492866
2015-10-23,0.0,1.4495983064831997,1.3779018811848422,-2.295260444720735,-1.6560480470136942
2015-10-24,10.5,1.7028214678596418,1.5651250441985574,-2.2360482607191368,-1.8558402760783814
2015-10-25,0.0,1.704056392503732,1.5712240570518499,-2.229507101801345,-1.8335038735955935
2015-10-26,2.0,1.7968453789706471,1.638345092703064,-2.230605094758177,-1.782301511947124
2015-10-27,26.5,2.372938284507523,2.0694018035008725,-2.091597545964727,-1.5682418105696405
2015-10-28,0.0,2.2623949318643786,2.009329161320684,-2.0841490882751064,-1.5322974626748438
2015-10-29,0.5,2.2675762036411755,2.0150213515546134,-2.076839562680169,-1.49224302746277
2015-10-30,0.0,2.279796289506138,2.025562611786412,-2.0876443083258813,-1.4563910314911377
2015-10-31,0.0,2.2824775936450337,2.025459695105174,-2.0808093070206795,-1.5500220403911344
2015-11-01,0.0,2.292514850225586,2.036265193637496,-2.0742442600013833,-1.5128240223984293
2015-11-02,0.0,2.26521777262193,2.0288689352734686,-2.068385974683681,-1.4760191337794344
2015-11-03,0.0,2.2784302739596747,2.04922503976323,-2.063023315782127,-1.4387156072474996
2015-11-04,0.0,2.2551571991009136,2.0622671978006735,-2.0568002145535806,-1.400995304738217
2015-11-05,0.0,2.195486139793687,2.045670305371191,-2.0506858309880367,-1.4563723541387779
2015-11-06,4.5,2.2181069368045567,2.0868408890692174,-2.0222226849931815,-1.4462200044057336
2015-11-07,24.5,2.709439995651455,2.4758349882961115,-1.964839323382164,-1.2094409296352042
2015-11-08,10.5,2.866550880904545,2.6047750845547157,-1.9537705727515495,-1.0959321476669899
2015-11-09,3.5,2.9019990708706396,2.6392727224699564,-1.9307356025535316,-1.0358322702014413
2015-11-10,0.0,2.8951653128455885,2.6361306710233037,-1.9250023947898083,-1.0023162414234175
2015-11-11,0.0,2.8581754198008635,2.6105667967831563,-1.9185522056915865,-0.968605369544366
2015-11-12,0.0,2.774492501802114,2.554211631049273,-1.9116648747483729,-0.9351986595443342
2015-11-13,22.5,3.2476809869605336,2.937153655747237,-1.799487379467164,-0.7396909109825252
2015-11-14,3.5,3.312410024720258,2.9885882562080317,-1.7765865597177601,-0.8927856392155281
2015-11-15,0.0,3.281319893437312,2.982932801421728,-1.774363855647291,-0.8595301306959797
2015-11-16,5.5,3.3857724860192646,3.0706924174913612,-1.7425891182486626,-0.7810711566330495
2015-11-17,0.0,3.344106281741271,3.0619418889143026,-1.7362107250581438,-0.74406271079292
2015-11-18,5.5,3.412801416607597,3.1353370793079622,-1.7051389662394607,-0.6690163412983323
2015-11-19,0.0,3.3335625819595633,3.0723034758449783,-1.6999122420930093,-0.6505727592515841
2015-11-20,0.0,3.1740497171862163,3.008845519323163,-1.6951348909645814,-0.6122450950560354
2015-11-21,0.0,3.270247183478629,3.0695184362619345,-1.6902999866376849,-0.5750745506319154
2015-11-22,3.5,3.337658904834448,3.1235959703262783,-1.6693127635373002,-0.5109421149993577
2015-11-23,6.5,3.486051006333486,3.2436374318772976,-1.634570874816715,-0.4651643251255294
2015-11-24,0.5,3.5233278315683543,3.270679457952634,-1.6274069913212619,-0.4229216041301421
2015-11-25,11.0,3.7586330442687035,3.4649052454248435,-1.574500017624192,-0.2980769655517889
2015-11-26,0.0,3.7465157844142243,3.4609281866237946,-1.5721055103864892,-0.25973069707619545
2015-11-27,0.0,3.72359676250147,3.473882887085256,-1.5680148755649455,-0.21940795260176113
2015-11-28,0.1,3.681667705511502,3.4195006089091344,-1.5642188334669909,-0.17816051900127874
2015-11-29,3.0,3.7439519005904285,3.4665477181335413,-1.547369392590766,-0.1152623086361493
2015-11-30,0.0,3.7019149995025464,3.4333738433158802,-1.5431125722528964,-0.07572441276395114
2015-12-01,0.0,3.6912399102313804,3.4257828059753823,-1.5394203136725881,-0.038672004186462945
2015-12-02,13.5,3.980672608297228,3.6682113600034465,-1.4800867201114996,-0.033194458895139604
2015-12-03,7.1,4.109844168742213,3.7842226788728777,-1.4444212271491965,0.06680002724550561
2015-12-04,0.0,4.156446003087029,3.801701926233482,-1.4389709885439634,0.06880231982645138
2015-12-05,0.0,4.16999704837589,3.8228948269709964,-1.4333563228455386,0.11510633626302691
2015-12-06,0.0,4.154494057166931,3.834318533076765,-1.4277103230691293,0.1629015533008819
2015-12-07,0.0,4.163259612989063,3.857489249986613,-1.4221231829575616,0.20987310353145805
2015-12-08,0.0,4.181408147715352,3.8877910834595877,-1.4482217673441498,0.2572783020506134
2015-12-09,0.0,4.250700130340001,3.9413510529938107,-1.4431932481854584,0.3052433193701937
2015-12-10,0.3,4.2702344210081415,3.9637273275873044,-1.4364516789023598,0.33393477431441654
2015-12-11,0.0,4.289950555280414,3.981015075911162,-1.4965182050082688,0.38220330827887994
2015-12-12,0.0,4.336727001923777,4.016301940929894,-1.4878597850754531,0.4293000665591741
2015-12-13,0.0,4.319312613199716,4.017407215524441,-1.4761963260844568,0.4758032203137628
2015-12-14,2.5,4.344981448874422,4.0706376138914235,-1.4931689013726919,0.548495895481764
2015-12-15,0.1,4.233044446304336,4.021795592420579,-1.4905062729691225,0.5979303197108892
2015-12-16,0.0,4.26623486947702,4.051323900524915,-1.4735353538358429,0.6466702402294465
2015-12-17,0.0,4.232125909111775,4.056205174216128,-1.6731139671279163,0.6799365130083364
2015-12-18,0.0,4.284811455604478,4.094584838051678,-1.652716038185888,0.7261203502616446
2015-12-19,0.0,4.325307699052927,4.147153253070786,-1.631858114535591,0.7733227756916661
2015-12-20,0.0,4.347220442419131,4.165911699047525,-1.6102582519361537,0.817909861252701
2015-12-21,2.0,4.3999368864624095,4.217933487461488,-1.57757621733451,0.8845227485265992
2015-12-22,0.0,4.482016034680018,4.275477867998345,-1.5604026619880518,0.9314977098117702
2015-12-23,0.4,4.502805343424419,4.316410690581938,-1.589644447824476,0.9845231637060033
2015-12-24,0.0,4.5568368027120565,4.333374161946029,-1.5619503519154605,1.0297024311755136
2015-12-25,0.0,4.550406484619912,4.334125069285242,-1.5301876779266024,1.0729306841849777
2015-12-26,0.7,4.581370864189928,4.368810646517243,-1.493094263686267,1.1201198605780849
2015-12-27,0.0,4.586569835619223,4.389966560514717,-1.4688118620123651,1.1622710019015339
2015-12-28,0.0,4.5801526154001175,4.3858369591923285,-1.4336456213067263,1.2029119716355106
2015-12-29,0.0,4.5716133357280695,4.401617528914293,-1.3929402719297963,1.2425474961516711
2015-12-30,2.5,4.627994308210004,4.439288966049842,-1.341063836683038,0.8821939505624629
2015-12-31,0.0,4.627445647258988,4.449828603179095,-1.3020961975705823,0.9212208724029336
2016-01-01,0.0,4.685948040661266,4.460112886143405,-1.2226028052197608,0.9941962202257401
2016-01-02,0.0,4.721571430671294,4.490140548425641,-1.1832494969911114,1.0285039354589596
2016-01-03,0.0,4.642516249232676,4.50644454020829,-1.1431843970387872,1.059425954559814
2016-01-04,0.0,4.6469993136960674,4.534552115385149,-1.1044246990619933,1.0819223845620676
2016-01-05,0.0,4.655416445066567,4.5196967723141155,-1.0631073030446712,1.1048541766207238
2016-01-06,0.0,4.6234322947145134,4.512636321294113,-1.0197210880063925,1.1290914737865063
2016-01-07,0.0,5.106898534235393,4.327854730484651,-0.9761265247038762,1.1546344270110334
2016-01-08,0.0,5.146683318502468,4.78229724884509,-1.0551940614437247,1.1304580100503117
2016-01-09,0.0,5.183324624198859,4.833478634386181,-1.0507062694310774,1.104502183045593
2016-01-10,0.0,5.19015756150032,4.879741082734245,-1.0014712305101685,1.1293858430055264
2016-01-11,0.0,5.268217368854205,4.937287402303782,-0.9536767092437399,1.154514352788565
2016-01-12,0.0,5.2753219977706785,4.947213607993703,-0.9078413580414381,1.179010395337185
2016-01-13,0.4,5.20835859348418,4.9120119514004985,-0.8619709142434087,1.207259157781547
2016-01-14,0.0,5.234365214956851,4.935658709224031,-0.8196202035927078,1.2298013055479042
2016-01-15,0.0,5.258496311556823,4.920913289431807,-0.79658372352872,1.252429962174359
2016-01-16,0.1,5.297726702552201,4.983407000864381,-0.7659708971906329,1.2645220026788304
2016-01-17,0.0,5.268131787510754,4.977437193006189,-0.7710567081571109,1.2849473272896126
2016-01-18,0.2,5.264889415546117,4.972055992493397,-0.7332891836599492,1.3099933290749188
2016-01-19,0.0,5.282707978874137,4.9957368547539724,-0.7593168992944799,1.3322811799182226
2016-01-20,0.0,5.331832888267892,5.039989682217591,-0.8333001356003188,1.3557334583968375
2016-01-21,0.0,5.318490227656927,5.069098606016201,-1.1738512844974118,1.3802457530497092
2016-01-22,0.0,5.34931059056421,5.07511372640769,-1.3489670755647414,1.2461176826584133
2016-01-23,0.0,5.359611775266862,5.088735986169266,-1.316716079523753,1.2753975600465655
2016-01-24,0.0,5.317307480433767,5.0183670512093945,-1.2765920039701633,1.27286530033577
2016-01-25,0.0,5.294800212083959,4.991629996236621,-1.2580703693412492,0.8543146047801045
2016-01-26,0.3,5.309277634818801,5.0139647893451,-1.2161334185052795,0.8861547159481872
2016-01-27,0.0,5.333414971912175,5.0710359376748935,-1.174820230045012,0.904511908616275
2016-01-28,0.0,5.340811097202992,5.078233678755177,-1.1347533827741758,0.9330083320641182
2016-01-29,0.0,5.342954813889538,5.087096165728705,-1.1876185251097828,0.9624488506834984
2016-01-30,0.0,5.361743059485703,5.080248706679428,-1.1471892064478424,0.9917471584023355
2016-01-31,0.0,5.363659635771841,5.096882179950034,-1.1073758548895594,1.0197117552917887
2016-02-01,0.0,5.172503673103829,5.005640916553013,-1.0681331126935516,1.047749607498377
2016-02-02,0.0,5.2216403500775765,5.041467723796498,-1.0285002084198418,1.0774498385233158
2016-02-03,0.0,5.218647237619745,5.053690733631173,-1.0544175712307626,1.1072329566174828
2016-02-04,0.0,5.2170157664091,5.056066304497469,-1.0609609685790768,1.0501140478086635
2016-02-05,0.0,5.208433953797369,5.064302910994794,-1.0229342481419574,0.5741034059730264
2016-02-06,0.0,5.206780023653591,5.067247182202344,-0.985659780843975,0.3608127207476805
2016-02-07,0.0,5.226133890076771,5.0845711183433915,-0.94805109495979,0.30249295653616387
2016-02-08,0.0,5.236198958012321,5.091139433810615,-0.9096302151223631,0.3278121479079533
2016-02-09,0.0,5.214045456123824,5.109550854622709,-0.872339026923497,0.3543520570383
2016-02-10,0.0,5.214637499842028,5.141333948238781,-0.8358797719109867,0.3794005066876299
2016-02-11,0.1,5.240023865857714,5.162901799253095,-0.7985295799009106,-0.18913835037053045
2016-02-12,18.0,5.509663447046953,5.423646486108487,-0.8306325558609038,0.23382259476706974
2016-02-13,21.0,5.680185755672564,5.630006829142297,-0.6581067962707493,0.7600949797398288
2016-02-14,2.5,5.664881554414523,5.584699935794229,-0.602183248183341,0.7153266141520666
2016-02-15,0.0,5.599608080548586,5.566258219282887,-0.5619849556405829,0.7366482706432934
2016-02-16,0.8,5.624335276460323,5.526118737771234,-0.5206978601117177,0.648520796726019
2016-02-17,0.0,5.585112005936648,5.491385151769604,-0.495819296076614,0.6685215663578062
2016-02-18,0.0,5.520961668561567,5.500504099423235,-0.4554325727911488,0.6868505226151161
2016-02-19,0.0,5.466304688540958,5.477404204820719,-0.4161212647465729,0.7028510150123232
2016-02-20,0.0,5.413577978453332,5.455441395430364,-0.3775004467861733,0.6347367256696353
2016-02-21,0.0,5.2365751214666245,5.297742041356808,-0.37509965285165736,0.4902260641808077
2016-02-22,0.0,5.167093491234689,5.253023132600221,-0.33689820369104473,0.48506710035451706
2016-02-23,0.9,5.150495014452046,5.254399887599729,-0.2910258491873455,0.23370225686036017
2016-02-24,0.0,5.153040759841719,5.258003639263623,-0.2539068030012277,0.23926019460637737
2016-02-25,0.0,5.244130516824595,5.279624892329474,-0.21539410273255788,0.24317636169500803
2016-02-26,0.0,5.223804298408416,5.260503595595891,-0.1767188847733519,0.2421566465388002
2016-02-27,0.2,5.177236735251463,5.212417804468113,-0.137556909831142,0.16885774675308002
2016-02-28,4.1,5.214731555962122,5.256402090045467,-0.06971274044310903,0.2767586894210338
2016-02-29,0.0,5.131388340087036,5.159824668156073,-0.0339904538290944,0.27726976785817997
2016-03-01,0.0,5.117024604285436,5.242868801694063,-0.1304095673362401,-0.088127649967478
2016-03-02,0.0,5.084515566831659,5.209679137738273,-0.09252043695922643,-0.3001051123873661
2016-03-03,0.0,5.201273877202088,5.200420648128282,-0.09468949192699391,-0.3004582165044323
2016-03-04,0.1,5.187497952011955,5.152025441225807,-0.05369651170543015,-0.3006110171065263
2016-03-05,40.0,-0.7836083005870823,5.608683206988641,0.3077710058669214,0.7175400480243307
2016-03-06,0.2,-0.9709004754962516,5.541462193851853,0.35547541306351893,0.715226911760328
2016-03-07,0.0,-1.0489480775096827,5.467581357378931,0.40168037945607615,0.707914559386649
2016-03-08,0.0,-1.142894900243029,5.4482010000885515,0.44687869404592273,0.7005922809981315
2016-03-09,0.0,-1.1754355810074923,5.405935116102712,0.4725221899579437,0.6857168567504103
2016-03-10,0.0,-1.1863928530388743,5.395365994927288,0.5158404874222672,0.6764300354567332
2016-03-11,0.0,-1.216399696304962,5.401508372686984,0.5578952266092385,0.6654504620541289
2016-03-12,0.0,-1.2636491155508123,5.32116817956971,0.5992894141693046,0.6544611590106665
2016-03-13,0.1,-1.2537603602236094,5.3027415287870525,0.6414453994977266,0.5891381410499533
2016-03-14,0.0,-1.2774527821539643,5.319041959903419,0.681648657810456,0.5723814879037381
2016-03-15,0.0,-1.299736865674076,5.311929153668588,0.7193613869334302,0.557766155761206
2016-03-16,0.0,-1.293393846684101,5.340354674933065,0.7564685152472727,0.5439125614266451
2016-03-17,0.0,-1.27141836788993,5.28950623524707,0.7932768838347707,0.5299568480285838
2016-03-18,0.0,-1.3332300271052262,5.352019059773572,0.8303388105141523,0.5156826877515149
2016-03-19,0.0,-1.3222173239896828,5.322451674150424,0.8642784482413722,0.500424062501929
2016-03-20,0.0,-1.315095425550957,5.347621031620249,0.8974014087119037,0.4367616867075208
2016-03-21,0.0,-1.3380938030945975,5.3499043993786035,0.929302035235961,0.4163371855151257
2016-03-22,0.0,-1.3098318500652588,5.310568170936637,0.9613812131508461,0.3853744947623039
2016-03-23,0.0,-1.288930329593511,5.228423374164211,0.991478388593191,0.3639166060721493
2016-03-24,0.0,-1.3793623379556015,5.293777933006641,1.0190392710875056,0.3427067204344045
2016-03-25,0.0,-1.3375911743825086,5.259863274354767,1.0427627908276862,0.30403545346370886
2016-03-26,0.0,-1.3069866975802626,5.247787656974842,1.0664008454194263,0.2808870791609947
2016-03-27,0.0,-1.28072678826931,5.223248026010685,1.0864425507563176,0.25558260811711697
2016-03-28,0.0,-1.2873920020893015,5.145817622749202,1.1057920373986785,0.23063537166758039
2016-03-29,0.1,-1.3318066765822714,5.169045806689075,0.7337417131638025,0.14729653768825654
2016-03-30,0.0,-1.3200443337770176,5.161622109276897,0.7479368283148642,0.1203534935299497
2016-03-31,0.0,-1.3505730639892604,5.178211854720601,0.7587202695260268,0.09253251412049875
2016-04-01,0.0,-1.268506850266697,4.980799653758575,0.7683653124264757,0.0649563931638615
2016-04-02,0.0,-1.2297621043566083,4.90989924183952,0.7757019258008545,0.037404585430107176
2016-04-03,2.0,-1.2229666404823158,4.947598816333767,0.8048601776553754,0.056154595359635975
2016-04-04,0.0,-1.242899707558616,4.963103997833331,0.804434455056722,0.026318887531012046
2016-04-05,0.0,-1.213969196223432,4.9535525384782115,0.8033376728801983,-0.0038332169309434985
2016-04-06,3.0,-1.19319944059208,4.9378932179125234,0.8375167506437694,0.03271223056477787
2016-04-07,7.5,-0.9853300896650528,5.061869741091247,0.8807142134555992,0.16524767749665817
2016-04-08,0.0,-1.027477990164573,5.0321482945153475,0.833238284593816,0.13165813586116487
2016-04-09,0.0,-1.0569463584481902,4.992043708426765,0.8275630781898158,0.09873748745303405
2016-04-10,0.0,-1.1246259181507363,4.967072091980075,0.820791915961844,0.0662409735339273
2016-04-11,0.0,-1.04826857263391,4.757017075190033,0.813475628610225,0.033870498182600545
2016-04-12,0.0,-1.0716802811175434,4.793429075626755,0.8043779099186669,-0.007929496278385116
2016-04-13,1.0,-1.0503599084628326,4.814322204007662,0.8049007170841626,-0.02236148519329866
2016-04-14,0.0,-1.0858707265267218,4.855032510469934,0.7930028842725433,-0.05794819452120088
2016-04-15,0.0,-1.119327967699625,4.847293742686707,0.7798272919399086,-0.0956550207239466
2016-04-16,23.5,-0.2884124859914371,5.123686796830886,1.0367143775734515,0.3143110505083081
2016-04-17,20.5,-0.20799261245583942,5.312252807401913,1.2490685196577351,0.6165510865015095
2016-04-18,1.5,-0.3646099125471889,5.332915129702983,1.2522414161337427,0.6025404100421559
2016-04-19,0.0,-0.5081520090475811,5.318099696730198,1.239672546014838,0.5649526199901478
2016-04-20,0.5,-0.6298438506905519,5.393148025047982,1.2302494143430427,0.5331994697367389
2016-04-21,17.0,-0.15414055825123987,-0.6252987167937509,1.283455660328173,0.7460260592069679
2016-04-22,0.0,-0.3367276313321999,-0.7234384812808496,1.2660987408993685,0.7029425899983396
2016-04-23,0.0,-0.4290889889254074,-0.7482053422333089,1.227985013214243,0.6614836443915947
2016-04-24,0.0,-0.5251788011146118,-0.830822081426676,0.9195625413185798,0.6202723053201623
2016-04-25,0.0,-0.6192856936455,-0.9164918797613331,0.9015474494352559,0.5753900765520991
2016-04-26,0.0,-0.7129495788004693,-0.9768971945110565,0.8768488194444118,0.5336592944979556
2016-04-27,0.0,-0.7856135374682265,-1.0354469348253534,0.8562352211875216,0.4913541098172474
2016-04-28,0.0,-0.8688634569247093,-1.1144584283620185,0.8353035183387166,0.4501954618077144
2016-04-29,0.3,-0.8929201111704728,-1.12819588241957,0.8184066691364532,0.41453946223479415
2016-04-30,0.0,-0.9396236955817852,-1.1741526256888188,0.7953876288594401,0.3743731048417738
2016-05-01,0.0,-0.9525908585223923,-1.2004222030207043,0.7716310510143425,0.3348175816323177
2016-05-02,16.5,-0.47335016379438644,-0.7546592320711196,0.9286320990391087,0.5104643330179557
2016-05-03,27.0,0.14547193022679025,-0.26047779988941866,1.185096952639055,0.7943925149731912
2016-05-04,0.0,-0.12584463915584596,-0.48520983056556266,1.1140835646751712,0.7530410000203892
2016-05-05,7.5,-0.06025233157247844,-0.42682591707495976,0.914170531625842,0.7981245901319776
2016-05-06,9.5,0.05889894703180441,-0.3097742009531803,0.8801784722135427,0.8643555324869393
2016-05-07,0.0,-0.12373797184096488,-0.4779637873749401,0.8205621974407781,0.8278070190840032
2016-05-08,0.0,-0.26847895947652756,-0.6171309194770574,0.7988939768790995,0.7923878053365456
2016-05-09,0.0,-0.40549587047503405,-0.7363834236577621,0.7770097497929995,0.7564336005788749
2016-05-10,13.5,-0.060766946481199596,-0.44667593305172915,0.8933408751440712,0.8640102829277089
2016-05-11,0.0,-0.26400703088446914,-0.5921460951806172,0.6384695293209396,0.8285997250556787
2016-05-12,0.0,-0.3512040097049345,-0.6428674572584127,0.5804881363934264,0.6038949120488495
2016-05-13,0.5,-0.4597540710585282,-0.7089516677239426,0.5657440410620413,0.3420194364178677
2016-05-14,0.0,-0.5808604776554798,-0.7986934924890629,0.4880208000529372,0.28338051816229476
2016-05-15,45.0,0.663403427397657,0.2209753117633917,0.9242245736967786,0.7425634607833603
2016-05-16,2.5,0.4285015088660934,0.05102395483402961,0.8750144392882142,0.7308618351720811
2016-05-17,0.0,0.2672275152162117,-0.10116900354662496,0.854717554132995,0.7018832742194347
2016-05-18,0.0,0.14685190250676042,-0.20001408840650836,0.8332330309874283,0.673261086694875
2016-05-19,0.0,0.05594989394085713,-0.27914001957597134,0.8120539504011078,0.646392324962015
2016-05-20,0.0,-0.015875336867630704,-0.34069581999571524,0.7567134613405622,0.6199233685241452
2016-05-21,0.0,-0.07935976130423557,-0.40135774956329956,0.6743919901264599,0.5959608431318276
2016-05-22,0.0,-0.16541900219139874,-0.4630128017637422,0.6512469040022608,0.574436211008123
2016-05-23,0.0,-0.24895744759808056,-0.5047278625576217,0.5262681744503036,0.5449292904499794
2016-05-24,38.5,0.8829386303430152,0.472146383104371,0.8717050352527577,0.8909723482628545
2016-05-25,0.0,0.6405784542114306,0.26066632759300273,0.8519094958807497,0.8700466065827546
2016-05-26,0.0,0.470660114367078,0.13785693484991904,0.8301522526346478,0.8482744943664651
2016-05-27,0.0,0.35705778933877724,0.05075781161833797,0.7825051531152312,0.825291077186855
2016-05-28,0.0,0.26226208879639423,-0.017722334516644945,0.7637188199679935,0.7691287452518708
2016-05-29,0.0,0.18731139399629648,-0.07084457648174508,0.7441935887855619,0.7494283466929929
2016-05-30,0.0,0.10525314329866649,-0.13562419954525992,0.6024422621673149,0.7302844376624781
2016-05-31,0.0,0.01966347034421306,-0.2096387446020674,0.5199920194135877,0.7134148279074366
2016-06-01,0.0,-0.04831701032601964,-0.2563101310268481,0.5038095431415914,0.6975397589474428
2016-06-02,0.0,-0.12129333746905475,-0.3160240600487614,0.4857969170935177,0.6807025641710023
2016-06-03,0.0,-0.19535720354568184,-0.38683980659928463,0.46788337585608203,0.2861028993430333
2016-06-04,0.0,-0.25521691268054586,-0.4427109719234106,0.44840046245182746,0.26704972822127937
2016-06-05,0.0,-0.29887299373526244,-0.47944520797046586,0.4276149150069889,0.24915793104982562
2016-06-06,0.0,-0.33372021537348256,-0.4998501020579736,0.4068783163382973,0.23141664091764008
2016-06-07,0.1,-0.38920058564934806,-0.5460314054737133,0.3829093103215367,0.21327851737247777
2016-06-08,0.0,-0.4785947240603998,-0.6136848517125499,0.35977133242857023,0.19383008464607526
2016-06-09,0.0,-0.5351384800543345,-0.64576331571344,0.33484569185264856,0.17321214188323605
2016-06-10,0.0,-0.6008261717419853,-0.6828816867161254,0.3075669967524528,0.15015315406723628
2016-06-11,3.0,-0.5716759177411088,-0.661046789235128,0.28412991684374717,0.15506794493953835
2016-06-12,1.5,-0.5644975104067009,-0.6577026745969822,0.2686803770002433,0.1464707432299695
2016-06-13,0.0,-0.5694587357824281,-0.6543677300774914,0.23867510041546097,0.12132644894980352
2016-06-14,0.0,-0.6277140561837596,-0.7058652910957628,0.20638203938206495,0.09325873933602802
2016-06-15,15.5,-0.3015775198211809,-0.4426585634604763,0.3009970477048729,0.20437333150010326
2016-06-16,0.0,-0.43820496746300214,-0.5522154627367889,0.26160728405539263,0.16883876682692628
2016-06-17,0.0,-0.518383469430484,-0.6100894825541933,0.22156670143723622,0.1325409569006637
2016-06-18,0.0,-0.5734993362451861,-0.6604033619511551,0.1654354496874262,0.09619297753855553
2016-06-19,0.0,-0.5737717774982267,-0.646006518597887,0.1250038238803861,0.05950893789682436
2016-06-20,0.0,-0.5846481148864285,-0.6552702683276098,0.08171600488580909,0.022922800145244972
2016-06-21,0.0,-0.6860077784484937,-0.7438683974482497,0.041241234910401325,-0.01459910006943443
2016-06-22,30.5,-0.1440002587086368,-0.26496062592253394,0.2271710564386333,0.19926405315001494
2016-06-23,0.1,-0.2984187058576251,-0.3966651383381041,0.17785619480910542,0.1579267684188648
2016-06-24,3.5,-0.31923163462653803,-0.4050385289803076,0.15637075416618995,0.14170715419004926
2016-06-25,0.0,-0.4078620558576636,-0.48295628612328234,0.10969716360700116,0.09763289191751313
2016-06-26,0.0,-0.5314058575954307,-0.6014443079964374,0.06287259443960778,0.0527103186597281
2016-06-27,0.0,-0.6620850333261159,-0.7295339892065438,-0.0017617941482247468,0.005897722779563752
2016-06-28,0.0,-0.6666852225285398,-0.7364316981024136,-0.04970733084332206,-0.040788987850262484
2016-06-29,0.0,-0.7612385130158101,-0.8087132228951859,-0.09818794800161659,-0.08828941209344207
2016-06-30,0.2,-0.8936040655247482,-0.9311572160288063,-0.14634482723751274,-0.13576181390673223
2016-07-01,108.5,0.689451057573963,0.46371669651818026,0.43821637827047694,0.5190096695007186
2016-07-02,4.0,0.26739689465956346,0.20517858892491728,0.40179166591453597,0.4741079742298761
2016-07-03,0.0,-0.010749628204573985,0.020423775685044925,0.34533987593400534,0.4189771941846654
2016-07-04,29.5,0.32532143917956224,0.33525446332138,0.4397113711731095,0.5284694634938226
2016-07-05,100.5,1.888682061003657,1.6729472568007575,0.8502689166672764,0.9634735215034721
2016-07-06,0.0,1.2242678765358608,1.209479534221638,0.7922305915936607,0.8731902963051743
2016-07-07,0.0,0.8407536764215413,0.9399435017299697,0.7348433219210877,0.8187791030287656
2016-07-08,0.0,0.5310515308280652,0.6709670258452872,0.6783845126457059,0.7647359179639943
2016-07-09,0.0,0.3266195234324172,0.49173617136259684,0.6219566092207475,0.7107510687066546
2016-07-10,0.0,0.12376237745586477,0.2992477276936855,0.5671570760134673,0.6581010165623842
2016-07-11,0.0,-0.05224551302885837,0.10125473177212188,0.5090323051282962,0.6036429688365041
2016-07-12,3.0,-0.14706786161721397,-0.009508842738763658,0.46567436246976696,0.5593656718375899
2016-07-13,0.0,-0.2889764140146358,-0.15031058184048862,0.40981783619417445,0.5060587749877676
2016-07-14,0.1,-0.422086857756052,-0.2830424547613212,0.35581163770571894,0.45521588595596296
2016-07-15,1.5,-0.46724101291733283,-0.3371064516083585,0.30972516750300666,0.3041323519427276
2016-07-16,46.5,-0.019514106923978026,0.019997692505859588,0.44658430300837654,0.3762903405345623
2016-07-17,2.5,-0.13925115525516008,-0.09354086608954863,0.40628853297382855,0.334003043096643
2016-07-18,0.2,-0.2521014401406199,-0.19565643829053267,0.3574748295441264,0.28881212591332794
2016-07-19,0.0,-0.3546683547378273,-0.284343793476594,0.30805463994882415,0.24120086343704594
2016-07-20,0.0,-0.45700309496024444,-0.37704413304228523,0.2596181781873827,0.12010955170332625
2016-07-21,0.0,-0.5366318886230241,-0.45149174824444077,0.21130161014083718,0.07626780942566955
2016-07-22,0.0,-0.6384920089668553,-0.5357557872026085,0.16287808196229306,0.032243476353314045
2016-07-23,0.5,-0.7153206043940116,-0.6158994201849323,0.1161287275218193,-0.009719890977294171
2016-07-24,0.5,-0.7749662110954453,-0.6867033181220875,0.06964352225701849,-0.050078971357621405
2016-07-25,0.0,-0.8203470362250513,-0.7437337503852417,0.023154889095662146,-0.09127489410332039
2016-07-26,0.0,-0.6623903139738498,-0.634379342902558,-0.02258435606741211,-0.1311990473732059
2016-07-27,0.5,-0.7697180931676583,-0.6732100830711508,-0.06516010760612433,-0.16755992471369843
2016-07-28,0.2,-0.9050480976270979,-0.7474207456488693,-0.1078877631507319,-0.20585124626161364
2016-07-29,59.5,-0.32189392222424057,-0.3402563769214647,0.07698550164496497,0.019733319188157517
2016-07-30,0.5,-0.45628790634126243,-0.43646389290484944,0.03764294610590383,-0.012873204735739803
2016-07-31,0.2,-0.5666722880046575,-0.5218217167636073,-0.0014500335098931636,-0.1154947481819312
2016-08-01,0.0,-0.6100700471720656,-0.5816123398416391,-0.04034144119851888,-0.26572281303304096
2016-08-02,2.0,-0.692738837987772,-0.625824275039943,-0.0716088043137234,-0.28832705343839626
2016-08-03,0.0,-0.7629486108237641,-0.6991883954306714,-0.10988370000967435,-0.3528913081820441
2016-08-04,0.0,-0.872716535182808,-0.7723093466208271,-0.14849859427246634,-0.4271298999059618
2016-08-05,0.0,-0.8906145019913891,-0.8106477603754091,-0.1869041681034159,-0.4580444958068601
2016-08-06,0.0,-0.8856039545568939,-0.8178675120851607,-0.22511355747799716,-0.4885572888420977
2016-08-07,0.0,-0.7667807484772751,-0.7553322166386659,-0.2623935746235818,-0.5172001049755112
2016-08-08,0.0,-0.9267820872952964,-0.8331800639076736,-0.2985978472690307,-0.6064400652866515
2016-08-09,1.0,-0.988767451413237,-0.8675795607728202,-0.3298319769324813,-0.6268872168162745
2016-08-10,0.0,-1.0562236599551476,-0.9095205650141149,-0.4332257389261832,-0.6509382882064393
2016-08-11,0.0,-1.081073630433758,-0.9410081000710655,-0.5482932401618326,-0.6765634145217361
2016-08-12,0.0,-1.187324763071262,-1.0080631986792807,-0.5908640772530384,-0.7004567671923235
2016-08-13,0.0,-1.1828288427308136,-1.0115551134163874,-0.6235737091161766,-0.9376695696400805
2016-08-14,0.2,-1.1971017607293732,-1.0186842520329813,-0.6582312187593263,-0.9723232113652995
2016-08-15,0.0,-1.212158704786007,-1.047363411477485,-0.6904909775835593,-0.9956196491531073
2016-08-16,0.5,-1.2991129638730694,-1.1060743522063454,-0.7205883465164026,-1.0163215413506523
2016-08-17,0.0,-1.3959132582166385,-1.171856376430145,-0.7525516691749574,-1.0390891014024615
2016-08-18,0.0,-1.4194114963755124,-1.2029000643502734,-0.7839245775647583,-1.0610797972058323
2016-08-19,11.5,-1.3074476306740974,-1.144823130712791,-0.7679310980740808,-1.0261278080485234
2016-08-20,0.0,-1.421253535229029,-1.2344944973253837,-0.7977878622134706,-1.0472197474578107
2016-08-21,0.0,-1.493670180638306,-1.2965836823665204,-0.830984322763605,-1.0685120233262586
2016-08-22,0.4,-1.438681414787733,-1.2755209468136652,-0.8584232602005882,-1.2762026857411413
2016-08-23,8.0,-1.2682567691286444,-1.1720674207849777,-0.8543390055951563,-1.2547975050008842
2016-08-24,0.0,-1.4254970993281035,-1.2620112424641625,-0.8823701374696257,-1.2737367825176358
2016-08-25,4.5,-1.4402609218733482,-1.2570667407251952,-0.8918664329335075,-1.2700154627983302
2016-08-26,20.0,-1.2273391295549176,-1.114772888646204,-0.8544309962680436,-1.1914701237002254
2016-08-27,0.0,-1.4094213209843254,-1.256949800770304,-0.8800271693180365,-1.210720844467668
2016-08-28,1.5,-1.4355684441678342,-1.3108690196362431,-0.8988766680496556,-1.222139520484272
2016-08-29,0.0,-1.4974904382339485,-1.349906310669944,-0.9227813979905318,-1.2404813439571465
2016-08-30,0.0,-1.597884730118893,-1.4356051065822628,-0.9462331447534075,-1.258661523466888
2016-08-31,17.5,-1.4719896362324032,-1.355226693823964,-0.9000653219798341,-1.1929489452385664
2016-09-01,0.0,-1.426033653474962,-1.3752434274617373,-1.0830597669593356,-1.2111655964684425
2016-09-02,4.5,-1.5207430609063248,-1.4045076605717721,-1.087988498540805,-1.2071005900236673
2016-09-03,0.5,-1.61537207633766,-1.4699187299417784,-1.1079340434757463,-1.2215154968048154
2016-09-04,0.0,-1.4520300791861283,-1.3550957061142928,-1.128633983883554,-1.2366544422072931
2016-09-05,0.0,-1.5449137852391293,-1.417762459132657,-1.1475475206182857,-1.2502430446504915
2016-09-06,0.0,-1.6185222782482156,-1.4701788371965065,-1.1657955358859744,-1.2632915616110483
2016-09-07,0.0,-1.6247666218086219,-1.4919264237314684,-1.1831142181450178,-1.2760718321544564
2016-09-08,4.5,-1.4153881768440422,-1.380948826873301,-1.1822133066724083,-1.2664789172352475
2016-09-09,0.0,-1.3380544087567725,-1.3484206277437152,-1.1985747362427963,-1.2902727309953335
2016-09-10,0.0,-1.1577828700851587,-1.217934534710694,-1.2129373463394724,-1.3058620042333486
2016-09-11,0.0,-1.3090963713482402,-1.288218762408142,-1.2262065634872807,-1.3125142792847455
2016-09-12,2.5,-1.3887833217892271,-1.3271809260037613,-1.227507044103239,-1.3040860192373485
2016-09-13,0.0,-1.4668874702885477,-1.3778554644339247,-1.2368416888595903,-1.3762513962939102
2016-09-14,0.0,-1.5233668734701067,-1.4133451757346285,-1.2458786932550536,-1.3715533758943506
2016-09-15,0.0,-1.5536761289557088,-1.440580620613183,-1.254742258951516,-1.3650994707751494
2016-09-16,0.0,-1.5649963196096315,-1.4674321169513493,-1.262490502578494,-1.3562512183687319
2016-09-17,7.0,-1.4331285299032739,-1.3669497905611803,-1.2399672324970208,-1.3111781706008294
2016-09-18,0.0,-1.5075669653809978,-1.412688471885562,-1.244527454830425,-1.2964512837151059
2016-09-19,0.0,-1.509210961313854,-1.4197898538038103,-1.2489563565323214,-1.2814083082084853
2016-09-20,0.0,-1.2502901169229894,-1.2717294837617568,-1.2532269655039197,-1.4094554213254786
2016-09-21,0.0,-1.4172442142239738,-1.3439203884812803,-1.257178468343381,-1.3905496299682583
2016-09-22,0.0,-1.5045218010218016,-1.3807028380552189,-1.2607251367518066,-1.3856255448496855
2016-09-23,0.0,-1.5475790660325823,-1.3997800085369707,-1.2642898992681473,-1.3634898275229883
2016-09-24,0.0,-1.5976343903755739,-1.4259800102088915,-1.2673861124375447,-1.3393276901126059
2016-09-25,0.0,-1.6355993464139504,-1.4527045588791718,-1.270219912748738,-1.3123199254357287
2016-09-26,0.0,-1.638835556360484,-1.460079513263269,-1.2730187848729475,-1.2847203126939222
2016-09-27,13.5,-1.4934005810580544,-1.3523843767582735,-1.222182333361694,-1.193009996761051
2016-09-28,0.5,-1.533084899738948,-1.374504647191245,-1.2219027911525349,-1.1600337246925823
2016-09-29,0.0,-1.5017757823289077,-1.367050901618825,-1.2228777787915925,-1.6614904385290716
2016-09-30,0.0,-1.5164393692079217,-1.3832998490243362,-1.2312829250298192,-1.6456987095971045
2016-10-01,0.0,-1.5359540844707262,-1.3966151767703203,-1.2315217435815162,-1.6079898428478128
2016-10-02,18.5,-1.2916925513530602,-1.2178485175590672,-1.159431770195205,-1.630400217889832
2016-10-03,6.5,-1.2648754757365268,-1.200347698369633,-1.1458930000082646,-2.1687927599360415
2016-10-04,0.0,-1.3272283308315687,-1.2518449502127267,-1.1741943831520332,-2.127759241256567
2016-10-05,0.0,-1.3715749640028472,-1.2860474642774689,-1.1730038469774113,-2.083715972929454
2016-10-06,0.0,-1.386165195867204,-1.304813936883506,-1.1714026266571729,-2.040091269705954
2016-10-07,2.0,-1.3825778969250337,-1.3048745221098923,-1.1617957342295098,-1.977871724009601
2016-10-08,6.0,-1.3123366182418863,-1.2525188013426447,-1.137105629908746,-1.8899184130671933
2016-10-09,0.0,-1.3286471033281064,-1.275140818948265,-1.1349561305632887,-1.8389511720468672
2016-10-10,0.0,-1.3765835191453852,-1.3108764530691768,-1.1365275337181358,-1.8062474918634075
2016-10-11,0.0,-1.3619805555054418,-1.323874112783306,-1.1346388518954447,-1.7540564870114548
2016-10-12,0.0,-1.396306957771234,-1.3493477894326251,-1.132401594042318,-1.7029976721018485
2016-10-13,0.0,-1.4040491000219082,-1.3538958333806037,-1.2207225471634038,-1.6619924486731168
2016-10-14,0.0,-1.4188888461790867,-1.357349319986864,-1.2992159736038444,-1.9293808435111495
2016-10-15,0.0,-1.4418108029617696,-1.3737396991921063,-1.3030181372186949,-1.8986923706587406
2016-10-16,1.5,-1.455117437513189,-1.3792445083547087,-1.2942893527931718,-1.8402656778756064
2016-10-17,0.0,-1.474145387913959,-1.3918753236911003,-1.2930118564179267,-1.7931333491732813
2016-10-18,0.0,-1.5199795104343021,-1.4225004270404986,-1.3574368125587344,-1.7494421762927979
2016-10-19,0.0,-1.5362165910082262,-1.4275050194157424,-1.3533389543759589,-1.707371194770877
2016-10-20,0.0,-1.542989502511809,-1.4360210656634076,-1.349141946051392,-1.6647004772641423
2016-10-21,0.0,-1.5671579478919486,-1.4471620608424582,-1.3448630307806337,-1.6280402858159386
2016-10-22,0.0,-1.5710973449661896,-1.4529936869814553,-1.3402845825276728,-1.5936712489615144
2016-10-23,2.5,-1.5342305093960267,-1.4258614159530754,-1.325352615852957,-1.5400120213606068
2016-10-24,0.0,-1.5651114683083214,-1.450833481899303,-1.319578661370537,-1.5047970861193476
2016-10-25,37.0,-0.8482904507034343,-0.9387093806798859,-1.1673294113465327,-1.227061263331104
2016-10-26,0.0,-0.9520074447829672,-1.0159008857585599,-1.1629714005358194,-1.1933005474769898
2016-10-27,0.0,-0.9971423209275451,-1.0540510271519483,-1.1565464499217546,-1.5715066508534465
2016-10-28,0.3,-1.0467497416859235,-1.088338030104825,-1.1489735839196134,-1.536817225132243
2016-10-29,0.0,-1.0945071883085105,-1.1208913638993812,-1.2074678183005698,-1.5025283975265737
2016-10-30,0.0,-1.1253870282920762,-1.1372179070161654,-1.3087613882857732,-1.4664411330098086
2016-10-31,0.5,-1.1443947944250648,-1.1481917127942325,-1.3005256411972963,-1.4410044665814452
2016-11-01,0.0,-1.1597194244134983,-1.1595145562549147,-1.3252265376955337,-1.4042296534657603
2016-11-02,0.1,-1.185970808663854,-1.1811656838464462,-1.358281361259983,-1.3653697710733677
2016-11-03,0.2,-1.2088414244936667,-1.2106660839261243,-1.351574879274569,-1.3260908424792044
2016-11-04,0.0,-1.2113024607653742,-1.2229694708775138,-1.345873314417151,-1.2896454330684863
2016-11-05,0.0,-1.21237114101554,-1.2272478857318831,-1.3398688483312569,-1.2534301431451502
2016-11-06,0.0,-1.2165964868703714,-1.2275866805567845,-1.3894208758360078,-1.2180437745821182
2016-11-07,5.5,-1.1319564619367515,-1.1604539484165595,-1.360701285748064,-1.1499827751279146
2016-11-08,0.5,-1.170971123596425,-1.1869420232592793,-1.3526812844432998,-1.1123686813392557
2016-11-09,0.0,-1.227256970086458,-1.2246886272940574,-1.3491798106987463,-1.0790777548269048
2016-11-10,0.4,-1.2397513086044747,-1.2317091714923771,-1.3415002212879283,-1.0425173954088889
2016-11-11,4.0,-1.1449486773651878,-1.1588153705590176,-1.5074450391750727,-0.9784757173169454
2016-11-12,0.0,-1.1551070519883293,-1.1702020226070473,-1.5121101273213995,-0.9472350836936926
2016-11-13,0.5,-1.186449855199614,-1.1939838613536018,-1.5035238346827366,-0.910544938036608
2016-11-14,1.5,-1.1762581130586711,-1.1916061007658225,-1.4905599263476743,-0.8696139382965117
2016-11-15,0.0,-1.1960329985566436,-1.2074775239544646,-1.4842970035642589,-0.8335514829113376
2016-11-16,0.0,-1.2141550477366758,-1.2285103902400287,-1.4781313316548181,-0.7967938034501694
2016-11-17,0.0,-1.2270513685808484,-1.2432086030407687,-1.4723198288091497,-0.8537803897371714
2016-11-18,0.0,-1.2382004745800508,-1.247553587957262,-1.4672581778748066,-0.8173545845374788
2016-11-19,0.0,-1.2056675976997513,-1.2412807985417833,-1.4625995725330343,-0.7799804292062104
2016-11-20,0.0,-1.2622980608802785,-1.2804111333244526,-1.6256196629437065,-0.7472469426301184
2016-11-21,0.0,-1.2739381044822022,-1.28727879846788,-1.62047635871402,-0.7800785323820975
2016-11-22,0.2,-1.272837684939618,-1.2871665342418146,-1.6140538541819809,-0.7419684298343704
2016-11-23,0.0,-1.2935647089663735,-1.303933771930675,-1.609129147135297,-0.7457218055251106
2016-11-24,0.0,-1.2922583629281825,-1.3070355883215523,-1.605067022884832,-0.8974846954830107
2016-11-25,0.0,-1.3219040190541465,-1.332230817250876,-1.600911409725342,-0.8610092385206074
2016-11-26,2.8,-1.266673994633822,-1.307990365414473,-1.5843898575047277,-0.812600360664721
2016-11-27,0.0,-1.277823562663959,-1.3128335671965836,-1.5810452159730641,-0.7773427828628535
2016-11-28,0.0,-1.295161699779646,-1.330498447064923,-1.5774403550718028,-0.7435524234812005
2016-11-29,0.0,-1.2939769596564352,-1.3324770960833947,-1.5731873461257744,-0.8999523472865134
2016-11-30,1.0,-1.267790463417348,-1.3178285028378236,-1.5650685694179225,-0.8569328569658481
2016-12-01,0.0,-1.2568113376721324,-1.3103368946982106,-1.5604470894644724,-0.8786719328319375
2016-12-02,0.0,-1.2561770125066958,-1.3126698273920345,-1.555542689696388,-0.8549056339273962
2016-12-03,0.0,-1.2850555206254093,-1.33040345151592,-1.5500964210426371,-0.8252199871488677
2016-12-04,0.0,-1.2993932071431025,-1.3454686969392222,-1.5449586380850802,-0.7915942691439839
2016-12-05,1.5,-1.2643351395797051,-1.3257129546125155,-1.532721226703728,-0.7394415166469662
2016-12-06,0.0,-1.2711897313930152,-1.3370006256188498,-1.527239009361299,-0.7074156014508505
2016-12-07,0.0,-1.2766478214277106,-1.3471164230490016,-1.520863235108336,-0.7339756821145087
2016-12-08,3.0,-1.2209104635019536,-1.3046221809512173,-1.5137007628588963,-0.663333424483684
2016-12-09,3.0,-1.155846331315698,-1.2554195029031272,-1.499455692935296,-0.5927417312180384
2016-12-10,0.0,-1.1745938219521455,-1.2697795772288631,-1.4911804398019919,-0.5609412585280877
2016-12-11,0.0,-1.1947456526271125,-1.2844005642806178,-1.4825160920709548,-0.5639892885646932
2016-12-12,0.0,-1.1991628546989765,-1.2895445748249998,-1.5404690838889232,-0.5322387952504091
2016-12-13,0.0,-1.1906908526108808,-1.29022231802315,-1.5260998963238137,-0.4991159232082353
2016-12-14,0.1,-1.1646729848687118,-1.2773561235133564,-1.5099200674994706,-0.4637640745191107
2016-12-15,0.0,-1.1805587030551374,-1.2901805686655694,-1.4929269441453121,-0.42941297250242483
2016-12-16,0.0,-1.1757216076709982,-1.2933145166346238,-1.4866317400100286,-0.515794864847766
2016-12-17,0.0,-1.1860232155644554,-1.2995500163263984,-1.466745135745815,-0.4847788458525726
2016-12-18,0.0,-1.1918015360434644,-1.308461148405893,-1.4463882407054331,-0.4534154139073953
2016-12-19,0.1,-1.1900263188909928,-1.3046568684345372,-1.5643243967444573,-0.4207241618311154
2016-12-20,0.0,-1.1866212296968135,-1.3016893635096094,-1.5416479398419427,-0.3907494286585682
2016-12-21,29.0,-0.398111083516524,-0.6691136538869785,-1.3992182086172615,0.07979790673865379
2016-12-22,23.5,0.14555439321865796,-0.23490701096888386,-1.268951085372771,0.4349179687147639
2016-12-23,0.1,-0.004590211735468723,-0.35340530490806205,-1.2421299215465096,0.4748793315344594
2016-12-24,0.0,-0.0863357180490997,-0.41534957868250916,-1.2121177329960342,0.5126720363747767
2016-12-25,0.0,-0.13890208409661273,-0.45540173409706475,-1.1801847689580192,0.5472148281129705
2016-12-26,0.0,-0.17700747566527386,-0.4862286208310846,-1.1464383200877593,0.3976973055375625
2016-12-27,0.5,-0.19698420535190359,-0.500625962480021,-1.109912719469774,0.43161842211810697
2016-12-28,0.0,-0.22773691660438075,-0.5261693333392191,-1.5567670096108854,0.46454891297219997
2016-12-29,0.3,-0.1675849635778155,-0.5418892721291152,-1.5326345667201882,0.5025845234875361
2016-12-30,0.0,-0.20167982137091375,-0.5698899021618262,-1.492387026255244,0.5376338277265733
2016-12-31,0.0,-0.37746002878059964,-0.9855003634371876,-1.5936001385577299,0.28461441221114886
2017-01-01,0.0,-0.25658105231564815,-0.6258310126283727,-2.085978130491776,0.20580474142235686
2017-01-02,0.3,-0.2658103292282795,-0.6369645453693553,-2.039267917903552,0.23855248354789366
2017-01-03,0.0,-0.35743026492906305,-0.6535099051678328,-1.9937279292942551,0.26429316700012295
2017-01-04,0.0,-0.36458745320806474,-0.6659916701329962,-1.9469577616122882,0.2846333853747534
2017-01-05,0.0,-0.35756439773284704,-0.6767363569112407,-1.8999040326220127,0.27051795167046366
2017-01-06,0.0,-0.34390362367147903,-0.6670271561800455,-1.8496104627161112,0.1848886401540677
2017-01-07,0.0,-0.3725760309259238,-0.6299557217769457,-1.7990536441922533,0.20569193604240546
2017-01-08,0.0,-0.3657234701505937,-0.6833237469582489,-1.7628641000302454,0.22688130620384434
2017-01-09,0.0,-0.35463882690505455,-0.6746150802190393,-1.707974378921842,0.24733107982851527
2017-01-10,0.0,-0.35221907800315166,-0.6565214812359219,-1.652559113012722,0.26823926447191904
2017-01-11,0.0,-0.36181667893982744,-0.6653406222545605,-1.606339597895184,0.2897568070501139
2017-01-12,0.0,-0.3645680757460859,-0.6662103230963167,-1.814780880100245,0.3101829263119033
2017-01-13,0.6,-0.3425360497718946,-0.6412754704580369,-1.7738255534537686,0.3401295209626907
2017-01-14,0.0,-0.3519879490048263,-0.6447858724184482,-1.7226837181684505,0.33098578793219835
2017-01-15,0.0,-0.36065073676045606,-0.6426597832972721,-1.6714947006981973,0.34958756233013577
2017-01-16,0.0,-0.36260100994617345,-0.6439923276098217,-1.6346974681108977,0.36027230355535655
2017-01-17,0.0,-0.3616658184319623,-0.6367694742927594,-1.590006123460829,0.37757696840816063
2017-01-18,0.0,-0.36295226139708064,-0.6332515106154867,-1.5457132098342081,0.3957689940541855
2017-01-19,0.0,-0.3686993855918674,-0.6362225642085696,-1.5040358095387711,0.41431201574769105
2017-01-20,4.0,-0.2391562573965671,-0.5344462112738098,-1.4409703858410212,0.5097970008242125
2017-01-21,2.1,-0.18915607406139534,-0.4950043345047665,-1.3881118467610984,0.5234978398592786
2017-01-22,0.0,-0.21580514747213844,-0.5132733202145394,-1.3472999690171577,0.5474573524015474
2017-01-23,0.0,-0.22990144695752535,-0.5229132539518602,-1.3094799932097039,-0.21250159396576523
2017-01-24,0.0,-0.23225948920665343,-0.5162591617725588,-1.270471601953655,-0.1901138138324138
2017-01-25,0.0,-0.23457915052272696,-0.5133902163664746,-1.5843770710825926,-0.16744039844493516
2017-01-26,0.3,-0.22460586599796037,-0.504159979881261,-1.5451203561637767,-0.14528406825504064
2017-01-27,3.0,-0.12208892264438857,-0.42616795070291924,-1.4854016758494888,-0.04937143098611079
2017-01-28,0.0,-0.13650811012283767,-0.4352479142216269,-1.4448651618540649,-0.02584292020458154
2017-01-29,4.5,0.00885669781892899,-0.31973671799838993,-1.387485949063393,0.09316263012940479
2017-01-30,0.1,-0.01715244736946273,-0.33977702796966247,-1.3461913448641207,0.12010587753779622
2017-01-31,0.0,-0.03536214088995669,-0.35543085296910903,-1.306272464180765,0.14177897710201254
2017-02-01,0.0,-0.04636939906255537,-0.3591858068794282,-1.2664920636844732,0.16117243660561356
2017-02-02,0.0,-0.05492950525389589,-0.3685085659681412,-1.227085437284479,0.18797674602208125
2017-02-03,0.0,-0.05794690177976757,-0.3720351377629095,-1.188611450148319,0.21533637459279809
2017-02-04,0.0,-0.056148317538128406,-0.368259413882557,-1.1502096356221623,0.24155397380999136
2017-02-05,0.5,-0.037496541940810105,-0.351491570792369,-1.115610504313183,0.14530648420142442
2017-02-06,0.0,-0.037144179220849255,-0.3489919504315514,-1.0786774477013052,0.15876248214688882
2017-02-07,0.0,-0.03812881768945314,-0.34867511880757013,-1.0413838137936782,0.18415114854319742
2017-02-08,0.0,-0.04158883341643757,-0.349874483174688,-1.0032237435521176,0.19937663354895574
2017-02-09,0.0,-0.04667503745757136,-0.3536554824023377,-0.9663238745953542,0.12339641426049064
2017-02-10,0.0,-0.05425065657608057,-0.3604688781537995,-0.931659540190939,0.14863607308188
2017-02-11,0.0,-0.06453427824400067,-0.3678118926175192,-0.894876696830939,0.16103370211991425
2017-02-12,0.0,-0.06522072226798789,-0.35116108849132976,-0.8606126736409504,0.14770197399436877
2017-02-13,0.0,-0.06360396695741331,-0.33903794664749687,-0.8216270682492268,0.17378197098754347
2017-02-14,0.0,-0.0726627472745465,-0.34267693994247933,-0.7821895568059227,0.1971634088402948
2017-02-15,0.0,-0.07579920407261065,-0.34469184069016706,-0.8211238374485835,0.21941823266413252
2017-02-16,0.0,-0.0784953096442308,-0.34224698315254043,-0.7842210060047289,0.2402251233860412
2017-02-17,4.0,0.03800129633794429,-0.24297492157603692,-0.7177559871580029,0.36421832764765427
2017-02-18,0.0,0.025935689226196865,-0.2503717867701289,-0.6820073797086018,0.38329314458380165
2017-02-19,1.0,0.05004989910516758,-0.23406784967396757,-0.6944662417162063,0.42507957962937515
2017-02-20,0.5,0.056918692118617685,-0.2323200868534265,-0.654613301529208,0.446389774650253
2017-02-21,0.0,0.05005441888523658,-0.23495305288195417,-0.6514104398502685,0.4581744239714074
2017-02-22,5.1,0.19508838999101966,-0.11323103697095581,-0.7294792968549281,0.5888891553158623
2017-02-23,0.0,0.16148394986579578,-0.13816708627643276,-0.6934549815174199,0.5941360426174439
2017-02-24,0.0,0.1510657980265465,-0.14471026835434117,-0.670526829649841,0.5311137720225467
2017-02-25,0.0,0.1423448503287153,-0.15208934648027564,-0.6369582601439352,0.5337515255734732
2017-02-26,0.0,0.132082603239818,-0.15363963079238,-0.6036190183087158,0.5340458388456799
2017-02-27,0.0,0.11936319995858519,-0.16325640822546114,-0.7204766018661056,0.5333615416394729
2017-02-28,0.0,0.11374009262802764,-0.15979284576841427,-0.6906290132390931,0.5088189852019714
2017-03-01,5.0,0.2479605696409602,-0.038593398001222703,-0.6574389190760959,0.6239962165724005
2017-03-02,0.5,0.2443736941978995,-0.04464631256886765,-0.6284602565310111,0.6326918617152092
2017-03-03,0.0,0.2360420182317176,-0.05663977927559082,-0.5993780937010941,0.6306179374909112
2017-03-04,0.0,0.26093577593660344,-0.06114934035253577,-0.5698479705360258,0.628280511546827
2017-03-05,0.5,0.29740779569479275,-0.058024787577647015,-0.5324000361850947,0.599662408749695
2017-03-06,0.0,0.4697863977147321,-0.06209464777952132,-0.5002951853972769,0.5938345693091326
2017-03-07,0.0,0.4890711992937202,-0.06631437802068552,-0.5147825184477384,0.5875300495260551
2017-03-08,0.0,0.5122064546608135,-0.06844796021516181,-0.48458401192398953,0.5124128723249037
2017-03-09,0.0,0.5242784142183937,-0.06647382958785156,-0.4561524906675363,0.43552649898922
2017-03-10,0.0,0.509730525245294,-0.06624955737265739,-0.42908253027822757,0.4270883193131636
2017-03-11,0.0,0.510863533563846,-0.06665229297117228,-0.43061989203696277,0.4171572865456139
2017-03-12,0.0,0.5188496284291458,-0.06969933901260446,-0.40526943778164964,0.4056524575726246
2017-03-13,0.0,0.5510349297239012,-0.06525984466905378,-0.37934382297846103,0.39399016046045443
2017-03-14,0.0,0.5702683692409964,-0.056720094556234606,-0.35363844612696516,0.37833652267013335
2017-03-15,0.0,0.6075479904262862,-0.04805943247346874,-0.32920017485937714,0.3635583486290728
2017-03-16,0.0,0.6253308143662714,-0.03910414287986703,-0.3903394988443264,0.3480333518452897
2017-03-17,0.0,0.6438163628644071,-0.01627730019646054,-0.36864540867459983,0.33323508847364525
2017-03-18,0.0,0.6429815194543614,0.0016433413710711896,-0.3477458427172202,0.31823254688790675
2017-03-19,0.0,0.6777971212794632,0.015440540027748492,-0.3262639841643664,0.3002289956860806
2017-03-20,0.0,0.674077865530797,0.029244524286030936,-0.3066180529618561,0.2835047574012909
2017-03-21,0.0,0.6733503827183994,0.044034201806175864,-0.28862679392447466,-0.5472055563210663
2017-03-22,0.0,0.6678803138526913,0.037011607364927,-0.27242696608008526,-1.483969197206484
2017-03-23,0.0,0.6522628719271575,0.03493796961274405,-0.2570231314183486,-1.5137412052608064
2017-03-24,0.0,0.6350958236814817,0.030640990671654933,-0.2413625228099425,-1.5384492963656409
2017-03-25,0.0,0.6728793744226129,0.027233129152275333,-0.22657016132446223,-1.564178551915579
2017-03-26,0.0,0.652544758497429,0.0249412150044105,-0.40467318890949366,-1.590955305167206
2017-03-27,0.4,0.6720177067114245,0.03816698927493155,-0.3956929609255854,-1.6274452033255982
2017-03-28,0.0,0.6647989354420683,0.0373535763321329,-0.3866029863670514,-1.6525690644426407
2017-03-29,0.0,0.6771673997015514,0.036963407376508495,-0.37911826403928883,-1.6880414375904262
2017-03-30,0.0,0.7149968636976228,0.03850737317122137,-0.37174763137554323,-1.7086424874843116
2017-03-31,1.5,0.7772271164733474,0.07173181447565584,-0.6302164652380174,-1.6594818530751225
2017-04-01,1.0,0.805567996496702,0.08489190464588775,-0.7162868325625584,-1.6406650836588068
2017-04-02,0.0,0.7200253808660151,0.06924129192542684,-0.7136818662866395,-1.6799702725141772
2017-04-03,0.0,0.6490296804600192,0.05884714561723719,-0.7120281926167723,-1.7024476627178031
2017-04-04,0.0,0.6206547754382601,0.0474099690700571,-0.7120939678299917,-1.7266955844950516
2017-04-05,37.5,1.941363560599469,0.8451021715038174,-0.16066609804323076,-0.4528350286122792
2017-04-06,3.0,1.77056514161602,0.7897263431435941,-0.20878262141978707,-0.4011496829123234
2017-04-07,0.0,1.7381065599422247,0.7075670250778154,-0.2133212597747932,-0.4332969321057268
2017-04-08,0.5,1.7413976941826266,0.6674898740082791,-0.2116086177810105,-0.45248802141979494
2017-04-09,0.5,1.7103168057447673,0.6436521598517493,-0.20963928982686886,-0.46985938778196734
2017-04-10,0.0,1.6627921263207814,0.6078632231418534,-0.21494588539607243,-0.4996999144294249
2017-04-11,0.0,1.6586467406310204,0.5800496604779607,-0.22116914471600738,-0.5267104956371403
2017-04-12,0.0,1.4533074547972915,0.5329456182360003,-0.22874335420429573,-0.5548348005262773
2017-04-13,0.0,1.4214071333414913,0.5212138927225495,-0.23815334527551643,-0.5997764523573667
2017-04-14,6.0,1.618651749388617,0.6324789617146389,-0.1838694724740293,-0.4829933427765054
2017-04-15,0.0,1.614620236331287,0.6175812672736375,-0.19715318154310732,-0.5160442693390457
2017-04-16,0.0,1.642193808961411,0.5998651273104599,-0.21136246546868118,-0.5494552299467733
2017-04-17,5.5,1.870290887119979,0.6714416269763449,-0.1469818743399543,-0.45458923348676666
2017-04-18,7.5,2.1141900618100133,0.7617331163168976,-0.05617284163167776,-0.3238213019853531
2017-04-19,0.0,2.0002105009993727,0.7308171601262732,-0.07191825722022162,-0.3577259784935887
2017-04-20,0.1,1.8816233592126181,0.7230422669552763,-0.08593341041308862,-0.4754357707395259
2017-04-21,0.0,1.8768806808854237,0.7239700418997043,-0.1380520153991403,-0.5555931843539123
2017-04-22,0.0,1.8235474887373437,1.0948371704257058,-0.1532592572043132,-0.587841286829522
2017-04-23,0.0,1.6971646227920114,1.055678666578394,-0.731179502362582,-0.6205039577238178
2017-04-24,0.0,1.4552038830853857,0.9794091025423666,-0.7465911900087359,-0.6538653498617704
2017-04-25,0.0,1.4364121287503884,0.9549890790366036,-0.7619976865212146,-0.6867955267664676
2017-04-26,0.0,1.4363167286140783,0.9454539647514216,-0.7843401144872016,-0.7273794069900306
2017-04-27,0.0,1.4156157629229549,0.9017516958251033,-0.8026365650232982,-0.8259118768846085
2017-04-28,0.0,1.3404207208545196,0.850964633593776,-0.8215734509577849,-0.8599094552065295
2017-04-29,0.0,1.3038378395618455,0.8257051399617613,-0.8480805096540048,-0.9937475758952243
2017-04-30,0.0,1.1937814447023123,0.7564918046799562,-0.866593568776434,-1.030451765929303
2017-05-01,0.0,1.1225078939165767,0.7127822090251228,-0.8856045630430731,-1.0629323170560931
2017-05-02,0.0,1.0699457955904157,0.6908926413009407,-0.9052578267249867,-1.0945089261650025
2017-05-03,0.0,1.07273843905325,0.6536138286647484,-0.922370583224749,-1.1273066864513632
2017-05-04,0.0,1.0381097461231839,0.6243945481603937,-0.9397900122317547,-1.1610302237791355
2017-05-05,0.0,1.0038458316775938,0.5807690967690442,-0.9581074767982264,-1.1945368485241143
2017-05-06,0.0,0.8749164120667694,0.5144019087090036,-1.0639254199885002,-1.2383435578584545
2017-05-07,0.0,0.7523069394172509,0.4463509932477241,-1.0887523998726645,-1.2725915778586436
2017-05-08,0.0,0.7135498691784523,0.40599689358082197,-1.1035534021948943,-1.3047523500928657
2017-05-09,2.5,0.8284419258849903,0.4699576091771637,-1.0851430073131247,-1.282121526799712
2017-05-10,2.5,0.9329282822504127,0.5237009688921105,-1.125491515157951,-1.2620267922934518
2017-05-11,0.0,0.8591595416504715,0.4485109166732282,-1.1416575781594789,-1.2956952861552358
2017-05-12,0.0,0.7367173455076186,0.3624034616841076,-1.1655017230831435,-1.328953939135438
2017-05-13,6.0,0.7637978697734555,0.44161658420506605,-1.1098017049923241,-1.2382733768514442
2017-05-14,0.0,0.6691121176673318,0.35268522443233774,-1.1245809151830275,-1.268626434444648
2017-05-15,0.0,0.6302482890055336,0.3005552716379082,-1.1367003028970992,-1.2953942419577817
2017-05-16,0.0,0.552822172811567,0.2643927722719973,-1.1470745820800445,-1.3210162156274254
2017-05-17,0.0,0.47668913514023914,0.22492004527325538,-1.1582029024377571,-1.3423610963566794
2017-05-18,0.0,0.46008354595906237,0.20442544793905962,-1.1704985343466658,-1.4457693943563665
2017-05-19,0.0,0.4429627915816624,0.19513288688262412,-1.182302959533919,-1.4694191606314295
2017-05-20,0.0,0.44632463814999535,0.19669763591012057,-1.1947307448745716,-1.5153543229701865
2017-05-21,0.0,0.45588480960950933,0.2060012615190339,-1.2115865346804704,-1.55238981259871
2017-05-22,0.0,0.4762722020196264,0.21534359348639412,-1.2238511825259117,-1.5757001422408587
2017-05-23,5.0,0.6298083884854218,0.359610718826301,-1.1634539755914481,-1.5982946092643031
2017-05-24,0.1,0.594415040494351,0.3284472973979146,-1.1756577774764054,-1.615782500655189
2017-05-25,0.0,0.5387967466096926,0.32200808307924567,-1.231425776345978,-1.6372303318321006
2017-05-26,0.0,0.5183223765131703,0.310653294563273,-1.245846396479898,-1.6565290541273892
2017-05-27,0.0,0.48642535700997247,0.3089494517904284,-1.2598330471947583,-1.6716847002484003
2017-05-28,0.0,0.47618737046773085,0.31070232221776,-1.272234916309639,-1.6836816853493959
2017-05-29,0.0,0.4633907174938955,0.31293511382394573,-1.2971905569031117,-1.6942085119706427
2017-05-30,0.0,0.4574800320477523,0.32014394845329025,-1.3071801550593498,-1.8082333514644278
2017-05-31,0.0,0.44195146261340457,0.3161687649334474,-1.3183554376184408,-1.829683060342571
2017-06-01,0.0,0.41245414568929517,0.29207931007562454,-1.3302797017731847,-1.8433391396144754
2017-06-02,0.0,0.3646445850737631,0.2615178090523521,-1.3450448283230223,-1.8602519473607586
2017-06-03,0.0,0.34212950124414393,0.23688346459359994,-1.3823839393174011,-1.8898592472603357
2017-06-04,0.0,0.33744664576713745,0.22866560795178215,-1.3959105908702536,-1.9055188898691295
2017-06-05,0.0,0.3445215403008827,0.23133257227650694,-1.407232145162299,-1.9179193541836077
2017-06-06,15.5,0.8919100882948183,0.7151153782047659,-1.2422330270264652,-1.6216277109723458
2017-06-07,12.5,1.175879619599221,0.9831049253577905,-1.126935287838073,-1.4112967529802551
2017-06-08,0.0,1.0809123918272023,0.8996022536777271,-1.1429933123350802,-1.4265357806907422
2017-06-09,0.1,1.0606967030647625,0.8724246811898133,-1.1571787143233565,-1.4401821241295358
2017-06-10,4.5,1.1312297992802502,0.941338796755219,-1.1140856848512275,-1.3803168371574788
2017-06-11,0.0,1.0644889664985233,0.8563733369690425,-1.131021825423523,-1.396472910041707
2017-06-12,0.0,0.9822912418600188,0.7921516156196095,-1.1493318336573815,-1.4114134205727813
2017-06-13,0.0,0.8814852240606916,0.721735811376728,-1.1667288027608795,-1.4281405748369833
2017-06-14,0.0,0.7884053731841723,0.651041824523233,-1.1853236792339705,-1.4453376996099871
2017-06-15,0.0,0.7854482481003368,0.6454478415889526,-1.2058775379221847,-1.4648627566785635
2017-06-16,0.0,0.7694792484370782,0.624365377475435,-1.2275015303271348,-1.4852160360266407
2017-06-17,0.0,0.7384001490967059,0.5889816461350096,-1.2515532271343224,-1.511102379030918
2017-06-18,0.0,0.6210227457988274,0.5051308816066559,-1.2745717817237643,-1.5367686044389317
2017-06-19,0.0,0.48913063679173535,0.4042419829946227,-1.6598370725777045,-1.56280115135639
2017-06-20,0.0,0.3656928314212996,0.3005391634925936,-2.0041221673001766,-1.5902628986395606
2017-06-21,0.0,0.28169022908912994,0.23112459814361663,-2.023130782751129,-1.617871745978903
2017-06-22,0.0,0.24376802742744094,0.1907213607624701,-2.0408409038463304,-1.6458742955012347
2017-06-23,0.0,0.18231209969394194,0.12971013737333462,-2.0575859966474783,-1.6753129072643393
2017-06-24,3.5,0.1574001091010569,0.11227718306825296,-2.0256331299512365,-1.6506587409069327
2017-06-25,1.5,0.08720655794344462,0.048417192899962935,-2.0314045963431124,-1.6632867616239762
2017-06-26,29.0,0.5587061778310166,0.47428759890735095,-1.6889899657818273,-1.3034895627481724
2017-06-27,0.0,0.43098709449902317,0.3471842562970931,-1.7141475636141617,-1.3357747313284403
2017-06-28,0.0,0.341767821321298,0.25460915164009607,-1.7358943996608756,-1.367601401626103
2017-06-29,0.0,0.19949055265699658,0.12874859282490533,-1.7588139140997445,-1.4181339144093483
2017-06-30,0.0,0.08107504357832855,0.012663111637716572,-1.78428388270251,-1.463912938053537
2017-07-01,0.5,-0.02895671489424094,-0.09622985700960225,-1.8078166465372627,-1.49166575545585
2017-07-02,92.0,1.4652709542850575,1.2251616341499856,-0.9827520147094285,-0.6196226459501301
2017-07-03,67.5,0.25989254316167765,0.12215583160520345,-0.5253506421789544,-0.15192665569795055
2017-07-04,0.5,-0.10524363299732695,-0.17786414997129024,-0.5663362439297843,-0.46686943463938313
2017-07-05,0.0,-0.3406203454642475,-0.37103371713397365,-0.611392924499322,-0.5349641320549616
2017-07-06,34.0,0.08147952819714521,-0.007852864895390787,-0.44017081198264596,-0.3368694104069993
2017-07-07,16.5,0.10295514772899261,0.01568912757870968,-0.3882931043095939,-0.2767238110573505
2017-07-08,4.5,-0.0678296417831374,-0.13428169992836,-0.41181261991897194,-0.3002963004842012
2017-07-09,32.5,0.22613990666466846,0.12373230434430572,-0.2771522468393791,-0.1454160957422254
2017-07-10,144.5,2.186288052254223,1.8434910739322063,0.38941704313045844,0.5809480109055494
2017-07-11,1.0,1.3282358711900477,1.3516318462942853,0.34001510322881623,0.5334743301430591
2017-07-12,0.0,0.6861273473560829,0.8655742082636837,0.282279337064674,0.47968894974587106
2017-07-13,0.0,0.3422617575561018,0.584435548775955,0.2274802563696548,0.39809889439406865
2017-07-14,0.0,0.10421755246125987,0.3695266990372848,0.17249317694289956,0.3452460475076905
2017-07-15,42.5,0.45393080949076525,0.6605624005448103,0.3029239319536482,0.49153290776464037
2017-07-16,22.5,0.47407341230873096,0.6281393139644,0.34447757364418274,0.5178075617876411
2017-07-17,7.5,0.3609730606419922,0.5054617937414979,0.32441799426281376,0.47001250343335743
2017-07-18,2.5,0.23388250277856604,0.3816109981788403,0.2847227692891289,0.4338768725157613
2017-07-19,0.0,0.12989092200904015,0.29220134830923933,0.2191727967966353,0.3870202056976816
2017-07-20,0.0,0.028159963039242248,0.20531688343379123,0.16154266952768068,0.34141517429160273
2017-07-21,0.0,-0.08900648373210367,0.10321578277851304,0.11323845968855166,0.29717987378799154
2017-07-22,0.5,-0.18822745121355938,0.0090430152680885,0.06695652046394435,0.2554695568778803
2017-07-23,133.5,1.4673508163952214,1.325535846118454,0.5271562549983375,0.7507113047541151
2017-07-24,3.0,0.8725240464674971,1.0346858516147548,0.4891925734297876,0.7174884955262635
2017-07-25,0.0,0.4488059521494876,0.7505075843207071,0.4411583353733074,0.6752490634313405
2017-07-26,0.0,0.19159163625021772,0.53261381999598,0.38397124447744685,0.6337412452955773
2017-07-27,3.5,0.042655705049676224,0.3116516725321563,0.3509309219131923,0.6066124321383327
2017-07-28,8.5,0.023980970520112818,0.2721403830827925,0.32112349096847614,0.5997863514919299
2017-07-29,0.0,-0.08061198759979078,0.1848607074803605,0.27791526673113176,0.5627662755702024
2017-07-30,0.0,-0.15645133075657688,0.12724834907884622,0.23583162215333986,0.5268064428200854
2017-07-31,3.5,-0.18912672309983516,0.08748091810035578,0.2073251572395004,0.504667098671716
2017-08-01,2.0,-0.2517248757094363,0.03493490753054384,0.17482060066081384,0.4788991278703389
2017-08-02,0.0,-0.3180111130404623,-0.0434843835640559,0.13631908013624744,0.44757599639557755
2017-08-03,0.0,-0.40988962303895293,-0.11209796966504393,0.09816368228113329,0.4169481013830593
2017-08-04,0.0,-0.48103813480462027,-0.1832476553060397,0.05860962541258842,0.3864750254907977
2017-08-05,0.0,-0.5776484799803492,-0.24994502518151368,0.020507838159728623,0.3555500954907354
2017-08-06,5.0,-0.5591302363495763,-0.2678161742701536,0.0008130181722275752,0.3433051051831105
2017-08-07,0.0,-0.5844533580145649,-0.3114615986104211,-0.036603145444056864,0.30395462536790147
2017-08-08,0.0,-0.5292807744777878,-0.32489797440533863,-0.0734046506307585,0.2652455263550874
2017-08-09,2.5,-0.6364716789868475,-0.3749153325287882,-0.10022866932527658,0.2456541369735074
2017-08-10,5.5,-0.6509151309762589,-0.3844664491954229,-0.11478862336320986,0.23832640803611774
2017-08-11,0.5,-0.7150726898462566,-0.42836998274343807,-0.14696697783800566,0.19146867216373653
2017-08-12,0.0,-0.7576592729570035,-0.4720953828607156,-0.179378099684331,0.16631808546607865
2017-08-13,0.0,-0.8548081683726974,-0.5312775549765415,-0.2114381365291291,0.14116054238357004
2017-08-14,1.5,-0.8546600302690287,-0.5442496734207726,-0.23802038864036199,0.12142632684152067
2017-08-15,93.5,0.0659366953016183,0.0878297574880269,0.058126432585707793,0.42147940096263975
2017-08-16,2.0,-0.15673064253473373,-0.0362211239820827,0.020166458710354693,0.4029213269399161
2017-08-17,0.5,-0.3018473252068882,-0.12301715471379165,-0.00900351022833791,0.3799423579808159
2017-08-18,0.0,-0.42842542576298437,-0.2035069491131548,-0.04308417060042738,0.3553541000954912
2017-08-19,0.0,-0.5132379111109273,-0.2657015889480139,-0.0746798681479103,0.3318654970456709
2017-08-20,124.5,0.8494028994071533,0.6930038619199173,0.303786018385846,0.7016705253110523
2017-08-21,5.0,0.43885197400721915,0.5274514089429263,0.27527134892920985,0.6770993442555937
2017-08-22,0.0,0.15297381061596174,0.3820224298714428,0.24771992127571968,0.6530222414874167
2017-08-23,31.5,0.33240651872625815,0.5231856084042908,0.3196738164862095,0.7242863627823772
2017-08-24,14.0,0.2893772677627906,0.4838541650442786,0.3385358436658691,0.7450523902412228
2017-08-25,0.0,0.14718019105046512,0.3798729694056337,0.31427331407315784,0.7250099214797511
2017-08-26,0.0,0.022338664057431033,0.28082641169092043,0.29063405318720675,0.705629067356761
2017-08-27,0.0,-0.0897048713705968,0.1858756497142656,0.2670698109196282,0.6860274509336822
2017-08-28,9.0,-0.09110250071371971,0.1911103162119246,0.25634993463494427,0.693432170642819
2017-08-29,0.0,-0.20669798506280285,0.09966183101592947,0.2323306250754114,0.6755311803700884
2017-08-30,0.0,-0.2921938000731114,0.023922790284340453,0.2106056033089381,0.6581282512865188
2017-08-31,0.0,-0.38753145383548593,-0.050952801041047914,0.1898333552088497,0.641918888467649
2017-09-01,0.0,-0.46919308879072164,-0.11489782262366044,0.16826389653398136,0.6267674047501036
2017-09-02,0.0,-0.48613093257577933,-0.1641834394118059,0.14812554854002832,0.6115759787979083
2017-09-03,0.0,-0.5790914094351336,-0.2241143860413425,0.1281624339137493,0.5968010125146035
2017-09-04,0.0,-0.6514984775745529,-0.2761988520957404,0.10881853432513858,0.5379995904136106
2017-09-05,0.0,-0.5994372444642629,-0.27505016651111874,0.09031740793631333,0.48819606462141174
2017-09-06,2.0,-0.6270084305953669,-0.28707410345406803,0.07800418058065475,0.48100438901597226
2017-09-07,0.0,-0.6852272345666963,-0.32682052090353714,0.06004463196043916,0.46852510654583873
2017-09-08,0.0,-0.707012756705991,-0.3521027257657476,0.04338704788090986,0.4450658780044704
2017-09-09,0.0,-0.660798570218751,-0.36036117010799273,0.027313278324002096,0.4365857291714008
2017-09-10,0.5,-0.6345673590730657,-0.3690924850378886,0.01365870347597331,0.43041433798176243
2017-09-11,24.0,-0.3463755834741237,-0.16917140836204603,0.07428002325741574,0.49432264397376935
2017-09-12,0.0,-0.4443194827801734,-0.22806418799037614,0.061000472365650864,0.4893939822424195
2017-09-13,0.0,-0.5099168129385374,-0.2667119703167688,0.04878602386314976,0.4864726799542683
2017-09-14,0.0,-0.5519856485193629,-0.2907758795244128,0.03773674437787297,0.4855815096310725
2017-09-15,0.0,-0.593282253942123,-0.315853004286396,0.02704372437646427,0.4862336706939693
2017-09-16,0.0,-0.6252500318049905,-0.3396386876679862,0.01689873862805535,0.48796748292917885
2017-09-17,0.0,-0.6482332272166831,-0.36111779892386,0.007601327735731933,0.49063443053959427
2017-09-18,0.0,-0.6515174616441753,-0.37235857374367026,-0.00020756043518578422,0.49491896009999875
2017-09-19,8.0,-0.6140316931165059,-0.33869709525996666,0.01726663619717742,0.5227725825059032
2017-09-20,0.0,-0.6488851801165666,-0.3738094031940491,0.010300552525423364,0.5283730598562333
2017-09-21,0.0,-0.5533486820920421,-0.35288010403814524,0.004141180978300269,0.5357701182122472
2017-09-22,0.0,-0.6408297672566083,-0.38903453689559475,-0.0015676013991598211,0.5346996818767522
2017-09-23,0.0,-0.6895143595914794,-0.41130705062046546,-0.008208778779795556,0.5404391997862111
2017-09-24,0.0,-0.7058435779442795,-0.4156816072242085,-0.013349666789418155,0.4694743507972628
2017-09-25,0.0,-0.7291999049142472,-0.4243691194897693,-0.017842313712581513,0.4824345002974157
2017-09-26,0.0,-0.7499362576171078,-0.4352424590944072,-0.02171687294648544,0.4970238455814502
2017-09-27,0.5,-0.7496654982163173,-0.436756202321415,-0.028082400685180173,0.5148178144670776
2017-09-28,0.0,-0.7825659161818864,-0.4547765699126554,-0.03421311599529786,0.5322860678216151
2017-09-29,0.0,-0.8034379988341203,-0.4671930303827023,-0.03683630943556084,0.5502170282109652
2017-09-30,0.0,-0.7897495646366182,-0.47058357720337196,-0.039011271214566635,0.31011337026615177
2017-10-01,4.0,-0.7498808464157947,-0.44526519227016803,-0.02897060281522034,0.1436621930046659
2017-10-02,1.5,-0.7552280094737163,-0.4491590560365474,-0.14011572334926137,0.1715852278513817
2017-10-03,0.0,-0.7790019633819201,-0.4649351909959302,-0.15024490802388113,0.19719155769975713
2017-10-04,0.0,-0.8040582953558968,-0.4808978487593733,-0.1507713237721611,0.11993482504418566
2017-10-05,0.0,-0.8285391586850571,-0.4980946814332719,-0.1523852080822316,0.09634579573390205
2017-10-06,0.5,-0.838769236029653,-0.5028402468598366,-0.15196447147369302,0.11318702913308372
2017-10-07,0.0,-0.8428610451896583,-0.509870078652329,-0.15062689305692664,0.041958129348746605
2017-10-08,0.0,-0.8569232586783395,-0.5196369544071694,-0.14908830496837128,-0.4173746009990983
2017-10-09,0.0,-0.869139779014865,-0.526206692181632,-0.14760009091555545,-0.38484809721886154
2017-10-10,0.4,-0.8625744148144094,-0.529158531020841,-0.14462212209150527,-0.34541280678663955
2017-10-11,20.0,-0.5630647430037441,-0.30851108722217485,-0.09978051443332409,-0.23554016551802662
2017-10-12,0.0,-0.6048011020317183,-0.3502567560300107,-0.09767671397123125,-0.19682079290223506
2017-10-13,0.0,-0.6422631017343922,-0.3759029717970484,-0.09545674987946103,-0.30935043595938366
2017-10-14,0.0,-0.6608458189129288,-0.38933021798950007,-0.10981774049556745,-0.3530106085344795
2017-10-15,0.0,-0.6764151844936553,-0.39583932843705977,-0.13018903581119082,-0.3428079432899233
2017-10-16,0.0,-0.6940781341690972,-0.40490346757317974,-0.12752662573230192,-0.314099903912134
2017-10-17,0.0,-0.7219580488701816,-0.4177272782986572,-0.12479665055805061,-0.27577669085095696
2017-10-18,0.1,-0.7344298693496986,-0.42338718844505313,-0.1210796422244525,-0.23722770514884248
2017-10-19,0.0,-0.7634259672039154,-0.4379406970158527,-0.11719195501675168,-0.19979769623547813
2017-10-20,0.0,-0.7770196196270014,-0.44348880898437504,-0.11319366714107909,-0.16425118706659336
2017-10-21,0.0,-0.7866295860404822,-0.45049811957249,-0.10913394601543444,-0.6631270013376406
2017-10-22,0.0,-0.8028967490633359,-0.45694222177890526,-0.10507376088601444,-0.637765937939907
2017-10-23,0.0,-0.809740814848265,-0.4635020716622402,-0.10082942655378467,-0.600253085339528
2017-10-24,0.0,-0.8204524948995503,-0.4705122046114937,-0.09650565116029619,-0.5636876252960245
2017-10-25,0.0,-0.8376199853711941,-0.4818213003366335,-0.09173244141391212,-0.5430977637857172
2017-10-26,0.0,-0.8750170224668151,-0.5020487484213165,-0.08686003266121338,-0.5459870860279286
2017-10-27,0.0,-0.8680773193440786,-0.5045081725274347,-0.08210054651723979,-0.5100167899570979
2017-10-28,0.0,-0.8618763097988894,-0.5069716278254964,-0.07683588221019948,-0.47322727035711354
2017-10-29,0.0,-0.8817227762975447,-0.5164054873118428,-0.07144250377801507,-0.45258862726824267
2017-10-30,0.0,-0.9009638337449979,-0.5247270423324538,-0.06595992089927018,-0.4255273531688775
2017-10-31,0.0,-0.9107113735534432,-0.5265171653632136,-0.06025956588708419,-0.389264228904617
2017-11-01,0.0,-0.9230095474037143,-0.531156758931886,-0.05456143736009153,-0.3523936246251172
2017-11-02,1.0,-0.9037948474441453,-0.5189498900240793,-0.046123213256308596,-0.3108991326700203
2017-11-03,1.5,-0.8886962142957576,-0.5069016254168812,-0.03626159258461158,-0.2658795218458894
2017-11-04,0.0,-0.9130417043529239,-0.5306912185984813,-0.030965270804603394,-0.2512259523711922
2017-11-05,0.0,-0.9158357097499309,-0.5430423299992903,-0.03360929293074038,-0.2136451703021827
2017-11-06,0.0,-0.9200885292642598,-0.5542098782313122,-0.03595482298680985,-0.17574181085419519
2017-11-07,0.0,-0.9261571819924694,-0.5621366631955526,-0.030633407708571325,-0.14974651378510245
2017-11-08,0.0,-0.9531869785830137,-0.5787317970134646,-0.025283965665501364,-0.13932104035112244
2017-11-09,0.0,-0.9801552250906529,-0.5928230402085276,-0.038270467690057666,-0.10440628950620709
2017-11-10,7.5,-0.8556076800798241,-0.49026730144706726,-0.010195299652836439,-0.03134023592618759
2017-11-11,0.0,-0.8912034503550198,-0.5155962389257029,-0.005094561220562687,0.00606967503379892
2017-11-12,0.0,-0.8937654943063958,-0.5222681190361405,-0.00022360804905164155,0.03670100889195058
2017-11-13,4.5,-0.8004636401052996,-0.45789350219332126,0.018207012643064423,-0.40555960959350923
2017-11-14,0.0,-0.843833844823096,-0.4852850875988492,0.023125170607309536,-0.38136754926331223
2017-11-15,0.0,-0.8657050519003534,-0.5019148553642335,0.028046816266547932,-0.3477127850790531
2017-11-16,0.0,-0.8805068622538299,-0.5133474522942529,0.03294578616239758,-0.3087540359015189
2017-11-17,0.0,-0.8956342853421125,-0.5276972824027586,0.03790096590263136,-0.26937469864461694
2017-11-18,0.0,-0.9094039821744448,-0.5429608657263847,0.04245332777364585,-1.1851590822384457
2017-11-19,0.0,-0.9217336665371765,-0.5529746338715333,0.03139869480374294,-1.2006253819172745
2017-11-20,0.0,-0.9001797764880822,-0.5559305224373552,0.035020772716867495,-1.165335646162047
2017-11-21,0.0,-0.9442934141353597,-0.5777470389985024,0.039165875627545095,-1.48725369995889
2017-11-22,0.5,-0.9438567042068517,-0.5766047680099006,0.04512775755594956,-1.633905155885639
2017-11-23,1.2,-0.9207541387851031,-0.5595956254953611,0.05337268868997719,-1.5855883002522355
2017-11-24,0.0,-0.9393326632641418,-0.5708490597551443,0.057999401603648026,-1.554223951454456
2017-11-25,24.0,-0.3901260953597006,-0.15130451871557585,0.13398665123476727,-1.2113690616758008
2017-11-26,0.0,-0.49030118278243595,-0.22721668447866364,0.13843918886413678,-1.286976543351097
2017-11-27,0.0,-0.5402337758987208,-0.274081921670968,0.14303075958591333,-1.2550343677029119
2017-11-28,0.5,-0.5604876560518831,-0.2941387758977493,0.14890752604876467,-1.2170341059812948
2017-11-29,0.0,-0.5934743522849045,-0.3242579688745486,0.15327375670033286,-1.1872696642103087
2017-11-30,0.0,-0.6093742538926594,-0.34160650695055694,0.15778690352102734,-1.1583760134108487
2017-12-01,0.0,-0.6188057921877036,-0.35461244288499877,0.16225323667711372,-1.129620749181345
2017-12-02,0.0,-0.6234261843685577,-0.3619153931643898,0.16711710258170068,-1.1021072989438572
2017-12-03,4.0,-0.5363392498205812,-0.2952921032563116,0.1381664786164029,-1.022199059393616
2017-12-04,0.1,-0.5663227618547404,-0.313263613432726,0.10643669049228366,-0.9935662103353842
2017-12-05,0.1,-0.5839751312456858,-0.3261874030662381,0.11285860006737598,-0.9880091207570613
2017-12-06,1.2,-0.566519671210054,-0.31480382247936184,0.12281478777687872,-0.941130020956964
2017-12-07,0.0,-0.5779126587254336,-0.3250617110103993,0.11638896422325702,-0.9123318121647591
2017-12-08,0.0,-0.5864420553917319,-0.33270417447031175,0.12440726067623085,-0.8833471541807825
2017-12-09,0.0,-0.602918037015215,-0.34247285211698836,0.13274422270988873,-0.8625247060056828
2017-12-10,4.1,-0.5030965409645802,-0.264635699914801,0.1537414355698712,-1.151226324879639
2017-12-11,0.0,-0.5228617401945097,-0.2790861824878399,0.16328543621321265,-1.1289773652227373
2017-12-12,0.0,-0.5393966361015766,-0.2890543776385739,0.17387682036918084,-1.1065933842072755
2017-12-13,0.0,-0.5494042009720185,-0.2974495401389295,0.18610800209922346,-1.0825712234966869
2017-12-14,0.0,-0.5514305633736841,-0.3033218670800769,0.1998966888199156,-1.057240207955499
2017-12-15,0.0,-0.5465693367738573,-0.30667592002408334,0.2143567411603579,-1.0307401790353254
2017-12-16,0.0,-0.5595234414105836,-0.31481075586827395,0.2295145949828711,-1.003732135711064
2017-12-17,0.0,-0.5620845546795411,-0.3198699347401902,0.23814801954036646,-0.9909381742374421
2017-12-18,3.4,-0.47822672890417195,-0.24952309882361923,0.26374746331385546,-1.0552071523122037
2017-12-19,0.0,-0.4943157469911646,-0.2606844539148345,0.27960695228941573,-1.0309723479545378
2017-12-20,0.2,-0.4966174072897419,-0.26033487768586433,0.29659235116884863,-1.001869256707207
2017-12-21,0.0,-0.5023994266181784,-0.2648432833100138,0.30326980184327657,-0.9787056382963994
2017-12-22,0.0,-0.5193529255713587,-0.27177067523398213,0.3172451600493005,-0.9555030228840379
2017-12-23,0.0,-0.5275218448141752,-0.2768699827568903,0.24933425168016785,-0.9330610939042794
2017-12-24,20.0,0.026651356171940418,0.16826924445973493,0.32982946268829166,-0.5171114145452335
2017-12-25,0.0,-0.05579361713693382,0.10436229439441305,0.3514535342094056,-0.4886805044220311
2017-12-26,0.0,-0.09339807050434146,0.07629525330134078,0.3742705170374441,-0.4715580886182475
2017-12-27,0.0,-0.11654767177392857,0.05838510583790786,0.39776734399696684,-0.4445982925246783
2017-12-28,0.0,-0.1378653563915973,0.041284933215257884,0.4212449914769191,-0.4178008808929364
2017-12-29,0.0,-0.1552106370244675,0.027300489787345058,0.17334316475507697,-0.39198507892824436
2017-12-30,0.7,-0.07467561080002173,0.025445663301333136,-0.006444094225484016,-0.4303946408093391
2017-12-31,1.0,-0.07251508786626464,0.028638671826571937,0.02541671579915873,-0.4148399867407585
2018-01-01,0.0,-0.08302573624239169,0.009252595533558752,0.0877786493406517,-0.3686754374002022
2018-01-02,0.0,-0.09727735815536862,-0.0034821181278759375,0.01140630443877212,-0.34574421046500375
2018-01-03,0.0,-0.18491893009525973,-0.015216348591770719,-0.008745247309906196,-0.3237117378260306
2018-01-04,0.0,-0.18871376327434305,-0.022300903764823996,0.010255013523844019,-0.31524031073485265
2018-01-05,0.0,-0.17899211734116996,-0.03335767145196294,-0.06097770887248446,-0.29657421515137117
2018-01-06,0.0,-0.16458417430009392,-0.025672589863454175,-0.5277626865883664,-0.2781568787185513
2018-01-07,0.0,-0.17239985124622345,-0.01614552250761917,-0.4918898686261081,-0.25959666702434236
2018-01-08,0.9,-0.13324255658840845,0.015617325838651443,-0.44724415242109605,-0.22959581026434822
2018-01-09,0.5,-0.10722305376184649,0.03869494269346231,-0.4028966392524628,-0.6543037446528686
2018-01-10,0.3,-0.09762260382123342,0.0640788338622061,-0.35906279843466554,-0.6299707260065844
2018-01-11,0.0,-0.10565743324985394,0.060178111327169284,-0.4719224663697571,-0.6120184200680762
2018-01-12,0.0,-0.10909659381264565,0.05805561951715151,-0.5143998285214126,-0.5956454749375947
2018-01-13,0.4,-0.09821175087366722,0.06824921124348023,-0.5002437754456996,-0.570409083545692
2018-01-14,0.0,-0.10555578289014565,0.06688476512813078,-0.46819421990208093,-0.5552994044367923
2018-01-15,0.2,-0.10595011692348423,0.07045943098781388,-0.4262391958257852,-0.5354904382263264
2018-01-16,0.0,-0.1070396342258936,0.07461389327366436,-0.39877875817152664,-0.5271515110896474
2018-01-17,0.0,-0.10785487200122736,0.07826169420614851,-0.35941242402496837,-0.5127542762933776
2018-01-18,0.0,-0.10981830493819597,0.07811972839391013,-0.32160043237377495,-0.49821792177133856
2018-01-19,0.0,-0.11467808246147308,0.0768874960861554,-0.8133902327114401,-0.4831710733829396
2018-01-20,0.0,-0.11905402374266759,0.07687902004905868,-0.7847408109972196,-0.4665158727318775
2018-01-21,0.0,-0.12138152029901153,0.07720859200614193,-0.7444554147294036,-0.4489115957214306
2018-01-22,3.3,-0.015706081727429853,0.16126696155748202,-0.6897845015715994,-0.34490415567394717
2018-01-23,0.0,-0.03423452611490045,0.14800795889378715,-0.6646924789497076,-0.32282650596995116
2018-01-24,0.0,-0.03836752162672028,0.14315848349016558,-0.6622335764528139,-0.30091843401584684
2018-01-25,0.0,-0.04086169922015148,0.1410605281146892,-0.6219448140303944,-0.2788154508769846
2018-01-26,0.0,-0.04026100040601062,0.1426046261468645,-0.5820800620114769,-0.2571068436857257
2018-01-27,0.0,-0.03747730090678317,0.14723898204778899,-0.5570807580946263,-0.23426602710338246
2018-01-28,0.0,-0.03551805283414691,0.1497067645805599,-0.5266747637010748,-0.21166967713022203
2018-01-29,0.0,-0.03625323492764254,0.1501717194219436,-0.4868250935444793,-0.189125205006796
2018-01-30,2.9,0.06132476656581492,0.22432479665442717,-0.4342028504648405,-0.09203888531137239
2018-01-31,0.0,0.04482184526411033,0.21052466603023293,-0.39457879168089455,-0.09434174481312375
2018-02-01,0.0,0.03485942580391391,0.1984431623906616,-0.35441446662894993,-0.10987630569367855
2018-02-02,0.0,0.03084096371654778,0.19468474542225592,-0.33599081563850614,-0.08391017005773184
2018-02-03,0.5,0.04777232248662688,0.2067602410623203,-0.29371506846326284,-0.044221733724871023
2018-02-04,0.0,0.049950536193799355,0.20895427121687934,-0.2533511387647175,-0.018591290978089415
2018-02-05,0.0,0.052900032429675094,0.2121577318808986,-0.22400632262819922,0.007470936923207844
2018-02-06,0.0,0.05706435677735758,0.21595318290681922,-0.2085857654304257,0.033375746799168236
2018-02-07,0.0,0.05906668232676303,0.2184450875513894,-0.1704217288366727,0.05876130344653509
2018-02-08,0.0,0.057996177736525975,0.21814181082327586,-0.1296099771761087,-0.11807033231773185
2018-02-09,0.0,0.05442045359863823,0.21657545561157515,-0.08883528707081949,-0.09186458512584265
2018-02-10,0.0,0.04861563520427421,0.21355251428357871,-0.0549600423859878,-0.06643234257495824
2018-02-11,0.0,0.04040082854058871,0.2085616327199216,-0.48926033312479555,-0.1687604625939867
2018-02-12,0.0,0.03389385702564879,0.19586131632211032,-0.46024999625098323,-0.14312907200353114
2018-02-13,0.0,0.02887941543842688,0.1774341888872813,-0.4215116822973786,-0.11643553082374328
2018-02-14,0.0,0.021384545119424732,0.1729546963743393,-0.3796687925888335,-0.09247914084214502
2018-02-15,0.0,0.019383726319854595,0.17484107357481077,-0.3380306761996308,-0.06967139458517418
2018-02-16,0.0,0.018380924355966517,0.17496198259757623,-1.1372535291923755,-0.04783938655149763
2018-02-17,0.0,0.015216992458298759,0.174104753876479,-1.1420676734501924,-0.025835462234938673
2018-02-18,0.0,0.02107745651027511,0.18266288566575603,-1.1069587687713835,-0.00577233910857926
2018-02-19,0.0,0.024437008018240777,0.1804814835560882,-1.3528829701585283,0.011865666567334586
2018-02-20,0.0,0.026960430319491607,0.17733647613558248,-1.4594633765544862,0.012639705395014073
2018-02-21,0.0,0.02959914582543504,0.17050023431764932,-1.43048253246174,-0.008619246559688345
2018-02-22,0.4,0.04643011890989077,0.17903421108569328,-1.3982228860107808,0.011815089045129392
2018-02-23,3.7,0.14146730541779204,0.2623607355867728,-1.3302227464618372,-0.6293608343912631
2018-02-24,0.0,0.129296635446459,0.2543336740681764,-1.3966528047193554,-0.6190292681441125
2018-02-25,0.0,0.12229928595432799,0.2502061926772001,-1.371415387856607,-0.6113307267161845
2018-02-26,0.0,0.1147442170734265,0.24893414811455963,-1.3470839530514582,-0.6237973946958126
2018-02-27,0.0,0.10478240851787825,0.23761625629371338,-1.324539341535196,-0.6194782479708997
2018-02-28,25.0,0.8107548968043059,0.8358968994470183,-1.0361699288243618,0.15101528103256157
2018-03-01,0.5,0.7108485373550888,0.7505231956842536,-1.0081861055561612,0.16555105200861608
2018-03-02,0.0,0.662777062707651,0.7200908859742942,-0.9854002022127799,0.16523325578406708
2018-03-03,0.0,0.6320130769406088,0.6865001116805545,-0.96253683291449,0.05760012752056654
2018-03-04,11.5,0.9767214272769378,0.9429218086258868,-0.817488106252272,0.3510792357433934
2018-03-05,3.5,1.0328348373723852,0.9583011925139455,-0.7730087659972081,0.42802275078000007
2018-03-06,0.0,1.4807930487379148,0.8196353891267618,-0.7451717951331509,0.39380434594156627
2018-03-07,0.5,1.4507525951420899,0.8110044757987858,-0.7135902650497713,0.39999023892831514
2018-03-08,4.0,1.5804786267881592,0.8745220262855488,-0.6432596355646055,0.48709265300568133
2018-03-09,0.0,1.559932728686081,0.8511869923880637,-0.6233250225130503,0.4797619053043114
2018-03-10,0.0,1.4865596544841206,0.8296443720130897,-0.8837886679979547,0.37504388794087146
2018-03-11,0.0,1.4417682134961536,0.8156165291871322,-0.8665317486580706,0.3649820843352505
2018-03-12,0.0,1.4273713411162596,0.8036979308832407,-0.8487609812041153,0.35337024880144363
2018-03-13,0.0,1.4636467313325887,0.7855315428278542,-0.8298468801401815,0.3415711960823119
2018-03-14,0.0,1.4573100415264755,0.7812522198557557,-0.8111949970437754,0.32814079279001374
2018-03-15,27.0,-0.4279487028839428,-0.46748901845579655,-0.44875595639274346,0.9056764527293053
2018-03-16,0.0,-0.6104690053630861,-0.5618832253012636,-0.4271450329670986,0.8924946663359188
2018-03-17,0.0,-0.6950366948187073,-0.6008984838577605,-0.4059566088435113,0.8801313678224723
2018-03-18,0.5,-0.7274090109031324,-0.6110738469136564,-0.48191763249516195,0.8082946945235507
2018-03-19,1.0,-0.7803627394798506,-0.622399327292777,-0.4490776296216087,0.8164967212197998
2018-03-20,0.0,-0.8272040343049146,-0.6411030131378964,-0.4309327035744291,0.7990963524999232
2018-03-21,1.0,-0.8275781738338855,-0.639525985637733,-0.4010799625483047,0.8039048026643524
2018-03-22,0.0,-0.8916342281273587,-0.6806893206066719,-0.3863558403569013,0.784473199698142
2018-03-23,0.0,-0.8932812171843998,-0.7067120204437168,-0.37252029634951406,0.7633923996685673
2018-03-24,0.0,-0.8967248281491188,-0.7264801582779704,-0.35821614163292553,0.29522841628722596
2018-03-25,0.0,-0.9757849772772094,-0.7537363699147829,-0.34462298045406803,0.2738735349106708
2018-03-26,0.0,-0.9586570595981587,-0.7638311895836761,-0.3400494700837963,0.25157161341967027
2018-03-27,0.0,-0.9440264094256295,-0.7685629960236737,-0.32902389160753953,0.22820278245137632
2018-03-28,0.0,-0.9329398516508929,-0.774754099867246,-0.31943890068334774,0.20291976949936016
2018-03-29,0.0,-0.9445693882378231,-0.7719874305042905,-0.31141715465704845,0.17810055185853835
2018-03-30,0.0,-0.9857742434039611,-0.7820305275992612,-0.3627889044722375,0.13525766800803485
2018-03-31,0.0,-0.9826244151991601,-0.7892397061216736,-0.37938200964746527,0.08420076304472547
2018-04-01,0.0,-1.0153642674177783,-0.8050899389607592,-0.37431076782449324,0.056395067890060144
2018-04-02,0.0,-0.96340690080763,-0.7897984536912678,-0.370082729600768,0.028874051367591903
2018-04-03,0.1,-0.9422143209154711,-0.7907376308972036,-0.3655870841983306,0.0038493734483435586
2018-04-04,18.5,-0.574765586788914,-0.5566086261909793,-0.09647337401731616,0.39194299144726963
2018-04-05,10.5,-0.35840122717588435,-0.4377655855154579,0.049915918481574874,0.575587263202419
2018-04-06,6.5,-0.2650109660646891,-0.3882716442454104,0.13701562128611783,0.670291083703982
2018-04-07,0.2,-0.3983972829992028,-0.4506569305916179,0.1362326481428512,0.640809124115459
2018-04-08,3.0,-0.3872589500478784,-0.44107222414739916,0.1667390221324009,0.6453890933481008
2018-04-09,0.0,-0.4597953437456706,-0.49250514101790227,-0.12129360733749936,0.5999080163382219
2018-04-10,5.0,-0.34906654859481884,-0.43859783447031253,-0.05436948760615928,0.6509299325443855
2018-04-11,0.0,-0.45934987293008217,-0.4921979654061214,-0.060674392142011827,0.6132424311554795
2018-04-12,0.0,-0.4905154541668769,-0.5165762634319517,-0.06820570408148478,0.5768278000575443
2018-04-13,0.0,-0.5510470820314955,-0.5553212861274731,-0.0775636591113426,0.5326661002566105
2018-04-14,9.0,-0.29998525406913373,-0.41334794390765317,0.03767671422368396,0.6495020778397632
2018-04-15,0.0,-0.39109620937943523,-0.4609300587439493,0.024709914591874257,0.6066840134642455
2018-04-16,0.0,-0.4565349078745862,-0.4969389508891837,0.009341050057981033,0.567584998660163
2018-04-17,0.0,-0.5096848057055771,-0.4970135877611853,-0.006290346700002261,0.5286952580764624
2018-04-18,0.0,-0.5557313887721297,-0.5118435342802409,-0.022408307127857147,0.489884833622222
2018-04-19,0.0,-0.59640361213978,-0.5394873439845023,-0.03808261494767259,0.4526706851998072
2018-04-20,0.0,-0.6381557006297895,-0.5455952732747071,-0.05344079128641391,0.415668776533934
2018-04-21,0.0,-0.727598518255282,-0.5605990025105805,-0.06988569689202541,0.37689636878273136
2018-04-22,15.5,-0.3248315806587571,-0.5061651718438596,0.12804212026174716,0.5293135881585163
2018-04-23,59.0,1.635839058912351,1.0837996403436638,0.8456420606653613,1.2888720033202596
2018-04-24,3.0,1.1611179373917562,0.8029183678508106,0.8637157738229618,1.2799120462781755
2018-04-25,0.0,0.9396058668867792,0.6092379563407786,0.8467659518952175,1.234546195060631
2018-04-26,0.0,0.7849635769212895,0.4721483992161324,0.8287802924255938,1.1905613443256828
2018-04-27,0.0,0.6395874026526016,0.3379382207360277,0.8097655813220215,1.1448919855809068
2018-04-28,0.0,0.48349821791409137,0.21434585807619008,0.7892249507656517,1.098568440610364
2018-04-29,0.0,0.3575125055797109,0.10928457279559,0.7684006133186057,1.0543363297649615
2018-04-30,0.0,0.22124961995564682,0.00474892852643715,0.7482047208385727,0.9781560225753594
2018-05-01,0.0,0.10991492671796227,-0.08667150239073668,0.7140521530103912,0.9347278953645322
2018-05-02,12.0,0.40926707600375556,0.1728801213672138,0.8083176771656583,1.0285064182789718
2018-05-03,1.0,0.3199022152962431,0.08532635107378579,0.7960087061201369,0.9957276144659025
2018-05-04,0.0,0.192388962505556,-0.021534570387075392,0.7720334075803906,0.946655802619041
2018-05-05,0.0,0.058943346961878425,-0.13498910451103585,0.7480789412274019,0.9046206118561262
2018-05-06,22.0,0.6327551252629741,0.3519150399636082,0.9591131813283148,1.0982398663394897
2018-05-07,0.0,0.380906428245496,0.15827129683622534,0.93543154614544,1.0594954234598868
2018-05-08,0.0,0.23569270926463518,0.024156134613104688,0.9122392077117626,1.0224553388731095
2018-05-09,0.0,0.13499157424659672,-0.08098995173710873,0.8124944277404937,0.9865669316952278
2018-05-10,0.0,0.03227008629733491,-0.17919657518057308,0.7905688198820495,0.950209053322534
2018-05-11,0.0,-0.098942819700364,-0.2840322023839061,0.7682431290437697,0.9153638456486204
2018-05-12,32.0,0.8679703362190414,0.49472507617010414,1.0230484213277997,1.1941640550954005
2018-05-13,0.5,0.5139125378851387,0.2526430741470661,1.005720670109404,1.1639138803567821
2018-05-14,0.0,0.3334587618778723,0.09494298519124884,0.9843161680462749,1.1305682162999027
2018-05-15,0.0,0.2023540530749228,-0.024067778618524296,0.9629588009764364,1.0991560806407825
2018-05-16,45.0,1.3851028117334032,0.9849187656572207,1.357984903068971,1.4685775876232585
2018-05-17,83.0,3.248468527119344,2.6611698910091954,2.026038431991396,2.0861396472049996
2018-05-18,6.5,3.037472951161541,2.4776301584170737,2.0515035231057155,2.099927615063136
2018-05-19,0.0,2.6948060158742186,2.1929075500482518,2.0240973988432533,2.067365504781629
2018-05-20,0.0,2.5246723845731194,2.029326468600943,1.9975460817371473,2.038996691653843
2018-05-21,0.0,2.379523008369716,1.9027575511216488,1.9667761860342472,2.0120676592753024
2018-05-22,12.5,2.6897563831069466,2.1400291558007387,2.0271325336579356,2.075677729387191
2018-05-23,6.5,2.691508367786911,2.1579144185084806,2.053911280666382,2.0954945212656857
2018-05-24,0.0,2.5150877951170045,1.9422513197431654,1.8522876635000123,2.0479361523817787
2018-05-25,0.0,2.2851322679872785,1.8994713638453073,1.8306931246978604,2.0275190665086575
2018-05-26,0.0,2.207932115012304,1.817212689568529,1.8082914287304477,2.005439250054901
2018-05-27,0.0,2.069086586551827,1.7263643221793483,1.780369143212353,1.9802768566200806
2018-05-28,0.0,1.9329361852827376,1.6198883402738047,1.756006643084222,1.9545770671706995
2018-05-29,1.0,1.8262437854974982,1.5448975829254292,1.7405399620868114,1.7625833581894659
2018-05-30,0.0,1.7037998537236547,1.452473093433039,1.716343762132528,1.7352876956937564
2018-05-31,0.0,1.6074308118617997,1.3770908612977442,1.6929047605476266,1.7126380240659054
2018-06-01,0.0,1.4867592412129946,1.2719294837717365,1.6431831632566167,1.694241980372329
2018-06-02,0.0,1.285427617258595,1.1165308080576637,1.6252332300720516,1.5961336243472322
2018-06-03,0.0,1.2017599735856206,1.0171968598663983,1.6047729373170172,1.5556116109312428
2018-06-04,0.0,1.1709026571845407,0.9764823428802692,1.5751609032240708,1.5390812281616661
2018-06-05,0.0,1.1428788786673014,0.9394577836153994,1.5506412209481657,1.5153331152558143
2018-06-06,0.0,1.0865514316736948,0.892467276972241,1.5238611151237975,1.464535346235054
2018-06-07,0.0,0.9579824226324857,0.7933701856309158,1.4974378089317852,1.442842225147237
2018-06-08,0.0,0.8974929872818556,0.7381893129340582,1.440852648588964,1.4205048442950652
2018-06-09,0.5,0.8770435663653572,0.7098343055953715,1.4158581328365192,1.401288165630104
2018-06-10,0.5,0.7905120371298683,0.6378582485595868,1.3873866733138742,1.379809014033463
2018-06-11,5.0,0.8736279734881842,0.6868453049785448,1.3880556194705893,1.3865442616156336
2018-06-12,0.0,0.7469023209406541,0.5808009336079549,1.3518544664763805,1.3564729940512443
2018-06-13,0.0,0.6204952401022513,0.4821542367437047,1.3162616471718291,1.1346172483376429
2018-06-14,29.0,1.3480133058622161,1.1284510312414289,1.475242170280924,1.3107105462220918
2018-06-15,16.5,1.6904670236434227,1.4194865408889092,1.5405928884000177,1.3881196601092078
2018-06-16,0.0,1.5287300134754032,1.2607562327909507,1.4702481865751844,1.3440257809344776
2018-06-17,0.0,1.3843101993605056,1.1161486502718443,1.4177838669587894,1.2947131381064771
2018-06-18,0.0,1.1289019143533958,0.9241878000073261,1.3630489800101429,1.2506525191789215
2018-06-19,0.0,0.8817693084198557,0.7313349645531538,1.309464758624999,1.2001950941007413
2018-06-20,0.0,0.6524819107218433,0.5361094232991401,1.255953513842676,1.156735561552686
2018-06-21,0.0,0.49737219643491815,0.4059898384015993,1.2032157818964073,1.113541982361448
2018-06-22,0.0,0.4281793408101868,0.3314436196597907,1.0280998014950957,1.0690378356204286
2018-06-23,0.0,0.3324975936298036,0.23426435270297727,0.9751404185925392,1.0231766382952145
2018-06-24,0.0,0.17403661850302185,0.1012900739337093,0.920326858225571,0.9743410707591813
2018-06-25,0.0,0.054359857306591826,-0.00662674140469259,0.8647408806837774,0.9235439641138613
2018-06-26,71.5,1.1648190557782294,1.0041369421794586,1.209656643865022,1.2953435692631137
2018-06-27,1.0,0.9478255788741746,0.7888571511905605,1.1521075645735404,1.2443671973728647
2018-06-28,26.5,1.2939709673613242,1.0827187184334708,1.2199828773766592,1.3281181519562295
2018-06-29,6.5,1.0089503090617382,0.8437760847929161,1.180897760683959,1.3005024501055298
2018-06-30,14.5,1.0039566176879533,0.8117733100681948,1.185171614692747,1.3122874595304028
2018-07-01,83.5,2.135665060958165,1.7965853825548759,1.4954156582432634,1.643239719872458
2018-07-02,59.5,2.6242034750253196,2.242983956294629,1.6703939684693871,1.8311925368084379
2018-07-03,0.1,2.3032430867652356,1.9029574684342085,1.5956513530479315,1.6821625214356484
2018-07-04,0.0,2.1558138328837484,1.7514922353867917,1.523040205173344,1.5687731140907424
2018-07-05,0.5,2.0548190358524385,1.6404819730570575,1.4568653276241703,1.4787357054770363
2018-07-06,0.0,1.8820627156471739,1.4843503718513191,1.3917382007256642,1.4171011736283277
2018-07-07,0.0,1.5920314305685348,1.2476655979947455,1.325691994917853,1.3465752247390896
2018-07-08,0.0,1.3565432041625947,1.0742332463069384,1.2628620251148683,1.2900541430734243
2018-07-09,14.0,1.2925589332279792,1.0334675534266036,1.254817959460616,1.2709515889067857
2018-07-10,16.5,1.3805783079037006,1.0956035786458964,1.256840434791894,1.2823658621588025
2018-07-11,3.0,1.2128115864719167,0.9229890493560128,1.2104737252344528,1.2399898132340788
2018-07-12,1.0,0.8732629866219159,0.6343124533641532,1.1521728247353802,1.1862579145608665
2018-07-13,0.0,0.6549045094067623,0.44422209563734666,1.0927906277820847,1.0945100557354044
2018-07-14,0.0,0.4968333346569111,0.2868056887112904,1.0338041019313224,1.0396002691002533
2018-07-15,0.0,0.38093670658789064,0.16305988072799674,0.978273699169601,0.9871800528881032
2018-07-16,0.0,0.2516826187962983,0.04895244219308025,0.9247882106934482,0.9365405641446206
2018-07-17,0.0,0.15439274420655502,-0.04144758925366694,0.8730401901046929,0.8878374295422138
2018-07-18,0.0,0.07733899545862194,-0.11149601174185358,0.821809865500109,0.8393217330318237
2018-07-19,0.0,0.019697179491616236,-0.1790957896718275,0.7711845416145309,0.7915072004516691
2018-07-20,0.0,-0.044193772568141505,-0.24078400203658604,0.7207560607366202,0.7449037862549212
2018-07-21,0.0,-0.12672317382331102,-0.3127442384386281,0.6601958691058355,0.639384077014653
2018-07-22,0.0,-0.202756454270523,-0.37255961918005814,0.6118287442395144,0.35369437911960705
2018-07-23,0.0,-0.2948329425394831,-0.44620435430839833,0.5635512245820467,0.29691603456469295
2018-07-24,0.0,-0.37459686527260533,-0.5218820756353265,0.5148490928891427,0.2525977914743453
2018-07-25,0.0,-0.457161272744431,-0.5939329683931752,0.46790744206397394,0.21012395318710078
2018-07-26,0.0,-0.5156059089281735,-0.6486278974522776,0.4214702442197992,0.16883948583134673
2018-07-27,0.0,-0.4353571107902426,-0.5575396937180135,0.37590219732639996,0.1288235527019155
2018-07-28,7.5,-0.45064344516804156,-0.5426637041450938,0.3584390655778107,0.12195162387123586
2018-07-29,0.0,-0.5588224619245891,-0.6179928189194273,0.3053598005786735,0.08444823084285648
2018-07-30,0.0,-0.6425475777573004,-0.6812292233240624,0.2633313326416256,0.04809350460039107
2018-07-31,0.0,-0.6785405808305941,-0.7058975702575203,0.22231781288685531,-0.03757244449702765
2018-08-01,0.0,-0.7440610646714081,-0.7635102440388124,0.18267539846796543,-0.07464499276770499
2018-08-02,0.0,-0.7401741421907762,-0.7936854862478139,0.14240325646626334,-0.10609593042727848
2018-08-03,0.0,-0.8277887454383375,-0.8360958211343901,0.10426850869985924,-0.13742923155463427
2018-08-04,0.0,-0.873617999332263,-0.8961367406529916,0.06653585514930059,-0.2637422494858995
2018-08-05,2.0,-0.9454731942113128,-0.942936408479959,0.03567259930053292,-0.2859923848888483
2018-08-06,6.5,-0.8717936031766259,-0.9133375235845596,0.021366128920062847,-0.28841379304817605
2018-08-07,0.0,-0.8685299555248827,-0.9155337224004501,-0.01596370927979286,-0.3188311220334573
2018-08-08,0.0,-0.7498866126784338,-0.8367174292835964,-0.05271334265255481,-0.3476388560153174
2018-08-09,2.0,-0.8826746152184135,-0.8993660168813945,-0.08136079960569499,-0.36639600765337926
2018-08-10,0.0,-0.952485477610554,-0.9396112293592592,-0.11587536099329705,-0.5333132464089501
2018-08-11,0.0,-1.013964125272152,-0.9787516678683478,-0.14986677368132179,-0.5598974999232245
2018-08-12,5.0,-0.9811925373154717,-0.9689695034759896,-0.16416974964616698,-0.5610700101563837
2018-08-13,1.0,-1.074927478327421,-1.0315815755286506,-0.19258771028519822,-0.5806828459365675
2018-08-14,0.0,-1.0771205213647732,-1.0351597283523724,-0.22459284257092121,-0.8103156573038568
2018-08-15,1.0,-1.084672372782439,-1.0352393109055462,-0.252611375659251,-1.2449886491609679
2018-08-16,0.0,-1.102010106002614,-1.0637861753537161,-0.2842501645555761,-1.3029346077396882
2018-08-17,0.0,-1.1887279305877583,-1.1261408283598033,-0.31563377095136474,-1.3258176915650406
2018-08-18,0.0,-1.2789858845682285,-1.1907596377065632,-0.34685449214067693,-1.3482411944610293
2018-08-19,0.0,-1.3022343260571645,-1.2201921704553067,-0.37736850701758146,-1.3699566058823434
2018-08-20,0.0,-1.3264052489791567,-1.2566454503945912,-0.4066011756932552,-1.4583591610715696
2018-08-21,5.0,-1.3572995289814758,-1.290122097876811,-0.41905208880912576,-1.4869478794821651
2018-08-22,0.0,-1.4266624695116426,-1.350442302692673,-0.4614599452982016,-1.507706433454053
2018-08-23,3.0,-1.342093506592754,-1.3021335700276642,-0.4785177958579792,-1.5111134852190644
2018-08-24,7.5,-1.18619295141618,-1.2016077360965183,-0.4777710725089712,-1.4891100971182896
2018-08-25,0.0,-1.3357387096202866,-1.2909789208320537,-0.5045907089920398,-1.5079667734783508
2018-08-26,2.0,-1.377445034596231,-1.3050572765505188,-0.5229730402358335,-1.5158499150449802
2018-08-27,19.5,-1.166685735069783,-1.1612259657715354,-0.5683567084624438,-1.4371283034587066
2018-08-28,96.5,-0.14793124084249054,-0.4570037301467914,-0.25091961416977043,-0.9902487820611325
2018-08-29,42.0,0.04969318036710859,-0.2685346324567725,-0.1319814881866759,-0.8249500258058343
2018-08-30,9.5,-0.0812964258891733,-0.3411168414863643,-0.12270448875296848,-0.8028016203902554
2018-08-31,0.1,-0.2706507862894,-0.4758820438577328,-0.1823891329409198,-0.8200607362279465
2018-09-01,0.0,-0.4077275644998539,-0.5819009145012703,-0.21505354839514873,-0.8370314341563257
2018-09-02,0.0,-0.4642507445414639,-0.6349449850614545,-0.23608910757981458,-0.8546218990403666
2018-09-03,34.5,-0.13335371216438424,-0.3811020351998702,-0.14292895060718389,-0.7281138366281065
2018-09-04,0.0,-0.27867297236055394,-0.49435528602816,-0.17613772981644701,-0.7440022841651784
2018-09-05,0.0,-0.30927089083146225,-0.5008584219462141,-0.19514101925508093,-0.7585207524845896
2018-09-06,1.0,-0.3623968720453278,-0.5487316740547148,-0.21046982337893883,-0.7675294826504996
2018-09-07,0.5,-0.4263997171851547,-0.6011448012133086,-0.22681901464823365,-0.7803064582991124
2018-09-08,0.0,-0.46657619387628546,-0.6379137723980987,-0.24361966139825386,-0.7943591606650235
2018-09-09,0.0,-0.45879880793562083,-0.6358314182378648,-0.26001869998619986,-0.8255402843857326
2018-09-10,0.0,-0.4616449081667024,-0.6422902868738346,-0.2754092032786671,-0.8346908340981906
2018-09-11,0.0,-0.4241387238516897,-0.6003734648288089,-0.38074363361020447,-0.8427883330931986
2018-09-12,0.0,-0.49980199192309477,-0.6516171010181554,-0.3940065373751595,-0.9707474288313079
2018-09-13,0.0,-0.5550901575992073,-0.6945059419035088,-0.4059559370586906,-1.045281610191003
2018-09-14,0.5,-0.5845872518857625,-0.7214159541634965,-0.4163834099802238,-1.0418501442482413
2018-09-15,0.2,-0.6187723183507535,-0.747722045381358,-0.42918904835242294,-1.0370121603130291
2018-09-16,2.0,-0.6215765060024266,-0.7535230054289331,-0.43209160993944007,-1.0227584663610019
2018-09-17,0.1,-0.6433561521321521,-0.7784297348100196,-0.44387588169973075,-1.014628526375577
2018-09-18,0.0,-0.645726134270293,-0.7735304888254475,-0.4509358035561977,-1.0041022562860524
2018-09-19,0.2,-0.702067265857371,-0.8115770267912539,-0.4563979999193524,-0.9902078875681979
2018-09-20,5.0,-0.6585218383407718,-0.7802709030224066,-0.44562161348110335,-0.9556252085808357
2018-09-21,18.0,-0.37975619860002735,-0.5611582283184119,-0.3912496835129335,-0.8661128471717557
2018-09-22,6.5,-0.3992977958414992,-0.5703666420839628,-0.37500490649265944,-0.823299235682872
2018-09-23,0.0,-0.4584859174884617,-0.6142401683085486,-0.3798668876158031,-0.8050596267046295
2018-09-24,0.0,-0.47932113304153334,-0.6324028700489767,-0.3845354154528751,-1.0854673515475532
2018-09-25,0.0,-0.5033143041959226,-0.6523388744499102,-0.38860961017584084,-1.0673905626512206
2018-09-26,0.0,-0.5249620387419521,-0.672356473222696,-0.39205382896011737,-1.15921852405272
2018-09-27,0.0,-0.5361807124049824,-0.6833111264392218,-0.3952290403123153,-1.1617769427288533
2018-09-28,0.0,-0.5666050373250701,-0.7075036625704211,-0.398134746032083,-1.1989590914784944
2018-09-29,0.0,-0.5890426055822646,-0.7211768348718369,-0.4004665913564303,-1.574317556403988
2018-09-30,0.0,-0.5852702103814278,-0.7208755360853231,-0.4025972889233918,-1.865823060783884
2018-10-01,0.0,-0.604323132597293,-0.7364359647787804,-0.4647777375410869,-1.8273500525922421
2018-10-02,0.0,-0.6239096698368444,-0.7499072590216678,-0.5006106026292557,-1.7882923116492881
2018-10-03,0.0,-0.640675170079031,-0.7623498164392961,-0.522661290818211,-1.7525706260717928
2018-10-04,0.0,-0.6597462992950526,-0.7799083017097533,-0.5236123242666769,-1.7143700728589475
2018-10-05,36.5,-0.1275342218552976,-0.3985980409940579,-0.41338393422385544,-1.47640830725098
2018-10-06,55.5,0.058928279130078004,0.1609252466217676,-0.2359742474902871,-1.1616810825376602
2018-10-07,0.0,-0.11519250225942369,0.041277320085296734,-0.25027246514431223,-1.1900614652949582
2018-10-08,0.0,-0.21548982370488537,-0.02402172454574663,-0.24869659803100663,-1.2277959405782708
2018-10-09,0.0,-0.2902058364287655,-0.06898980722732428,-0.24718496492701605,-1.2000371519974353
2018-10-10,7.0,-0.23823891355106938,-0.02400627916509201,-0.22351105198679388,-1.1261634246921997
2018-10-11,0.0,-0.3142428526829061,-0.07011410742646669,-0.2495710917109095,-1.080598839042206
2018-10-12,0.0,-0.3597039959459586,-0.10231059599354404,-0.24749914313613378,-1.0347759458906465
2018-10-13,0.0,-0.4000787024580932,-0.1280289241891312,-0.24527746676514758,-0.9894797020085857
2018-10-14,0.0,-0.4296817294315166,-0.14758116135472923,-0.24288355664209638,-0.945150515993469
2018-10-15,0.0,-0.45476826096014206,-0.1598092448482971,-0.24033933729498685,-0.9029827467367767
2018-10-16,0.0,-0.4806551164684613,-0.17227446359828325,-0.237724067415748,-0.8612796314013285
2018-10-17,0.0,-0.5148381605289454,-0.18723944750157787,-0.23471463718003482,-0.8194323910455631
2018-10-18,0.0,-0.5383912733775809,-0.19839105285646863,-0.23131904764391029,-0.7782966879030052
2018-10-19,0.0,-0.5724222471095931,-0.21390111986704102,-0.27637612910948123,-0.7388494994611553
2018-10-20,0.0,-0.5944044632400596,-0.22392196130359754,-0.4634045059200444,-0.7000081600643222
2018-10-21,0.0,-0.6132346603787728,-0.23459962210899957,-0.4692333364363786,-0.660440302780587
2018-10-22,0.0,-0.6358583179851633,-0.24370738699580877,-0.46511308932237816,-0.6216181878360768
2018-10-23,5.0,-0.5556250535733525,-0.18280441006085796,-0.4442543908493257,-0.5618567620170234
2018-10-24,0.0,-0.5869071937928415,-0.20254690312556686,-0.43979297738112183,-0.525251920494406
2018-10-25,0.0,-0.6157612266171681,-0.21927633568379726,-0.4347439440157355,-0.4887583614869815
2018-10-26,11.0,-0.43372108067446696,-0.07491103828698961,-0.3935408547724775,-0.43704521964964865
2018-10-27,0.0,-0.4773956649347185,-0.11018676700203328,-0.3885672803880009,-0.4008930904027579
2018-10-28,5.5,-0.3916000154819413,-0.04786246659568432,-0.36507772877662636,-0.3396968165356528
2018-10-29,0.0,-0.4405455712340689,-0.07659660079921067,-0.398521369815616,-0.3026205349992685
2018-10-30,0.0,-0.47712646108356555,-0.09554129721261084,-0.3961688854034661,-0.2660439756071873
2018-10-31,0.0,-0.503266562656854,-0.10840809726356185,-0.39029200688525434,-0.22968648323245938
2018-11-01,0.0,-0.5285670766171101,-0.12038625300438882,-0.3844611490820105,-0.1927867058261045
2018-11-02,0.0,-0.5481486985137072,-0.1330952579714342,-0.4514995588300594,-0.15591230293997424
2018-11-03,0.0,-0.5725932094541093,-0.145849348612415,-0.4462031798705779,-0.1266956782539832
2018-11-04,0.0,-0.6030015960959879,-0.16780366195282942,-0.4407292354774418,-0.11735145216530364
2018-11-05,0.0,-0.619212793189953,-0.1853980572364602,-0.43553952009481156,-0.07956846498836083
2018-11-06,0.0,-0.6389790081150934,-0.2053661911917502,-0.43004764922511,-0.04139259034549645
2018-11-07,2.0,-0.6172545435430962,-0.19032521647748005,-0.4178810901631637,-0.003099426595455435
2018-11-08,64.0,0.36863779783513306,-0.10519956449857551,-0.30769901566889385,0.3094297591790273
2018-11-09,1.0,0.15815470139957108,-0.26407456055551115,-0.30063152637568935,0.35273061627654634
2018-11-10,0.0,0.019325889626105895,-0.37047839346364364,-0.29535730775279456,0.3704978626224559
2018-11-11,0.0,-0.07824238373344929,-0.4423091728349547,-0.2900621831847376,0.4054819079595641
2018-11-12,0.0,-0.1524958534143123,-0.4915374694825476,-0.43234866024387847,0.4454925220069621
2018-11-13,0.0,-0.21508492278112992,-0.5273605684071299,-0.712194741315853,0.4825359501672683
2018-11-14,0.0,-0.27619359804114063,-0.5690495513682687,-0.7296484376040895,0.5250356463828606
2018-11-15,0.0,-0.3270241918596741,-0.6024596819533824,-0.7239392456175026,0.5683979036459832
2018-11-16,0.0,-0.37377677750703,-0.6295028680081436,-0.7183727704668434,0.6129987702919428
2018-11-17,0.0,-0.4195592655591298,-0.6592774472023497,-0.7128262101485179,0.6575417177183269
2018-11-18,0.0,-0.4673302726899255,-0.6877753315895335,-0.7522472553227383,0.7018676003415397
2018-11-19,0.0,-0.5119506143267706,-0.7089529523164759,-0.7710410822810376,0.7264942481578405
2018-11-20,0.2,-0.5285335333692615,-0.7179294988469901,-0.7660099840475356,0.7745377769189054
2018-11-21,1.0,-0.5643265020929418,-0.7383895078033273,-0.7579572579271645,0.8124942108873713
2018-11-22,0.0,-0.6046437465230852,-0.7588387700905534,-0.753182088615117,0.823586760795698
2018-11-23,0.0,-0.6336525000990872,-0.7728365487359065,-0.748128574710144,0.870895722161823
2018-11-24,10.9,-0.425824417093955,-0.6044756950335907,-0.7043954028206775,0.9603100683017509
2018-11-25,0.0,-0.4907877068840633,-0.6473232383715986,-0.7037957516725185,0.9181462286293903
2018-11-26,0.0,-0.5518287500902502,-0.6877475389181084,-0.6994962745459569,0.4638688068589794
2018-11-27,0.0,-0.5964985435702662,-0.7257967362317963,-0.6951601135977553,0.2572770250174647
2018-11-28,0.0,-0.6331937527217965,-0.7441389096125809,-0.691286134825145,0.24080501757194583
2018-11-29,0.0,-0.6742636027148042,-0.770780917804281,-0.6872994462296343,0.28399466851756394
2018-11-30,0.0,-0.6887634717334069,-0.7848148419719947,-0.6829226731674437,0.3277705491756931
2018-12-01,0.0,-0.6989664404860152,-0.7979858337225078,-0.6788485834388873,0.37363092869696274
2018-12-02,0.0,-0.7042982636437519,-0.8017904788624441,-0.6741134998224527,0.17389318510952909
2018-12-03,9.5,-0.5468086312948223,-0.6401348617937778,-0.6351832071074912,0.29043469476837896
2018-12-04,5.0,-0.4978810836277546,-0.5902227342595134,-0.6120049802948302,0.37463036869463073
2018-12-05,0.0,-0.5607513966449691,-0.6312039013447466,-0.6061307221612712,0.41789054574383483
2018-12-06,0.0,-0.6041919391090609,-0.6585901023905834,-0.6017350148148628,0.46684414745183017
2018-12-07,0.0,-0.6386845166608247,-0.6785362973894683,-0.5970745476884877,0.5190179562191491
2018-12-08,0.0,-0.6706054199949137,-0.6962840125252652,-0.60753902936487,0.5716964938672285
2018-12-09,0.0,-0.7113901201674511,-0.7178751059227747,-0.5997412218236688,0.6253510776389568
2018-12-10,0.0,-0.7403588240040058,-0.7305507003974748,-0.5916377819277219,0.6807114598389531
2018-12-11,0.0,-0.7676911700489921,-0.7404289672774587,-0.6873253936675958,0.7353170164647727
2018-12-12,0.0,-0.7871806784275953,-0.753611535955422,-0.7385006399784173,0.7884402917919292
2018-12-13,1.3,-0.7656689708335925,-0.7370118046476364,-0.721786486830675,0.8474047121174378
2018-12-14,0.0,-0.7737312881597129,-0.747939730314052,-0.7077229753088886,0.8993206316811281
2018-12-15,0.0,-0.7697757174687297,-0.7506247553324973,-0.6926285170577346,0.9348319350604352
2018-12-16,0.3,-0.782960754330755,-0.7599538931692149,-0.6754297235724083,0.9901148899663778
2018-12-17,0.3,-0.782904357593344,-0.7638900523079543,-0.6669336800031117,1.0305597152759174
2018-12-18,0.0,-0.7986492363668076,-0.7738601353007686,-0.6492542072293207,1.0794751033320766
2018-12-19,0.0,-0.8103158778547014,-0.784275449214063,-0.6310576170635254,1.0836989551145977
2018-12-20,0.0,-0.8184435282352768,-0.7881744284830622,-0.6122343728784883,0.9523729353286668
2018-12-21,0.0,-0.8238302614185553,-0.7918420369585265,-0.5921906096982544,0.9312733127962387
2018-12-22,0.0,-0.848945543981691,-0.8065617180881988,-0.5699418144526984,0.9788686687555341
2018-12-23,0.0,-0.8602915207849016,-0.8162954506056532,-0.8145456871114786,1.0281808869324838
2018-12-24,0.0,-0.8792941442313462,-0.8224852999293341,-0.7938376067115099,1.0738839306014172
2018-12-25,0.0,-0.8807224298462321,-0.821347368219011,-0.8692314058778946,1.117550538949192
2018-12-26,0.0,-0.8812377941872669,-0.8203129840468757,-0.8648474586968002,1.1572071253051581
2018-12-27,0.0,-0.8809090972533529,-0.8215426066881795,-0.890355676439786,1.1997246561135868
2018-12-28,0.0,-0.8843855704745694,-0.8230010466160435,-1.2012374292441317,1.2407003485410792
2018-12-29,0.0,-0.8876864012967113,-0.8285406973895852,-1.42694054094392,1.28066972284399
2018-12-30,0.0,-0.8019983780324446,-0.8329148763521274,-1.3865943620430623,1.3220398847888715
2018-12-31,0.0,-0.8204899955570187,-0.8475549234768163,-1.3473232815878993,1.3657407193384055
2019-01-01,0.0,-0.8278932761761199,-0.8596409754716074,-1.269479047563831,1.4479115577096577
2019-01-02,0.0,-0.8397864609451212,-0.8707960057065274,-1.2298251572354157,1.4861367293777454
2019-01-03,0.0,-0.9205937067511779,-0.8796283623046597,-1.1894672756986053,1.0498548748572043
2019-01-04,0.0,-0.9188142727210825,-0.8861904701872652,-1.1482203136918465,0.21711419312441585
2019-01-05,0.0,-0.9030502406059666,-0.8901225163244835,-1.1684839573300034,0.23735048949993326
2019-01-06,0.0,-0.876670298567172,-0.8739370981745502,-1.1980767474922098,0.2579288171742806
2019-01-07,0.0,-0.9526936077634051,-0.8231230661336653,-1.166497968857927,0.2790910901319193
2019-01-08,0.0,-0.942537278367896,-0.8915142401368193,-1.1238051964420501,0.17375168692548298
2019-01-09,0.0,-0.9280272541805603,-0.8801610342349346,-1.0749910038656216,0.19400411309685875
2019-01-10,0.0,-0.9205897942011771,-0.8593044777872495,-1.0255103434170418,0.21467073610491363
2019-01-11,0.0,-0.9341772639030501,-0.8671121187890019,-0.9774787333568001,0.2359695632353954
2019-01-12,0.0,-0.9334198723017709,-0.8652911738402695,-0.9314231137372194,0.25614814314070744
2019-01-13,0.0,-0.9187030128027023,-0.8511389160041666,-0.8870449995886431,0.2747613264635303
2019-01-14,0.0,-0.9252192566108476,-0.8509507670052903,-0.8423835556860481,0.29331946116472646
2019-01-15,0.0,-0.9324489628072598,-0.8448933319003203,-0.7982624924440495,0.31175602509103617
2019-01-16,0.0,-0.9342075881509296,-0.8457167573210113,-0.7680536156683181,0.32244545490984855
2019-01-17,0.0,-0.9267906944081992,-0.8357225884345594,-0.7271650076202315,0.339622867836925
2019-01-18,0.0,-0.9241345564343971,-0.829690384013539,-0.6862000424107148,0.3576555714582852
2019-01-19,0.0,-0.9296352626878513,-0.8318696110931831,-0.6446034222379021,0.3760459947759384
2019-01-20,0.0,-0.9394908296057174,-0.8365297839778311,-0.6032213689657216,0.3958280672321519
2019-01-21,0.0,-0.9377874150251942,-0.8381387347307724,-0.5631382939551085,0.31827549080723777
2019-01-22,0.0,-0.9473957789991728,-0.8399542190894387,-0.5229586175451251,0.34154349469597295
2019-01-23,0.0,-0.9497295840338492,-0.8402202735772316,-0.4826422465654534,0.3666419573469767
2019-01-24,0.0,-0.9361061009549582,-0.8215481791555214,-0.47379413756595345,0.16172920998381662
2019-01-25,0.0,-0.9273234962724942,-0.811061942241711,-0.4336471367097578,0.18623920580527345
2019-01-26,0.0,-0.9209452796761359,-0.8055125261801552,-0.3938571002844001,0.0874649600979753
2019-01-27,0.0,-0.9167335454425698,-0.8057559602090706,-0.35356377440771497,0.11164677455557748
2019-01-28,0.0,-0.9113230846863072,-0.7993578714288491,-0.31448773659942514,0.13599561464740537
2019-01-29,0.0,-0.9086821572238389,-0.796066049352205,-0.27497387661358313,0.16059430354735657
2019-01-30,0.0,-0.9099437565775784,-0.7939982754063564,-0.23533663675946045,0.18553471871271904
2019-01-31,0.0,-0.909621615395778,-0.7966792228043039,-0.1957156854508954,0.20986623334093302
2019-02-01,0.3,-0.8665533431297717,-0.7745222565280092,-0.1624320974017873,0.24131559835629973
2019-02-02,0.0,-0.8733307414069833,-0.7796080261538533,-0.1485304688576212,0.268372177454911
2019-02-03,16.0,-0.35018245779802454,-0.3623159119535563,-0.04175527025297169,0.6518022299841345
2019-02-04,0.0,-0.417815604149482,-0.414583708579047,-0.0007526322729225447,0.6790523664927167
2019-02-05,0.0,-0.4467032713546716,-0.4369696967066281,0.03247279930831776,0.6633255146854871
2019-02-06,0.0,-0.46273587933754795,-0.4483661092159904,0.07402351378029792,-1.1039992687811986
2019-02-07,0.5,-0.46122332043153863,-0.44550449991244906,0.11769547124448484,-1.0979457763011977
2019-02-08,0.0,-0.47730432245213344,-0.4565825307620554,0.13849235447001165,-1.0727529873283648
2019-02-09,0.0,-0.4893209243232794,-0.46801064641297924,0.17631377456302852,-1.0470361396975962
2019-02-10,0.0,-0.5041868552547368,-0.48145642160394114,0.2187584675250763,-1.0205681927533858
2019-02-11,0.0,-0.5226626847289227,-0.4942478304943345,0.2584633863505146,-0.9945390336247065
2019-02-12,0.0,-0.4969660453666571,-0.47521550525265527,0.30392493174289675,-0.9699149059963258
2019-02-13,0.0,-0.4655109068436038,-0.4595395299988394,0.35072271598224736,-0.9413207314857509
2019-02-14,0.0,-0.4804135510649796,-0.4660017990042211,0.39751046102911175,-0.9155893123055472
2019-02-15,2.2,-0.4248956416479975,-0.4185943454756621,0.45414232624350864,-0.8068654332979057
2019-02-16,0.2,-0.4371688126347436,-0.4213154041373109,0.5015915369080127,-0.7748251966246493
2019-02-17,0.0,-0.44958678398089463,-0.42860957938411937,0.5283022273556883,-0.7505876055965085
2019-02-18,0.0,-0.44701310380688053,-0.42764255287606395,0.577644647314106,-0.736030094295328
2019-02-19,4.6,-0.31466542657539504,-0.3216382174339679,0.633878759456043,-0.586034705730619
2019-02-20,0.0,-0.334033928739681,-0.3441845825039324,0.6470538081474438,-0.5692141569961275
2019-02-21,0.0,-0.33382486406096384,-0.34806394406656,0.6959548339728572,-0.5541907507310098
2019-02-22,0.0,-0.3337503059296705,-0.3534905254745588,0.7355510255693156,-0.9568112024066352
2019-02-23,0.0,-0.3473110895769297,-0.3630986857533233,0.6904598792339699,-0.9454951408343354
2019-02-24,0.0,-0.3515939037858394,-0.3637398209433123,0.21751110962477982,-0.9334020091162141
2019-02-25,0.0,-0.36610214754854026,-0.36872511262057966,0.0015667685104388785,-0.9243091143146579
2019-02-26,0.0,-0.37273661905433847,-0.36734705415396557,-0.019775429549073083,-0.9174697508505457
2019-02-27,0.0,-0.37977387492474807,-0.3737760114927162,0.019386643734974215,-0.9118821257903649
2019-02-28,0.0,-0.37597218887335515,-0.36665507457926994,0.0600451970226991,-0.9060780353367659
2019-03-01,0.0,-0.37736076028623844,-0.3611124637155741,0.10167592548741361,-0.8984807117299896
2019-03-02,0.0,-0.37354486914230356,-0.3673295296677899,-0.11107991943721866,-0.8934658032040774
2019-03-03,0.0,-0.3658514530432021,-0.36721487777908135,-0.07284609692890141,-1.3041395756716687
2019-03-04,0.0,-0.34414341482252614,-0.36467881119703766,-0.03426888232344928,-1.5576228970408192
2019-03-05,0.0,-0.31137382987149614,-0.3663562117464522,-0.0012540716603844629,-1.5570905069518397
2019-03-06,0.0,-0.4135034210735449,-0.3355376711087882,0.03624840843535361,-1.5591375321413814
2019-03-07,0.0,-0.3647787117992084,-0.3389866727729485,0.07718592082389665,-1.55995712866404
2019-03-08,0.0,-0.32056140322084,-0.3378974384074975,0.11823258729107969,-1.5636680593720202
2019-03-09,0.0,-0.3192189320596836,-0.3346106980917058,0.15803026410929563,-1.5713485806971064
2019-03-10,0.0,-0.31051438770352896,-0.331892492993252,0.19820165716926083,-1.580349534923457
2019-03-11,0.0,-0.2905565981289368,-0.3313412310763262,0.23619036944865415,-1.5956399737416387
2019-03-12,0.0,-0.2803640804102201,-0.3343867445157825,0.2732764486052886,-1.6116370891321201
2019-03-13,0.0,-0.26738091800458236,-0.3254390836728764,0.30534579259247424,-1.7011963694920136
2019-03-14,0.0,-0.23926081876977107,-0.3151142062300381,0.3399846155917505,-1.7207892794465194
2019-03-15,3.5,-0.07614761325745881,-0.23089022676866203,0.38999018954014825,-1.5489278601367353
2019-03-16,0.0,-0.08346848432884452,-0.2320001222486189,0.4225296945286145,-1.5888834778257666
2019-03-17,0.0,-0.0704517872876133,-0.21451228061513103,0.4554837855040727,-1.6286897378015313
2019-03-18,0.0,-0.06127507113743993,-0.19734589427832613,0.4859778739332412,-1.6539087139994288
2019-03-19,0.0,-0.05931999467712776,-0.1878380066737833,0.46706523150084067,-1.6821435211896807
2019-03-20,16.5,0.6136877277002349,0.1835049942631369,0.4806431778513711,-0.9677457243907317
2019-03-21,3.3,0.6464292373132497,0.2169808834749693,0.47434342062321866,-0.8680617831045949
2019-03-22,0.0,0.5711181712726634,0.17273275729688808,0.500616203679868,-0.8923092550864345
2019-03-23,1.7,0.5827474727238121,0.1835974491719693,0.545550467690216,-0.8540753623076855
2019-03-24,0.0,0.5277646546931473,0.1550675075734201,0.5706957040722426,-0.8775261283731802
2019-03-25,0.0,0.5288820190176673,0.13722648800448103,0.5938757218901571,-0.9015591051987396
2019-03-26,0.0,0.4904101691923239,0.12147899602792804,0.6138249232762693,-0.9265983552574175
2019-03-27,0.0,0.4777411280549385,0.11471133682530417,0.6335288241752328,-0.9551326049644397
2019-03-28,0.0,0.46060700324002213,0.10559328776158296,0.6503082160253193,-0.9801708155340111
2019-03-29,0.0,0.45865114104501575,0.09681396950265006,0.666126797380564,-1.0023493686985332
2019-03-30,1.8,0.5469716540082252,0.1307242670897895,0.7022076705125689,-0.9602872408298505
2019-03-31,0.0,0.5275277398828853,0.11856593063713734,0.7161662105483505,-0.9843649608143393
2019-04-01,0.0,0.5053253563818269,0.10570158946653645,0.7267877825373393,-1.0119308437578625
2019-04-02,0.0,0.4401214808479647,0.08771827745166502,0.7362793839279227,-1.0380345805946734
2019-04-03,0.0,0.3797556525620256,0.07406924153399153,0.28530145125813244,-1.0622365841456662
2019-04-04,0.0,0.34129101176463644,0.05930979280054847,-0.5145808647667736,-1.0878843410687433
2019-04-05,0.0,0.29916062640617513,0.04081388744332396,-0.5187583266727392,-1.1144477660486514
2019-04-06,0.8,0.29572291466470624,0.048471533157063575,-0.5106852104635685,-1.1144198310193083
2019-04-07,0.0,0.2890628215266297,0.03759669434782601,-0.5160979823945819,-1.1460696592043207
2019-04-08,0.0,0.29292027123921266,0.028832627875530176,-0.6361503114520217,-1.176973856256301
2019-04-09,17.4,0.9332284487362271,0.3824717960105277,-0.3641028610679137,-0.6670224143120077
2019-04-10,5.6,1.0392366862445606,0.4339800233687685,-0.2838947072469344,-0.5441911123168747
2019-04-11,0.0,0.9712985825218334,0.38165470165554743,-0.29008323165158617,-0.5708000816460812
2019-04-12,0.0,0.8145237311115114,0.33196165106061426,-0.29767623197605186,-0.5986147997169148
2019-04-13,0.0,0.7722234211260128,0.31263494684277177,-0.30710902764475706,-0.6280040596399147
2019-04-14,1.7,0.806275689748672,0.3298769275305663,-0.2937135859414413,-0.6160949795602969
2019-04-15,0.0,0.800363889814169,0.32293399878717705,-0.3071558528193663,-0.6484323435999986
2019-04-16,0.0,0.8116833950238347,0.31021322996186307,-0.3214849545766181,-0.6812116322481739
2019-04-17,0.0,0.8169695978006284,0.2892298338012389,-0.33729781877432646,-0.7131231187527284
2019-04-18,0.0,0.7950286020865048,0.26457705930475084,-0.35402044867916427,-0.7454784346931217
2019-04-19,0.0,0.7533465240694612,0.2557263049787166,-0.3703976590461029,-0.7777868378532082
2019-04-20,1.2,0.7354730682751021,0.28312113866250205,-0.36832548444418045,-0.7810329417180223
2019-04-21,0.3,0.7147689563446306,0.29090538351677925,-0.4568902790944263,-0.8066144390646217
2019-04-22,0.0,0.6568605731292569,0.4332361679367343,-0.47177608378126273,-0.8369702729178838
2019-04-23,0.0,0.585476717020618,0.4200705223260955,-0.4863886310057023,-0.8677849339223432
2019-04-24,4.1,0.609378259349581,0.5029315334620397,-0.6091033133329431,-0.8045948076028241
2019-04-25,11.3,0.9476728039191251,0.7856234243150362,-0.45067287059342603,-0.5919685869294923
2019-04-26,4.9,1.0444081217613277,0.8655037593550983,-0.47727956302707314,-0.5273258051689999
2019-04-27,0.0,0.9603400014564,0.7774711193950435,-0.49569061196050085,-0.5624230971764089
2019-04-28,0.0,0.8602203739783255,0.7024105139553929,-0.5149092693596073,-0.5979554838336729
2019-04-29,0.0,0.7966312319226779,0.6567455399235916,-0.5337420112652086,-0.6340247579232557
2019-04-30,0.0,0.693284930374141,0.5802001641168996,-0.5525586316659538,-0.6697183272225061
2019-05-01,0.0,0.6202301625261407,0.5276176039466006,-0.5709736060072921,-0.7040172140905846
2019-05-02,0.0,0.5714426975302568,0.49834322824079,-0.5887473451903827,-0.7432878584054747
2019-05-03,0.0,0.5550082450597382,0.4600866656196367,-0.6069811340740758,-0.7777638625358161
2019-05-04,0.0,0.5063922576500175,0.42245987569692517,-0.6255749746386842,-1.139197275200368
2019-05-05,0.0,0.447344550412865,0.37013854171088734,-0.6448978939483787,-1.1727806880259215
2019-05-06,0.0,0.3465465310084472,0.3028299985988102,-0.6928727522233784,-1.2057340938232222
2019-05-07,0.0,0.2602606762828591,0.23903756381017788,-1.7935216041457658,-1.2400271082739929
2019-05-08,0.0,0.20469669038543029,0.19018683714641677,-1.825123700126304,-1.28302944725395
2019-05-09,0.0,0.18092573471120313,0.1632567383163477,-1.8381701232905003,-1.314304116927783
2019-05-10,0.0,0.15416216463925805,0.13532260167887247,-1.85245129321273,-1.3468395017173853
2019-05-11,0.0,0.08967174170974915,0.07987750004367127,-1.8664079392700668,-1.3805050971756039
2019-05-12,0.0,0.008470549458056281,0.015054245897716334,-1.8800510201800356,-1.4137605519085903
2019-05-13,0.0,-0.044637267352932726,-0.03145044090236458,-1.8932457820580038,-1.444943738674549
2019-05-14,0.0,-0.10809365109739882,-0.08426114870800014,-1.9057106983800733,-1.4751451452844269
2019-05-15,0.0,-0.1671148046918501,-0.1294702588541009,-1.914540953087721,-1.5016107180363742
2019-05-16,0.0,-0.18724681765122023,-0.1546562863936992,-1.9209723385589152,-1.5746599847311125
2019-05-17,0.0,-0.20626781049005533,-0.17251789968473338,-1.9288138844170664,-1.5995543240146985
2019-05-18,0.0,-0.25654877043323265,-0.2080193874431022,-1.9382049347118138,-1.622491551883031
2019-05-19,22.0,0.39391150338165043,0.3670539943554998,-1.5574627133318144,-1.2079619160811097
2019-05-20,8.7,0.5722112214080047,0.5249591407026367,-1.4411081852782255,-1.1597745227731084
2019-05-21,0.0,0.4973588346657818,0.4651204484448843,-1.4539775135037507,-1.1864153519730494
2019-05-22,0.0,0.4673929220233124,0.43653694432047835,-1.4653277658353505,-1.2097398955831622
2019-05-23,0.0,0.4114481161665489,0.4055593409148979,-1.658593731299197,-1.2303621228074473
2019-05-24,0.0,0.36511863425749547,0.3668526595489819,-1.6711606037150193,-1.2499863460560534
2019-05-25,0.0,0.30343072913071345,0.3531965957165533,-1.6845307648847754,-1.2711924159621253
2019-05-26,0.0,0.2620254158919152,0.33258976147578906,-1.697864743666059,-1.290630985685244
2019-05-27,7.1,0.465633338861828,0.5388880710151293,-1.5935257640806937,-1.1837342565560087
2019-05-28,0.0,0.41037573442270764,0.4987585118033838,-1.6046819959633525,-1.1973969703691938
2019-05-29,0.0,0.3727959984417305,0.4752318653672111,-1.6136323208726158,-1.209493995476885
2019-05-30,0.0,0.3491626486975976,0.46331523652357487,-1.622202313525626,-1.221687971891642
2019-05-31,0.0,0.3173110110691831,0.44605786417507703,-1.632160959511054,-1.2343348169129666
2019-06-01,0.0,0.27552185936301876,0.40893022421177205,-1.797768468893623,-1.248622959597315
2019-06-02,0.0,0.22741308450581513,0.3612566395567015,-1.8964291997151164,-1.2651821173067626
2019-06-03,0.0,0.19413276361619206,0.3262100886012419,-1.9112616381466723,-1.2833337460474334
2019-06-04,0.0,0.17297776883105478,0.3128948278281145,-1.923625113728823,-1.2989885137908572
2019-06-05,0.0,0.1648050783907792,0.3099836096313819,-1.932719990635779,-1.3125783790443788
2019-06-06,7.5,0.41373157909492264,0.5349300678238947,-1.8171458405298666,-1.2041356685913016
2019-06-07,35.3,1.4707112779770721,1.4809756954235551,-1.300009377114169,-0.7081655221999239
2019-06-08,0.0,1.284282075523503,1.317963778858534,-1.3154017891640506,-0.7249931366042219
2019-06-09,2.5,1.3077411499235516,1.3376781694109046,-1.2958957885740996,-0.7093033389608908
2019-06-10,9.5,1.4921656377066654,1.5048294393002546,-1.183847514501612,-0.6060620439091443
2019-06-11,0.0,1.3746837322232748,1.3631336456513314,-1.217174064443677,-0.6255749922697151
2019-06-12,0.0,1.2546102388704439,1.269212196664686,-1.2335889290671587,-0.644502065254664
2019-06-13,0.0,1.113519001631695,1.1609144567869576,-1.250393969683181,-0.7075039098376987
2019-06-14,0.0,0.9827646197238062,1.044305489778616,-1.272158409021494,-0.7282429309771058
2019-06-15,2.1,1.0337824373584112,1.0919810889749897,-1.2693360269573404,-0.7257781514212666
2019-06-16,0.0,1.0000243364213566,1.0597109393294142,-1.2903629540198445,-0.7511291178492214
2019-06-17,0.0,0.950052035072793,1.0035700447880989,-1.3125404595862504,-0.7810545326021533
2019-06-18,13.8,1.2267389939205733,1.2574385198352798,-1.1709507774236998,-0.8437675139574324
2019-06-19,0.2,0.976128135008617,1.0492909668598183,-1.1929336627748448,-0.9115721350516439
2019-06-20,0.0,0.7523667461343401,0.8319272903048305,-1.2183406779338783,-0.942500137572626
2019-06-21,0.2,0.6131798571456386,0.7037161583875864,-1.2418151486762277,-0.991679719236257
2019-06-22,0.0,0.5734243754624526,0.6635412021233557,-1.2677853749687649,-1.0231589065890976
2019-06-23,0.0,0.5094623810763266,0.5990876767048815,-1.293326460743626,-1.0560469324507622
2019-06-24,0.0,0.34365687379933807,0.43894819419846004,-1.3190627106563069,-1.0885654995960696
2019-06-25,0.0,0.21843642618773812,0.3079642253599039,-1.3467191373655605,-1.121794524338322
2019-06-26,0.0,0.15579941241125161,0.23849664863555095,-1.3743593318072365,-1.1559098398141319
2019-06-27,1.4,0.10813705967897588,0.19249532530286528,-1.3857847243429071,-1.173198857735829
2019-06-28,0.0,0.030970110682126416,0.12010571221042572,-1.41222907347273,-1.2273625071490213
2019-06-29,1.5,-0.02754617753602632,0.04927396800112427,-1.424628786657396,-1.2439787662754775
2019-06-30,0.0,-0.13235248073312064,-0.05600642541835451,-1.4544776669547237,-1.2793347853610184
2019-07-01,0.0,-0.2487893008216897,-0.16765860810349537,-1.4847176158645257,-1.315041295428594
2019-07-02,0.0,-0.3300327285236736,-0.2523204969010275,-1.515652355460186,-1.3516883258063983
2019-07-03,0.0,-0.41291665416505907,-0.3258453752996049,-1.5469737208550565,-1.3884064542137375
2019-07-04,0.0,-0.4891597628404671,-0.39329383001064505,-1.578516535305127,-1.423698535074028
2019-07-05,0.0,-0.5445707818246127,-0.43911758458836564,-1.613191560321167,-1.469753667725877
2019-07-06,0.0,-0.5956421091551495,-0.4822985766673591,-1.6500703275941828,-1.5093747167992155
2019-07-07,0.0,-0.6277767790914365,-0.5139156530667316,-1.688887770062145,-1.5508118287582158
2019-07-08,0.0,-0.6875722734293217,-0.5841273604690735,-1.7316487189975953,-1.7889071979447835
2019-07-09,0.0,-0.7150873326900713,-0.6233334120261136,-1.774780094183579,-1.8989430944033803
2019-07-10,8.5,-0.7007432615268815,-0.6142014472785231,-1.745979215754284,-1.8491646716031482
2019-07-11,2.9,-0.7955169905111654,-0.69958243713572,-1.7677307030565106,-1.8637994869114514
2019-07-12,0.0,-0.7845667029274521,-0.7017928391755841,-1.8111908716951426,-1.9064985314562972
2019-07-13,0.0,-0.8136572150539697,-0.7404103929566263,-1.8565171711006334,-1.970100974113122
2019-07-14,0.0,-0.9011819166329552,-0.809619340670756,-1.9051621087829635,-2.0181294069758415
2019-07-15,7.7,-0.9209983181789609,-0.8316976420286569,-1.8900474843571178,-1.9820486760747926
2019-07-16,6.3,-0.8552801536827268,-0.7680803102453129,-1.8876123606664976,-1.9616158004043713
2019-07-17,0.7,-0.9128246349118674,-0.8117298928916621,-1.930395410477932,-1.9986302281293342
2019-07-18,0.0,-0.9378823957806519,-0.8464925043298263,-1.9760259496147063,-2.0391788673424323
2019-07-19,0.0,-1.0419192954279008,-0.939927880146156,-2.021199389578526,-2.091342270375411
2019-07-20,1.1,-1.1310534032905177,-1.0115958718559928,-2.057334510323656,-2.124319245647854
2019-07-21,6.2,-1.123046590958326,-1.017578510451285,-2.0549751728742627,-2.105469547304924
2019-07-22,0.1,-1.1722859523003826,-1.066195382513732,-2.103534490442777,-2.1490749667271705
2019-07-23,0.0,-1.2478075675743894,-1.1177939388505431,-2.1541277437950686,-2.2359026014670764
2019-07-24,1.0,-1.2852586461953093,-1.1694544078171063,-2.196220913722492,-2.3895052546547113
2019-07-25,9.7,-1.16314855613049,-1.0905633884876726,-2.170366649216316,-2.383825784240516
2019-07-26,60.0,-0.43685927765230637,-0.49276882716247283,-1.7874940046373857,-1.8644458196616942
2019-07-27,0.6,-0.4461198377680675,-0.4982593154067861,-1.8307667008002928,-1.8995065186016107
2019-07-28,25.6,-0.3114159497692431,-0.36619327349567665,-1.711885836514509,-1.7344494804618666
2019-07-29,0.5,-0.4501326317567012,-0.46839027017925255,-1.7556462854883461,-1.770784999626468
2019-07-30,1.2,-0.5399776055513541,-0.5356250094095086,-1.7949156534977198,-1.8002118866988872
2019-07-31,62.3,0.19002132806170968,-0.04444388790808142,-1.4687649383849004,-1.3939683189844367
2019-08-01,26.9,0.3700986566856554,0.06796567959398861,-1.3622980331702794,-1.255780613386147
2019-08-02,0.0,0.17338337769844236,-0.05641557733083633,-1.4921307118566025,-1.287809470757745
2019-08-03,3.0,0.10137140150301838,-0.11690748157785182,-1.5195174670696836,-1.3024969244046787
2019-08-04,8.6,0.10294449494690784,-0.12228622109808492,-1.5150839142700943,-1.2818768873998148
2019-08-05,0.0,1.8385445821047116e-05,-0.20567492063820478,-1.5582844554602735,-1.3133552968509634
2019-08-06,0.0,-0.0972050394992565,-0.2743683341597041,-1.6047590453914649,-1.3447242935007282
2019-08-07,8.0,-0.058925305316956764,-0.24623762406459887,-1.605110201498617,-1.3279318759183936
2019-08-08,0.0,-0.11875577703763855,-0.27503338534358057,-1.6461716649482052,-1.355878466652441
2019-08-09,0.0,-0.20344339711071688,-0.3430491678505495,-1.684696217761373,-1.3812960903469391
2019-08-10,0.0,-0.2643488560274077,-0.38972983748125184,-1.720586890849429,-1.4043729147913369
2019-08-11,6.7,-0.23328753751186107,-0.3745322177609474,-1.7194350295742047,-1.3868675298836983
2019-08-12,56.2,0.36212266540928056,0.03369814527236968,-1.4592863394532536,-1.0987494309533887
2019-08-13,6.4,0.3073204486069921,-0.01660692290273026,-1.4614012129971519,-1.0887152964049223
2019-08-14,0.0,0.1864955923603671,-0.09029528818427993,-1.5067880200239463,-1.1119028459459588
2019-08-15,16.2,0.29366098464914375,-0.012020859660715805,-1.4610075178710389,-1.0523812272030864
2019-08-16,0.1,0.20226292294293968,-0.07260920300673408,-1.494104216135839,-1.0750776925756935
2019-08-17,0.0,0.14286700735020597,-0.12337782054771433,-1.527719491786447,-1.2106796616879252
2019-08-18,0.0,0.07934992941264819,-0.17480255764562427,-1.584074087535266,-1.2788227478212706
2019-08-19,0.0,0.01641464171548132,-0.21840862932593835,-1.6173064664538077,-1.3005980413003821
2019-08-20,0.0,-0.044268005105192944,-0.26287102796624784,-1.649208454518488,-1.3209564109875687
2019-08-21,1.3,-0.1000792530362981,-0.3106469373015884,-1.6740768946940772,-1.3346893173486714
2019-08-22,0.0,-0.1701598379398914,-0.36574634334311706,-1.705490740477054,-1.3556276438392307
2019-08-23,0.0,-0.20930448327269985,-0.390182013353294,-1.7369064350546237,-1.375636200948137
2019-08-24,0.0,-0.2307765307709079,-0.4031825062995795,-1.7677675317337673,-1.3944706962977125
2019-08-25,0.0,-0.3025728111091608,-0.459572422106898,-1.7988279346564426,-1.4507410156823963
2019-08-26,0.0,-0.3570786205759,-0.49570559377244616,-1.8280681074179097,-1.4694100195938296
2019-08-27,20.0,-0.15625249188246856,-0.3520361264532275,-1.7555449022390568,-1.3844667417441898
2019-08-28,0.0,-0.25902015662395267,-0.44244150976073976,-1.7832703118170459,-1.4038185410143642
2019-08-29,36.9,0.14582372718225278,-0.15074367288570603,-1.6309308846279356,-1.2390055068559733
2019-08-30,0.2,0.02438327145775918,-0.23960023016311477,-1.655381589727493,-1.2563913389776786
2019-08-31,0.0,-0.07241977198765619,-0.3165730785903506,-1.680646724032635,-1.2745902270218863
2019-09-01,0.0,-0.14254176376501848,-0.3778371666660258,-1.7051133235766542,-1.2921841164654668
2019-09-02,0.0,-0.17968158651189525,-0.40659465235054965,-1.7297905657665613,-1.3105786056193525
2019-09-03,0.0,-0.24562359739337933,-0.45546321057557093,-1.7536760142432568,-1.3277901969645869
2019-09-04,22.7,0.0240079344265147,-0.2611998182046943,-1.6695154478255807,-1.271587525806641
2019-09-05,36.4,0.43233483294515446,0.07013234405219124,-1.5241812636732832,-1.281553817845249
2019-09-06,2.4,0.3883700913760628,0.02290311035503073,-1.5324468053176448,-1.2832747002429004
2019-09-07,2.8,0.35864386144022503,-0.00553215842674867,-1.538268549347536,-1.2949193252398725
2019-09-08,0.0,0.3009666305129261,-0.04575783751681666,-1.5558151178724513,-1.3532056116808717
2019-09-09,0.0,0.21842921302783652,-0.08090847243068573,-1.573789119155586,-1.3648997415543425
2019-09-10,63.2,0.8951630839667779,0.49019906140173547,-1.3157959795036853,-1.0826278071190407
2019-09-11,7.6,0.7149160309415884,0.396264602986702,-1.3129794590260566,-1.0574526507686501
2019-09-12,3.9,0.7576382261574964,0.37972321735117054,-1.3099702008933454,-1.0467805353062243
2019-09-13,0.1,0.7567935400156036,0.3476606845770418,-1.3210095833216546,-1.058834422250911
2019-09-14,0.3,0.7695418253177656,0.3363887211678922,-1.3289749267621325,-1.056249833207885
2019-09-15,0.0,0.7522954004996594,0.31456949459202815,-1.3378959110661315,-1.0522493493724967
2019-09-16,0.0,0.7220234704017258,0.29216348784727547,-1.4156843044220393,-1.1072086859529282
2019-09-17,0.0,0.6874420203273364,0.27464513336271684,-1.4371658107351375,-1.1001096089505953
2019-09-18,0.0,0.6176024685227105,0.23895156276138058,-1.442608603125314,-1.0892260349061222
2019-09-19,0.0,0.5675743158123454,0.19799711616621085,-1.4539333414081224,-1.0765928821451067
2019-09-20,0.0,0.5197540741552084,0.1656711343228923,-1.4579473462352457,-1.062701135769271
2019-09-21,0.0,0.4078317080716988,0.12979681827575426,-1.4619099009897898,-1.0472981334892877
2019-09-22,0.4,0.447651717898137,0.12377896707632152,-1.463895872590086,-1.0281821302966718
2019-09-23,0.0,0.46443580233700194,0.1156625547999532,-1.4671379266526425,-1.0086770068297846
2019-09-24,0.0,0.49730670824193196,0.12571170073013888,-1.4704474326088945,-0.9887679290761983
2019-09-25,0.0,0.5235373034626309,0.13316324470192614,-1.47331743806986,-0.9728530453007912
2019-09-26,0.0,0.5391255128971298,0.13771793609583188,-1.483043351111716,-0.9483822433592891
2019-09-27,0.0,0.5389328577567544,0.13840985382344906,-1.485753251447837,-0.929353823345911
2019-09-28,0.0,0.5437372166812854,0.1358729741613987,-1.4880863445047197,-0.9024004013519563
2019-09-29,0.0,0.533777194174788,0.12777654647749898,-1.4895575808844863,-0.8728996344512294
2019-09-30,0.0,0.5025424522051715,0.11785773202104444,-1.490264172833891,-0.8412477814894344
2019-10-01,0.0,0.48093218033160845,0.1061522488508107,-1.4905223723811996,-0.809894570580377
2019-10-02,23.1,0.8145241619940111,0.3528057571753142,-1.3954232634352597,-0.6864208504458166
2019-10-03,4.6,0.8350686086297138,0.36790867406903743,-1.3793849884293101,-0.637397537062662
2019-10-04,0.0,0.8145421119404258,0.3483256895941457,-1.3791187699966612,-0.6061728872083065
2019-10-05,0.6,0.8150759697869251,0.3455744395135786,-1.3760857644674336,-0.5722872802683676
2019-10-06,0.0,0.8210629964272634,0.34429764499260246,-1.4455904473959915,-0.5387587663097614
2019-10-07,25.4,1.2369212494955946,0.650555783061695,-1.3634141163652116,-0.40997157286732816
2019-10-08,0.0,1.1893273481668096,0.6110925660026145,-1.3614167405080988,-0.40486972033996016
2019-10-09,0.0,1.165767022637609,0.5914634040247025,-1.3596384176159346,-0.3793599700337117
2019-10-10,0.0,1.1302250097879554,0.5727636615830114,-1.3573979603872832,-0.3414226108157041
2019-10-11,0.0,1.1305559422186866,0.5640104527854074,-1.3619566125350584,-0.30271213656164137
2019-10-12,0.0,1.0918058182800972,0.5530233916623906,-1.3601129827472231,-0.26343958391434696
2019-10-13,0.0,1.1033895596095766,0.5534755826038937,-1.3578702091357804,-0.25207192292457614
2019-10-14,0.0,1.0948380045311217,0.5485831657983208,-1.3555015169769282,-0.23621433048305687
2019-10-15,0.0,1.1033766856398914,0.5520453587260651,-1.353268154930384,-0.20149638547710003
2019-10-16,0.0,1.1192686383027168,0.5611027108719461,-1.3511188337752296,-0.16443858322775756
2019-10-17,0.0,1.1398600899929014,0.5704554040520573,-1.3532181629295328,-0.12705336237906023
2019-10-18,0.0,1.1443666855328563,0.5754427403709168,-1.351167667350799,-0.09348484647071538
2019-10-19,0.0,1.1696562159901471,0.5850781679823429,-1.3473267643599454,-0.0781843546442157
2019-10-20,0.0,1.1746153626756044,0.5865134763836696,-1.343229856794915,-0.04147271624776901
2019-10-21,0.0,1.1694644722509053,0.5885769801385394,-1.355623956308399,-0.0035917602414580483
2019-10-22,0.0,1.1854368986584318,0.5945603136949189,-1.3974067092521745,0.031187054188314488
2019-10-23,0.0,1.1827224455382337,0.5946550850950891,-1.4129433923527321,0.03475132020594925
2019-10-24,0.0,1.1894582867874193,0.5968815889691301,-1.4080791788080258,-0.14851382831024174
2019-10-25,0.0,1.2026276793611417,0.6025540865936596,-1.4022364710193975,-0.11367081730687563
2019-10-26,0.0,1.2356901466472627,0.6126265325591052,-1.3963509079969982,-0.17711081720871422
2019-10-27,0.0,1.2122164374176991,0.6050945727546259,-1.3906609371897645,-0.14249620923816114
2019-10-28,1.7,1.23159865783603,0.6305275525656397,-1.3770193399396091,-0.10322629162077288
2019-10-29,0.1,1.2428231429853678,0.6348489272488032,-1.3699894502350003,-0.3282542607227258
2019-10-30,0.0,1.2584058307222783,0.641717391777761,-1.3639240281231195,-0.41428820939381045
2019-10-31,0.0,1.26613456913774,0.6453118964049092,-1.3575105321690042,-0.37801897586265637
2019-11-01,0.0,1.2753113830219802,0.6511383322164063,-1.3512712659025377,-0.35521341057657524
2019-11-02,0.0,1.2601618388604123,0.6484558584535655,-1.3455955522612264,-0.3592103709813829
2019-11-03,0.0,1.267482439694804,0.6546845015055102,-1.3402727891095627,-0.32123279018819323
2019-11-04,0.0,1.2477980804818534,0.6516514056690198,-1.3343946191224099,-0.28310265124021
2019-11-05,0.0,1.2083495719506594,0.6398157757963132,-1.328702925623718,-0.28423994514371764
2019-11-06,0.0,1.150572847174038,0.6170522250077634,-1.3227083586729007,-0.24647488233343773
2019-11-07,0.0,1.1047733541416664,0.5965311219148685,-1.3166475862380298,-0.20875417650846748
2019-11-08,0.0,1.0888873361250675,0.5882048985341399,-1.3107057694864805,-0.17203553217190495
2019-11-09,0.0,1.0907846206171568,0.5903752548223231,-1.3047708184757596,-0.16810064567899316
2019-11-10,11.8,1.3742017650629845,0.8004747009416872,-1.2514826333236695,-0.36556064720105824
2019-11-11,1.1,1.3573648948841168,0.7890086357228705,-1.2411003999670496,-0.3591510001381893
2019-11-12,0.0,1.3051542800046656,0.7596597034465636,-1.234938466048797,-0.3229982612681399
2019-11-13,7.5,1.4376348412778681,0.8723922943449596,-1.1991560246093749,-0.3365385777844468
2019-11-14,0.0,1.4309686906478296,0.8610041669559826,-1.1930336056067956,-0.30038205118334765
2019-11-15,18.8,1.8682425236342348,1.196535805200165,-1.19955545126411,-0.15479922260216375
2019-11-16,0.0,1.795730890043358,1.1435909392919361,-1.2283207998001926,-0.11470853979697584
2019-11-17,21.1,2.2611346674687445,1.5079230281729163,-1.1386299469813852,0.04310795589286472
2019-11-18,14.7,2.4851314579886035,1.693829297764476,-1.0758116829488868,0.16281623798545425
2019-11-19,0.0,2.351683835839279,1.5938057721623549,-1.0710281046332972,0.1987794431744851
2019-11-20,0.0,2.195492183098295,1.5214327375713943,-1.0665687185791264,0.24236287232579803
2019-11-21,0.0,2.2295490998280174,1.522980378408898,-1.0619928783209966,0.28538211506312233
2019-11-22,0.0,2.189094530563656,1.4916183630014448,-1.057091027259661,0.32735880875180895
2019-11-23,0.0,2.1666724230887335,1.4741181483766264,-1.07937433268859,0.3710508003610488
2019-11-24,3.8,2.27637901934591,1.5499261542634621,-1.0598139230056616,0.43638109071571846
2019-11-25,0.0,2.22678643340682,1.5167597098582668,-1.0556943941435968,0.3692545995870321
2019-11-26,0.0,2.2242289058102127,1.51047654111078,-1.0514537716462586,0.41489271969455516
2019-11-27,0.0,2.2079135313175464,1.5059055004196908,-1.0472192685470616,0.2356774900538828
2019-11-28,0.0,2.1760080414964893,1.4708056556651647,-1.0435574777696865,0.2790916652283561
2019-11-29,0.0,2.158465289579455,1.452237311956557,-1.0397245505414487,0.3233381812146697
2019-11-30,0.0,2.135351932740659,1.4338055113697767,-1.0353994362273895,0.3675388673316111
2019-12-01,3.3,2.213338083589447,1.4919393835706645,-1.0186989216419742,0.4357772255594994
2019-12-02,0.0,2.1600464501268224,1.4619599864726094,-1.0140102050986655,0.484220930826327
2019-12-03,0.6,2.161129154583691,1.4682096567058407,-1.0357585606546904,0.3795296013038185
2019-12-04,0.0,2.203369897266551,1.4830069168488664,-1.1701490368822172,0.14839465526226372
2019-12-05,0.0,2.2187363709950696,1.4938725227524738,-1.164452852198996,0.1761099290848454
2019-12-06,0.0,2.2151818787280666,1.4990406990524596,-1.168740841246761,0.20129169069288882
2019-12-07,0.1,2.227723891933708,1.5122169199687219,-1.201130471629145,0.24977735325863562
2019-12-08,0.0,2.241294439933684,1.525567736110078,-1.1944394125150635,0.29785881323727126
2019-12-09,0.0,2.2806767423609635,1.5470590582146841,-1.1870548895448794,-0.28413134789387295
2019-12-10,1.7,2.3354162869727833,1.590623246941342,-1.1723374834346423,-0.31524845391882556
2019-12-11,0.2,2.3483948241281136,1.598802196177451,-1.1630053985056859,-0.32348226681866843
2019-12-12,0.0,2.371680964416487,1.6110157029444963,-1.1625837659419007,-0.2894044305898509
2019-12-13,1.0,2.3873695490447906,1.6308726324325329,-1.146721261648874,-0.24482360794222893
2019-12-14,0.0,2.3553078072305267,1.6235364743906633,-1.1325062900265292,-0.20753187748989418
2019-12-15,0.0,2.294010940155447,1.6021597748592997,-1.1740310380686987,-0.16966269463478428
2019-12-16,0.0,2.3111730566117594,1.612442344007918,-1.1582471087417059,-0.13140432713091554
2019-12-17,9.8,2.563859391747853,1.8329803670632194,-1.1109745489250122,0.019303552944915595
2019-12-18,0.0,2.5595607429091793,1.821663680158182,-1.092928442395247,0.056998441076108804
2019-12-19,0.0,2.5664259441128507,1.8320198860210946,-1.0735677426172328,0.09533842397486512
2019-12-20,0.0,2.568064159890021,1.8321228783627654,-1.053529848970475,0.13236040610453575
2019-12-21,0.6,2.571408696182646,1.84015073462886,-1.029622029725614,0.1716749118558716
2019-12-22,0.3,2.6221152611509075,1.8675418686639587,-1.004276327194265,0.21336813531807838
2019-12-23,2.9,2.7053267476879914,1.9445339502709638,-0.9675244790063406,0.2911677528111539
2019-12-24,0.0,2.7205648924293997,1.9390278681856,-0.947957246256487,0.328141507501585
2019-12-25,0.0,2.707496520358732,1.9330980736006889,-0.919541432557281,0.364519211132581
2019-12-26,0.3,2.716036033106914,1.9447288200199637,-0.8941012423682668,0.4019966875168283
2019-12-27,0.0,2.7152522038494777,1.951569537658506,-0.8622702443268874,0.4371582691837255
2019-12-28,0.0,2.705937738198967,1.9453471187236941,-0.8289406344814453,0.4714206495421009
2019-12-29,1.4,2.7383153884372775,1.9824555258575813,-0.7875203386909745,0.5245845210279165
2019-12-30,0.4,2.7556949357834406,1.9684504096391842,-0.7499304729246021,0.5645287012768329
2019-12-31,0.0,2.748362596313059,1.9655819903407679,-0.71486112280925,0.24941504509032392
2020-01-01,0.1,2.7851668266249474,1.965644112706139,-0.6426642893785595,0.23435441953825073
2020-01-02,0.0,2.8017433921436905,1.973825674434347,-0.6069855152191299,0.26224117160736315
2020-01-03,0.0,2.7196322780186266,1.976064279944002,-0.5704968893514821,0.27793789393952195
2020-01-04,0.0,2.720856142051044,1.985773804827092,-0.5333804031089696,0.2983138910054776
2020-01-05,0.0,2.729598850512358,1.9740809713575076,-0.49583651271582063,-0.1482144045998235
2020-01-06,1.8,2.771089247097136,2.021588869963595,-0.48154835071049423,-0.09357629447308784
2020-01-07,46.3,-0.5696544752935578,3.0585684587681468,-0.28753974080078903,0.7325864129889134
2020-01-08,11.6,-0.4349678146860599,-0.9257051087940882,-0.2079601904651511,0.9322425788572745
2020-01-09,0.0,-0.5964594157019145,-1.0526655332497254,-0.16761075119809193,0.9553754509448567
2020-01-10,0.0,-0.7020241746627675,-1.110692967447166,-0.1271716509869148,0.9795555434158776
2020-01-11,0.0,-0.7986385441640552,-1.1782040008335286,-0.113597343491723,1.0040435479967171
2020-01-12,0.0,-0.8679847509219325,-1.2211066482855926,-0.09641246185365332,1.0278198045924056
2020-01-13,0.0,-0.9131120649631717,-1.2389381364735192,-0.061360393144751585,1.0495991821963022
2020-01-14,0.0,-0.9714560624912117,-1.2705611451511163,-0.023548544206392456,1.071455844914015
2020-01-15,0.0,-1.025607758939491,-1.288834232613125,0.014269193996989013,1.0933638844447435
2020-01-16,0.0,-1.0706645424928993,-1.3170921897134442,0.034948762287834285,1.1039901077519876
2020-01-17,0.0,-1.0889311848302556,-1.325925525271903,0.05249299594126486,1.1238509303670692
2020-01-18,0.0,-1.1096365691980152,-1.3363442029710515,0.09040628834654542,1.1452324646446477
2020-01-19,0.6,-1.1183582863102859,-1.3421345021076778,0.13160629662451856,1.1761227953497295
2020-01-20,0.0,-1.1527484209738528,-1.368215317184613,0.16823545505698098,1.198963400035803
2020-01-21,0.0,-1.1700919171083015,-1.3873557388094786,0.17619928366678142,1.2228530451756958
2020-01-22,0.0,-1.1989521273542232,-1.4031492736211972,0.014954484440286188,1.2492469638009214
2020-01-23,0.0,-1.218069792499836,-1.416833554740751,0.05319690214555342,1.2785416641945715
2020-01-24,0.0,-1.216955958853606,-1.400442759075295,0.003200835439608125,1.3077523712307109
2020-01-25,0.0,-1.2205139574983521,-1.3963057314638778,0.041289159719507716,1.3384859763737291
2020-01-26,0.0,-1.2267927215497003,-1.4008807758214916,0.07669941697071353,1.339827947378433
2020-01-27,0.1,-1.232416095201115,-1.4133365856954119,-0.11266458105776817,1.3691629694197154
2020-01-28,0.0,-1.238908832069476,-1.4156462704766022,-0.1783020843915029,1.400166528330128
2020-01-29,0.0,-1.247113543391497,-1.4208322893967171,-0.13899201348566453,1.4325225330040423
2020-01-30,0.0,-1.2596680723932931,-1.4251493113217353,-0.11128795397609899,1.4644535885116121
2020-01-31,0.0,-1.2690437823739582,-1.4367882082361272,-0.10589873454252581,1.494623973442532
2020-02-01,0.0,-1.2314392933347331,-1.417195108033259,-0.0655140336614976,1.5248388384816676
2020-02-02,0.0,-1.2484121288429804,-1.4315642416785805,-0.024368629455934158,1.5561859102736322
2020-02-03,0.0,-1.2484456475364583,-1.435629813555275,-0.016028099963285962,1.5873634702850141
2020-02-04,1.7,-1.1898806897282912,-1.3866834540603836,0.03196482757863709,1.6453148989721553
2020-02-05,0.0,-1.192980196325745,-1.3897632217121576,0.0735720228931321,1.6738473027357885
2020-02-06,0.0,-1.1927927613302736,-1.387651399569625,0.11530274408713265,1.7010461988042769
2020-02-07,0.0,-1.1993854284732646,-1.3912742499590531,0.12934912189772863,1.7268227510976184
2020-02-08,0.0,-1.2070731412726794,-1.3947183329013026,-0.07258031726517558,1.5515488398133321
2020-02-09,0.0,-1.2097014570825078,-1.4035641828545626,-0.060734383404138614,1.5600161811013995
2020-02-10,0.0,-1.220451987050337,-1.4186412301200035,-0.019701720787899894,1.5843014190504539
2020-02-11,0.0,-1.2392284183667206,-1.431837965161619,-0.05342582420990241,1.4756428353859892
2020-02-12,6.7,-0.9611252764815396,-1.196648714988602,0.021292766114644666,1.623964561168578
2020-02-13,0.0,-0.9200053227263425,-1.1625938351075153,0.06611253361018089,1.301710012774361
2020-02-14,0.0,-0.9505356366972965,-1.1783613081730606,0.11103396227878315,1.3230720367582431
2020-02-15,2.0,-0.9110352057247745,-1.1490544376616771,0.16563271789679881,0.9593279317603242
2020-02-16,13.4,-0.8996838415657488,-0.8415119075316576,0.27443373332361637,0.9500685393976679
2020-02-17,1.0,-0.9566920421281288,-0.8754762139712745,0.32023703595803604,0.9903818521638567
2020-02-18,0.0,-0.9976890719098059,-0.9065932508045865,0.3677064008307524,1.0079444823144017
2020-02-19,0.0,-1.0284356971572055,-0.9321776779325057,0.414597918699943,1.0232188649854526
2020-02-20,0.0,-1.0527310499342952,-0.9529848291973649,0.4606290785973318,1.0353905767573557
2020-02-21,4.2,-0.9331949843578724,-0.8471076712637945,0.5285518674065691,1.1319601190056685
2020-02-22,3.1,-0.8768460804814786,-0.7968044768316267,0.5914499365134664,1.1224248977856188
2020-02-23,0.0,-0.924947161683307,-0.828277305590742,0.5381128534580027,1.1256218621079594
2020-02-24,0.0,-0.9585951749642329,-0.8443910022165458,0.5864775738724033,1.1262969549550332
2020-02-25,16.6,-0.5575942949253331,-0.9001769551846248,0.5256001782764107,1.445761631836866
2020-02-26,0.0,-0.6551972834578417,-0.9737399336105961,0.5728026557761922,1.4419765868811605
2020-02-27,0.0,-0.7147357512054598,-1.021024876210774,0.6207046056337395,1.437368929512592
2020-02-28,3.9,-0.6427819227165651,-0.9523912494553456,0.6926489606954885,1.5026883329341278
2020-02-29,0.5,-0.6782459384100926,-0.9687115568818639,0.7483400704557032,1.4457946444363623
2020-03-01,0.2,-0.7090581074188365,-1.0060142966734782,0.8040628960599824,1.4426084438941564
2020-03-02,0.0,-0.7338859753040506,-1.0227195773317588,0.7200652906358065,1.4272530571074062
2020-03-03,0.0,-0.7500069832451787,-1.0357333266950088,0.5343275096430163,1.4232004226571477
2020-03-04,0.0,-0.742032245700118,-1.0458918536283206,0.5681265068364506,1.4145511840957299
2020-03-05,0.0,-1.083397207984825,-0.960077610520099,0.6004239674488431,1.407195609958394
2020-03-06,0.0,-1.0524831583944854,-0.979796679423381,0.6522172748893545,1.3969427353776966
2020-03-07,0.0,-1.0281786265843513,-0.9866930480395278,0.7039609451956979,1.3884488913973934
2020-03-08,0.0,-1.0556659202331609,-0.9940585852077264,0.25060728644217956,1.381123383214101
2020-03-09,0.0,-1.0442452538395037,-0.9975663919864912,0.22584967650557877,1.3425864151390383
2020-03-10,11.8,-0.6343887236189217,-0.7607055529240858,0.335258328386818,1.53662796808223
2020-03-11,0.0,-0.7184264668850547,-0.8102016600710318,0.37319675046653833,1.5273192821015358
2020-03-12,0.0,-0.7787158415789008,-0.8198637036449424,0.4088411971852968,1.5014457338607143
2020-03-13,0.5,-0.7763990300094626,-0.8157117023190901,0.45172593535125377,1.499701485843289
2020-03-14,0.0,-0.809378723979532,-0.8251357272202099,0.48890118142702194,1.4861112606423834
2020-03-15,0.0,-0.8436374236454112,-0.8278093740013525,0.5238444411882589,1.475375816595363
2020-03-16,0.0,-0.8545571793218995,-0.8179686744400794,0.5582136907871406,1.292645217571136
2020-03-17,0.0,-0.856487908624069,-0.8004846535053649,0.5921971610092497,1.2823431510800738
2020-03-18,0.0,-0.9162193697025912,-0.8039152628532762,0.6264918032812566,1.2726445395311154
2020-03-19,0.0,-0.9100934139858814,-0.792421729171623,0.6578926573270385,1.2624617929838924
2020-03-20,0.0,-0.9062193380949538,-0.7875758140540694,0.6842124921402657,1.2374268926003382
2020-03-21,0.0,-0.9271230954181384,-0.8038488970797282,0.7132735208478165,1.213555113097248
2020-03-22,0.0,-0.9092397594331681,-0.807285445809154,0.7423381804219567,1.1386995924722292
2020-03-23,0.0,-0.8974127348217854,-0.8058970104142967,0.7698238270990316,1.1182500778207243
2020-03-24,0.0,-0.963098059448993,-0.8268348083681567,0.7950742179640814,1.0985558672830877
2020-03-25,0.0,-0.9351952013327172,-0.8300953941596854,0.8168071438394148,1.0722501427332547
2020-03-26,1.8,-0.8441876494839938,-0.7911525182679302,0.8581556784829187,1.0864359019469312
2020-03-27,2.0,-0.7635213819608065,-0.7559445605835546,0.8986790279973412,1.0983113173823713
2020-03-28,0.0,-0.7827825827921627,-0.7579866662404751,0.9165066595047799,1.0449926220004178
2020-03-29,0.0,-0.8196768477921964,-0.7688500153000746,0.933274020317971,1.0085852301971183
2020-03-30,0.0,-0.8180709034019475,-0.7757932543380157,0.6818062942003303,0.9791293734714622
2020-03-31,0.0,-0.8484266545257946,-0.7908102045151548,0.6369583056326819,0.9489527507061822
2020-04-01,0.0,-0.8079864533941837,-0.7750763158527345,0.6460184880697548,0.9199485592226235
2020-04-02,0.0,-0.7974776902639551,-0.7771443143918506,0.645560495333883,0.8895095248763163
2020-04-03,0.0,-0.8547607842938332,-0.791637330464591,0.650433601549436,0.8585938471179967
2020-04-04,0.0,-0.8734766754060939,-0.816171812355175,0.32662438641493147,0.8261697813260751
2020-04-05,0.0,-0.8562686672470006,-0.825071598430629,0.324220879677536,0.760706196941247
2020-04-06,0.0,-0.9183669608342099,-0.8193766896494531,0.3212209792147321,-0.2632093698410564
2020-04-07,0.0,-0.9512630978857134,-0.8205270907572989,0.31626011752451433,-0.6011722781231503
2020-04-08,0.0,-0.9448139363943716,-0.8266313605223615,0.3105163598495195,-0.6308923026278611
2020-04-09,0.0,-0.9488878194383904,-0.8341399745903774,0.3050303028803236,-0.6599344273590054
2020-04-10,0.0,-0.99572182155023,-0.8414412422820791,0.2985389523381876,-0.6855028399227358
2020-04-11,0.0,-0.9198273173428698,-0.8185943920355303,0.29109937586892193,-0.7125163015177052
2020-04-12,0.0,-0.9335497540099502,-0.8309880100339331,0.2818525751054316,-0.741195206832421
2020-04-13,0.0,-0.9375397331658125,-0.8352431795254267,0.27009331071720355,-0.7718526540544158
2020-04-14,0.0,-0.9582442996041328,-0.8352383782852522,0.2574549158998963,-0.8033663798378213
2020-04-15,0.0,-0.9790794418743591,-0.8348795817501007,0.24373000606882356,-0.8354177540201626
2020-04-16,0.0,-0.9893993786484276,-0.7892320923442898,0.22822096690842428,-0.8665193399547235
2020-04-17,6.5,-0.77198430006161,-0.6513122378080611,0.2982984776145483,-0.7331399054443666
2020-04-18,0.0,-0.8197860069914914,-0.6857351888644271,0.28329449823480785,-0.7802521646852845
2020-04-19,10.3,-0.48705752819349024,-0.4980631234391124,0.4020216387597343,-0.5706442769385579
2020-04-20,0.1,-0.6145929557145946,-0.5345889587204417,0.3874361048350333,-0.602225540319682
2020-04-21,0.0,-0.7166850529048334,-0.8663872793877468,0.3716787204226768,-0.6341196052489037
2020-04-22,0.0,-0.7509304414383141,-0.8575319550753708,0.35578083726042686,-0.6664364566607522
2020-04-23,0.0,-0.7280938290246415,-0.8251765670836051,0.339682625498581,-0.6995321859067151
2020-04-24,0.0,-0.7851837626042036,-0.8718192405030587,0.3232615419368255,-0.7321901409414232
2020-04-25,0.0,-0.8502122520160953,-0.9279832093085227,0.28379276080919846,-0.7661545185722628
2020-04-26,0.0,-0.9169346400804308,-0.9626267304087811,0.2637740650872616,-0.8020546290166576
2020-04-27,0.0,-0.9596962912985417,-0.9990978753674481,0.24380960945127061,-0.8361895688477335
2020-04-28,0.0,-1.0205513569646085,-1.0574348228222084,0.22384145512578876,-0.8712272240195699
2020-04-29,0.0,-1.0269515211037223,-1.0639113667679343,0.2042451935272415,-0.9061063609780975
2020-04-30,0.0,-1.050841837901616,-1.0934468287130237,0.18331617000728803,-0.9392055841969031
2020-05-01,0.0,-1.043576763585201,-1.1052697714163242,0.1622674173300809,-0.9714269524391388
2020-05-02,0.0,-1.0852482972133848,-1.0871196369372544,0.14132165963470392,-1.0048049533404098
2020-05-03,0.0,-1.1461470485976397,-1.1374217787473908,0.11988805700395407,-1.0390323908737906
2020-05-04,0.0,-1.2534283936695632,-1.2096099458499736,0.09812568443955982,-1.108620490837895
2020-05-05,0.0,-1.244389698802835,-1.2436265406413227,0.07721913009348319,-1.1417645943664785
2020-05-06,0.0,-1.201648180724572,-1.2421369349739935,0.056637279691878734,-1.1761475125609833
2020-05-07,0.0,-1.2889656302635537,-1.320543185031513,0.03714793947491397,-1.2084617121252745
2020-05-08,2.3,-1.3591223815307436,-1.3537448225306943,-0.10044362371283364,-1.1921015132741175
2020-05-09,24.4,-0.6155611316243127,-0.7119181590517099,0.1650281170968373,-0.7663684126627349
2020-05-10,1.3,-0.7733669617449995,-0.8214679696339381,0.16008856743235553,-0.7777616839475141
2020-05-11,3.4,-0.7662325441527496,-0.8077591021128441,0.09170550629300428,-0.7534827044959133
2020-05-12,0.7,-0.7356296920645796,-0.800841171868645,0.08076278687658665,-0.8877594120639158
2020-05-13,0.0,-0.8342457965115273,-0.8646045615571336,-0.164319080271182,-0.9184121555739726
2020-05-14,0.0,-0.9546733844918479,-0.9420779594948538,-0.18058478042222317,-0.9457316625984101
2020-05-15,12.0,-0.5945657897667509,-0.6779900440349592,-0.3087961600302305,-0.8039475832797206
2020-05-16,2.5,-0.5820096945590506,-0.6723726901817487,-0.47902010475335655,-1.0099644025899457
2020-05-17,0.0,-0.7046153957692786,-0.776752545792987,-0.4939373212356216,-1.051623271414986
2020-05-18,29.8,0.11823915296448002,-0.0520464905373537,-0.1418495173239019,-0.601076090597455
2020-05-19,19.0,-0.22667785413396763,-0.521512290559796,0.05917643268677593,-0.3603789203850464
2020-05-20,0.0,-0.4162320542690048,-0.6831647596010889,0.04033194093057114,-0.3868216108303989
2020-05-21,0.0,-0.5462431094263857,-0.7853934064311422,0.023228693833638767,-0.4672650510872489
2020-05-22,0.0,-0.6537354623466989,-0.8660269865512483,-0.03589775091955476,-0.5308636705363465
2020-05-23,0.0,-0.7501149298986901,-0.9030449858437559,-0.05220556628772167,-0.5507456228792125
2020-05-24,14.5,-0.4027296824473983,-0.6093410729788965,0.0893553375040689,-0.3767728649519316
2020-05-25,0.0,-0.5847212313664871,-0.7407132856099997,0.07161820067300471,-0.6206439351086701
2020-05-26,1.5,-0.6424671529390625,-0.7703269782167309,0.06937048065970805,-0.6174625685803528
2020-05-27,0.0,-0.6986462417290155,-0.8118305548536292,0.05186525555038395,-0.6331313459591716
2020-05-28,0.0,-0.7343270921766253,-0.8358765081154529,0.036154292054776924,-0.7013049792620993
2020-05-29,0.0,-0.7588907420463696,-0.8503986362645239,-0.014756389610195219,-0.7223443124600464
2020-05-30,0.0,-0.813934387644549,-0.8934541101612746,-0.031052925267310814,-0.7393560018018088
2020-05-31,1.0,-0.8305021203104436,-0.9090948634375386,-0.042130720813092326,-0.7403048139689434
2020-06-01,0.4,-0.7998146121768033,-0.8846167441194227,-0.053646746823163526,-0.7510668058493716
2020-06-02,2.0,-0.7986769719561863,-0.8650601300497629,-0.04996084557003946,-0.7409293628074074
2020-06-03,0.0,-0.8920516270425524,-0.9453760510804252,-0.06657534747574223,-0.7566436660116849
2020-06-04,0.2,-0.9537953781285471,-0.995974439756447,-0.08263902566591269,-0.7686225090967227
2020-06-05,0.0,-0.982309953788719,-1.0204492154993212,-0.10058647709457984,-0.7835162294815521
2020-06-06,0.0,-0.9612436077787814,-1.0008502515942892,-0.11863325024115295,-0.7981078323264661
2020-06-07,0.0,-1.0083158610649072,-1.0376282059744382,-0.1560415608207623,-0.8147256820810237
2020-06-08,0.0,-1.1108809306153329,-1.1198131742267734,-0.17847838530284535,-0.9962619581962643
2020-06-09,0.0,-1.1351086638838013,-1.1370975533450827,-0.19982036775992615,-1.0127978476786899
2020-06-10,6.2,-1.0015152833122645,-0.9888463493177871,-0.17126424407207336,-0.9434543180110763
2020-06-11,0.0,-1.0924627995059055,-1.0717825588626226,-0.1954740780926573,-0.9676028333126044
2020-06-12,0.0,-1.1018535091197135,-1.0919191972472702,-0.21967447182447972,-0.9860205037239516
2020-06-13,0.0,-1.059579020635362,-1.0531966224372113,-0.24574854546685693,-1.0053704277592044
2020-06-14,1.1,-1.0946039981780855,-1.0813865922061843,-0.3586398870994578,-1.0122912257405903
2020-06-15,0.0,-1.1932720530129168,-1.1584887115107594,-0.3883432016645595,-1.0356777098046157
2020-06-16,0.0,-1.2485352027898102,-1.1870126812290098,-0.42018714129264306,-1.064007786137019
2020-06-17,0.0,-1.217478684441478,-1.1778644199527164,-0.4524724599410524,-1.092377014718147
2020-06-18,0.0,-1.1850725605540477,-1.1688844192004006,-0.49051925755142434,-1.121028931075893
2020-06-19,0.1,-1.0850616373951487,-1.0733109649163264,-0.5254862327482968,-1.1495069458120346
2020-06-20,0.0,-1.03621033798519,-1.038450440325835,-0.5854360697465562,-1.1793868156657181
2020-06-21,0.0,-1.1523837101486563,-1.132576500457575,-0.6185241735323423,-1.2098023477370874
2020-06-22,0.0,-1.2838701348901072,-1.23207785792003,-0.6516353300806498,-1.2416342469523274
2020-06-23,0.0,-1.1520316432812774,-1.1416318925160682,-0.6880982288932023,-1.2728023588135957
2020-06-24,37.6,-0.4220172124331739,-0.47455678467105955,-0.4047045215802957,-0.8847854757995027
2020-06-25,13.3,-0.3408642913951751,-0.39574070455038063,-0.3391330989317063,-0.8014440280351346
2020-06-26,2.1,-0.4790518082973766,-0.5270094306089584,-0.37418537615848074,-0.8167018269129585
2020-06-27,0.0,-0.6404087541483511,-0.6816658526944771,-0.4184556314160082,-0.8537100368446823
2020-06-28,0.0,-0.6649679774944994,-0.7098340260974288,-0.4602557988627007,-0.8912647726008912
2020-06-29,11.9,-0.5809674048945778,-0.6230433457904497,-0.41748002103288095,-0.8152227589455744
2020-06-30,64.7,0.044067826990238416,-0.10394081736685297,-0.03243512251595569,-0.3073686065637
2020-07-01,0.0,-0.2324020590787352,-0.3569619104497479,-0.08361901064991717,-0.35485873861315065
2020-07-02,0.0,-0.41858537747514557,-0.5164234098717797,-0.13402473479573057,-0.40181687555748496
2020-07-03,0.1,-0.5652113431796318,-0.6524028148031684,-0.18282808191398775,-0.446580188483907
2020-07-04,1.6,-0.6531344332904638,-0.7314301520908392,-0.23315569886095505,-0.4804930013047823
2020-07-05,0.0,-0.7562169476470909,-0.8187826976027357,-0.5666095675972233,-0.5266147429148398
2020-07-06,0.0,-0.8178755315178805,-0.8647762583700452,-0.6880089547512686,-0.5730279052521549
2020-07-07,0.0,-0.9025608062163484,-0.9587401605270284,-0.7362717905767173,-0.6217547125463447
2020-07-08,0.0,-0.9379010073677229,-0.9939902669384612,-0.784388378667985,-0.6700448278220632
2020-07-09,0.0,-1.0937513410563127,-1.1401248962132353,-0.8347099015502076,-0.7205743788385037
2020-07-10,2.2,-1.2091379016125965,-1.2399900711650398,-0.870329121582954,-0.753818324296693
2020-07-11,0.0,-1.1439617184480217,-1.1689635460696055,-0.9184230103612792,-0.8011780966447144
2020-07-12,2.9,-1.1166907473332992,-1.148131790156104,-0.9492668814858306,-0.8286381812985953
2020-07-13,47.6,-0.6336039583286821,-0.7163902851781111,-0.716161505953367,-0.5609239415865986
2020-07-14,11.5,-0.7039925904497519,-0.7884259637956668,-0.7029144999082335,-0.5386940916221491
2020-07-15,0.0,-0.7914056952611609,-0.8435538033499895,-0.7536594199636169,-0.586419972662434
2020-07-16,0.0,-0.8869765308008163,-0.9155333173361527,-0.8030167365426715,-0.6724418247144847
2020-07-17,0.0,-0.9363097364247984,-0.9675714938980636,-0.8537997260070735,-0.7160878599120453
2020-07-18,0.0,-1.0626440823719325,-1.0873060506888363,-0.9007239868444123,-0.823483432502345
2020-07-19,29.1,-0.8056386193197896,-0.8876472135619894,-0.7897302972834692,-0.68873833492743
2020-07-20,3.6,-0.9071751543995905,-0.9853278792964004,-0.8183939934960507,-0.7113435285873391
2020-07-21,0.0,-1.0003486499262644,-1.0680781202896812,-0.8668924701535151,-0.7551743268937854
2020-07-22,11.5,-0.9534020781837509,-1.0209137722228212,-0.8559775322388269,-0.7320615337036974
2020-07-23,103.1,0.16737607503120638,-0.13108789041548688,-0.4085580336861991,-0.23044570228288114
2020-07-24,2.9,-0.22798208466985523,-0.3726719797701834,-0.44332460578680544,-0.2591424516714593
2020-07-25,0.0,-0.4464768179278191,-0.5272260977783072,-0.49041315617256387,-0.30028712437274446
2020-07-26,0.0,-0.44951972799754786,-0.508967454338186,-0.5364565263257621,-0.3401567310527502
2020-07-27,2.2,-0.5641054850440289,-0.5650956610415083,-0.571787207240193,-0.36821173338233665
2020-07-28,0.4,-0.7113180369760876,-0.6577814181577016,-0.6144494957326854,-0.40435487148975074
2020-07-29,50.1,-0.25028897512708553,-0.3419464754028797,-0.4396324011947339,-0.20652612584214236
2020-07-30,0.1,-0.39689195611091815,-0.4460236675853702,-0.48100011203787113,-0.2406558557749382
2020-07-31,1.5,-0.5005669977140228,-0.5285694040661626,-0.5150694115344041,-0.26656622353794707
2020-08-01,39.1,-0.12276160810560065,-0.2825627624761423,-0.3922544106082444,-0.12582392770517103
2020-08-02,31.4,0.030490260996498743,-0.14346883244120273,-0.3124917760208952,-0.024431822354139612
2020-08-03,102.6,1.0541013873506975,0.5290102994683268,0.03800428075790023,0.34856346287763446
2020-08-04,3.9,0.7374735882484769,0.3427072165832096,0.013992061707448548,0.33217495203339237
2020-08-05,18.5,0.6487553361560088,0.3261449010789472,0.04289500362270404,0.36973217306702055
2020-08-06,75.7,1.2543086823224479,0.7812048304717808,0.2695939684409949,0.5996346227200805
2020-08-07,0.0,0.7851735298095666,0.49556565050796075,0.23355172114027017,0.4853055444106051
2020-08-08,19.1,0.9121373328848533,0.5195284553356512,0.26249410066896217,0.517661789018293
2020-08-09,50.3,1.3048256889961733,0.7628584814673399,0.39372658754944234,0.647139065487115
2020-08-10,44.6,1.6371750087255856,0.9570255841262294,0.481143329389018,0.7609441107438333
2020-08-11,97.0,2.4177213759686786,1.5077995022953166,0.7459750798497279,1.031701831552344
2020-08-12,0.0,2.143062153412937,1.324975557743434,0.7152558461745234,1.0050907277183143
2020-08-13,0.0,1.8047712949342987,1.1337353589567372,0.6787886567852677,0.9427449650121918
2020-08-14,0.4,1.591320503585415,0.9964884502920152,0.609504534160406,0.9099545857711219
2020-08-15,69.0,2.163657201418852,1.4184284076356772,0.7796207466404905,1.0842302958679564
2020-08-16,0.0,2.026327944066506,1.3011966402638853,0.7499680999721829,0.9734483468973092
2020-08-17,0.0,1.927385951586515,1.2152976059328762,0.72055857746384,0.8928174881181233
2020-08-18,0.0,1.753994065903411,1.109370812083512,0.6921662293903713,0.8686510306944104
2020-08-19,0.0,1.5972262601242884,1.0163481587943488,0.6527845310774245,0.8449504349588587
2020-08-20,0.0,1.504554709321244,0.9424848053899646,0.6160174675510312,0.8200650393018016
2020-08-21,2.5,1.4168015980970905,0.8778670116589219,0.5964021919631237,0.8033027179306257
2020-08-22,42.6,1.7125934792920532,1.1137224252045907,0.6944719264645406,0.8615886289351917
2020-08-23,0.0,1.4201339836596714,0.9291610918205141,0.6233849774130468,0.8414462323774284
2020-08-24,0.0,1.3897262300673854,0.8575265736442093,0.599993751730059,0.817079336184204
2020-08-25,0.0,1.2859029781552433,0.7619894376629435,0.577065340023187,0.797652045165165
2020-08-26,0.6,1.1396210576881889,0.6640993828375863,0.5443713363049187,0.7797174432489632
2020-08-27,8.7,1.2157140130242183,0.6972085106188107,0.5458562840318151,0.7857431305047774
2020-08-28,13.6,1.2219792913734004,0.7273772190654113,0.5629987386371511,0.8060483926918729
2020-08-29,13.6,1.260733416526862,0.7469039358700826,0.5812838824255269,0.8237872514313507
2020-08-30,42.5,1.6715099928361719,1.0450348532024019,0.6828780634153395,0.9231263568299023
2020-08-31,0.0,1.542503866749484,0.9421005119262215,0.6639805139384952,0.9028739812189401
2020-09-01,0.0,1.3086082599430529,0.8263122817422203,0.6449805127781277,0.8881062158326462
2020-09-02,33.3,1.7062343883328295,1.0695176387531533,0.7198960294042918,0.9627830557373207
2020-09-03,29.8,1.980858576081087,1.2507527418703108,0.7846213362614683,1.028675883987861
2020-09-04,0.0,1.6209263427970544,1.0304513467867689,0.7672820565227757,1.0162470543924462
2020-09-05,0.0,1.6081441525890192,0.9926766487218993,0.7487948444282448,1.0030875086888327
2020-09-06,6.4,1.6353534115940929,0.9992950058477027,0.7159897031394411,1.0079066855392977
2020-09-07,61.0,2.3172901858660144,1.5195794163969174,0.8662140906053591,1.155933710400348
2020-09-08,0.0,1.8744982500939809,1.2827821893836195,0.8510379651682127,1.1328819064282283
2020-09-09,1.3,1.6343558169886445,1.1451098290970947,0.8383940693201659,1.1293223627707114
2020-09-10,3.9,1.3362842897478533,0.9706484262836331,0.8344515557139937,1.13281860536168
2020-09-11,1.2,1.425227299832378,0.9571158570987446,0.8243388850369325,1.1315307273433113
2020-09-12,5.7,1.532591452139517,0.9908761422965363,0.826931262765354,1.1404648017702015
2020-09-13,0.0,1.562875833015,0.9818043591774417,0.8147921482453805,1.1386548802364702
2020-09-14,0.0,1.5485998237932939,0.9555712328250758,0.8030465039867176,1.137894656929474
2020-09-15,0.0,1.5046921913798572,0.9232631868101864,0.7920796699212546,1.1379866112301467
2020-09-16,0.3,1.4503525808845306,0.8986751712458756,0.7825992418722955,1.1392614277289976
2020-09-17,0.0,1.3245487139643455,0.8235375774643067,0.7734860720524305,1.140632372217668
2020-09-18,0.0,1.2613506996695376,0.7661486091602232,0.7648577764489825,1.1420299723819924
2020-09-19,0.3,1.1821081224571337,0.7110662974201378,0.7571549559244477,1.1452005278141366
2020-09-20,0.0,0.9328411402668285,0.5970194494447243,0.7498511186838378,1.1495390054599772
2020-09-21,0.0,1.0136379083537608,0.5926073381935955,0.7430776320483593,1.1550747049180754
2020-09-22,0.0,1.0437626704468432,0.5786105752065757,0.7317709103745492,1.0685654728875214
2020-09-23,0.0,1.0794530488828669,0.5819316226424872,0.7204086320205232,1.0434074227903873
2020-09-24,0.0,1.1068931308396386,0.5831905178157817,0.71507939459405,1.0477275400610966
2020-09-25,0.0,1.1160182611174398,0.580090348850244,0.7103459542460607,1.0585534310887978
2020-09-26,0.0,1.095298217768049,0.5661952532397548,0.7066789676198177,1.0715710331012847
2020-09-27,0.0,1.0919813871761714,0.5542472423942972,0.7031743781717253,1.0563759397705537
2020-09-28,0.0,1.0623180773784806,0.5287293336030261,0.6999552214946562,0.9114723055025566
2020-09-29,0.0,0.9901537106174965,0.4945482797779852,0.6970254386626129,0.9291496100408152
2020-09-30,38.3,1.4703172413320231,0.8496087309427904,0.7935096240111276,1.0421529014936277
2020-10-01,0.0,1.3547483013932955,0.76601636880784,0.7909157327078336,1.060634777847934
2020-10-02,0.0,1.296399720426938,0.7217571013994647,0.7888683849939021,1.0768067049364458
2020-10-03,0.0,1.2704024203156823,0.6963556806081175,0.7877323304018499,1.0979631243806829
2020-10-04,0.0,1.2486393014109278,0.6767147786733421,0.7871313794915856,1.1200631576013724
2020-10-05,0.0,1.241892092172327,0.6641751840563577,0.7868449610375492,1.143003234409424
2020-10-06,0.0,1.2141226952150372,0.6455962521096307,0.7879459890214221,1.168216229066176
2020-10-07,0.0,1.201040275064322,0.6300921565702429,0.7891368200818716,1.193023329805919
2020-10-08,0.0,1.182509495139451,0.6128414137546694,0.7904078282219562,1.212392138176038
2020-10-09,0.0,1.1418186236261,0.5891847481100205,0.7917872881780923,1.2375396429793581
2020-10-10,0.0,1.132305659850837,0.5720056844807706,0.7937152364185055,1.2565364830508812
2020-10-11,0.0,1.0807851571839502,0.5502206491480894,0.7960140486619484,1.1736428964066747
2020-10-12,0.0,1.0772772706779312,0.5382718703225338,0.7982289202538363,1.1739589484980202
2020-10-13,0.0,1.0525222809483965,0.5200493880529676,0.8006605932758674,1.2010597745624598
2020-10-14,0.0,1.0433248355409548,0.5093221133130171,0.7868548517902254,1.2288404349999191
2020-10-15,0.0,1.0399415602883384,0.5030058269448985,0.7899162987242754,1.2570947681627098
2020-10-16,0.0,1.0392722385566657,0.495839489079007,0.7666709308880828,1.286062417029727
2020-10-17,0.0,1.0230387386796291,0.4843469356502122,0.76994709183056,1.2499748816974545
2020-10-18,0.0,1.0242411221072054,0.4757007051209117,0.7738878229000385,1.2743096326078294
2020-10-19,0.0,1.0067843305946738,0.46010724641829764,0.777834177725535,1.3084118850434892
2020-10-20,0.0,0.9800026615061009,0.4445806168130415,0.7818151255112813,1.317020597851721
2020-10-21,0.0,0.9711208300247653,0.43215051707723207,0.7857379202607196,1.1080545423645638
2020-10-22,0.0,0.9460879892157598,0.4144298118135471,0.7897627230393,1.1390911091846065
2020-10-23,0.0,0.9286202686761127,0.39817966256923387,0.7937411562917203,1.1783010685711028
2020-10-24,0.0,0.9153450189873149,0.38356708941395923,0.797811561128051,1.2183922791575796
2020-10-25,0.0,0.915179234856281,0.3699824301660371,0.8020199970575718,1.253050563808436
2020-10-26,0.0,0.8733484520047067,0.34617170488406807,0.8061711565954192,1.2919078687294023
2020-10-27,0.0,0.8368479108941945,0.32702378400022686,0.8105047880407642,1.2032243397630906
2020-10-28,0.0,0.8216036667731201,0.3118407924275351,0.8150866445380995,1.2424507881019633
2020-10-29,0.0,0.8092246456124156,0.29838951781385364,0.8201987036010632,1.2773621438952163
2020-10-30,0.0,0.7912468301288337,0.28378246741184415,0.8254405501624053,1.2110239248654828
2020-10-31,0.0,0.7730705453621443,0.2694363717434001,0.8307978028507449,1.1626316378139618
2020-11-01,13.6,1.0251742682182547,0.455570687895915,0.8707902414576466,0.9433245306317024
2020-11-02,1.7,0.9993161229547884,0.43610150769773615,0.880420158690611,0.975596841146546
2020-11-03,0.5,0.9401074905313705,0.40015530560074586,0.8866080177446402,0.9604464741165816
2020-11-04,0.0,0.865193300285481,0.35742280707506807,0.8852371161253656,0.7581194963912441
2020-11-05,0.0,0.7815264715519079,0.31086589582330865,0.8275684714478178,0.7982702998749966
2020-11-06,0.0,0.7116672525666811,0.269506899496674,0.8290731089886054,0.7746292349239
2020-11-07,0.1,0.6661222262188421,0.2374992147769395,0.8255522308747562,0.6383003548762708
2020-11-08,0.0,0.6330435216974492,0.21237771001933167,0.8286877479708162,0.5111787485542643
2020-11-09,0.0,0.6023304229436665,0.18629642132929122,0.8336885016818388,0.1451897668820612
2020-11-10,0.0,0.5678688520301988,0.16078516191066583,0.8382261335058361,0.18334959866419231
2020-11-11,0.0,0.5250456671526931,0.13509748621050446,0.8112762481458087,0.2221958206510095
2020-11-12,0.0,0.48518064631586955,0.1107115881473471,0.8089417044397552,0.26019515526277365
2020-11-13,0.0,0.4657275407570693,0.09069043320447673,0.8130978032323565,-0.03789187448910468
2020-11-14,0.0,0.44330465946652176,0.07232208219721709,0.7396531981794577,0.0012620348938913691
2020-11-15,0.0,0.4169619696295738,0.051945246576692305,0.6939270541231568,0.04229124740812583
2020-11-16,0.0,0.3891008995295035,0.03042602523678726,0.6983739641944219,0.08355825408057034
2020-11-17,0.1,0.3511089949410021,0.0035783818778238052,0.7026592731992538,0.12488557741590338
2020-11-18,12.2,0.5749211300645024,0.17743567645115674,0.7383304540839508,0.23282356930439538
2020-11-19,86.9,2.2931489603609423,1.542321995788943,0.9649395177382797,0.692663517187743
2020-11-20,0.0,1.9994224506050942,1.3244508411699043,0.932185333927544,0.5352084463573966
2020-11-21,0.2,1.7995374008814158,1.1863174530139924,0.9368033935568332,0.5797446079317798
2020-11-22,4.8,1.7741438967795264,1.1737462274455017,0.9493128689170246,0.6492653730854246
2020-11-23,0.0,1.6871034362228843,1.100875501446881,0.9538088822865513,0.695741285583789
2020-11-24,0.0,1.5815905018497112,1.0227313209248776,0.9582032754553048,0.7403486472278843
2020-11-25,0.0,1.516004143492133,0.9669573507795207,0.962822802749986,0.7442216904623797
2020-11-26,0.0,1.448501537085353,0.9152305543140254,0.9676826137377851,0.7217397785478988
2020-11-27,0.0,1.3757634825441005,0.8488787837690036,0.9700736735376169,0.6966604559807941
2020-11-28,0.0,1.3151445917963414,0.7945697903701296,0.973815291867851,0.49671814348203336
2020-11-29,0.0,1.2572496365718266,0.7459247199595246,0.9734160739070853,0.5428055182373338
2020-11-30,0.0,1.2147362584433572,0.7068142067605289,0.978279212069839,0.5913081021168206
2020-12-01,0.0,1.1519265089971322,0.6631735186164099,0.9827788412774711,0.42257038897709176
2020-12-02,0.0,1.110986730142446,0.631752143332412,0.9883956596064025,0.2560717309548142
2020-12-03,0.0,1.1003013756553783,0.6104423456733319,0.9940345463320779,0.3023031418060144
2020-12-04,0.0,1.0742459452714967,0.586227165053976,1.0004816308069915,0.3520459178057395
2020-12-05,0.0,1.0390525379022486,0.5596041219786023,1.0077230333741607,0.35289506685193456
2020-12-06,0.0,1.0131801514594614,0.5375946960499037,1.015877429205039,-0.14571707819007582
2020-12-07,0.0,0.989501189839623,0.5168311156289495,1.0090534816960153,-0.1042772576950295
2020-12-08,0.0,0.9756252299680787,0.49778333616432385,1.0180742297521956,-0.07624166982137967
2020-12-09,0.0,0.9483667685455273,0.47426429553014143,1.0272112220471559,-0.07627101937938965
2020-12-10,0.0,0.9246880381259744,0.4528278895651149,1.0374842799805624,-0.04856670741810545
2020-12-11,0.0,0.9051494156857722,0.43274266785038273,1.0463423214207872,-0.07329242977245148
2020-12-12,0.0,0.8689333383732535,0.4063195847138629,1.0589464583268149,-0.03434502836592394
2020-12-13,2.9,0.902312535656453,0.4380354006724928,1.079953265182642,0.04008042863650238
2020-12-14,0.0,0.8387321966376473,0.3984559625597213,1.0938591545338534,0.08136740869375877
2020-12-15,0.0,0.8097843555391235,0.37167829039123423,1.108177383251793,0.11941099951186074
2020-12-16,0.0,0.7701753500528535,0.3444582231705281,1.117802880609812,0.14600182122967878
2020-12-17,0.0,0.7525146741255235,0.32561233521106564,1.1308823821753242,0.1853048659402599
2020-12-18,0.2,0.7382852696499866,0.3130930161976689,1.14509803596783,0.22407672689850872
2020-12-19,0.0,0.714627241534228,0.29306509628724303,1.1592333368170484,0.262516290368415
2020-12-20,0.0,0.6844251211734149,0.270006164726187,1.173762857495923,0.3007618237216613
2020-12-21,0.0,0.6681051308473489,0.25102828588542325,1.0929858790281424,0.34008002983094404
2020-12-22,0.0,0.639040187926858,0.2294261630071197,1.0749185625672428,0.38029081399344394
2020-12-23,0.0,0.6169824313204938,0.20771392245098805,1.0867861602135966,0.4183068499697833
2020-12-24,0.0,0.5903669073135628,0.18838111171369623,1.104486402966934,0.4555528575546654
2020-12-25,0.0,0.5683927192491814,0.17202455055819163,1.1230357016395818,0.48962008645116734
2020-12-26,0.0,0.5467373890922993,0.15497257199542672,1.1116271297122022,0.52562333330356
2020-12-27,0.0,0.5188197479543634,0.13273098754624918,0.9661894564015493,0.5606530654906693
2020-12-28,1.3,0.5260237783138187,0.13920995474181472,0.9919271774316971,0.6126836784952929
2020-12-29,0.2,0.5605708799168573,0.1104235261822328,1.0156807591096624,0.06959099543241808
2020-12-30,0.0,0.5222220013442822,0.07858478528072535,1.0392677224601155,0.10017251593959432
2020-12-31,0.0,0.7904864107820287,0.08131456603504188,1.0600187642802248,0.12887299275410416
2021-01-01,0.0,0.4538554790639527,0.004627408037869854,1.0850023564762274,0.1565120094160776
2021-01-02,0.0,0.42906716046415705,-0.020531503176526307,1.1101744550519697,0.1837517151251789
2021-01-03,0.0,0.3247290669507362,-0.04607101150765337,1.1364639050750922,0.20913987587229954
2021-01-04,0.0,0.3032186573278075,-0.06799541516400806,1.1626661639994451,0.22933593193876411
2021-01-05,0.0,0.29356225255691126,-0.09416810457091426,1.1894810730928915,0.2496091164362835
2021-01-06,2.3,0.3474937436101183,-0.04981781132421465,1.2154639819264863,0.31036202850127537
2021-01-07,0.0,0.3600655321567575,-0.06167168397800876,1.2412674542807574,0.3317828343706438
2021-01-08,0.0,0.3461641335185661,-0.0776847591041593,1.261307435189465,0.3534478024950927
2021-01-09,0.0,0.33664333898808824,-0.08421097573737078,1.173628242449221,0.374370480861009
2021-01-10,0.0,0.31620986232991327,-0.08272581465530397,1.1732157930518488,0.3958569789554393
2021-01-11,0.0,0.29362181721767106,-0.10435590434367771,1.2003318129802523,0.4178984920176011
2021-01-12,2.6,0.35033176083336315,-0.05994340677454288,1.2332116532357853,0.48486845412079105
2021-01-13,0.0,0.3064102726523787,-0.08574975579030474,1.2598826150935611,0.5044072705599291
2021-01-14,0.0,0.27429197568926955,-0.10879978734265934,1.287196795547109,0.5239302648454384
2021-01-15,0.2,0.24928589016335245,-0.12508741940989257,1.247309518680178,0.5469373205096837
2021-01-16,0.0,0.22448077439040753,-0.14299952761807075,1.2542862760199331,0.5576003797939891
2021-01-17,0.0,0.19634754860796289,-0.15845485676632134,1.2874609991259067,0.5755733500860407
2021-01-18,0.3,0.17809631353223218,-0.16996123692598947,1.2954710012569606,0.5999662309138598
2021-01-19,0.0,0.14787772483410655,-0.19286532602065024,1.0812306093147588,0.6193318358895848
2021-01-20,0.0,0.12012418322494889,-0.21518371373380057,1.1122996089801163,0.6400299746722569
2021-01-21,9.2,0.3860727992564567,-0.004938556003257638,1.1741512350849885,0.8243726289377825
2021-01-22,0.1,0.3154804538368409,-0.06109719452494395,1.2142773664189073,0.8510998771936491
2021-01-23,0.0,0.2654056161968191,-0.0999065794101257,1.2495645533425321,0.8785277691663615
2021-01-24,0.0,0.2264448877480526,-0.1258636898141344,1.2887026328850504,0.9058504586903086
2021-01-25,0.0,0.19183215558765052,-0.14996408683054913,1.2012434373877725,0.9343622635899581
2021-01-26,1.7,0.21695518284066076,-0.12950445582566988,1.2451899040713592,0.9910683171515432
2021-01-27,0.0,0.18316470092515216,-0.1567211909419297,1.280551382179524,1.0189275850178408
2021-01-28,2.0,0.21696668862060808,-0.1293362165379249,1.2218748361170912,1.0832894273386546
2021-01-29,0.0,0.17557604693001921,-0.16078531581978625,1.1758982502693425,1.113661960736223
2021-01-30,0.5,0.15630566678106514,-0.17738605328360246,0.9297647911859934,0.9039799500159487
2021-01-31,0.0,0.11940592171871152,-0.20827715043555928,0.9584081428480364,0.8991411164315128
2021-02-01,0.7,0.10456731264248058,-0.21442880783256188,0.947662795587987,0.9304781511316783
2021-02-02,0.0,0.07241946055043329,-0.2436623866460426,0.7591490036572169,0.9597826021582161
2021-02-03,3.4,0.15278861501438618,-0.18158219594339464,0.8124884790038606,1.0543862204935506
2021-02-04,0.1,0.1171567622982721,-0.20862334910252994,0.7951564212150709,1.0845403449059383
2021-02-05,0.0,0.08613355209091544,-0.23218327356749668,0.6729239010190435,1.1102501778690086
2021-02-06,0.0,0.05936908288291946,-0.2523795952900083,0.5617629991635528,1.1369297815656187
2021-02-07,0.0,0.031893757523509696,-0.27429026040067506,0.23793119462683882,1.162494375680157
2021-02-08,0.0,0.0021826031261201685,-0.29754304855128727,0.2801432000455969,1.1881820216068013
2021-02-09,0.0,-0.028984538798291822,-0.32303085129155956,0.32289528162228615,1.2155334710196033
2021-02-10,0.0,-0.062191491399053875,-0.3514393116501232,0.364600358714216,1.2399991579267517
2021-02-11,0.0,-0.09807766460736177,-0.3804389855392222,0.11326899072289633,1.2652196349441418
2021-02-12,0.0,-0.12007520935967389,-0.38352483647774593,0.15768621929309382,1.2931297660071843
2021-02-13,0.0,-0.13581900539203468,-0.38873433951939773,0.20345439215708813,1.3170378937984815
2021-02-14,0.0,-0.1669874815470984,-0.41132379129194274,0.24927029026316674,1.3383746339135756
2021-02-15,1.4,-0.15307567467499833,-0.4003151501881074,0.301631366801887,1.383363029490375
2021-02-16,1.5,-0.1419512148115069,-0.3865483808476683,0.3539629191132486,1.1928032655537053
2021-02-17,0.0,-0.17698006685005688,-0.41353116214128266,0.39014417447970673,-1.2487329655578399
2021-02-18,0.0,-0.1969362281266607,-0.43051602007143214,0.22941195973663595,-1.225308643362086
2021-02-19,0.0,-0.21759421545820748,-0.4539053702014415,0.2750003676948627,-1.2136427040633606
2021-02-20,0.0,-0.23777924548357243,-0.4773010538163692,0.3197573419305443,-1.4250995778858389
2021-02-21,0.0,-0.25003370692624194,-0.4865651167488577,0.3653785823107451,-1.4072037756389228
2021-02-22,0.0,-0.2634301059933417,-0.5025235278054385,0.4079186625132023,-1.3928258269941898
2021-02-23,0.0,-0.2912993916032108,-0.5245752273383087,0.4083835683338922,-1.3797582469470513
2021-02-24,0.0,-0.3103680761755315,-0.5390432984145194,0.38017213695939217,-1.3652333401733872
2021-02-25,0.0,-0.33972464734411206,-0.558965110542998,0.3485935151238749,-1.3542169415011411
2021-02-26,0.0,-0.36251403926512343,-0.571321889131949,0.13524399738229848,-1.3454428131079597
2021-02-27,0.0,-0.3859607123530659,-0.590626279138579,0.1771737895569458,-1.3380075015180335
2021-02-28,0.0,-0.3983438374724204,-0.5952616426465068,0.22017984834076668,-1.3302452148461863
2021-03-01,67.5,1.3682402150345383,0.9010149945827358,0.4847613710595968,0.7579453990267028
2021-03-02,0.1,1.0833285848136192,0.6706583482617652,0.34058406217786485,0.7568230598582721
2021-03-03,0.0,0.930758187155529,0.5346905718862924,0.3869299220056536,0.7543563281296681
2021-03-04,0.0,0.8683515679324288,0.4441700994453209,0.43352896811533465,0.7517534048583167
2021-03-05,0.0,0.8068704106065427,0.36394280946082597,0.43669519276765106,0.7452344101682618
2021-03-06,0.0,1.1226460287989035,0.26916264363002673,0.011296259963138358,0.7391370110825184
2021-03-07,0.0,1.043427797908918,0.22361014421796893,0.051757198848194554,0.7324470525034485
2021-03-08,0.0,0.983805618820594,0.1806409638668795,0.08105187772870759,0.7251053461103031
2021-03-09,0.0,0.9366561501723283,0.14625096054533485,0.0854290261496785,0.7177835223891015
2021-03-10,0.0,0.8508772063480198,0.1113594568451056,0.11306234216926385,0.7093812073530856
2021-03-11,0.0,0.788771604738227,0.07879791327258034,0.09576457944358233,0.7001528720148843
2021-03-12,0.0,0.7431358724823022,0.045405089572326314,0.13036579205696194,0.6892208302330649
2021-03-13,0.0,0.7286566448739408,0.01904438075506637,0.16485523144464626,0.6150805973341951
2021-03-14,0.0,0.6962357411978863,-0.0007810736424818443,0.1991749323261623,0.6024095309979263
2021-03-15,1.7,0.7520305279981024,0.016003229635790824,0.24647209486984745,0.6252367911633783
2021-03-16,1.3,0.7633848764043589,0.020054450648569717,0.2912140211669511,0.6392455209260646
2021-03-17,0.0,0.7219913455862224,0.010542231858601706,0.3223376267282325,0.6257566255054958
2021-03-18,0.0,0.6681362509655406,-0.0003892823325643597,0.34982715812796944,0.6078118178719719
2021-03-19,0.0,0.6538039232838488,-0.01374888150867762,0.3807981177602656,0.5940160129165695
2021-03-20,5.1,0.802358179005939,0.08012747422705324,0.46367902554859713,0.6909667133276477
2021-03-21,0.3,0.7364533769211953,0.06003879171170864,0.4948232880785647,0.680843449465372
2021-03-22,0.0,0.6703213148832088,0.019564749266825568,0.5213678408819821,0.6610827263954973
2021-03-23,0.0,0.6023909718040806,-0.011943402285352397,0.547760540012669,0.6398268590049262
2021-03-24,0.0,0.5391089780206761,-0.042747620657760804,0.5729320298934469,0.6187252051533131
2021-03-25,0.0,0.5233046856714128,-0.07340883612603501,0.5961352707160017,0.598042711175777
2021-03-26,0.0,0.46394549439529553,-0.10029304446810132,0.6161044798409965,0.5764267406496236
2021-03-27,25.5,1.3766326121098011,0.4102240159696362,0.9202754429117581,1.0731766454864953
2021-03-28,9.2,1.5104674501855588,0.49558952159626374,1.0385672842679603,1.1943999717881304
2021-03-29,0.2,1.3740096917092723,0.40223196229681946,0.6285851633788793,1.167039353231845
2021-03-30,0.0,1.3231750375225904,0.34198465986169857,0.6432534318248656,1.137702801171371
2021-03-31,0.0,1.2250710710080086,0.29031182739338446,0.6567698518279929,1.1078514149617402
2021-04-01,0.0,1.1434416231347986,0.24218936057280363,0.6670889339346978,1.0794525329157274
2021-04-02,0.0,0.9741022079312617,0.18745345471531988,0.6762937853173244,1.0502114108744705
2021-04-03,56.2,2.7201480472373305,1.2558415347166945,1.3215346591472044,1.920222266182353
2021-04-04,0.6,2.4015974728965834,1.0555027044743517,1.3353063418951927,1.894656980273643
2021-04-05,0.0,2.130647145618661,0.9309190447784222,1.336383024789295,1.858593193373829
2021-04-06,0.0,1.894149396257775,0.8387655113387548,1.3367369925813577,1.7906771880517265
2021-04-07,0.0,1.8615078070133437,0.7513234525020658,1.3366452520466798,1.7557640146061204
2021-04-08,0.0,1.8180368320892606,0.6818968514583743,1.3331558393427363,1.7175053197795502
2021-04-09,0.0,1.7308195119164962,0.6260317682297669,1.3268673889556917,1.675397290444772
2021-04-10,0.0,1.644663177194197,0.5680703476012883,1.3210059960714924,1.633955756344433
2021-04-11,0.0,1.5972982793426111,0.5165307803697217,1.3139616619318193,1.5867593616128017
2021-04-12,22.0,2.0793970838842712,0.8641777657470112,1.5391256064402723,1.8042370197296673
2021-04-13,8.0,2.1610292382108733,0.9205244832436252,1.6123298889167916,1.861214314399577
2021-04-14,0.0,2.010180190761775,0.8285640196449082,1.6015668094456381,1.8135748996570977
2021-04-15,0.0,1.9487780181590368,0.7762812142958275,1.5907355935167884,1.7644935297657653
2021-04-16,0.7,1.9430993731511979,0.7337103205629925,1.5854873532744738,1.7276941017093925
2021-04-17,0.0,1.895509537979977,0.6527204258248155,1.5705873267412158,1.6817477211679117
2021-04-18,0.0,1.8138589926122033,0.5817780555281694,1.5572154470510053,1.6326869366517065
2021-04-19,0.0,1.6998753715898451,0.5458861014232482,1.5447597662513877,1.5903831608902876
2021-04-20,0.0,1.55936820665756,0.5213995244510365,1.5328052400072116,1.5487239441721794
2021-04-21,0.0,1.5094325462437979,0.5013922206206223,1.51830506438456,1.3909145048242553
2021-04-22,0.0,1.413784902459622,0.719772079983928,1.5012846964271052,1.3417558121997237
2021-04-23,0.0,1.2658805017455617,0.6600935776286886,1.4835693974958173,1.293767344893984
2021-04-24,0.0,1.0370187004567937,0.577279697429653,1.46664757375432,1.2484478208285097
2021-04-25,0.0,0.976172692118721,0.5180305092176233,1.4490606670298476,1.203296907750598
2021-04-26,0.0,0.9265953792185558,0.4664377639693313,1.430817175947273,1.139030339512765
2021-04-27,1.7,0.9170605858436757,0.44144882943981717,1.4288165222257478,1.1140174675708283
2021-04-28,4.7,0.9631232322887925,0.48648686615980963,1.45521796796417,1.099743125215836
2021-04-29,3.9,0.9911295838103314,0.510062743519359,1.472458829987775,1.1008059158199615
2021-04-30,26.3,1.6928516736057273,1.11368962476279,1.5769232262099613,1.3442940063474338
2021-05-01,8.0,1.687900579254568,1.131124433424592,1.6122768653335913,1.382843938729502
2021-05-02,1.7,1.5271760436069717,1.0261478421069232,1.5963369081611292,1.3474655860086284
2021-05-03,0.0,1.4262586094465701,0.8848943304623049,1.5700298881004036,1.301737630820732
2021-05-04,19.6,1.9476277566262046,1.3088543363677563,1.7260725449427168,1.4186537506398171
2021-05-05,0.1,1.7653170076408002,1.131837247434795,1.6997391457660591,1.3744423681272449
2021-05-06,0.0,1.4743175736410394,0.9573972322749463,1.672284760694284,1.3324118302788166
2021-05-07,8.8,1.4786373230481684,1.023160905268957,1.725501636178664,1.3775395798004793
2021-05-08,0.0,1.3400994614898905,0.8918681995210369,1.698910871946873,1.339670648021864
2021-05-09,0.0,1.3211123037941348,0.8205093487092774,1.6742059998097054,1.3029908125192995
2021-05-10,0.0,1.2859142018434835,0.7433660452021071,1.6496197388234402,1.2659478342777524
2021-05-11,0.0,1.1538731869846586,0.6144782120226359,1.6243960229128698,1.230785087672389
2021-05-12,0.0,0.9569154029341488,0.47139322858288757,1.5994364500382257,1.1960460017400227
2021-05-13,0.0,0.7083337999565169,0.33340719017908327,1.5753228338720286,1.1610979933611385
2021-05-14,0.0,0.5909463250269895,0.22756959842905872,1.5520536607739905,1.1277569843124498
2021-05-15,15.0,0.9715270774432733,0.5120335393215463,1.6572835625416102,1.234253179879035
2021-05-16,66.9,2.700238665468496,2.019854331755389,2.171377562612655,1.7567560720459892
2021-05-17,3.1,2.220390744121006,1.6884181486355652,2.075169855838919,1.7364009723111358
2021-05-18,0.0,2.087010406753561,1.5517178987045446,1.3347208041899763,1.704322569529537
2021-05-19,0.0,1.9199664406435701,1.4098437633635654,1.3108772059535883,1.672921654020845
2021-05-20,0.9,1.8649374788793422,1.3458049026126184,1.2936492403013675,1.6520473317362365
2021-05-21,6.9,1.991504773183023,1.4503017943739807,1.2878348132190873,1.6787634732920715
2021-05-22,0.2,1.9320828556697418,1.3760528448288416,1.2674568263887012,1.6555970392425912
2021-05-23,0.0,1.8133554698090586,1.2905068209378106,1.2477304655104062,1.6332122088959906
2021-05-24,0.0,1.7155341649306588,1.1717976072931962,1.228262771934842,1.6118490724936685
2021-05-25,8.3,1.8227132750265784,1.372128616273354,1.2785229458221918,1.6547431117154008
2021-05-26,0.0,1.7346461365110561,1.284917146950832,1.2576323953581103,1.6330655365561229
2021-05-27,8.9,1.9070641400008141,1.4645915621258339,1.309298220071862,1.6756553377781327
2021-05-28,12.3,2.150232392880314,1.692935722189672,1.3869102270937508,1.7412973602337818
2021-05-29,0.3,1.9542360336462772,1.5447343132420193,1.3679487900818883,1.7208883189148603
2021-05-30,18.1,2.3756584635743434,1.9386619919843322,1.4880844051442548,1.3268943847651142
2021-05-31,4.0,2.308322988541458,1.8925414125837818,1.4964680858893427,1.3360316551835325
2021-06-01,3.2,2.2115028203290863,1.8137641033876142,1.5014770649734188,1.342912304768117
2021-06-02,0.0,1.9002668461764256,1.5795649205873696,1.4844056687622218,1.3271238556509615
2021-06-03,18.1,2.3119860041160734,1.913610309680376,1.601060022588403,1.4488411774622731
2021-06-04,0.0,2.221500447593959,1.809700283663228,1.5803499290930283,1.4323660984152715
2021-06-05,0.0,2.166680951878219,1.7405227214088392,1.5558063564592413,1.4125151719043947
2021-06-06,0.0,2.0672047845789887,1.659076284380225,1.5289978551994945,1.3910824441883238
2021-06-07,0.0,1.8488067860180755,1.4963349205468048,1.5025475963867938,1.3696347572851497
2021-06-08,0.1,1.7715770526149484,1.425321628353929,1.4765684106127832,1.34823488041717
2021-06-09,0.0,1.7545652875569264,1.3895669049852137,1.4477497204744287,1.3256199046968158
2021-06-10,6.1,1.80722130424526,1.4449950099571276,1.4590473004708993,1.3452122082368976
2021-06-11,4.6,1.8452412605432613,1.4313990716488596,1.435493687243006,1.3495466318716236
2021-06-12,0.0,1.6862851870363251,1.3043831435870465,1.3989216179094206,1.3196884855053221
2021-06-13,0.0,1.4925628507355175,1.1656325378294683,1.3629761512118181,1.2796845544127713
2021-06-14,0.0,1.3043120485620774,1.0205568497963864,1.323998484359557,1.2392148239557461
2021-06-15,1.9,1.3232125346732724,1.0286792083724927,1.295410773491036,1.2179109002560966
2021-06-16,0.0,1.266771766547577,0.9642087174502708,1.2480714605520937,1.1784485937262015
2021-06-17,0.0,1.1838201958796681,0.8776537141829837,1.1981160958529684,1.1368426300138217
2021-06-18,6.3,1.1654690895743804,0.8934486204965171,1.188535599514415,1.1021184689966415
2021-06-19,0.0,0.9145434701106321,0.7037603343150526,1.1370258009640208,1.057210236611149
2021-06-20,0.0,0.6861925232177057,0.5181461206067478,1.0855081941878626,1.0146528465422442
2021-06-21,0.0,0.5328032224071816,0.395098751132723,1.0346887941456728,0.9723394595892397
2021-06-22,0.0,0.47005752800219863,0.3253483142619538,0.9834247567063802,0.9287645919975179
2021-06-23,7.5,0.5538043860337655,0.3862137074139709,0.9769698603815041,0.9332294991071761
2021-06-24,0.0,0.34016587411880417,0.21626886256918615,0.9221321497459056,0.8851396427306433
2021-06-25,0.0,0.18982028752859523,0.08815551043352907,0.8665229330458859,0.6674759162650775
2021-06-26,4.5,0.18002865037560029,0.0729071463533596,0.8292679675355804,0.5875527848685668
2021-06-27,38.2,0.7398272732936982,0.5702557085683657,0.985301844113064,0.7827016063002624
2021-06-28,0.1,0.5698502122121002,0.39944760714464134,0.9240011940973379,0.7293504437771827
2021-06-29,8.0,0.4756317249005029,0.32810451920501066,0.9044449204818472,0.72310379456451
2021-06-30,6.0,0.386642898910343,0.23460391423558355,0.8735353512219796,0.7029815775580691
2021-07-01,0.0,0.21556187992458817,0.06806274360490976,0.8097720505875798,0.6447578247812082
2021-07-02,0.0,0.07388835098065903,-0.06550670613305223,0.7463603837874908,0.2471648442175803
2021-07-03,60.0,0.926734055016132,0.6632722164164466,0.9701426071067324,0.5473376171008031
2021-07-04,21.4,1.0882166388113266,0.7828129535869134,1.002211549649785,0.6092192556630593
2021-07-05,0.0,0.9231622600120242,0.6238970531725962,0.9298987036360095,0.5537767759284253
2021-07-06,0.0,0.7627039528809537,0.4821820335231184,0.8699359523958533,0.5001721566594807
2021-07-07,12.7,0.7751633876063598,0.5033567677591687,0.8662912805313044,0.5144741399622941
2021-07-08,2.9,0.6071080097272482,0.37210055110290535,0.8206982985781003,0.47655321979212717
2021-07-09,0.0,0.394467123636527,0.19563219536124304,0.7637211751239064,0.4239847877838046
2021-07-10,0.5,0.24570687177407677,0.051508191855452974,0.7089960952617611,0.3734862657381897
2021-07-11,0.4,0.08251069481058745,-0.1044574921925261,0.6446857796939502,0.20988134275292059
2021-07-12,0.0,-0.06740232856106415,-0.22173385322128877,0.5877743788312281,0.11563220150173785
2021-07-13,0.0,-0.18443797412766721,-0.31512400395972934,0.5314038235429019,0.06418562747426833
2021-07-14,0.0,-0.3011157323910641,-0.41773405125559754,0.47448052514202815,0.012227589688883475
2021-07-15,0.0,-0.4213882846659162,-0.5355220808383089,0.4203241578305819,-0.041847757161621445
2021-07-16,0.0,-0.47310061140003556,-0.567737142831781,0.36788671463087463,-0.09038928254906096
2021-07-17,0.0,-0.5418402823866518,-0.6229951686585644,0.315838975613021,-0.1370120479349517
2021-07-18,0.0,-0.5810074479977534,-0.6649945444040223,0.2659996515527871,-0.18219410926217186
2021-07-19,67.4,0.10608414790459075,-0.13390469063435928,0.4820357738226097,0.1075475079466484
2021-07-20,0.0,-0.0762218854922362,-0.29850445646917495,0.3972027880049776,0.06259003316454634
2021-07-21,0.0,-0.21806498757405632,-0.4167970841473334,0.34829877339594223,0.01847976595825377
2021-07-22,0.0,-0.3188558326103715,-0.5025325871164172,0.2999762154903826,-0.025343435781792448
2021-07-23,0.0,-0.43257389411790215,-0.5915733263738306,0.25159019878170663,-0.06936223196115307
2021-07-24,0.0,-0.526009963300555,-0.6797376537219348,0.20288896288275282,-0.11359181222754801
2021-07-25,0.0,-0.6087338958642529,-0.7525353457209794,0.14917147102516565,-0.15631128298013944
2021-07-26,0.0,-0.6658228634177498,-0.8047408082052232,0.10269759678015669,-0.20549549814763812
2021-07-27,0.0,-0.5500446778714967,-0.6797195895323104,0.04930232836104656,-0.26764420177955034
2021-07-28,0.0,-0.6515489687974897,-0.7203738235417863,0.004850112347095981,-0.32492397033124687
2021-07-29,0.0,-0.7749245365536496,-0.7960334987518468,-0.04047151980589721,-0.49121820809207983
2021-07-30,0.0,-0.8793799299575276,-0.8664327801451815,-0.08321219609503898,-0.5682149924794482
2021-07-31,3.0,-0.8780640961298847,-0.8637370455991782,-0.11568443715580091,-0.5960573423019637
2021-08-01,21.0,-0.6970887254777431,-0.7565183565656696,-0.07518181105135621,-0.5247261494210591
2021-08-02,1.7,-0.7150936229339168,-0.7996327357603854,-0.12071178095824531,-0.6447014976372198
2021-08-03,0.0,-0.8237852485941436,-0.8572497677470711,-0.16013097282179192,-0.6773050793672474
2021-08-04,0.0,-0.883641377435582,-0.9274949855410869,-0.19868185985917486,-0.7084500443474966
2021-08-05,0.0,-0.9915295919631824,-0.9994209006111772,-0.23757015739412235,-0.7840958757053503
2021-08-06,0.0,-0.9949425708476143,-1.0255253563525075,-0.2762948564379469,-0.8151647692739606
2021-08-07,0.0,-0.9781644291465286,-1.0180452797098343,-0.3148850545661046,-0.8459051478144891
2021-08-08,12.7,-0.7234298651611555,-0.8359901100845338,-0.30330645175139814,-0.810248815923903
2021-08-09,0.0,-0.8923606848089386,-0.926820364494333,-0.3395723713267504,-0.8367258057921166
2021-08-10,0.0,-0.9695036145972169,-0.9719635025365015,-0.37426665835575734,-0.8611921191318135
2021-08-11,0.0,-1.037229519214167,-1.0153402525020063,-0.40848288494197144,-0.8845319463911594
2021-08-12,0.0,-1.062821965888314,-1.0458303889144975,-0.44118248359428003,-0.9073764510959463
2021-08-13,0.0,-1.1678844944183597,-1.1157203316323812,-0.4736522614181968,-1.0058259323898142
2021-08-14,0.0,-1.163683021478364,-1.1151626918598176,-0.5115754821703812,-1.3862026970355243
2021-08-15,0.0,-1.1798078468701947,-1.1207051731786886,-0.5494905601644318,-1.4265256416206131
2021-08-16,0.0,-1.1939740050298668,-1.148404944438525,-0.5815806252997155,-1.4492925003277617
2021-08-17,9.3,-1.178125560725052,-1.140028619364672,-0.5773583455655195,-1.4197218618281215
2021-08-18,5.6,-1.2169689180842194,-1.1702575284274357,-0.5874113318785597,-1.4159698257821183
2021-08-19,0.0,-1.2587245775871059,-1.2119461338412312,-0.6184309462027603,-1.4759560960779752
2021-08-20,0.0,-1.293438659385247,-1.255382514661246,-0.6481607207317797,-1.4972038778668213
2021-08-21,62.8,-0.623230734598893,-0.7947839715566167,-0.4410117471283755,-1.1861592627480495
2021-08-22,0.0,-0.7989245024740225,-0.9281968255813955,-0.4699071828194801,-1.2072781261622316
2021-08-23,7.4,-0.7552133061375433,-0.898320857522795,-0.4708188665262678,-1.2319062252870265
2021-08-24,10.5,-0.6544982989234165,-0.825575486077857,-0.45915456872526184,-1.1987749729278367
2021-08-25,0.3,-0.7959706013479557,-0.9244355445374016,-0.48481871897129375,-1.2602644984350537
2021-08-26,0.7,-0.8739444421068975,-0.9706284497277277,-0.507938553079693,-1.337252305237678
2021-08-27,0.9,-0.9109543720860437,-0.9995521264577133,-0.5297054583274061,-1.3533997632012769
2021-08-28,0.0,-1.0490542913723113,-1.1187029269817153,-0.8097603873214642,-1.4659023677469303
2021-08-29,0.9,-1.0864117550252286,-1.1727989260495588,-0.8312863847644925,-1.5009364070263491
2021-08-30,0.0,-1.146528197455889,-1.211008734170524,-0.8550564944235257,-1.5363468105934945
2021-08-31,77.4,-0.2707244656308644,-0.5844840130140591,-0.5852403465080994,-1.1698685774559643
2021-09-01,0.8,-0.4654554295626789,-0.741792997348084,-0.604111591649938,-1.2694900330766126
2021-09-02,0.0,-0.5341647279933442,-0.8057337043307337,-0.6260736971247939,-1.287843725355974
2021-09-03,0.0,-0.661299384228238,-0.8909140092016373,-0.6476068032917421,-1.3050236894188383
2021-09-04,0.0,-0.7562967201060808,-0.9647892349450773,-0.6686193591572852,-1.3219648749018467
2021-09-05,0.0,-0.7045409683376022,-0.9063135952230179,-0.6885086555954164,-1.3372377878550408
2021-09-06,12.0,-0.6193821611852771,-0.8500368972708726,-0.6630684475320373,-1.2932501470072153
2021-09-07,29.6,-0.3146997011808763,-0.6314415996527283,-0.573864793408853,-1.1683774501009097
2021-09-08,1.6,-0.3883626474289101,-0.6912764071101409,-0.5851141418662266,-1.2016395708159602
2021-09-09,0.0,-0.4131934123826136,-0.7034720876688056,-0.6019088643014259,-1.2343199530508533
2021-09-10,0.0,-0.4322643853383874,-0.716368751325593,-0.6174999007019658,-1.243974957949223
2021-09-11,0.0,-0.4065184980336737,-0.6712509594238305,-0.6379551882450469,-1.2524430090536103
2021-09-12,0.0,-0.48600851679314805,-0.7293831061611571,-0.6558872770712119,-1.259042173620533
2021-09-13,0.0,-0.5450516291497057,-0.7782463454482181,-0.6676899632546054,-1.271257895841182
2021-09-14,0.0,-0.5839713330129058,-0.8150051219290385,-0.6777648924370844,-1.2696888905127934
2021-09-15,0.0,-0.6230749117294976,-0.8461529112433656,-0.6875168601929599,-1.2652232574369011
2021-09-16,0.0,-0.6531512354377057,-0.87297145314299,-0.7152309301386367,-1.2883910387054747
2021-09-17,0.0,-0.6743882987307632,-0.8984739520179573,-0.7247039251681533,-1.279800539458281
2021-09-18,0.0,-0.6751201608965586,-0.8887395057995819,-0.7313022489502643,-1.2681648103434195
2021-09-19,0.0,-0.7345607994672821,-0.9286854557622032,-0.7368755345863585,-1.2536743112567996
2021-09-20,0.0,-0.751686699714821,-0.9424936404705887,-0.7423177495428316,-1.2388555569438198
2021-09-21,68.1,0.05750554124444621,-0.2774737452198219,-0.5106824740675397,-0.9567412602114225
2021-09-22,4.5,-0.009307529315188745,-0.35184234842397194,-0.5004649996185341,-0.921039100081412
2021-09-23,0.0,-0.08226809928187169,-0.4179518106868622,-0.5918064445886981,-0.9021963182283048
2021-09-24,0.0,-0.11301893147728864,-0.450127025360016,-0.6278369544133011,-0.9014925420142008
2021-09-25,0.0,-0.14202448544099347,-0.4794403038357129,-0.6323279362192057,-1.041327982650936
2021-09-26,0.0,-0.16961183834568144,-0.5067044099024579,-0.6354908790403079,-1.0168143724702872
2021-09-27,0.0,-0.1927058629577335,-0.5256234052037716,-0.6385603246672079,-1.0254264873173229
2021-09-28,1.3,-0.20656789302435116,-0.5410969451742468,-0.6368676703643975,-1.0180475709855312
2021-09-29,13.1,-0.04833054590655605,-0.4273319323651306,-0.5942540039082422,-0.932085606785562
2021-09-30,0.0,-0.10025210722229064,-0.45820071012869873,-0.7908397987902746,-0.8999586297679919
2021-10-01,13.3,0.04431783699211915,-0.35188404248514155,-0.7472012187753551,-1.0681406575001549
2021-10-02,0.0,-0.018195212149936107,-0.3963087145525616,-0.7479993266177438,-1.130308318851725
2021-10-03,0.0,-0.0566543455614245,-0.42531435424095154,-0.7481583615574979,-1.0961848287385165
2021-10-04,3.6,-0.03141839878797312,-0.41291940864740145,-0.7357335940492562,-1.0460321665941397
2021-10-05,0.0,-0.06367320839105582,-0.443627092472415,-0.7354835936546842,-1.0687411749408622
2021-10-06,6.4,0.01758731897425467,-0.39151706098088146,-0.7124013604395348,-1.0162610009355248
2021-10-07,4.6,0.060942227150491246,-0.363498721390945,-0.6950190084052112,-0.9587600563845724
2021-10-08,3.5,0.08660582171711192,-0.3506397653896351,-0.6812191885764287,-0.9053810582579944
2021-10-09,0.4,0.062296904627752316,-0.3704689142023527,-0.7545128558078711,-0.865473859305367
2021-10-10,14.2,0.2645909583741215,-0.22343166680734927,-0.7308984349374493,-0.7632525454012458
2021-10-11,0.3,0.2161719126631324,-0.26748934591857065,-0.7276802339547492,-0.7196435746934471
2021-10-12,0.0,0.17619890345917302,-0.2952984611551484,-0.7257082366230924,-0.6768939856799345
2021-10-13,0.0,0.15517889353390643,-0.3185241242340134,-0.7259146200199769,-0.6346873672416543
2021-10-14,0.0,0.13416918115068097,-0.3331731440259229,-0.7235336212495188,-0.59332109007053
2021-10-15,0.0,0.12247005348665445,-0.34162686003645354,-0.7211259390055632,-0.553649214907632
2021-10-16,0.0,0.11296817557862983,-0.3524487336985763,-0.718714321785346,-0.5142891308272484
2021-10-17,0.0,0.09991307512463246,-0.3669057898614828,-0.7158227529546314,-0.7570702939341082
2021-10-18,5.6,0.1897023656660561,-0.3013280678082785,-0.6930209665772576,-0.6917291371901897
2021-10-19,4.4,0.2487113908325025,-0.2666096193198139,-0.6739219375435537,-0.6335655324508327
2021-10-20,0.0,0.21888042304404076,-0.28806618515390425,-0.6698831014433458,-0.5950244381906316
2021-10-21,0.0,0.19465785131787333,-0.30429535969855886,-0.6657659558122995,-0.555742531609261
2021-10-22,0.0,0.1810914821263248,-0.3170314880936499,-0.6616117651290341,-0.5170273039296125
2021-10-23,0.0,0.16488183796491504,-0.3292755889887855,-0.6572217905798807,-0.47952061241843474
2021-10-24,0.0,0.15259194798380885,-0.34072358012405324,-0.6585485760456202,-0.4428281283507961
2021-10-25,0.0,0.14087493337622492,-0.3549152081616733,-0.6695912116755766,-0.40619954467378916
2021-10-26,0.0,0.12853564698898895,-0.37608629920318615,-0.6778114711003307,-0.36985819594722724
2021-10-27,0.0,0.11305732913191943,-0.3831111715052222,-0.76492236017766,-0.33359008757362096
2021-10-28,0.0,0.10065729222246136,-0.38908488024930443,-0.7873528179793691,-0.29658319870265365
2021-10-29,0.0,0.08947831620927635,-0.4001752140881377,-0.7873527375828695,-0.27246057036053467
2021-10-30,0.0,0.08078649902736182,-0.40980824816245365,-0.7815550872289642,-0.3288855869318409
2021-10-31,0.7,0.08862150780333236,-0.4028703807446591,-0.8433190114892154,-0.2970872881419944
2021-11-01,0.0,0.07842873203950482,-0.41053421101083554,-0.8376622301654112,-0.26020186180260024
2021-11-02,0.0,0.06376982111725556,-0.4169044352785989,-0.8321059303585288,-0.2233608837945297
2021-11-03,0.0,0.053036306672883435,-0.4274868264396426,-0.8587369090551362,-0.18533713496815085
2021-11-04,0.0,0.028773202352362297,-0.4478888550705352,-0.8530794076202701,-0.14709273759396702
2021-11-05,0.0,0.0067063736390249335,-0.4600554270406554,-0.8476608262255374,-0.10935575113216521
2021-11-06,0.0,-0.024357799847648368,-0.4724328730998104,-0.8419399320573295,-0.1296886517570645
2021-11-07,0.0,-0.051210703743302666,-0.48184837826053445,-0.8361611041974875,-0.09164569333994696
2021-11-08,25.7,0.46750647326359973,-0.08790340432755733,-0.7380677354114267,0.0632936482864879
2021-11-09,2.0,0.41915741018613245,-0.12513602496096277,-0.725307935161587,0.11044026362500275
2021-11-10,0.3,0.3676328665010837,-0.1677733486415203,-0.7188574875385972,0.14923928299630101
2021-11-11,0.0,0.3251833980855393,-0.19829329769326398,-0.7667711640713677,0.18741657542978987
2021-11-12,0.0,0.28728424856565216,-0.2176384561360079,-1.0078683028887951,0.22628380749557422
2021-11-13,0.0,0.25558629595197585,-0.23528714251330085,-1.0140035849561624,0.2661394985000433
2021-11-14,0.0,0.23867562589628735,-0.2547275779414815,-1.0080669232933004,0.30706868889038236
2021-11-15,0.0,0.22375722744188514,-0.269187783000621,-1.0020626111645263,0.3053250539458274
2021-11-16,0.0,0.2076301688512882,-0.28165157466384994,-0.999660850450911,0.3215702193675994
2021-11-17,0.0,0.19105964870849942,-0.2961535628351364,-1.0201457511047587,0.36440975417460275
2021-11-18,0.0,0.16479822702853322,-0.31390865086898634,-1.0154837998316715,0.4068990519324287
2021-11-19,0.0,0.1402392933671737,-0.32795276978522264,-1.0107421998090023,0.12658405400376663
2021-11-20,0.0,0.11786871090674884,-0.33591646350257687,-1.00631279968977,0.16969638933514086
2021-11-21,5.9,0.24246469850044486,-0.2503717420941185,-1.0109122786348017,0.20381125290027582
2021-11-22,1.3,0.23875096978801005,-0.2520416595664712,-1.0010746671577373,0.19296032141718758
2021-11-23,0.0,0.22097516695856123,-0.26669943871712254,-1.0299244676512167,0.23396886929658292
2021-11-24,0.0,0.21423377110683872,-0.2787657497961812,-1.0726111222243289,0.27321251509344446
2021-11-25,0.0,0.19806613961192132,-0.29109748377978123,-1.0696585102632994,0.312712487268357
2021-11-26,0.0,0.18156098767809453,-0.30934116476948365,-1.1363693101943593,0.35791094178424954
2021-11-27,0.0,0.16881302403971296,-0.329166278130168,-1.1480102759816069,0.39836900854870305
2021-11-28,0.0,0.15493151037302377,-0.3403361758992673,-1.1571419777751002,0.4446263309905466
2021-11-29,0.0,0.1402041483142095,-0.35671640072803473,-1.1533579166202657,-0.030930397992301812
2021-11-30,27.2,0.7840275718147839,0.1423623321530687,-1.112921568145187,0.20130234498268257
2021-12-01,0.0,0.6898354186256346,0.06473296174438785,-1.1090409404476187,0.24562653822293087
2021-12-02,0.1,0.6306792066481738,0.02624281648375377,-1.1039685165920703,0.29212295604454414
2021-12-03,0.4,0.6072207678789426,0.009047194727233953,-1.0973693702950325,0.3419074472458916
2021-12-04,0.0,0.5971160433843109,-0.009501067140421916,-1.091903908223195,0.3894643441258848
2021-12-05,0.0,0.5825930258959287,-0.02560942619263828,-1.0865790152937131,0.3489454230357178
2021-12-06,0.0,0.5659456691458339,-0.039486370655042076,-1.0807198254724797,0.15688034378320745
2021-12-07,0.0,0.5585959231243781,-0.04808348114971826,-1.099022991572055,0.18970147933174136
2021-12-08,0.0,0.5539952876923822,-0.055071179263299415,-1.110625422289814,0.23676533830897656
2021-12-09,0.0,0.5550624676121116,-0.06278735920970459,-1.1031829666484474,0.2843619160023604
2021-12-10,0.7,0.5680439473597789,-0.054268088902031636,-1.092567417091308,0.33950198063027576
2021-12-11,0.0,0.5635881660770146,-0.059633655010149285,-1.0839945684863344,0.3878715514306114
2021-12-12,0.0,0.5629274386099362,-0.06446980519825633,-1.0825125261782849,0.4350643759908498
2021-12-13,0.0,0.5512224127322937,-0.07107488790306572,-1.070729333932181,0.48165519466418777
2021-12-14,1.2,0.5700426739033646,-0.051112311892912064,-1.0517157651935636,0.5416056117415922
2021-12-15,2.1,0.5988268974491924,-0.016373772564003047,-1.053268451911724,0.6108641176698104
2021-12-16,0.0,0.5864066820546365,-0.029959471925697194,-1.0367878818820386,0.6597839084021733
2021-12-17,0.0,0.5700722157017803,-0.0387558537229019,-1.029888664438965,0.6932176403212837
2021-12-18,2.8,0.6478581716826027,0.019091197261916316,-0.999989247973824,0.7683707605134827
2021-12-19,0.2,0.6454843807067514,0.014886574614728275,-0.9800736987820826,0.8182161307913526
2021-12-20,0.0,0.6397097440234635,0.010133180076065819,-0.9903308327565804,0.05768108235162405
2021-12-21,0.0,0.6298512023657405,0.004855109424655239,-0.9690692699247241,0.031256334568826614
2021-12-22,0.0,0.6340173121639868,0.0008587879155219839,-0.9452002169124829,0.06709951472804618
2021-12-23,0.0,0.627116274479939,-0.0031940350688554526,-0.9382945249007282,0.10348469844689592
2021-12-24,0.2,0.6335461841552749,-0.0015602859596342135,-1.067184401286715,0.14117540617089253
2021-12-25,0.0,0.6292211252577464,-0.0014777773705057923,-1.0385340839424737,0.1757647108025077
2021-12-26,0.0,0.6302182508274169,0.001484483489839927,-1.04045342682776,0.2075219652243552
2021-12-27,0.0,0.6318113791929367,0.0037773996947656928,-1.032279676996059,0.22141510322102714
2021-12-28,0.0,0.6271421404351384,0.0018067633876093206,-0.9977964763208799,0.04941855150951346
2021-12-29,0.2,0.627743764364185,0.004208108493405587,-0.9596884031087924,0.08236122448211067
2021-12-30,0.0,0.6823176061022196,-0.004453480099151681,-1.1723654942644535,-0.11366049805267232
2021-12-31,0.0,0.6707017326544825,-0.014157028519282744,-1.2274127184162666,-0.08494610918781742
2022-01-01,0.0,0.682040622447336,-0.022269693417022878,-1.1489041452112523,-0.03228856998170086
2022-01-02,0.3,0.6922696478393194,-0.019534692995694942,-1.108728724980785,-0.06772566862466413
2022-01-03,0.0,0.6107785565724163,-0.025157573670653164,-1.123975774445782,-0.04394287079992993
2022-01-04,0.0,0.6126599217560407,-0.026518768715515086,-1.0957334362045759,-0.1476020661928039
2022-01-05,0.0,0.6258969068342672,-0.03232948506022832,-1.0544741424196786,-0.22045807025856973
2022-01-06,0.0,0.6357727520339608,-0.019904255495388507,-1.0132967907092916,-0.2739755020165425
2022-01-07,0.0,0.7131271612278487,-0.006476225253267117,-0.9714530940974251,-0.2638039804428616
2022-01-08,0.0,0.7309613776361399,0.008013566316095894,-0.9259845660152048,-0.5609059585170583
2022-01-09,0.0,0.751086013724398,0.025687356040913142,-0.8790220754722914,-0.5504132779840771
2022-01-10,0.9,0.7873584955833446,0.07367491140992,-0.8278048672994809,-0.5116849683961081
2022-01-11,0.2,0.8012481371527491,0.07834049044292177,-0.7809007227779067,-0.48853392129605017
2022-01-12,0.0,0.8001861594118874,0.07908014694824674,-0.7366582954901351,-0.4716186897796033
2022-01-13,0.0,0.7856986158489707,0.08190048990584664,-0.6939353417132815,-0.4558718285495301
2022-01-14,0.0,0.7868969970752313,0.0850855092386393,-0.650897753208558,-0.44030482856941827
2022-01-15,0.0,0.7870625493275454,0.08708599643077036,-0.8864519053928405,-0.4250229180381796
2022-01-16,0.0,0.7944259912461207,0.09543209619102981,-0.8555865557121569,-0.5523070593464176
2022-01-17,0.5,0.8073068972633113,0.11549143861750838,-0.8121927041462519,-0.6386226778981092
2022-01-18,0.0,0.8028317878407417,0.11640475617486833,-0.7709148275204903,-0.6245885154226792
2022-01-19,1.7,0.8591347434478444,0.16195196660705402,-0.721846265954595,-0.5653663644388456
2022-01-20,0.0,0.8563095850236271,0.15822167871946413,-0.6802972635459916,-0.5490007771986055
2022-01-21,0.0,0.8481312038947005,0.1578100938493612,-0.6401302128853376,-0.5316901763974203
2022-01-22,0.0,0.8459724122377097,0.1545082238421426,-0.5999061469255671,-0.5111631099238452
2022-01-23,0.0,0.8439221562246434,0.15438676274626653,-0.5595784188725214,-0.48979511644074136
2022-01-24,0.0,0.8388385052448334,0.15634241602435026,-0.5197718297763918,-0.46860573151577173
2022-01-25,0.7,0.8600889573331704,0.17756263607420308,-0.4766466243985183,-0.4287379554524898
2022-01-26,0.0,0.859917122931467,0.1804746259331793,-0.4368410966008639,-0.40762607445934895
2022-01-27,0.0,0.8664750883785697,0.18760061748867551,-0.4091286369922954,-0.38535949315075213
2022-01-28,0.0,0.8696040901025528,0.19225527913544116,-0.45984653013578997,-0.36351687125416615
2022-01-29,0.0,0.8695845181158636,0.1948883808941531,-0.42749037368111925,-0.3608251699588329
2022-01-30,0.0,0.8717289193829206,0.19404994428125505,-0.3877519034150347,-0.3386177911652671
2022-01-31,1.2,0.9118572986243558,0.22573830850012833,-0.3429191803656878,-0.28380233521810877
2022-02-01,1.7,0.92919415923759,0.26127186004367586,-0.29534694581254284,-0.2154544525418302
2022-02-02,0.0,0.9271324422672058,0.2545909069119959,-0.25459983624065663,-0.18980835540654084
2022-02-03,0.0,0.9236286857636505,0.2532101434233487,-0.21439235578902663,-0.16340478814408466
2022-02-04,0.0,0.9252305098188625,0.2578274568482231,-0.22970939851358296,-0.13803690682430908
2022-02-05,0.0,0.925835822366834,0.2628965967406264,-0.1890251037683208,-0.1121213806059997
2022-02-06,0.0,0.9285804528737188,0.26834358131146907,-0.14842796741137046,-0.8804088409928452
2022-02-07,0.0,0.9330867416914516,0.2725831106647634,-0.10773279586718376,-0.9272896845877859
2022-02-08,0.0,0.9334729312856715,0.27388919825043634,-0.06671223579455197,-0.9131488966593725
2022-02-09,0.0,0.9263337217355476,0.27404201320741145,-0.025640276912997775,-0.8873733300957879
2022-02-10,0.0,0.9211857563011331,0.2728847035153231,0.015599369325045643,-0.8611002398750237
2022-02-11,0.0,0.9175863289113209,0.26959916943815465,0.05826476358967086,-0.8351825365566485
2022-02-12,0.0,0.8517069276767104,0.2551532759200893,0.10228970716034316,-0.8103835781498377
2022-02-13,0.0,0.783133612287298,0.23467874968945204,0.10409885588686828,-0.7821751101500456
2022-02-14,1.7,0.8307001132463918,0.2733587643910962,0.13068777240064813,-0.6951942146402447
2022-02-15,0.0,0.8235400574625122,0.27119649490650055,0.17575259559721276,-0.6711577941051202
2022-02-16,0.0,0.8262428561196831,0.2691141580246854,0.22011798641290953,-0.6471205590680528
2022-02-17,0.0,0.8214750842906711,0.2674042023234196,-0.05654523070766754,-0.6232866561725189
2022-02-18,0.0,0.8199955120074723,0.2760540091698018,-0.01240020366351099,-0.6016338880408412
2022-02-19,0.1,0.8202005302202574,0.27629248429594083,-0.009739931918398385,-0.795877290516747
2022-02-20,0.0,0.8161561697136993,0.27285318885716503,-0.02757433473529683,-0.8286541587484414
2022-02-21,0.1,0.7967616322735461,0.2660345493219242,0.013467690567775487,-0.8088867047013534
2022-02-22,0.0,0.7920814869058395,0.26416677993183285,0.05143597112993863,-0.7968522344057315
2022-02-23,0.0,0.7799820663961542,0.2595989947776526,0.08961989199201659,-0.7861741262623473
2022-02-24,0.0,0.784599850288434,0.26539260067362724,0.13296443498016716,-0.7749696667844224
2022-02-25,0.0,0.7983385122416728,0.2685411133756741,0.17066337063089637,-0.7665800934158823
2022-02-26,1.1,0.8266837842471324,0.2992764269299081,0.2211333451794383,-0.719019328851723
2022-02-27,0.0,0.810350879185661,0.2875553553932477,-0.26271253993198956,-0.7142888400199086
2022-02-28,0.0,0.7963995537475748,0.2879338458758527,-0.2322544123867085,-2.061366913698288
2022-03-01,2.3,0.8492641653423951,0.3403260088803156,-0.1780775912286472,-1.8900680318334806
2022-03-02,0.0,0.8443550789070533,0.3406746390624644,-0.14050849128062395,-1.8866193477790725
2022-03-03,0.0,0.8424290550408906,0.3354811892897488,-0.10279936470492594,-1.9069684733130845
2022-03-04,0.0,0.885645630579253,0.33653469748501486,-0.0647409347243075,-1.9039619156377428
2022-03-05,0.0,0.9083074863672052,0.3291251769646707,-0.12382874185162937,-1.9024184392110237
2022-03-06,0.0,1.3755972863230588,0.29258764539940313,-0.3492623820437416,-1.903903997057319
2022-03-07,0.0,1.3787301004157866,0.2958845372388709,-0.33089933097671814,-1.9038921848464074
2022-03-08,0.0,1.3912507322491252,0.2964851302201896,-0.2973499335682626,-1.90711513357765
2022-03-09,0.0,1.4245499146900338,0.30271585247688554,-0.26540624275827485,-1.914909748359111
2022-03-10,0.0,1.3936492242291965,0.3047756383320758,-0.23428557936976702,-1.9703888809951131
2022-03-11,0.0,1.3818647026892596,0.30772647811251247,-0.2046413639456461,-1.9868051984661976
2022-03-12,2.6,1.497333877563946,0.36720112896900736,-0.1481473556578408,-1.836650638376506
2022-03-13,42.1,-0.7116911934091932,1.2939692644602017,0.30251008785953737,-0.16929085231576088
2022-03-14,8.7,-0.6161312967336663,1.35721667855111,0.4217319348822274,0.02385673861744257
2022-03-15,0.0,-0.7933200872660982,1.2771290149268184,0.4584293829728373,-0.048120751503685354
2022-03-16,0.0,-0.9126641487049116,1.2274263479966656,0.4929356674273688,-0.0654665566964821
2022-03-17,1.2,-0.9348176203769464,1.2392517780796366,0.5386531860717438,-0.04927590425107133
2022-03-18,0.0,-0.965763128021382,1.2073048514835754,0.5723584187779706,-0.14391127735462272
2022-03-19,14.6,-0.5091106734218628,-0.7432614248432391,0.751099665636935,0.21920746577287425
2022-03-20,0.0,-0.6426415413987883,-0.8027784173233918,0.0531848071985496,0.20192954148152337
2022-03-21,0.0,-0.7251202537717678,-0.8324022701210708,0.021957166074901724,0.1829834241202278
2022-03-22,0.0,-0.8109098485934142,-0.8735114219722248,0.04224494574248081,0.1618526686432181
2022-03-23,0.0,-0.8498570288322254,-0.8956751707593128,0.06199227385716216,0.13984810081931262
2022-03-24,0.0,-0.8673580404912687,-0.9084605440084983,0.08141089149823216,0.11296290814965268
2022-03-25,10.9,-0.5677225620544614,-0.7157733966935788,0.23520396917149844,0.35676831960399197
2022-03-26,19.8,0.09298309716667107,-0.4148112413103723,0.490179071084701,0.7694370653944201
2022-03-27,0.0,-0.08120743779404117,-0.5145909265522414,0.49335837938051336,0.7482119568077289
2022-03-28,0.0,-0.18659616742539925,-0.5776028611232228,0.3497730655758148,0.7226815665395107
2022-03-29,0.0,-0.26869651127400596,-0.6189398797291229,0.36316703169582426,0.6924294316339223
2022-03-30,0.4,-0.33201330226514386,-0.6542806189642746,0.21078769290136326,0.6729645752148309
2022-03-31,0.0,-0.3926863506513354,-0.6924738378938957,0.22106773452925257,0.6445146380293195
2022-04-01,0.0,-0.4713913617555523,-0.7351074625234929,0.22917324810268527,0.6164241435324049
2022-04-02,0.0,-0.5039738202279592,-0.7363576039099345,0.18826866720784385,0.5818587083419274
2022-04-03,0.0,-0.5492503776665351,-0.7519901013756413,0.19337206591257144,0.5525888217731679
2022-04-04,0.0,-0.6387000417755522,-0.7781916174374183,0.10930525109442185,0.5226770624736433
2022-04-05,0.0,-0.6796098407349304,-0.8132899826570024,0.04291606519967863,0.49136318893499853
2022-04-06,0.0,-0.6859985856513597,-0.8318940220386349,-0.009710667842058698,0.46008855698808265
2022-04-07,0.0,-0.7544844470228154,-0.8348298115349436,-0.019376511612106264,0.42705695595520654
2022-04-08,0.0,-0.7965665819615746,-0.84384653419363,-0.23253011806413462,0.39256717931053714
2022-04-09,0.5,-0.7861646231034872,-0.8474675060366171,-0.2350006177717661,0.3678006143699429
2022-04-10,0.0,-0.8054130446751943,-0.8632199657169928,-0.2402986973562462,0.31567553821772953
2022-04-11,0.0,-0.8613098249643031,-0.8775485521092053,-0.2465091617999325,0.2771881531065123
2022-04-12,0.5,-0.7928070029731167,-0.8499509136180111,-0.24661983001506294,0.25310382110216406
2022-04-13,1.3,-0.7760287721074379,-0.8448664638272945,-0.23666648061012968,0.24347523005052077
2022-04-14,0.0,-0.7968270627580513,-0.8589721235966246,-0.24884622213488855,0.20672284276885666
2022-04-15,0.0,-0.8271374682689177,-0.866550889957469,-0.2622236078137247,0.16983851473588496
2022-04-16,0.0,-0.8555263899750871,-0.87247407956351,-0.3608518737306759,0.13301972009326998
2022-04-17,0.0,-0.8740683646992559,-0.8303029097034385,-0.4441822065226827,0.087166444414569
2022-04-18,0.0,-0.9020749080475151,-0.8136142166399684,-0.4611023615838147,0.05073204397875429
2022-04-19,0.0,-0.9221489834543158,-0.8370935098391782,-0.4777087390192359,-0.016773920777078625
2022-04-20,0.0,-0.9420321858898976,-0.8371266259846798,-0.4940494531422195,-0.05200054627506329
2022-04-21,0.0,-1.0301881801438846,-0.8503896010449312,-0.5110750015562642,-0.08836893346894856
2022-04-22,0.0,-1.108229687535234,-1.3325364870306435,-0.5259071432809375,-0.12422493087962082
2022-04-23,0.0,-1.1094859690971621,-1.2971146914606089,-0.540439481797587,-0.16041325936563117
2022-04-24,0.3,-1.0268362053293767,-1.2220969540264017,-0.5513063109539207,-0.19097508206498237
2022-04-25,1.3,-1.0396588997001968,-1.23231845373451,-0.5467828444038135,-0.2157828649240989
2022-04-26,1.0,-1.079131423143309,-1.2702998181477458,-0.5489089892537299,-0.23414275462159795
2022-04-27,0.0,-1.1543291093222687,-1.30651011406475,-0.5672923215870599,-0.2709454627100673
2022-04-28,0.0,-1.1948494712027449,-1.341300595653391,-0.5864442035168812,-0.3082198034537369
2022-04-29,15.5,-0.7201746702777214,-0.9632796399512431,-0.3841326655844521,-0.08288728508377022
2022-04-30,0.0,-0.8172259331149496,-1.037214490932034,-0.4030979734489691,-0.12058571726055221
2022-05-01,0.0,-0.8829520676361864,-1.098538271936814,-0.42200378992558174,-0.17715512537785671
2022-05-02,0.0,-0.9043246887664899,-1.1311168181153917,-0.4404186206165865,-0.2410252194922885
2022-05-03,0.0,-0.9613575948430704,-1.1272090213562145,-0.45918235084591164,-0.27801693096605096
2022-05-04,0.0,-1.03551594897297,-1.1901484972228469,-0.47833124836882085,-0.3154042041897139
2022-05-05,0.0,-1.1518049020073258,-1.2734782007314742,-0.49813009660702656,-0.35207415583264173
2022-05-06,0.0,-1.1592080558512468,-1.3150061446157635,-0.5170159543300744,-0.38762913286235945
2022-05-07,0.5,-1.1163946644444995,-1.3048410521793599,-0.90932135579279,-0.4152669725909722
2022-05-08,2.0,-1.1498272335619828,-1.3393805150643057,-0.9248456562617527,-0.41737801596727536
2022-05-09,0.0,-1.3042965463926826,-1.4554172041476119,-0.945354461668718,-0.4501255208833719
2022-05-10,0.0,-1.4397174167604427,-1.5438798390178436,-0.9621089567650863,-0.48383253737704146
2022-05-11,0.0,-1.5245716736794601,-1.5752504916254957,-0.9787819316580061,-0.5176841559031568
2022-05-12,0.0,-1.5386999810974549,-1.5739256425811547,-0.9951561819087026,-0.5511261467100111
2022-05-13,0.0,-1.365384400726188,-1.4689532101956386,-1.0109861582626631,-0.583255744719054
2022-05-14,0.0,-1.4275945285159317,-1.4868198516339075,-1.0260630604746035,-0.6142104433543067
2022-05-15,0.0,-1.5492082236483122,-1.551136968269508,-1.038602800020168,-0.6686393931359341
2022-05-16,0.0,-1.4884812283518332,-1.5683362815308062,-1.0494797018389899,-0.6952295261201412
2022-05-17,0.0,-1.4201571746129382,-1.5339106753210001,-1.0610277574173566,-0.7187011131886719
2022-05-18,1.5,-1.4978411139977437,-1.6002573944275698,-1.0513557667106908,-0.7204109296832433
2022-05-19,0.0,-1.52541228856823,-1.6167589328861784,-1.0637160800847905,-0.7455690871843422
2022-05-20,0.0,-1.5815046565490243,-1.6501584759177184,-1.1644857066224505,-0.7729761724909039
2022-05-21,0.0,-1.6081989126591036,-1.6690926370699057,-1.1979886656809073,-0.799495073374194
2022-05-22,0.0,-1.6568772444908715,-1.702346316582558,-1.2103048368663571,-0.8244237351607147
2022-05-23,0.0,-1.6945621062791065,-1.725659566961796,-1.2244217758313702,-0.8451703440531311
2022-05-24,0.0,-1.7416382501874361,-1.6900125244018118,-1.237958805777535,-0.8649213004894729
2022-05-25,3.5,-1.6268679645724253,-1.695580673817595,-1.200387343350315,-0.8323772829837807
2022-05-26,0.0,-1.7422748930203025,-1.768048740377306,-1.2148834063300047,-0.8520299342963397
2022-05-27,0.0,-1.7870554650331982,-1.7914738534796075,-1.2289673678159858,-0.8857962310321734
2022-05-28,0.0,-1.766846006748466,-1.7699792398422227,-1.241485214861775,-0.9005050196860309
2022-05-29,0.0,-1.732102850834085,-1.7384126287142896,-1.670339205193121,-0.9135868791360156
2022-05-30,0.0,-1.698647661005027,-1.7064805884640741,-1.6786561870493635,-0.9616484430976475
2022-05-31,0.0,-1.721360050271896,-1.7235080915733867,-1.690018636871756,-0.9751068984532663
2022-06-01,0.0,-1.7284398168982347,-1.733291754712457,-1.707482316042321,-0.9896939645949769
2022-06-02,0.0,-1.6080964239389066,-1.6417158954471263,-1.7220060031769,-1.0061221787789716
2022-06-03,0.0,-1.6416952303065033,-1.6377951891591989,-1.7370447057004617,-1.023940101924649
2022-06-04,0.0,-1.7394618946876435,-1.7158307686005352,-1.7497871528570268,-1.0396161077410417
2022-06-05,0.0,-1.8101599191700075,-1.7683598454673124,-1.7596110514128276,-1.0537397485707922
2022-06-06,4.3,-1.675273808732278,-1.651187352996755,-1.7008047978250957,-1.0036261174274503
2022-06-07,0.0,-1.6133999210875138,-1.6014235511546344,-1.7109336326279008,-1.0175747346022315
2022-06-08,0.0,-1.6572954805269766,-1.6339920296213404,-1.735654508269406,-1.033688656973159
2022-06-09,2.6,-1.6955149246066732,-1.65424616766796,-1.7082075790428517,-1.012117996997033
2022-06-10,1.2,-1.6681699382996305,-1.6270951457404317,-1.7014134909944392,-1.0488465765326915
2022-06-11,0.0,-1.7432557588657698,-1.6418210516778595,-1.7142745879711097,-1.7580262319574311
2022-06-12,0.0,-1.796188827310036,-1.6962023382396845,-1.745027647269449,-1.9407846021399435
2022-06-13,18.0,-1.1801651994555606,-1.1814098801482575,-1.5294135003803682,-1.6182704297555874
2022-06-14,0.0,-1.1948965761235242,-1.1919964526512954,-1.5451988457661314,-1.6345623770311681
2022-06-15,18.5,-0.7257052951576057,-0.7790530435287016,-1.3186576967743648,-1.370360006389696
2022-06-16,0.7,-0.8832763789263867,-0.9111052023738171,-1.3658224859607098,-1.3806095163794436
2022-06-17,0.0,-0.9877509897119697,-0.9855819304185388,-1.3897203155850044,-1.6396513586846104
2022-06-18,0.0,-1.0072598252595277,-1.01397333933319,-1.4112205864318859,-1.6645589776728562
2022-06-19,0.0,-1.0136454110098048,-1.033506541918694,-1.4328203380558622,-1.6898568859329022
2022-06-20,0.0,-0.9515795594948577,-0.9686346447694021,-1.455638882949009,-1.7166676833387657
2022-06-21,0.0,-0.9237910277870245,-0.9497612954993683,-1.4788704162282824,-1.7436438924253663
2022-06-22,0.0,-1.040800793012391,-1.0468500246272223,-1.5046956751188474,-1.7709735101886959
2022-06-23,103.0,0.48416911130498513,0.2907042908034303,-0.49253644714155725,-0.6283828067703455
2022-06-24,19.1,0.23890747703408877,0.23112312145147226,-0.36785359674041596,-0.6712833393340651
2022-06-25,0.0,-0.11197024794764354,-0.042993654075309695,-0.4071398214596374,-0.7078894079079506
2022-06-26,0.0,-0.30906357565476844,-0.20350333384654185,-0.44656915707412476,-0.7451705418789335
2022-06-27,6.1,-0.388674717194871,-0.2710877568888813,-0.4391387074134935,-0.7217551153735992
2022-06-28,6.3,-0.4601153871514026,-0.33929735600654765,-0.43132434737237446,-0.7028951361196254
2022-06-29,37.8,0.04427852934107141,0.11158680222310763,-0.20109038342339508,-0.4055549400912872
2022-06-30,176.2,2.568148039088974,2.3583951527458877,0.7997761401155331,0.7608850962809767
2022-07-01,0.0,1.4716207362166227,1.8065493826089363,0.7355650343587083,0.701968048545669
2022-07-02,0.0,0.8411550171834248,1.4276432973144446,0.6732434494632598,0.6429470993316614
2022-07-03,0.0,0.4840334816671339,1.1847513330717698,0.6123262585504239,0.5850777740216944
2022-07-04,0.0,0.245169110412267,1.0414375441599493,0.5530687649084617,0.5286959084801368
2022-07-05,0.0,0.06958017395273267,0.9214513716527923,0.4958956945565493,0.4740146510473374
2022-07-06,16.1,0.19732178476363324,1.0223704103321234,0.5173744125754349,0.5076192925341557
2022-07-07,0.0,-0.006138183117006321,0.7858858300544692,0.4620741472752497,0.4552903121475848
2022-07-08,1.7,-0.14647598808777282,0.6320475759579246,0.414768641573458,0.4089522757524477
2022-07-09,0.1,-0.2838016873665369,0.43103509932145445,0.3564937699068401,0.35719049885711746
2022-07-10,0.0,-0.4465425128870867,0.2764005836090488,0.3005734347420748,0.3043100539880063
2022-07-11,9.0,-0.46958385743861275,0.22855817030989622,0.2883112734758969,0.29671278175180377
2022-07-12,0.0,-0.5434736541044557,0.03925955706483906,0.23357527548827578,0.2375358396210722
2022-07-13,114.5,0.766606024953464,1.1384812013909522,0.66453069336248,0.7256687760166424
2022-07-14,0.9,0.2872325647056691,0.7898952928432715,0.6115070959832576,0.6758112261835647
2022-07-15,0.0,0.0040130062709450845,0.591319717293554,0.557026426027172,0.6241705183346989
2022-07-16,34.0,0.22003735372297975,0.7193039393447745,0.6348265613889312,0.7193339353324284
2022-07-17,0.0,0.014261767966790637,0.5241912051399803,0.5835766123872417,0.6711116441761986
2022-07-18,0.0,-0.11764859723766258,0.39078536983902556,0.5265883632075417,0.623340838361589
2022-07-19,0.0,-0.2305814379720175,0.31503073720232666,0.4766986913979916,0.5762779345812428
2022-07-20,1.1,-0.3214699830394167,0.2505653379744102,0.4311785852541201,0.5347617935470868
2022-07-21,10.4,-0.2902864487908199,0.2689024413792832,0.42193244723048823,0.5331166861390884
2022-07-22,5.2,-0.32916723996834896,0.21320762987322536,0.39311348049147105,0.5103134506096345
2022-07-23,9.9,-0.32546221169663586,0.19126821478794218,0.38166809101620935,0.5049605554561929
2022-07-24,1.2,-0.43354792038296763,0.07708716625989986,0.3348259810329609,0.4601650916708944
2022-07-25,0.0,-0.5411943734728513,-0.0637748128879619,0.28774362159342315,0.41378791250508823
2022-07-26,0.0,-0.6150044074441882,-0.17784088968695946,0.24129006582904874,0.3724156605408817
2022-07-27,0.0,-0.5203794692745376,-0.21643565816516488,0.1956513321889217,0.3323100576844997
2022-07-28,0.0,-0.6261467206206499,-0.27570905350207786,0.15136875108237519,0.23098909286796968
2022-07-29,0.0,-0.7537684415103301,-0.3455342019405468,0.10823257303153033,0.1936027368764973
2022-07-30,1.0,-0.8513524697081274,-0.3938352044989985,0.06505607487969704,0.1614356256818112
2022-07-31,47.2,-0.3349310577018597,-0.07823804404323431,0.1904842103769383,0.3146622213261388
2022-08-01,30.0,-0.11665852157216636,0.05662597013635798,0.25728004349039724,0.39644207525838193
2022-08-02,33.5,0.041245716465395946,0.2017704641621988,0.33504792095615094,0.4894519772507976
2022-08-03,51.1,0.4703395205843096,0.48466144357565866,0.4694670936801296,0.6415950283272587
2022-08-04,0.0,0.24638592434989695,0.329332824630271,0.43283516705660074,0.6112202955126068
2022-08-05,0.0,0.10049670741199472,0.2178127500061308,0.39584715994751096,0.5785615098445014
2022-08-06,13.6,0.11705261430061832,0.21918771353710717,0.4044186749326453,0.5882893757148993
2022-08-07,0.9,0.006416425540535973,0.12206981522687897,0.3716581973200972,0.5613630031998985
2022-08-08,129.6,1.068074825558482,0.9216212432168086,0.7469554557431649,0.9575730604446934
2022-08-09,123.1,2.0129824337858073,1.6307212515092386,1.0729631095876107,1.295653517605714
2022-08-10,7.6,1.5528595233260956,1.4241496650556507,1.0605280119692495,1.2867723158116116
2022-08-11,38.8,1.682512982195921,1.560930085539393,1.1355711286170562,1.3654380956059007
2022-08-12,0.0,1.3395353862774706,1.3728298144425806,1.1043795589727425,1.337494644839861
2022-08-13,4.0,1.2374959792684768,1.3127607657191733,1.0804929921649111,1.3213816994116825
2022-08-14,3.0,1.0472429848405989,1.1808499032860573,1.0588264692059661,1.302227310882226
2022-08-15,0.9,0.8980956132685828,1.0649074258647406,1.0314492002255295,1.2774584208163255
2022-08-16,0.0,0.77208172515077,0.9831868908780167,1.00157341544578,1.2467526409409215
2022-08-17,0.0,0.7094937403383249,0.9405248629991523,0.9722573239016856,1.2210237887138495
2022-08-18,0.0,0.6376236952842292,0.891912199194482,0.9429237764508777,1.1951513270675105
2022-08-19,66.1,1.316414560356932,1.3583244375431456,1.0955861428363804,1.3474073971465999
2022-08-20,0.0,1.0947328539991208,1.210856216561385,1.0689162031033832,1.3228545159105085
2022-08-21,0.0,0.967551452914729,1.1225853449670138,1.0417852630279762,1.296895904068987
2022-08-22,3.2,0.8795961398680648,1.0566748138384128,1.0242167584081703,1.2804361760984015
2022-08-23,2.2,0.743578201370619,0.9424696841471271,1.0057435340036207,1.2542068845761638
2022-08-24,0.0,0.597060607409299,0.8125096287157209,0.9834953951993011,1.2337539570435734
2022-08-25,1.6,0.5617461141070411,0.7727700702771307,0.9625481453327694,1.217504117365163
2022-08-26,0.0,0.4738746205456628,0.6909277903300145,0.9405074881547778,1.1978614165888497
2022-08-27,17.6,0.5656358345139438,0.7419447572791114,0.9658582161737084,1.223506303551512
2022-08-28,0.0,0.482193763497831,0.6919044817200743,0.9380041935900987,1.2050110862018766
2022-08-29,2.2,0.3871403550954075,0.6305970261634805,0.9228243900654737,1.19287169859465
2022-08-30,35.8,0.7237598262781363,0.8639007561290678,0.9987620020574396,1.2666800736922543
2022-08-31,0.0,0.578794579918205,0.7645110702964107,0.9797715407443124,1.2510046868010831
2022-09-01,0.0,0.4897611511285477,0.7051263149566934,0.9615325291181509,1.2365370119081387
2022-09-02,0.0,0.3730834746269955,0.620943585109804,0.9432044659683195,1.2222701840644152
2022-09-03,0.0,0.3129485158283566,0.5643072126912915,0.9247915979619759,1.2081796921392103
2022-09-04,33.8,0.6897899971851472,0.8370516338198509,0.9975412401043411,1.2697186569668069
2022-09-05,120.0,1.9249625674428965,1.73933582213096,1.290918534641933,1.5483983890565594
2022-09-06,25.3,1.8868210844007955,1.8169503915351988,1.3358447782341352,1.5943464646194307
2022-09-07,0.0,1.6259546040797468,1.6798844431420212,1.3180432559899897,1.5765231344701842
2022-09-08,0.0,1.4249497801819238,1.5733487363158927,1.2954548060802504,1.5651894276671137
2022-09-09,0.0,1.133247752897229,1.3829206596639116,1.1746422407778896,1.558605443071213
2022-09-10,0.0,0.951466584130228,1.2447889154274039,1.1378218537354736,1.5521951175583064
2022-09-11,0.1,0.7342647688962792,1.0367690005478059,1.1236082394696052,1.503977728523896
2022-09-12,0.0,0.7565344874545752,1.0247474950917184,1.1102407440279711,1.4999628546720656
2022-09-13,0.0,0.7639867935890222,1.0188467221647097,1.0943063951495469,1.453335381088976
2022-09-14,0.0,0.772341574798345,1.022070947841737,1.0817857226881993,1.449417913433278
2022-09-15,0.1,0.7504870486514739,1.003931935131216,1.032636635940834,1.448224476884419
2022-09-16,14.6,0.8907949453811934,1.1118488679117802,1.058670147038238,1.4820377375871407
2022-09-17,4.3,0.8708605357673755,1.1104765692316982,1.0589574231916163,1.4915066272362323
2022-09-18,0.0,0.7603663737418267,1.0156159298453318,1.049373800350513,1.4916884529331136
2022-09-19,0.0,0.6866198147606719,0.9519109008836267,1.0401768112631447,1.491199302510764
2022-09-20,0.0,0.6142053564951371,0.8869935944218825,1.0311114048175476,1.4918432657290663
2022-09-21,0.0,0.4681461786376816,0.7502943072927376,0.9958909422860529,1.2518792422615073
2022-09-22,0.0,0.4924786819360902,0.7510605783115185,0.9385491433641958,1.2107429842234938
2022-09-23,3.3,0.5332125888340576,0.7682397124704908,0.9400738668449601,1.224590462036568
2022-09-24,0.0,0.5441143337792412,0.769787923461985,0.9337113668495709,1.2316192781885178
2022-09-25,0.0,0.5498294052996557,0.7720968317603726,0.9281367149477353,1.2254912154471482
2022-09-26,0.0,0.5444354243133738,0.7705431394921988,0.9221393893563034,1.220170958586558
2022-09-27,0.0,0.5232015714300986,0.7558481262305133,0.9183756627090517,1.1418896741557423
2022-09-28,0.0,0.5064571364826401,0.7458569766259459,0.9147538944457407,0.7106613510583517
2022-09-29,0.0,0.4753908516618975,0.7189669464066321,0.9113624194385035,0.7287323630303455
2022-09-30,0.0,0.4264569315806398,0.6802478771217747,0.9082149221717473,0.7478120279553627
2022-10-01,0.0,0.3859257582311003,0.6500117867886571,0.9050283834976507,0.7677040337927122
2022-10-02,15.8,0.5702023679796008,0.7823784811050364,0.941940227139802,0.8289435906877426
2022-10-03,76.0,1.5791003902854133,1.5172997991884494,1.1263104895834282,1.0393162097858437
2022-10-04,11.8,1.577304453390478,1.5159822284284,1.1533641197764422,1.0502843522698966
2022-10-05,0.1,1.466755713647618,1.440880919483735,1.1527984992745837,1.0728811220087744
2022-10-06,0.0,1.4071752342499482,1.39757514044858,1.1510377202715214,1.092034034974255
2022-10-07,0.0,1.3400789846435963,1.3530630701854938,1.1520483661763687,1.117274443528713
2022-10-08,0.0,1.2983923630668586,1.3214353334165625,1.1531058504376792,1.142435844858366
2022-10-09,20.4,1.5772836203566853,1.5217744760981204,1.2017927270877982,1.1939839463716932
2022-10-10,0.0,1.4662993887263325,1.4480292597140623,1.199921914905754,1.2192746773836447
2022-10-11,0.0,1.4231152164569145,1.412246214616293,1.201787495022938,0.9726478987161331
2022-10-12,0.0,1.3365997425574008,1.3679537937701347,1.2041780676794636,0.99951947725564
2022-10-13,0.0,1.314439300787994,1.347871491189547,1.2063933681382784,1.0279799577669493
2022-10-14,0.0,1.2700781508517898,1.3128837275371545,1.2088431701335298,0.9733524945208754
2022-10-15,0.0,1.246051995550098,1.2903813757002618,1.211818567557102,1.0025725721145131
2022-10-16,0.0,1.2308755218594871,1.2811821693099774,1.215068683946798,1.032166188021956
2022-10-17,0.0,1.2212786673844958,1.2756650775587066,1.2184560359247159,1.06241111872113
2022-10-18,0.0,1.1943231215663952,1.258733273866121,1.222058255621973,1.0912808141990575
2022-10-19,0.0,1.1889373825286518,1.2547183625364995,1.2260314595734378,1.0992994043725066
2022-10-20,0.0,1.1626157135836257,1.2313471141362642,1.2299571252750314,1.1211590598203944
2022-10-21,0.0,1.1267100017340121,1.2102868730981549,1.2331896957755097,1.1325935091688153
2022-10-22,0.0,1.1114751011563173,1.195291886291229,1.2339533560560056,1.1675261476092986
2022-10-23,0.0,1.0786993743468212,1.1712544435862589,1.2354920317302658,1.2058154235528584
2022-10-24,0.0,1.0549572806659189,1.1509401060394244,1.239303507187255,1.2451580124054904
2022-10-25,0.0,1.0366425871577156,1.1379780186724069,1.2430285056758366,1.2854212929617628
2022-10-26,0.0,1.0340343683363218,1.13533169367712,1.2099390610940604,1.3257791360182332
2022-10-27,0.0,0.9844454774484801,1.0983659127028729,1.2138167489047793,1.3658349632080233
2022-10-28,0.0,0.941129830320335,1.0704768172631307,1.2177293133898814,1.4033993198556334
2022-10-29,0.0,0.9223403969838359,1.0566435986397982,1.221945161367349,1.3244989889898802
2022-10-30,0.0,0.906787963334568,1.0455291529574258,1.226893890789657,1.2857563747475211
2022-10-31,0.0,0.8850200378788314,1.0266382285322548,1.2319322691027175,1.2347876835931029
2022-11-01,0.0,0.8634384425050579,1.011166349872485,1.2371400863114332,1.1321815250267506
2022-11-02,0.0,0.8239048179703089,0.9840120341993878,1.2422910649354275,1.1702642940778423
2022-11-03,0.0,0.7999243635108463,0.9698409450143812,1.2464071228973288,1.2094295406038287
2022-11-04,0.0,0.7539473845450704,0.946170523515351,1.2464078793224056,1.2109869132961986
2022-11-05,0.0,0.6976626124992646,0.9091164746107361,1.2507058057477494,1.2488215767240614
2022-11-06,0.0,0.6281932587555235,0.8591206327755777,1.2553080573982514,0.8964103453169079
2022-11-07,0.0,0.5684392356871247,0.812055626948968,1.259932770327645,0.5101524964670247
2022-11-08,0.0,0.5256501417133291,0.7814947072406756,1.2647335340379828,0.5213384099325615
2022-11-09,0.0,0.4956788281835825,0.7627380218614892,1.2694834053882755,0.4098886743237564
2022-11-10,0.0,0.4661064485946895,0.745289205696343,1.2743861290474054,0.4485235805115333
2022-11-11,0.0,0.43475833733702013,0.7196156615942844,1.2786364708354454,0.47178760329706465
2022-11-12,57.9,1.611381255994383,1.5965589392276507,1.418080963822186,0.7285337905289242
2022-11-13,0.0,1.3764350557594618,1.4240241640169709,1.4217278262336757,0.7682184112484487
2022-11-14,0.0,1.2866416259467097,1.3561205934484901,1.421829664795844,0.8128412913926165
2022-11-15,1.6,1.246692733668304,1.3313269707395392,1.4290260413462659,0.8646592601824216
2022-11-16,0.0,1.1732644022263004,1.274955999455816,1.432718416182259,0.9112189255217911
2022-11-17,0.0,1.1102356789224845,1.2327614199205934,1.436609432053016,0.6860493132685891
2022-11-18,0.0,1.034569035126271,1.176917902764449,1.4400482790609281,0.7305570361163124
2022-11-19,0.0,0.9653846200822023,1.1178676536371341,1.4431476824215763,0.7774711528170928
2022-11-20,0.0,0.8780214401293988,1.0606995081109016,1.4464219372034883,0.810904118768276
2022-11-21,0.0,0.8650634914369171,1.0489564932726139,1.4419846564011087,0.8483545501664174
2022-11-22,0.0,0.8201253576543672,1.0107514161810642,1.4459095107303481,0.8939139051911714
2022-11-23,0.0,0.7871490868428992,0.9819420483418576,1.4498339175305803,0.9345107828663436
2022-11-24,0.0,0.7689718860452539,0.9659106696977329,1.454264812553566,0.9832222370716983
2022-11-25,1.7,0.7652194368820874,0.9588276216556557,1.4626588554617972,0.9589024724932173
2022-11-26,0.0,0.7276945809951069,0.9300586572466522,1.4673879209754441,1.0092740150967703
2022-11-27,0.0,0.6906985389785418,0.901935836163936,1.4724194866283196,1.050741476014035
2022-11-28,19.5,1.0931387814366351,1.200575143311705,1.5224662229122445,1.0232629370872786
2022-11-29,3.8,1.0754202802010822,1.1792133993393012,1.5361817929750594,1.0945207803042694
2022-11-30,0.0,0.9931687491194443,1.1078648330694383,1.5409556917778162,1.1472850789059548
2022-12-01,0.0,0.9409357888437778,1.0600334195790655,1.5461035413869875,1.2034042107335559
2022-12-02,0.0,0.8781888344332656,1.0086011375930628,1.5512185152391949,1.2628984053362686
2022-12-03,1.1,0.8615947746859778,0.9949678179628596,1.5496902364515073,1.147393602622909
2022-12-04,0.0,0.8416109115477609,0.9747167309659255,1.5553970580790668,0.44295277261653493
2022-12-05,0.0,0.8122650597448994,0.9525949909256705,1.5620632705464501,0.30201809647490846
2022-12-06,0.1,0.7797518696541408,0.9292153821843732,1.563962620645353,0.3536968121080345
2022-12-07,0.1,0.7560248414761293,0.9110527516013076,1.5702049998834429,0.4047401664234124
2022-12-08,0.0,0.7319905711400387,0.8927732118188729,1.5797756586746547,0.4554603246186575
2022-12-09,0.0,0.7151562428976199,0.8787302220944107,1.5892545737274175,0.5070024752120948
2022-12-10,0.0,0.6889642302347445,0.8564884828570052,1.5571151104395646,0.5591607131767503
2022-12-11,0.0,0.666104652556458,0.8363602347555971,1.5678478573489554,0.6115351411957375
2022-12-12,5.4,0.7837155221619695,0.9266265849123642,1.5496174405825165,0.7103312267423381
2022-12-13,0.6,0.7446761432218166,0.8958596340718069,1.5622231809635863,0.7664811261120664
2022-12-14,0.0,0.6956861761636625,0.8587264713831926,1.5757090458843093,0.818016381432892
2022-12-15,2.4,0.7021033150327952,0.8644961997026792,1.5949405569992563,0.756466742649026
2022-12-16,0.0,0.6648219646424892,0.83372396879703,1.6088060620664004,0.7657665570408246
2022-12-17,0.2,0.6282014336253401,0.8065206828251297,1.6198808214746174,0.8025299642574477
2022-12-18,0.0,0.6063335178851863,0.7871129490643579,1.6317111551623906,0.8503160312014034
2022-12-19,0.0,0.5843436879180444,0.7721434533524595,1.644201136838913,0.899190647446101
2022-12-20,0.0,0.5600912611588945,0.7510492899830754,1.4127430642683305,0.9452080085524093
2022-12-21,3.6,0.6237472562025127,0.8004017830040139,1.388915440869063,1.0291250616644332
2022-12-22,0.0,0.5919421973239658,0.7749640031408135,1.402900444831648,1.0435220880998977
2022-12-23,0.0,0.5558699952493384,0.7489856514824434,1.4176395210384247,1.093766367415067
2022-12-24,0.0,0.5284451863368947,0.7230848544441847,1.41892137491,1.1402577572268684
2022-12-25,0.0,0.4990602927983964,0.6981288404422089,1.4197884919465558,1.1845843657446247
2022-12-26,0.0,0.4749246701054157,0.6783354309362444,1.3453888562425256,1.2248159872615847
2022-12-27,0.0,0.4517067229462565,0.6590964336118581,0.9182765385390994,1.2680027262746467
2022-12-28,0.1,0.42554894856131437,0.6346026661539488,0.9400801608657556,1.3107090677770175
2022-12-29,0.0,0.39610509753995826,0.6103133153259309,0.9626528041756894,1.3512981913499065
2022-12-30,0.0,0.43252818590569186,0.5754982246658785,0.9860996326259142,1.393345460278879
2022-12-31,0.0,0.396632997989931,0.5456686459460492,1.0101249261765202,1.2514960702477103
2023-01-01,0.0,0.38119280697483265,0.5164883072242905,1.0602462124996048,0.2526949446473914
2023-01-02,0.0,0.35653054770504805,0.49261139355133493,1.0448590341028323,0.0766326077878993
2023-01-03,0.0,0.2528637378818288,0.4666508164917326,1.0715250704461718,0.09953663598891846
2023-01-04,0.0,0.23198987427716436,0.44511057137283055,1.0938642891043344,0.11944841245266076
2023-01-05,0.0,0.22309572056022628,0.4149579671075731,1.120852268362123,0.1393912482360818
2023-01-06,3.9,0.32265548952045986,0.4903166380542425,1.1567601620928836,0.22961930780627493
2023-01-07,0.1,0.3284260083137831,0.4484398057660816,1.1611357679916892,-0.13402944291283014
2023-01-08,0.0,0.31017589421449093,0.47722582758067916,1.1887947531547014,-0.11410088817340842
2023-01-09,0.0,0.29783112369016757,0.4687448413109033,0.9303858139233127,-0.09490532770481722
2023-01-10,0.0,0.27543709811937506,0.46738044222143554,0.9579227637542096,-0.07553475748941232
2023-01-11,0.0,0.25069937115771346,0.4470007474184046,0.9870241095303246,-0.055407843076315036
2023-01-12,0.0,0.22428245366278768,0.4235357023692012,0.9291668545580684,-0.036557921316857304
2023-01-13,37.3,1.351181155585894,1.3054081704642788,1.0521323161183707,0.6730396930733339
2023-01-14,1.6,1.2018812254432896,1.1880707276323468,1.0850131703822516,0.7201793101680922
2023-01-15,3.2,1.1825439413435472,1.163980526519492,1.1224942893884742,0.7939537756849636
2023-01-16,0.0,1.0878887452244637,1.09683312603798,1.136171092055784,0.8045960750561196
2023-01-17,0.0,1.002618554034603,1.0334561821550043,1.1444999914868337,0.823415844209134
2023-01-18,0.0,0.9329074088655345,0.9757146794430971,1.166656122743421,0.8435007392967976
2023-01-19,1.0,0.9056645244250926,0.9541987085766932,1.181390631900201,0.8805975540751257
2023-01-20,0.0,0.8526945895946304,0.9123452865328555,1.216646233065212,0.9022933064880805
2023-01-21,0.0,0.7961656268536874,0.8725351327684977,1.2554927274071832,0.9250180038727841
2023-01-22,0.0,0.747435737291838,0.8287076127727615,1.2953851517397712,0.9503610134440077
2023-01-23,0.0,0.7009973146060429,0.7902937293598573,1.3362082878058916,0.9782506307812098
2023-01-24,0.0,0.6551868967742172,0.744849976812642,1.3763938345019329,1.0060403432876177
2023-01-25,0.0,0.6132865012906685,0.7074463977064792,1.4159999240868526,1.0351022671547432
2023-01-26,0.8,0.6033613423086608,0.6982525906371061,1.4554209012258588,1.0760624274113844
2023-01-27,0.0,0.5689209137110977,0.6740200766999181,1.3775399587552726,1.1042786273944454
2023-01-28,0.0,0.5341987464487044,0.6441322441947949,1.3394018565319135,1.1338464467657852
2023-01-29,0.0,0.4977227391217208,0.6135475962315741,1.2903010734064364,1.1645337993224727
2023-01-30,0.0,0.46303305222304314,0.5792398218711836,1.1935120380676494,1.1949573080412377
2023-01-31,0.0,0.4267284060195478,0.5475077374784814,1.2336686583669243,1.2238637274399093
2023-02-01,0.0,0.3775234178579839,0.5055704963098101,1.2756132736712447,1.252830984968093
2023-02-02,0.0,0.34899940199994045,0.4785372979685704,1.2824355122102173,1.2832320508599628
2023-02-03,0.0,0.3204637425975905,0.45185239336019806,1.3239478809042953,1.3136073596402629
2023-02-04,0.0,0.29602345660918744,0.4295048547281592,0.9927768083819286,1.3425226819033003
2023-02-05,0.0,0.27093014323520875,0.40747690255942437,0.6394863720539146,1.3705514739279923
2023-02-06,0.0,0.2471004799802892,0.3855781314216156,0.6575085196575049,1.397461406056626
2023-02-07,0.0,0.2218520288371603,0.36283499928139895,0.5635464896116646,1.4231146016756178
2023-02-08,0.0,0.1932320660716073,0.337010704796993,0.6069401346928774,1.4489513773675742
2023-02-09,0.0,0.16147187786254974,0.3102068048435672,0.6366538842441916,1.476588166808434
2023-02-10,0.6,0.14719037915634228,0.29742155054204317,0.6730352851096569,0.3059122202590769
2023-02-11,0.0,0.1089842636575476,0.26469060164793967,0.716743089291447,0.3312787803042783
2023-02-12,0.0,0.07087459817855109,0.22371559658086496,0.7655811049111073,0.35763443135846623
2023-02-13,0.0,0.03865078347428535,0.18018434385364174,0.8157117187846981,0.34344996477645
2023-02-14,0.0,0.007049892079002351,0.1524514298007255,0.8656503591836214,0.36650637259435315
2023-02-15,0.0,-0.01896111668927218,0.1309574951510837,0.6517459259501673,0.3884485376714276
2023-02-16,0.0,-0.04431315970225425,0.10829167896683653,0.6998919131600779,0.4086658908785211
2023-02-17,0.0,-0.07139804967005822,0.08463175777183672,0.7507931931694358,0.4293425702768599
2023-02-18,0.0,-0.08848992851562472,0.06996283321640188,0.7885001345355296,0.44825595975845994
2023-02-19,0.4,-0.09662534312356948,0.054500040748570795,0.8316387896977059,0.4746662769775241
2023-02-20,0.0,-0.11805359513962554,0.02741297868817818,0.8815406232911212,0.4883703399088197
2023-02-21,0.0,-0.1340837407325061,0.0019039986082066767,0.9257555213570818,0.5000246846477482
2023-02-22,0.0,-0.14906687182565484,-0.020264749838633182,0.9773405561076864,0.5070730575350818
2023-02-23,0.0,-0.17780946175472834,-0.046339249600943926,0.9499088164264814,0.4711039746197551
2023-02-24,0.0,-0.19698418543714594,-0.06314879721903538,1.0029800564520754,0.4753574827001575
2023-02-25,0.0,-0.22473115672222377,-0.08391956587703339,1.0466135880908707,0.47823917581601805
2023-02-26,0.0,-0.2484499063955124,-0.10121413279119373,0.925708150017498,-0.03479827717901321
2023-02-27,0.0,-0.27352823628499967,-0.12771694986270204,0.9784984057579806,-0.14408061832333083
2023-02-28,0.0,-0.2885882451958427,-0.141684455909265,1.0336300693990443,-0.14180828317195332
2023-03-01,0.0,-0.30813270791318786,-0.15749830462096306,1.0925288938827755,-0.1387888059824883
2023-03-02,0.0,-0.321740159364147,-0.17846831694520077,1.1534909595288356,-0.13757837578338358
2023-03-03,0.0,-0.3317449303903981,-0.19768090549969466,1.0250380632796041,-0.16960299658984843
2023-03-04,0.0,-0.327256864647484,-0.21385742024222582,0.30678436326674074,-0.17023287247246033
2023-03-05,0.0,-0.3124491083586046,-0.2352058192991722,0.16292011555939936,-0.1738793041521408
2023-03-06,0.0,-0.44136970606244935,-0.23385619482650963,0.20754243298410746,-0.18124490924015815
2023-03-07,0.0,-0.41765706464154717,-0.2532248250976252,0.25175989700625173,-0.1884610394567611
2023-03-08,1.2,-0.3527081015982871,-0.24461031110373396,0.30584378769911524,-0.15928304821865716
2023-03-09,3.7,-0.24308130779980255,-0.18552607155134068,0.37985406734985067,-0.061557630465899536
2023-03-10,0.0,-0.28613731754389277,-0.21371851132471884,0.42395488561653466,-0.0700825047172626
2023-03-11,0.0,-0.304162377991372,-0.2370487066722243,0.4663276024657882,-0.08127904267334687
2023-03-12,5.6,-0.1208792491275325,-0.14500342381953937,0.5561680617875054,-0.08823024158221537
2023-03-13,0.0,-0.16840652628976494,-0.17667063442394948,0.597534237892384,-0.11806654535672585
2023-03-14,0.0,-0.18728231073925164,-0.19502105227884595,0.6378786999661654,-0.13280489367037276
2023-03-15,0.0,-0.20318896057020422,-0.21083686011064473,0.5435583369515824,-0.21700915642362764
2023-03-16,0.0,-0.2284571750896108,-0.22397091325371057,0.5382538254820242,-0.2351129821077067
2023-03-17,0.0,-0.2398227914858757,-0.22294958869573855,0.5728245450684655,-0.2584512333910865
2023-03-18,0.0,-0.2534794017104601,-0.2230484382856334,0.6070159031607155,-0.27644210185011553
2023-03-19,0.0,-0.2876611046968205,-0.23171648906227502,0.6415141829477528,-0.2957436152909038
2023-03-20,0.0,-0.3071938713935141,-0.23565981875575334,0.6731018600141191,-0.31657458134951594
2023-03-21,0.0,-0.32653920515877066,-0.24091667221506827,0.703736870543395,-0.4484342793076403
2023-03-22,0.0,-0.36325733137766847,-0.267787879267958,0.698639976918055,-0.47139848300296516
2023-03-23,0.0,-0.37808273498668354,-0.2867652544228438,0.7275006899138429,-0.49445336898725084
2023-03-24,0.0,-0.396462268609406,-0.30493586384846794,0.7548096801811794,-0.5172789143029269
2023-03-25,0.0,-0.4499197087988501,-0.3315309819011643,0.7799037888580509,-0.5404464536145247
2023-03-26,0.0,-0.45782722575552015,-0.350107090131749,0.8015020703467974,-0.5646002793769576
2023-03-27,0.0,-0.460121408235426,-0.36282384762684494,0.822925038685347,-0.5915015852998037
2023-03-28,0.0,-0.46768996671092616,-0.37841181184400147,0.8411298685104472,-0.6197434138791389
2023-03-29,0.0,-0.48656085615447103,-0.38958325617936196,0.8584915752944915,-0.6426762435184452
2023-03-30,0.0,-0.5209209843209515,-0.4068291464519333,0.8748355070083297,-0.6661428150170913
2023-03-31,0.0,-0.5343222070510223,-0.42366806256022554,0.7067122046618021,-0.6909372236195509
2023-04-01,0.0,-0.5761854375872945,-0.4475994621768598,-0.2886495152662691,-0.7185262336275319
2023-04-02,0.0,-0.5705460020921918,-0.45507433439832795,-0.46421185428078454,-0.744976510162411
2023-04-03,0.0,-0.5871790062237197,-0.4721843036329763,-0.46317407832570906,-0.7700232064246756
2023-04-04,6.9,-0.42001885904022657,-0.3611021832359015,-0.355187588038142,-0.5881792076259752
2023-04-05,50.3,1.1901263763245693,0.5914226785643046,0.3528732193828969,0.5736052771013663
2023-04-06,2.7,0.9319153581569408,0.46004803694569296,0.38584033267457213,0.5183130431843568
2023-04-07,0.0,0.7913790431577564,0.34279529663261316,0.10858957304831914,0.48322226828701315
2023-04-08,0.0,0.6919593121059129,0.2622456429853873,0.10331678089617793,0.44858556850937736
2023-04-09,0.0,0.600460804267277,0.20053516579734484,0.09768282464350449,0.4135048042555162
2023-04-10,0.0,0.5161111785434078,0.14247355125480146,0.09227128902023056,0.37909101689012137
2023-04-11,2.9,0.5460947856544804,0.1492693424751616,0.1259222065737384,0.3999144603206518
2023-04-12,0.0,0.4012352218879742,0.08926538606544263,0.11843927434715404,0.365090717518765
2023-04-13,0.0,0.3295460808325951,0.048211269956785784,0.10913996217200102,-0.46515835561783114
2023-04-14,0.0,0.27476189739454315,0.011198146044693172,0.0972427824783519,-0.5364665038586339
2023-04-15,4.6,0.38983302808569287,0.07569075490067893,0.1473188647311298,-0.5352690787367821
2023-04-16,0.0,0.33754651013673137,0.03228731956997157,0.13347817327754,-0.5685877651059612
2023-04-17,0.0,0.2932623628764139,0.0017032977283427094,0.11791220898535744,-0.6010984300090713
2023-04-18,1.5,0.2844417883382767,-0.007204381729691262,0.12243134542048324,-0.5986061876172479
2023-04-19,0.0,0.2049843753305808,-0.044616706913345724,0.1070609047813169,-0.654922343000764
2023-04-20,0.5,0.13662674327529903,-0.054568127390322844,0.09883676842586313,-0.6761771180375076
2023-04-21,0.0,0.04926402797162089,-0.077582051054302,0.08258819953250357,-0.7094963336239705
2023-04-22,0.0,-0.05028974839646501,-0.16709377856596905,0.0671529838371,-0.7405803114716892
2023-04-23,0.0,-0.12590609200472772,-0.19299516262003638,0.05172668034715373,-0.7721059870357844
2023-04-24,0.0,-0.18908121145282597,-0.21737185504744758,0.035831771122285944,-0.8045948076028243
2023-04-25,0.4,-0.24423388880617855,-0.2663258810488936,0.025133639382691735,-0.8275821695142603
2023-04-26,0.0,-0.3177225675095465,-0.33077965411743776,0.007445069682639119,-0.8791532279308665
2023-04-27,0.0,-0.3982018785598711,-0.3916957120209352,-0.011168775234767626,-0.9122645795387473
2023-04-28,1.9,-0.4080431873203818,-0.403330465450155,-0.005206057447516491,-0.9035887028245377
2023-04-29,25.1,0.36528722593200624,0.22602462035235105,0.3009688329237607,-0.4373350277009649
2023-04-30,0.1,0.14691698616377963,0.04846753784218736,0.28254231125265356,-0.4719059825771657
2023-05-01,0.0,0.010623923283555997,-0.06682364676222843,0.2613492327797293,-0.5072317597421346
2023-05-02,0.0,-0.07538607893255292,-0.143036929551287,0.23995767543932572,-0.5417694373516126
2023-05-03,0.0,-0.1514496179136318,-0.2027467679992038,0.21872739516773243,-0.5772389273099702
2023-05-04,0.0,-0.24995548345100468,-0.2858223836565361,0.19699596330274255,-0.6132910277536249
2023-05-05,30.2,0.652709727978636,0.4406103112830936,0.53253331951436,-0.15661697753797102
2023-05-06,47.5,1.8779036109605869,1.4944835962818939,1.0232385096217722,0.4493791042988763
2023-05-07,0.0,1.3619269795826925,1.1081818489383484,0.9993280590699486,0.4121189428564358
2023-05-08,0.0,1.1503936403333261,0.9150099568050728,0.9758632097304787,0.37665694452080356
2023-05-09,0.0,1.0622700020881364,0.797521499349862,0.9536636438692502,0.3422741931564533
2023-05-10,0.0,0.9692007744930848,0.6837587082741103,0.931307353408223,0.30720374839138254
2023-05-11,0.0,0.8039712687398262,0.5289366429535576,0.2866526929419826,0.2655820978754905
2023-05-12,0.0,0.6002038197422515,0.36894632404173167,0.26620267308896073,0.23169753816129116
2023-05-13,0.0,0.3895919430289029,0.22579957823502705,0.24644014346024037,0.1984409885572133
2023-05-14,0.0,0.26122374280680494,0.1105016059370788,0.20928162768911157,0.16654679863657307
2023-05-15,0.0,0.15736188259317985,0.01503813439034509,0.1913746920902611,0.13722992175922114
2023-05-16,0.0,0.0634795843195226,-0.060288779987856436,0.17410225450641226,0.1091932222175744
2023-05-17,0.0,-0.02043347421720524,-0.12654198929995847,0.15720031711905322,0.0827946991727653
2023-05-18,1.3,-0.07097824752057176,-0.17243564558260566,0.15429801254562114,0.071285227064055
2023-05-19,0.0,-0.1372329567155025,-0.22679143326020612,0.13621399932566267,0.04427493154209757
2023-05-20,0.0,-0.19569533904896155,-0.27470854406152523,0.11811405373873397,0.013143343243516502
2023-05-21,0.2,-0.23474420018571165,-0.30774282812767145,0.10122906076588858,-0.01088407903840576
2023-05-22,0.0,-0.2814945096286065,-0.3507791721847863,0.08388581650025266,-0.034524851997384955
2023-05-23,0.0,-0.34981072278807296,-0.39884865412562076,0.06692077245759415,-0.055645902013119246
2023-05-24,0.0,-0.41996729180454256,-0.4324951835579999,0.03179203941499862,-0.0757702459959873
2023-05-25,0.0,-0.48341788442924605,-0.507799067103684,0.01461577000182372,-0.09643138406530362
2023-05-26,0.5,-0.5383042289044856,-0.5584115998949212,0.0025158744162369394,-0.11058932316180183
2023-05-27,31.8,0.41546726965973746,0.309882216404362,0.11594651182345213,0.2283280332694873
2023-05-28,41.8,1.5749672618955528,1.3300988082562417,0.4804067184390301,0.629232698410217
2023-05-29,2.3,1.297640949519339,1.1018580267430396,0.4849571340388557,0.6324814115378998
2023-05-30,0.0,1.0831569964329566,0.9244242394189035,0.46674850544120766,0.6133232175294013
2023-05-31,0.0,0.9276609069634896,0.7944816728353251,0.4484952210647721,0.5946513217547719
2023-06-01,0.0,0.7788114110223578,0.6615077983294922,0.42150013595810826,0.5779814116278581
2023-06-02,0.0,0.611775730149025,0.523041424474037,0.4054020222795109,0.5620801191546546
2023-06-03,0.0,0.5099032426846175,0.4192370728253804,0.3875330457750506,0.5460115634163655
2023-06-04,0.0,0.4363547081019752,0.34664054541168143,0.36891646695827474,0.5299414700898325
2023-06-05,0.0,0.3737037706875429,0.2848716484134502,0.3489379168876963,0.5123025160673101
2023-06-06,0.0,0.3091678571212283,0.2286504165639211,0.32868655310831707,0.48252461923995654
2023-06-07,0.0,0.2205022988778769,0.15556519821003822,0.3084563645214275,0.42957234652981363
2023-06-08,1.9,0.20771047162426423,0.14382740529456328,0.30426214516011385,0.4276364403961901
2023-06-09,1.2,0.16208346225011677,0.10025582996173676,0.2925259758024013,0.4187103618952819
2023-06-10,0.8,0.09104932904714019,0.03930894131148969,0.22602250118459974,0.3528328844045624
2023-06-11,32.2,1.036627633266402,0.8393612930928885,0.4786301617654259,0.6159787672619812
2023-06-12,0.0,0.772062781607299,0.6155556481493304,0.4494722027390522,0.5902875210021211
2023-06-13,0.0,0.5789128407882338,0.4580312667222622,0.4002762240286552,0.5655039595258065
2023-06-14,30.6,1.3152720138400504,1.110301680027697,0.6194108685585619,0.7881421259588097
2023-06-15,0.0,1.1262497098661912,0.9365159034417795,0.5823237296139545,0.7561991374527809
2023-06-16,0.0,0.991679525270506,0.8061103392043254,0.5434309063684877,0.720200540606498
2023-06-17,0.0,0.85839183060386,0.6774492658575055,0.5013574296263569,0.6814915028005385
2023-06-18,0.0,0.6498592302782175,0.5142201956972737,0.45855907706493076,0.6417146491162168
2023-06-19,0.0,0.4491965719565862,0.35060651712761887,0.38838117349429124,0.6019849860029186
2023-06-20,6.4,0.4257451407044029,0.3364707476038113,0.3932302099730755,0.6105928819077407
2023-06-21,24.9,0.7905503860288245,0.6787173194173389,0.5292558783511456,0.7520057965877751
2023-06-22,0.0,0.6434485906007154,0.5290605906659697,0.48374715248191863,0.709866617061184
2023-06-23,0.0,0.506666118547422,0.39107028210064126,0.4374437786156738,0.6663653531543821
2023-06-24,0.0,0.2916466703988294,0.2108255296672993,0.3896836279874543,0.6204688770753335
2023-06-25,0.0,0.13711562782168735,0.07188136112654069,0.3408823270192297,0.5728298133900961
2023-06-26,30.3,0.5469178078470625,0.43939381076477946,0.48705456536721364,0.7267743320262947
2023-06-27,2.5,0.42352488459880633,0.31358218828083734,0.4503181013078797,0.6918380991293465
2023-06-28,0.0,0.2889271013103121,0.1768108261179979,0.39666731940363964,0.6388696030524739
2023-06-29,63.8,1.1472002935426342,0.9705922475710287,0.7096416569548541,0.9637952162970134
2023-06-30,1.0,0.8360929948543087,0.6608549527198184,0.6559178218945696,0.9110851423402492
2023-07-01,0.0,0.6225759714256,0.4525541761793143,0.5953957195189863,0.8503614941658357
2023-07-02,0.0,0.43499070869343637,0.27782110435934304,0.5351267231270771,0.7895956212061699
2023-07-03,0.0,0.30406663714396115,0.14414005990354697,0.4761473610280037,0.6927285913867636
2023-07-04,61.8,1.2508850538854803,0.9444313691459741,0.7231443662677776,0.6964540249384178
2023-07-05,15.3,1.3145270704917398,0.9790699635481154,0.7172338066541213,0.7055883518109831
2023-07-06,0.0,1.0960837930202485,0.7862324990320907,0.6588639010707635,0.6508333775233534
2023-07-07,0.0,0.8448211606836667,0.5819687980455829,0.60240580412259,0.5976367454753434
2023-07-08,0.0,0.6383285850341336,0.41782302975806995,0.5462471119664605,0.5444010911351045
2023-07-09,47.5,1.1360173767660156,0.869369820267551,0.6989252381296687,0.7229564198761523
2023-07-10,11.5,1.0688735157672542,0.7949375190339227,0.690979996226242,0.7093543258973258
2023-07-11,58.3,1.7369063417835007,1.3553176918937757,0.8728288911772741,0.9180961347113931
2023-07-12,0.7,1.191064304415806,0.8908140124490338,0.6682695326251115,0.8652239962648852
2023-07-13,91.6,2.0135492296098128,1.6178642505320604,0.9604687753169912,1.1847942759900023
2023-07-14,72.7,2.463363032632893,1.9942775080189172,1.1530199703761506,1.3861052170889736
2023-07-15,2.3,2.1747414921737382,1.7215996013579253,1.1052031965238678,1.3412590305356953
2023-07-16,9.7,1.8832661494047065,1.4441964793358977,1.0850713746946639,1.3248311471761807
2023-07-17,1.4,1.66189324538598,1.2313253939671747,1.037855230579078,1.2748592495537736
2023-07-18,2.3,1.4811139411767207,1.085361996184786,0.9906508463792282,1.2331826969194408
2023-07-19,0.0,1.445433632928389,1.0322885225098664,0.9395902016935374,1.1821689818773948
2023-07-20,0.0,1.406823823898347,0.9734424037437884,0.8887329297128042,1.1345367533471873
2023-07-21,0.0,1.3000199677989706,0.883173503125728,0.8396922714868407,1.0897667924301828
2023-07-22,12.3,1.3223621291230623,0.902399628524859,0.8329836835033875,1.088884957170787
2023-07-23,40.2,1.685055900234676,1.1761343003760325,0.9183856249125194,1.1831381959991603
2023-07-24,0.4,1.4442351730940122,0.9901702798549066,0.8709490547524108,1.1383774296146183
2023-07-25,5.6,1.2175836967541265,0.8261476863198668,0.8399446850558612,1.1152195093859105
2023-07-26,1.0,0.996607508818798,0.639710681026588,0.7967685014414929,1.0767990135381493
2023-07-27,0.0,0.629834094837564,0.3805951604359828,0.7513131821696637,1.0298677306804744
2023-07-28,0.0,0.6099402553512827,0.2921611481824142,0.7076114372195412,0.9058763755428103
2023-07-29,0.0,0.5971309766558611,0.2252855976824515,0.6653777166481936,0.8687826209947994
2023-07-30,25.0,0.9011335736884012,0.38203181721378815,0.7052114026262356,0.9183292852987497
2023-07-31,0.3,0.7897133284060713,0.29308782975218484,0.665578712260682,0.883871679839052
2023-08-01,0.0,0.7094014684714978,0.22639646402127456,0.6263688693247592,0.8504112901878507
2023-08-02,0.0,0.5495875080431792,0.14429639494384708,0.5888283681735201,0.8191280036900539
2023-08-03,0.0,0.48597069280758715,0.07593760765893617,0.5521827516727079,0.685760655281448
2023-08-04,0.0,0.3930136993574825,0.008487061813273532,0.5157955407568499,0.48763672980865835
2023-08-05,0.0,0.3275316368825393,-0.05743310634159388,0.4790497522949316,0.45672035988134574
2023-08-06,4.9,0.27326683197999396,-0.08544338327784778,0.4588296965620628,0.44366952026253276
2023-08-07,0.0,0.18859131670011128,-0.14093626535018958,0.42331337966512345,0.41357635921093505
2023-08-08,0.0,0.08668221332582422,-0.18068119337227187,0.3876441415037651,0.3839713853283207
2023-08-09,0.2,0.03168639964543212,-0.239772505922533,0.3510534222333158,0.3556107862732181
2023-08-10,86.1,0.8828652665806949,0.3321661619091682,0.5914987844623791,0.6239750975147272
2023-08-11,46.7,1.2193539339129658,0.5500265789841392,0.7007211104752544,0.7475675234361031
2023-08-12,1.5,0.9945787674976873,0.41505970547718307,0.6736680452900146,0.725897832245908
2023-08-13,0.0,0.8943278983736145,0.3264081245697346,0.6428497882012592,0.6998171209272815
2023-08-14,0.0,0.7376524024835084,0.23596425125334386,0.612221995948247,0.6736145306269223
2023-08-15,0.0,0.625927455950762,0.16458983740854657,0.5817706708428949,0.64756418505749
2023-08-16,0.3,0.5382952374998222,0.11022786600422246,0.5522188030188135,0.6188345120908976
2023-08-17,0.0,0.48861162123096896,0.060452021748076,0.5222128577759962,0.5939275931638709
2023-08-18,0.1,0.42947355001799686,0.006868458937159293,0.49152173114058156,0.5693399246246742
2023-08-19,0.0,0.3490431005159839,-0.046935862522503265,0.46269014614054976,0.5449583281762965
2023-08-20,0.0,0.2702997762621233,-0.10148112871603039,0.43511392077099975,0.5218126671465559
2023-08-21,0.0,0.19169033653066023,-0.16839470169955675,0.4071029356454607,0.497630778908372
2023-08-22,42.6,0.6311593897838149,0.13667511307867286,0.5083859744753306,0.6053720365857442
2023-08-23,41.8,0.935762436483169,0.37609017251303567,0.6060613407128588,0.7081374277557106
2023-08-24,5.2,0.7632349901265467,0.27668863468087435,0.5978013463540192,0.7019040177946795
2023-08-25,0.0,0.6838530990936047,0.18433932211153858,0.5743322896598315,0.5877514058120592
2023-08-26,0.0,0.580002911948821,0.10060328355965317,0.5513404454437085,0.4414717556864016
2023-08-27,0.0,0.45909532407801046,0.020954296160493765,0.5282491874760218,0.4148637054128177
2023-08-28,10.4,0.5198202203224506,0.03818582258402055,0.5362138165255752,0.4282158091414278
2023-08-29,54.8,1.043332696267635,0.4312455736252702,0.6724374843508759,0.5749959913741036
2023-08-30,3.5,0.8971413230620034,0.3196619503175091,0.6614781433581529,0.5678673304684431
2023-08-31,0.0,0.7682742842258856,0.21909518124909452,0.6417328671949318,0.5515750778680277
2023-09-01,0.0,0.6842269256565627,0.14421749871622513,0.6227433957236209,0.5363187001105344
2023-09-02,0.0,0.5499798702054427,0.07537786002403786,0.6036496124175217,0.5209866270419463
2023-09-03,0.1,0.499795274592253,0.011016243834105438,0.5848687150693944,0.5064024225752234
2023-09-04,0.3,0.4374876401943152,-0.04724682117323878,0.5638936681490936,0.49352307972564746
2023-09-05,0.0,0.3471300901383759,-0.07768169685086503,0.5355154735732176,0.4804961742714035
2023-09-06,0.0,0.3269673581142079,-0.11045469904997385,0.5169939277918697,0.46175681636014565
2023-09-07,0.0,0.2821719080682846,-0.15257809158054383,0.49910439708817395,0.446000712651494
2023-09-08,0.0,0.23936019959721086,-0.18388290482452402,0.46645992307035977,0.43346908799297956
2023-09-09,0.0,0.16701123340317825,-0.20894218958666755,0.45085397801155797,0.32782869442491547
2023-09-10,0.0,0.11437965425984174,-0.22919134105790553,0.4358522101163044,0.3200438363975904
2023-09-11,0.0,0.06029472379680608,-0.23162439352725303,0.4214549664063368,0.31293935347728546
2023-09-12,0.0,0.036079722765311795,-0.26447781846433593,0.4081537326834617,0.21313826380393197
2023-09-13,15.9,0.1912888292526662,-0.17648814443421545,0.4416147648710969,0.2596390337881372
2023-09-14,0.0,0.1639389362318318,-0.21406368221075117,0.4300192443275523,0.2590661420889165
2023-09-15,2.1,0.15546636577776266,-0.2215707202853831,0.42481287214550906,0.26667843993924784
2023-09-16,38.7,0.5932507711586892,0.09866805651117787,0.5237675203300357,0.386151665513929
2023-09-17,3.0,0.5219597365193095,0.04951171498961518,0.52221704799481,0.3980764744327208
2023-09-18,0.0,0.4172606291601033,-0.011986294194750747,0.5135446123839181,0.38376753293835103
2023-09-19,0.0,0.3353305007495605,-0.07701348612659509,0.5054498279960261,0.31500711568303896
2023-09-20,35.8,0.6973647937750106,0.20517947589005148,0.5959897317653525,0.4274633254210134
2023-09-21,0.0,0.48442823949048663,0.10673975703439617,0.588934279015377,0.4353630008499689
2023-09-22,0.0,0.48310578940591875,0.0596216252804748,0.5823918609407982,0.4447116604345202
2023-09-23,0.0,0.4657898675761265,0.022293164164991407,0.5760763791089022,0.45521094741319734
2023-09-24,0.0,0.46689388935862913,0.006227546089799909,0.5701854716489123,0.37922515666348533
2023-09-25,1.9,0.487403713637097,0.006771117758892446,0.5701703208437057,0.3909882781471273
2023-09-26,27.8,0.8453896431007304,0.25422455580501274,0.6401946813031915,0.4854628225316394
2023-09-27,4.4,0.8223171866191393,0.23768654834544842,0.6482651889874512,0.331639915192279
2023-09-28,0.0,0.7710448544659158,0.19079835296523898,0.6447928175104684,0.34738072075155685
2023-09-29,0.0,0.7143948570298159,0.14778027184087172,0.6416211084323539,0.36798366863627574
2023-09-30,4.5,0.6995875643657599,0.15332987687984084,0.6506682034470086,0.40274146145182665
2023-10-01,0.0,0.6329380019855733,0.10896672197185846,0.6295384616793193,0.425076924255374
2023-10-02,0.0,0.5817703123060549,0.07271020465335501,0.4922572226679604,0.26958151202042846
2023-10-03,0.0,0.5456503143186263,0.04494277158092022,0.48324863913615607,0.24932749340500665
2023-10-04,14.7,0.7339506296510948,0.1750319579017373,0.5220647646407665,0.31847248440083215
2023-10-05,0.0,0.6829450543230435,0.13168474422112547,0.5216124359992975,0.34482214579810777
2023-10-06,0.0,0.6583798099911815,0.10568639137994977,0.5215258057580535,0.37251527314026406
2023-10-07,0.0,0.6269887144927175,0.08170684423094471,0.5226931523153479,0.2626990356175073
2023-10-08,0.0,0.604955442086295,0.05931290258217308,0.5161779120553702,0.259644317916509
2023-10-09,1.2,0.5994695722791271,0.05219355020806857,0.5207412945063493,0.11669561623269123
2023-10-10,0.0,0.5610964873245724,0.026420243494820812,0.522226692698643,0.14838059299081138
2023-10-11,0.0,0.5389793058984561,0.0006833467066622227,0.5241966743262103,-0.11222092409485661
2023-10-12,0.0,0.4996431951604978,-0.021505110462573345,0.5140482481816667,-0.32830184828451464
2023-10-13,0.0,0.48535556378153166,-0.04071511708173054,0.5162638074741883,-0.2973697114838423
2023-10-14,5.8,0.5560846120639248,0.012387688660435037,0.5342988639052845,-0.27281577625670045
2023-10-15,0.0,0.5287734692330275,-0.009525114959246721,0.5330354877177533,-0.24039222285987358
2023-10-16,0.0,0.5114540012738306,-0.026568380821617887,0.5359853503762275,-0.21130448519219155
2023-10-17,0.0,0.49476913742900613,-0.045083766188112696,0.5378454936271188,-0.17362668906333936
2023-10-18,0.0,0.4723913782382301,-0.061493767448611,0.5413466192452308,-0.13598257082073795
2023-10-19,8.2,0.6073258746944069,0.027298807002443123,0.5673188379483955,-0.07014483775722707
2023-10-20,0.0,0.5636544179014388,-0.005562555510008593,0.5712758786853874,-0.07625768228914373
2023-10-21,1.1,0.5459962313470413,-0.016015241682889834,0.578223796788469,-0.17974608760524788
2023-10-22,0.0,0.5206054130721898,-0.0388879023816231,0.581104229801267,-0.14284317967568144
2023-10-23,0.0,0.4890587523009092,-0.06181337051072976,0.5851780535755359,-0.1261684799907505
2023-10-24,0.0,0.463876832444474,-0.08309149492887488,0.5892343963988381,-0.09280046376129204
2023-10-25,0.0,0.44105145393217116,-0.10536909322603646,0.5883749971780463,-0.05555055381394674
2023-10-26,0.0,0.42277883010171274,-0.13199791163089847,0.5250854244950507,-0.0185090640761623
2023-10-27,0.0,0.3869990704478901,-0.15245001966766966,0.5291531388101882,0.018411703501275828
2023-10-28,0.0,0.35555702131434985,-0.17053878809884884,0.5337750823506536,-0.04024244930055821
2023-10-29,0.0,0.33234188936758535,-0.1909870731788016,0.538607909811096,-0.003982082953448614
2023-10-30,0.0,0.3114629912115114,-0.21004860773917336,0.5438333109635115,0.03292742197272935
2023-10-31,0.0,0.2894989507624891,-0.22545145475904263,0.5492158599994746,0.06950508728426401
2023-11-01,0.0,0.26677248260152514,-0.24246497920151802,0.4724239702811157,0.1065033562660056
2023-11-02,0.0,0.23539280618501815,-0.26052079378910514,0.345652051943223,0.14356126129771313
2023-11-03,8.5,0.3919170931158273,-0.1506317475608871,0.37482783581881174,0.2150316226479027
2023-11-04,0.0,0.3233104212404678,-0.20005430351057693,0.3799506018891338,0.23453962127946867
2023-11-05,10.4,0.48528919564788825,-0.07329176778853941,0.41374129026464257,0.31346521417072104
2023-11-06,45.8,1.327005019562897,0.5723309240143384,0.5446942361730426,0.5248740427378834
2023-11-07,0.0,1.0946624980960236,0.413903531636919,0.5496971558458885,0.5641662646896537
2023-11-08,0.0,0.9728475118970616,0.3244408481464421,0.5547946060681561,0.2682803207326617
2023-11-09,5.1,0.999055916272805,0.3425782568003965,0.573667557341077,0.12830339344036037
2023-11-10,0.0,0.922042801311445,0.2787335510214741,0.5787271793819428,0.15911198834889617
2023-11-11,0.0,0.8502399455216421,0.22562954695703558,0.583433093383482,0.197331897583094
2023-11-12,0.0,0.7729450132995865,0.17776674525796976,0.5877028120436533,0.23625040136869657
2023-11-13,0.0,0.7062565397737421,0.13622325445545508,0.5920172847832859,0.2761693558810548
2023-11-14,0.0,0.6715179181177016,0.10219884024578585,0.5928761421366101,0.3157952665722531
2023-11-15,0.0,0.6334775281079658,0.07146254210224762,0.5972112085037172,0.3575657680354814
2023-11-16,8.4,0.7736858182542126,0.1774850998402643,0.6241767564024003,0.43913564553795487
2023-11-17,0.0,0.7055100878474488,0.12626632767383814,0.6281411504783446,0.4826549049334935
2023-11-18,0.0,0.6371297641912025,0.07846533423772789,0.6322184370862471,0.5258776570115768
2023-11-19,0.0,0.5761543675445084,0.035805049669709425,0.6358447058983269,0.5713216740762231
2023-11-20,0.0,0.5083291210424958,3.433234444924083e-05,0.6394858186522526,0.40950091170762876
2023-11-21,0.0,0.48585276087602114,-0.03182030354596237,0.6434060914298417,0.23165111184813192
2023-11-22,0.0,0.4448714066068815,-0.0628305990731804,0.6462912290231225,0.2441615347158611
2023-11-23,0.1,0.4171955256355335,-0.08536057379281944,0.5652522511218732,0.28783270599123206
2023-11-24,0.0,0.395980575084247,-0.10906354310255284,0.4550355119239315,0.3315623273835316
2023-11-25,0.0,0.3595413301482872,-0.1369552778222114,0.45296116531461367,0.37674331135052985
2023-11-26,0.0,0.32503060562873937,-0.16918613262419224,0.45747648922206907,0.36147047824375766
2023-11-27,3.6,0.37412034852336423,-0.13958292419929452,0.47217645512883016,0.08194563320174064
2023-11-28,0.0,0.3261049149606688,-0.17859933527059807,0.47677662404736526,0.10116726863786758
2023-11-29,0.0,0.28483651170984026,-0.21584883141033095,0.4812955674426941,0.14358215743668085
2023-11-30,0.0,0.25201119598058186,-0.24291535474073456,0.48586666606791634,0.18585225842949155
2023-12-01,0.0,0.2280585066790824,-0.2664775071755506,0.49049077786623496,0.22998970991224135
2023-12-02,0.0,0.19594511503576198,-0.2860756782170714,0.4954100031479824,0.274826932547299
2023-12-03,0.0,0.17152353287711947,-0.30516560857732455,0.5008755247597461,0.3192318140323209
2023-12-04,0.0,0.15280115189931476,-0.32708924137408046,0.5064622394387237,0.36643795090928166
2023-12-05,0.0,0.12991026097432778,-0.34976023641445475,0.5074334982590385,0.4171336824100581
2023-12-06,3.8,0.1961222787635883,-0.30082949217700716,0.5215809006339759,0.4990215278914416
2023-12-07,0.0,0.16405692007393483,-0.32962750369063726,0.5269729134335515,0.5517505880345139
2023-12-08,0.0,0.1393057804202142,-0.3532106223417642,0.4446983431661944,0.604991968989344
2023-12-09,0.0,0.11581443073296561,-0.3787385117403135,0.4532789864291328,0.6592535617227312
2023-12-10,0.0,0.09199491437070002,-0.3992796488190106,0.46204165481559645,0.7152865574847452
2023-12-11,11.4,0.3573440567081455,-0.19352679654657265,0.41683160595469226,0.8642114359603621
2023-12-12,0.4,0.3044734191421515,-0.23853734381159192,0.4288865267528283,0.78929766715025
2023-12-13,0.0,0.2536047883604584,-0.2765889664136939,0.4412217950186274,0.8413168482144231
2023-12-14,17.0,0.6427568510396654,0.03288975369881711,0.5037362875447585,1.0241118443897563
2023-12-15,31.1,1.3005822838719296,0.5700149594239009,0.6060027900287035,1.0131465705821627
2023-12-16,1.5,1.1669590702467811,0.45883016793892284,0.6249816855390251,1.0542994289854444
2023-12-17,0.0,1.0429553492743375,0.3670769715985212,0.6161930777361252,1.092801341185571
2023-12-18,0.0,0.973764155521953,0.3057823997724066,0.5601571124606464,1.1444122005254176
2023-12-19,0.3,0.9231374923674612,0.2635216897781523,0.5761254000622954,0.8502185458641335
2023-12-20,0.8,0.8883661184956079,0.23502372274171754,0.5939964318194358,0.9039823391954118
2023-12-21,0.0,0.8282095992450478,0.1894256483047155,0.6102532738352946,0.9502208669544516
2023-12-22,0.0,0.7906966323950365,0.1512756622178092,0.6274386865543607,0.9980679531972729
2023-12-23,0.0,0.7416392484974853,0.1138924177774564,0.5599356267130045,1.047656754320153
2023-12-24,1.1,0.7330124047805131,0.10255936761205833,0.5751678853034645,1.0848468065881816
2023-12-25,0.7,0.7051931065161267,0.08375444276052689,0.5974883927097115,0.8160496190957405
2023-12-26,0.0,0.6644766341394953,0.053440964723788856,0.4364704514231127,0.7992591724107311
2023-12-27,0.0,0.6277364191667015,0.025108189725945394,0.4566680239331349,0.8382620906255414
2023-12-28,0.0,0.5867191419647575,-0.006106221387294876,0.48121735224437356,0.876028352073402
2023-12-29,0.0,0.5467322679835162,-0.03652594397498069,0.5072171569770393,0.8552847809159688
2023-12-30,13.1,0.9231709047234256,0.21487948178560068,0.5709030381693896,1.0591298861423282
2023-12-31,4.7,0.9541014024699267,0.2398022103377281,0.434992092868424,1.1586149784217672
2024-01-01,0.0,0.8905905726011124,0.16926621592772612,0.44821748585826254,1.2364858136701404
2024-01-02,0.0,0.834633959859107,0.11838112474137513,0.4771909162637874,1.0810436041633877
2024-01-03,0.6,0.7204718998599169,0.08662121525670023,0.5088790140729025,1.1203892146206296
2024-01-04,0.0,0.6747402228908435,0.04689322208147999,0.5390186849178884,1.14305663509327
2024-01-05,0.0,0.6446948806374416,0.005526411939287065,0.43369018789374475,1.166185153253737
2024-01-06,2.4,0.6807137751742866,0.03902459966480619,0.4388596260978564,1.2231450298724291
2024-01-07,0.0,0.7096244832810737,0.011983384515110045,0.2991845083177158,1.2328926503219426
2024-01-08,0.0,0.6815708482057171,-0.007615205578041787,0.33180515559239054,1.2580669449263224
2024-01-09,1.6,0.7081762345698098,0.01484358966140691,0.09205505883693346,1.3043387588507929
2024-01-10,0.0,0.6668610780963609,0.0017114533168364873,-0.10538373236444076,1.3301725828822966
2024-01-11,0.0,0.6332364816483144,-0.03039288578236581,-0.07390770961641105,1.3561669705313062
2024-01-12,0.0,0.5942837077891592,-0.05951859756500259,-0.06810774284494038,1.3006867346065198
2024-01-13,0.0,0.5463568761966671,-0.08423872378902333,-0.035575582156887414,1.3236136065224926
2024-01-14,3.1,0.6075165691632897,-0.034041779118075696,0.004638751286929652,1.3905075265028486
2024-01-15,0.0,0.5568510660261338,-0.07061746952030706,0.042243799412399696,1.41387210954191
2024-01-16,0.0,0.520897784023457,-0.09686178547624,0.06628915906054736,1.424491586011329
2024-01-17,9.7,0.7860460231081404,0.11936194256496233,0.13475590313749852,1.4667013917207457
2024-01-18,0.5,0.7163455848734821,0.06900552396885398,0.13516900292911307,1.4966613882779494
2024-01-19,0.0,0.6549680145455031,0.02237924802347256,0.04358471598560016,1.5040760365446162
2024-01-20,0.4,0.6203729899221437,-0.006061388164978923,0.08359980811775856,1.5339290062531525
2024-01-21,0.4,0.5818491696635323,-0.03188978955594654,0.10581784762304272,1.564892513099454
2024-01-22,0.2,0.5411998861088569,-0.06444755655864073,0.14307001017897042,1.5953939558559636
2024-01-23,0.0,0.49709993444080947,-0.0977364737674104,0.18340658385192068,1.6263423488372961
2024-01-24,0.0,0.4562648562413486,-0.12240087585542855,0.2231781460990503,1.6572251019817692
2024-01-25,0.0,0.418452317917122,-0.14694137338920915,0.262949124004514,1.6899219218522785
2024-01-26,0.0,0.3859217626261441,-0.17001428436318872,0.21844892725587417,1.7200349834556516
2024-01-27,0.0,0.3573795363870319,-0.19280775880659706,0.25718251013576254,1.751011042842445
2024-01-28,0.0,0.3270201042611586,-0.2144647866805083,0.29573764581940765,1.7841130034236954
2024-01-29,0.0,0.29413759434946085,-0.2381679637756652,0.33440671591457866,1.8189037027469408
2024-01-30,0.0,0.26187033366627155,-0.26390663662848207,0.37375410392535546,1.853037550346838
2024-01-31,0.0,0.22822469237927073,-0.2914045668699677,0.4134893497444455,1.8850587857832095
2024-02-01,0.0,0.18845078194526346,-0.31165826240554184,0.45437905211493357,1.786582480674923
2024-02-02,0.0,0.16031689679767389,-0.3378404842436816,0.4797696263533538,1.818856770281332
2024-02-03,0.0,0.13400044903736022,-0.35954537624919636,0.5216417723413488,1.6845838455745077
2024-02-04,0.0,0.11168767256081384,-0.37463629986074765,0.5641965677869115,0.8892614995202558
2024-02-05,3.9,0.21171754700656772,-0.2924274364132249,0.6205766978496521,0.9940449075242057
2024-02-06,0.2,0.17695072869122613,-0.31764652427233947,0.35328834950583426,1.024560904519805
2024-02-07,0.0,0.1425126555819584,-0.344404478907522,0.2125531656556855,0.9484655151487824
2024-02-08,0.0,0.10830310210416048,-0.37032241172160246,0.2485813052243428,0.9740432029974339
2024-02-09,0.0,0.07309510018459604,-0.39784825297090587,0.29117771527540337,1.001173477810889
2024-02-10,0.0,0.03689461858259046,-0.42811411184185655,0.3343181487072887,1.0257660318882509
2024-02-11,0.0,-0.0012244455669699473,-0.4585550243281699,0.3790894339095451,1.0509993682684484
2024-02-12,0.0,-0.03223554850346888,-0.4586635004172744,0.4241770438563222,1.0785314408823654
2024-02-13,0.0,-0.05694441772353978,-0.46053299841797474,0.4718311071083952,1.1028189079595263
2024-02-14,0.0,-0.08966949784174616,-0.4837967744753521,0.519004749381592,0.9510901491957738
2024-02-15,10.9,0.18629022380733257,-0.25262498747795026,0.612896267112643,1.195173473649663
2024-02-16,0.0,0.11548500254010928,-0.30895628136228126,0.6607288969952722,1.2126700887614503
2024-02-17,0.0,0.06476782549856595,-0.3482259631836953,0.7112892445880764,1.231135041724753
2024-02-18,17.1,0.5092159236375934,0.02621510051086429,0.6505727698187932,1.5714474924847812
2024-02-19,8.9,0.6495278893154596,0.14268538915526846,0.5489244595247056,1.7436111207996676
2024-02-20,2.6,0.6139944850112999,0.11149582613817188,0.5838326939747625,1.7987899026614604
2024-02-21,17.8,0.996004241474463,0.44481776001189505,0.7166680281785596,2.09955015502119
2024-02-22,8.8,1.0896120862030096,0.5275640533971387,0.8075307915308871,2.2388576134298916
2024-02-23,0.4,0.9628866406410099,0.4252163647304469,0.8606179337945933,2.2439820652537197
2024-02-24,2.3,0.9391721697811917,0.40637827313367625,0.873671673834534,2.273631202071191
2024-02-25,1.8,0.9205668357871222,0.38011147373072185,0.6564931935562107,2.241432839525498
2024-02-26,0.0,0.8394133270083242,0.3181409874352426,0.6877478232847336,2.2340980433301576
2024-02-27,0.0,0.7628815853720156,0.25541211527507524,0.7372351879611211,2.226069120932501
2024-02-28,0.0,0.6950513556601614,0.20976988400275284,0.788681922343011,2.2174315528908624
2024-02-29,0.0,0.6336379049738944,0.16599108130429915,0.8431907443847818,2.206312754296548
2024-03-01,0.0,0.5913245794216209,0.130711797950216,0.8989230094921754,2.1957062134922327
2024-03-02,0.0,0.5513136361833891,0.09235512979369764,0.9536842924976684,2.1886707205249682
2024-03-03,0.0,0.5493663645639321,0.06006093879790697,1.010313285432254,2.182967172407996
2024-03-04,0.0,0.5363017965865414,0.022391207203891428,1.0684596512641218,2.171875257087355
2024-03-05,0.0,0.7751851539636173,-0.012851304998494193,1.1297506570828362,2.1069213506705053
2024-03-06,0.0,0.7418638864031922,-0.04064430168968613,1.1918596849720684,2.096531500931849
2024-03-07,2.1,0.7955019518205505,-0.023651456756992824,1.2672118393963006,2.1177635695004087
2024-03-08,0.0,0.7563730882227773,-0.051887433674034984,1.329101500079921,2.110390689899012
2024-03-09,0.0,0.6880192630423265,-0.07835212468235293,1.3946822363086961,2.102042910041961
2024-03-10,0.0,0.6407580556054991,-0.10409841535504494,1.4561064763935587,1.9247641676155247
2024-03-11,0.0,0.6053391493741935,-0.1319357923193584,1.4038155327805057,1.910021540674985
2024-03-12,2.1,0.6761359249831597,-0.107083577210905,1.4741261998997017,1.9344082971325178
2024-03-13,0.0,0.640052961269743,-0.1280962935983997,1.514204049884552,1.6554434164301544
2024-03-14,0.0,0.6303177646811352,-0.14574589860638143,1.27166260266671,1.0932682026053873
2024-03-15,0.0,0.6022786710955365,-0.16124897858474516,1.2937458951625538,1.05210528717787
2024-03-16,0.0,0.5766887267633728,-0.1625217727036527,1.3389464376666287,1.0404454125230005
2024-03-17,0.1,0.5389905858033412,-0.1637721957619018,1.3849337525666,1.0308674944165894
2024-03-18,0.0,0.5260117794254706,-0.17469804727021113,1.1188159589206643,1.0137813992001488
2024-03-19,0.2,0.490644516734468,-0.17770053428281252,1.1581818719659314,0.9900284151124614
2024-03-20,0.0,0.45023632096860744,-0.18613132388761064,1.1951418407845662,0.9748217093385788
2024-03-21,0.0,0.403714332840662,-0.21579872724203555,1.231020011099187,0.9558412507076169
2024-03-22,5.4,0.5606439588014565,-0.1253835605757958,1.3182106801097626,1.041159527088356
2024-03-23,0.1,0.4817722045052441,-0.16325433883630225,1.3354683509310075,1.0011330029787864
2024-03-24,0.0,0.4545515878478139,-0.199192515390527,1.0917678449245523,0.9675064318046569
2024-03-25,5.1,0.5870025841421004,-0.12055559644400354,1.1233141095424966,1.0455501086203305
2024-03-26,11.5,0.9461916452029826,0.08230980550665158,1.2651794345530014,1.2402577826001924
2024-03-27,0.0,0.8162048068428346,0.01461384187241912,1.2867243731609967,1.21442458908813
2024-03-28,1.9,0.8187937784318906,0.00854270345985215,1.2809624331914429,1.221265252094244
2024-03-29,1.4,0.8353984231459005,-0.004559488430090325,1.3149151057842974,0.976553557792111
2024-03-30,0.0,0.7603045618402268,-0.045316478844849344,1.3334810923544003,0.8574530423272678
2024-03-31,0.0,0.6914182028442839,-0.08527223551093571,1.3472562747451606,0.8292286260370605
2024-04-01,0.0,0.5699131867506122,-0.12004453639365646,1.202471215581768,0.8004375119191063
2024-04-02,0.0,0.46455184184766113,-0.15336612060874938,1.2114857571499589,0.7588689232721583
2024-04-03,0.0,0.390589259970728,-0.1896263171375322,1.2184288466672206,0.7283466934690522
2024-04-04,0.0,0.3125177530598445,-0.23086558610766256,1.2191747652487757,0.6963574577879726
2024-04-05,0.0,0.2495940148314251,-0.2599625248532286,1.21920943128532,0.6184168006908614
2024-04-06,0.0,0.21173867407034735,-0.2826236882331602,1.2055206945946484,0.5851920658274348
2024-04-07,0.0,0.18185064449774493,-0.30647305397640107,1.2018428829910888,0.5502856211371807
2024-04-08,0.0,0.15354613752369126,-0.33075416638915706,1.1956265692867398,0.48384854613491746
2024-04-09,0.0,0.1166369638502495,-0.3579342277770348,1.1898153664343862,0.44905741243104585
2024-04-10,0.0,0.06833217580130126,-0.38370758383576414,1.1828444736582955,0.41328117238220247
2024-04-11,0.0,0.012463705585446346,-0.39552923338958906,1.1110253023878518,0.37835825039361703
2024-04-12,0.0,-0.028830146428827925,-0.4206114980869129,1.1020062040376013,0.3426360025644759
2024-04-13,0.0,-0.059469037068302144,-0.4410106667054816,1.0908742899708042,0.24686403849670233
2024-04-14,0.0,-0.08710080928261388,-0.4542996044565997,1.0793641856386431,0.2097499467961893
2024-04-15,17.1,0.48673305750357776,-0.1398040179040506,1.255260139730345,0.4795094916163328
2024-04-16,2.3,0.46319723071230473,-0.15001860663636427,1.1758211982694078,0.3125402815527302
2024-04-17,0.0,0.3654046278076315,-0.19596681339884683,1.1617813907308223,0.26608336181937925
2024-04-18,0.0,0.2755133243059185,-0.23880428311699273,1.1363994069552232,0.2298077668034225
2024-04-19,0.0,0.18171926954263104,-0.25987233266397086,1.12358549996934,0.1866431966163934
2024-04-20,4.8,0.26886907184075026,-0.1955731140366042,1.1615478755098374,0.22504536714148962
2024-04-21,0.0,0.14419859823668757,-0.36877516452180836,1.1449369490789092,0.1833214513231783
2024-04-22,0.0,0.04739060008770585,-0.39690055423265724,1.1278060252520834,0.14473577223084924
2024-04-23,0.0,-0.0427678506037636,-0.41318180222709644,1.1111552920731922,0.10679169590590193
2024-04-24,9.0,0.17780216665433918,-0.233459438810594,1.1913787279625292,0.21529895326157644
2024-04-25,0.0,0.06799494102565472,-0.33421891122358177,1.1732494852961677,0.1767262138286709
2024-04-26,0.0,-0.030931030255075476,-0.4131328815749087,1.1540466799971143,0.13746083753869812
2024-04-27,0.0,-0.12818517005044333,-0.48854694927483455,1.133126711451589,0.09767200164937202
2024-04-28,0.0,-0.21891084987971293,-0.5698393208655287,1.1117465149057155,0.05841942742940858
2024-04-29,0.0,-0.2953733509999146,-0.6214052674877034,1.0911568438127435,0.02018292700052981
2024-04-30,0.0,-0.3669787961351498,-0.6633741725881445,1.067196303434069,-0.017783692164428818
2024-05-01,0.0,-0.4087374312098976,-0.685587531596842,0.9514270592998106,-0.0550615557901132
2024-05-02,0.0,-0.4671037136881233,-0.6874353344244398,0.9275587410827497,-0.09301731059160746
2024-05-03,0.0,-0.5284078387390168,-0.7394659865703305,0.7906467814221656,-0.1312528635408091
2024-05-04,0.0,-0.6226588033134165,-0.8114107490241708,0.24090273720511501,-0.1686604701228965
2024-05-05,48.3,0.8227978654019024,0.33371376929459845,0.7704668964796364,0.40108221973473884
2024-05-06,12.3,0.8267928233840754,0.37993772899557066,0.8780818072302381,0.5113150220809292
2024-05-07,2.4,0.6711926250612693,0.2340368088359613,0.8268653729177319,0.504063874539626
2024-05-08,0.0,0.5437190939256621,0.08721095440668176,0.805175635137877,0.4693958754578189
2024-05-09,0.0,0.4266712821483622,-0.03750025317323583,0.7832722979182822,0.434083429098112
2024-05-10,0.0,0.26944245494781666,-0.166122470451019,0.7609708904872756,0.3996847411923865
2024-05-11,31.7,1.1885519405426344,0.5846630540961788,1.0572412874830501,0.7195694776529759
2024-05-12,0.0,0.759443773116742,0.31251781071401247,1.0349191328286869,0.6854959676426748
2024-05-13,0.0,0.5695428278433615,0.14795035798030323,1.0134198011709574,0.6529068361567543
2024-05-14,0.0,0.4406218122545408,0.024637465177808376,0.9103924047577537,0.6225672145309571
2024-05-15,20.6,0.8981499046502668,0.4334068530717642,1.085973195352703,0.6945820310381497
2024-05-16,0.1,0.6573068734980948,0.26403374126647494,1.0659136472303838,0.6669547505695096
2024-05-17,0.0,0.5486594062647459,0.15649536722798055,1.0448434428411901,0.6381644579625723
2024-05-18,0.0,0.4483440740034829,0.0745699065309503,1.0224271823304873,0.43145307884168715
2024-05-19,0.0,0.3769448958919275,0.009458979020592844,1.0004036206840028,0.30848174764752156
2024-05-20,0.0,0.3165050540077477,-0.04305716718579191,0.977669596477844,0.2534144869903775
2024-05-21,0.0,0.26679968022475076,-0.09491609616205059,0.9559167096655781,0.02703004476594728
2024-05-22,0.0,0.18427713312171087,-0.15296749687991595,0.9369303374619502,-0.0989142059553283
2024-05-23,0.0,0.10459307913965242,-0.20313947784848208,0.9182421933491061,-0.12385450877381879
2024-05-24,0.0,0.01599996546342157,-0.2757419117688968,0.898954608685901,-0.17251147323043808
2024-05-25,0.0,-0.07134281922158128,-0.34304235055605153,0.8464563359629413,-0.21462535609504588
2024-05-26,8.7,0.1345884498123224,-0.1415657878944901,0.9038507281754434,-0.12843527051710513
2024-05-27,0.0,0.041231764703488334,-0.21251562460296375,0.883037718417308,-0.14589475086833345
2024-05-28,0.0,-0.02575444937614043,-0.25891844480214093,0.8638242332471315,-0.16156242631660114
2024-05-29,0.0,-0.07741070574952064,-0.29329605561606803,0.843824351123077,-0.17763553933494183
2024-05-30,0.0,-0.1451520678716263,-0.34622646460896117,0.8240219417361356,-0.1936289240935047
2024-05-31,1.0,-0.18434667323968185,-0.37992160876484915,0.8151502188680206,-0.1975320063630096
2024-06-01,0.0,-0.2311452602583552,-0.4118448244468653,0.7987094736560252,-0.21363997479994595
2024-06-02,0.0,-0.2993538017849633,-0.4642713471238685,0.7802603501773779,-0.23051884782281024
2024-06-03,0.0,-0.37635204822385976,-0.5360405245691324,0.7284949604114188,-0.24634010704047113
2024-06-04,0.0,-0.4382151270125224,-0.5738253810998991,0.707837985437503,-0.2621826171956409
2024-06-05,0.0,-0.4787684361337988,-0.5897133790138347,0.6856536112725877,-0.30296564311935165
2024-06-06,0.0,-0.5007256078529727,-0.585118177059516,0.6635906356790257,-0.31899668337906883
2024-06-07,0.8,-0.5143342748979257,-0.5933136649301766,0.6472411365294797,-0.3274677856495142
2024-06-08,16.9,-0.08648234426062723,-0.2722261996975272,0.6693938611605768,-0.1558372555916489
2024-06-09,0.0,-0.23308712764529255,-0.39396879053296346,0.6390323519096313,-0.1752214750364215
2024-06-10,0.0,-0.34890391370752094,-0.48184197346369734,0.6095352634909333,-0.21946473460814928
2024-06-11,0.0,-0.45786326698834784,-0.5771400850265541,0.4367037384609012,-0.240560689445549
2024-06-12,0.0,-0.5205757335360581,-0.615149285700876,0.13665069629612253,-0.26187078792443036
2024-06-13,0.0,-0.5235788143789711,-0.6100382751774941,0.09430661833522685,-0.2848822254239961
2024-06-14,0.0,-0.578518768024875,-0.6587190967853959,0.06322495648932344,-0.3106546537294354
2024-06-15,6.1,-0.46652733042923017,-0.5593380131258676,0.08270909121378624,-0.27596441078034384
2024-06-16,0.0,-0.5461324977084788,-0.6183168911678533,0.043146588564894436,-0.308632653547285
2024-06-17,0.0,-0.5849338671663052,-0.6539504071498656,-0.001193687749724963,-0.3438347482827276
2024-06-18,0.0,-0.6207789585455561,-0.6895308019515045,-0.038769102382759296,-0.37711180636464153
2024-06-19,0.0,-0.6059689492283918,-0.6635552173522,-0.07690470201341129,-0.41103680795145475
2024-06-20,0.0,-0.6073324085679219,-0.6655043761112301,-0.11485330023381041,-0.4998877053904985
2024-06-21,0.0,-0.704119922865885,-0.7492307449168194,-0.16209108327526406,-0.5352572007051752
2024-06-22,16.5,-0.43536967095900986,-0.5031874024792877,-0.07541890793601566,-0.4079882675509725
2024-06-23,5.1,-0.3920920635810681,-0.46537117220771135,-0.07747286970897632,-0.44536945200281736
2024-06-24,0.0,-0.44402710388701166,-0.512687033908183,-0.12038149241404793,-0.5947304001258367
2024-06-25,0.0,-0.5140724938485934,-0.5717819883203511,-0.16348195577475558,-0.6328940884004388
2024-06-26,0.0,-0.630581821889982,-0.6827376192630545,-0.20639935114638824,-0.689497444186724
2024-06-27,0.0,-0.7570871428825148,-0.8060066911458195,-0.3458963699888351,-0.7413031075271181
2024-06-28,0.0,-0.741724214972565,-0.7972215920695924,-0.42322294097282404,-0.7800262450999832
2024-06-29,38.3,-0.2219298598781647,-0.31740343249739145,-0.19860648339992082,-0.478568863087697
2024-06-30,32.2,-0.10136854324152195,-0.23069895218136366,-0.03870717868394825,-0.26662357900228245
2024-07-01,0.0,-0.319561897483336,-0.43231520041902183,-0.09351559323487808,-0.31456698508569914
2024-07-02,65.1,0.5650904020347798,0.33313020940212185,0.23384721121074634,0.08985996441053903
2024-07-03,0.8,0.32119774681396673,0.10602157631181343,0.18397334960328598,0.04412244324799457
2024-07-04,3.6,0.22113310033428651,0.008842654434521844,0.1373134557111799,0.016656900679608393
2024-07-05,4.1,0.13319190755454377,-0.06866720137090637,0.10664702731674879,-0.0074929103307960435
2024-07-06,2.8,0.010011799236023524,-0.1639357712703753,0.06932046328303267,-0.03960360705428967
2024-07-07,28.7,0.3114876071357586,0.09876343183523548,0.1546719764340295,0.08018327581548107
2024-07-08,21.1,0.38980784076037206,0.17818326592039546,0.20515793698712798,0.14865036294916092
2024-07-09,0.3,0.1672482853988466,-0.0311561349702854,0.15226683214116649,0.09796205566614447
2024-07-10,1.4,-0.018260681697202328,-0.20548433318016904,0.10595179605995735,0.05471275548221244
2024-07-11,0.0,-0.1757481724076136,-0.3272872992480861,0.05230609774870753,0.0034323358057654777
2024-07-12,0.0,-0.2912363784436054,-0.42725063529979523,-0.016057652365271523,-0.04757034859523883
2024-07-13,0.0,-0.41915742037695736,-0.5365543078103996,-0.07018366663853784,-0.09924304783812678
2024-07-14,0.4,-0.5498321260670131,-0.6622027123564168,-0.12124281022583865,-0.24163953633574625
2024-07-15,0.0,-0.6019216339290033,-0.6906803857959238,-0.21888067601508548,-0.3027225711360332
2024-07-16,17.0,-0.47727209628478157,-0.586559589587787,-0.19091225787813665,-0.2551010338588341
2024-07-17,98.8,0.5372147229372446,0.23342744924700914,0.19477470791761314,0.19682438636849828
2024-07-18,128.8,1.824149060714275,1.3178733799464757,0.6452517038627755,0.7066986542231728
2024-07-19,0.1,1.2716812285232866,1.044407331097324,0.5940408014362367,0.6414794948864508
2024-07-20,14.9,1.1045592392054657,1.0085317571928158,0.5986476838686062,0.6564160601602713
2024-07-21,8.5,0.9104355091774435,0.8961223157827154,0.5808148932823374,0.6458360689512882
2024-07-22,79.9,1.718576372622145,1.5467066663897389,0.8093293071962143,0.9026625289291278
2024-07-23,2.0,1.3681906135474882,1.2783702343463164,0.7673075001354615,0.8326122835124452
2024-07-24,14.7,1.190375744468894,1.1351633570152166,0.7695538366402319,0.8437251088025601
2024-07-25,25.3,1.1957046455186493,1.1154782897477142,0.8062148957034648,0.8922002366670978
2024-07-26,5.5,0.7650985039799307,0.7281807774998128,0.7786269402012761,0.8711094065761527
2024-07-27,33.5,1.0285925513050451,0.8378364622828939,0.842359004807983,0.948331790766472
2024-07-28,0.0,0.9777035003515537,0.7237879307108883,0.8003299065095308,0.9116177344013007
2024-07-29,0.0,0.9730210587675338,0.6643394096207168,0.7592583786907366,0.8759009915367468
2024-07-30,0.0,0.8615063617359714,0.5675447824580658,0.7187067868538191,0.8404716108259382
2024-07-31,0.0,0.7733924620344399,0.4982207368455912,0.6795452579435022,0.8070476285298033
2024-08-01,0.3,0.6008716353622483,0.4014144961291868,0.6430717373585589,0.776783083255579
2024-08-02,0.0,0.5283378350598321,0.32220458753524356,0.6066036362628507,0.7465364859453247
2024-08-03,0.0,0.42465729070516195,0.24906269948779478,0.5578388658944169,0.5481237897479414
2024-08-04,0.0,0.35110683089570777,0.17925634186426098,0.5205694419556519,0.47327560426367615
2024-08-05,1.3,0.24547965398703425,0.10628174234165781,0.4887076637457515,0.43863884252520763
2024-08-06,0.0,0.16149816405308903,0.03918138101089574,0.45331357876884393,0.40854391906522
2024-08-07,3.4,0.09246197396334961,-0.005175510007587468,0.4287806176379367,0.3911411883535077
2024-08-08,0.0,0.027384586085825988,-0.0722453141444808,0.3935591360943996,0.3620480248304565
2024-08-09,0.0,-0.03667177588463447,-0.12797894562857676,0.3593366949970011,0.2196644703146163
2024-08-10,0.0,-0.08809968131431249,-0.17328401785439781,0.32572109907831365,0.19293133177773408
2024-08-11,0.0,-0.15158666582230587,-0.2175383040163256,0.29379598183814065,0.1677774351958436
2024-08-12,0.0,-0.22499264067856237,-0.26830702609473533,0.26244182448654385,0.1426175678912385
2024-08-13,0.0,-0.2709668328814508,-0.3009869623391045,0.19539801921579425,0.04180012891290059
2024-08-14,3.0,-0.2822629308600651,-0.3085900698844608,0.17426440534264925,0.027584068312173284
2024-08-15,6.4,-0.25631293825113644,-0.2967327113606866,0.16431609169878383,0.02646564433257844
2024-08-16,0.0,-0.32378553166609125,-0.34767744294126485,0.07707676103540116,0.0022664558527376445
2024-08-17,11.0,-0.2635173293808658,-0.31027021460084114,0.05354866468221687,0.018193653731535375
2024-08-18,0.0,-0.3321207356181954,-0.36265623167249156,0.015165260820373911,-0.004896755719893127
2024-08-19,2.3,-0.36355605733398905,-0.39216956764078553,-0.06552039243724601,-0.018857454783410603
2024-08-20,0.0,-0.4503991066707729,-0.4609677906293359,-0.12424320552912549,-0.041905110644810784
2024-08-21,42.2,-0.07172238565122778,-0.15241831207983608,-0.011612486588884068,0.08381516958167864
2024-08-22,0.6,-0.19041040358803796,-0.23541517947780788,-0.04421030768021196,0.06447833721494546
2024-08-23,0.0,-0.24819295507288675,-0.28435572836552103,-0.07565060115708883,0.044897358373462384
2024-08-24,2.0,-0.3233821121511417,-0.33944025845431813,-0.09448821744941786,0.0022019955520312016
2024-08-25,0.0,-0.4008855760991424,-0.3938459821414885,-0.11916241619326969,-0.016857046760318854
2024-08-26,0.0,-0.46048737873770323,-0.44163343212922695,-0.14348729214874342,-0.03623481821148863
2024-08-27,0.3,-0.560222126150755,-0.5215891430712072,-0.16647061196610197,-0.05397615122615973
2024-08-28,0.0,-0.6205376949272897,-0.5801017761844872,-0.18978708224139912,-0.07210105402044965
2024-08-29,0.0,-0.6795265130702965,-0.6220482646502445,-0.21230767835234,-0.09327405486119651
2024-08-30,0.0,-0.7619058678378385,-0.6885169938647656,-0.23406280995095977,-0.11020454467492811
2024-08-31,0.0,-0.8374033610955164,-0.7506209284490163,-0.255048775801573,-0.1262584823254468
2024-09-01,0.0,-0.8111959859725175,-0.7633624811797037,-0.27617883351900435,-0.14265031734008587
2024-09-02,2.7,-0.8764881322989894,-0.7889782306227962,-0.28777294812256904,-0.14893714777601708
2024-09-03,0.0,-0.9491099315326694,-0.8408000547236638,-0.3151903479317375,-0.163809372962814
2024-09-04,0.0,-0.8549178138388088,-0.7784900488838531,-0.3344414372878814,-0.17760860293082645
2024-09-05,6.9,-0.8258145765565632,-0.753176212059784,-0.329515378401075,-0.16948978262865494
2024-09-06,0.7,-0.8811596322275005,-0.7930506735165211,-0.3451650098686317,-0.23852893163033909
2024-09-07,0.0,-0.8991937818125887,-0.8159216397862368,-0.36202668654224307,-0.24970322492913694
2024-09-08,0.0,-0.8277216877252325,-0.790322126553388,-0.38574790475483334,-0.25939822467997453
2024-09-09,0.0,-0.7903816341879315,-0.7793811335510074,-0.4012110959622905,-0.267868225403519
2024-09-10,0.0,-0.6932140275709545,-0.7132593398191382,-0.41556607092149506,-0.27546901663231244
2024-09-11,0.4,-0.7867045692107155,-0.7582110139985802,-0.42745791581345455,-0.2797031613689628
2024-09-12,32.7,-0.4923166528530352,-0.5168628666912857,-0.32873055378370664,-0.16876557938412504
2024-09-13,7.6,-0.4832390533064682,-0.5097618924115216,-0.3142712478428163,-0.16359257261468224
2024-09-14,0.0,-0.5506482138495769,-0.5583810562526357,-0.3244977668147313,-0.16153308970978342
2024-09-15,0.0,-0.5958357688493113,-0.5935658747837792,-0.3349434318210944,-0.15816042841080558
2024-09-16,9.5,-0.5077888010273632,-0.5315145277805412,-0.3124404154994164,-0.12117586871005906
2024-09-17,0.0,-0.5387334479902464,-0.5517826255929308,-0.3197175185119252,-0.11436543334371221
2024-09-18,0.7,-0.6004192496356591,-0.5936991928019875,-0.34155261270308274,-0.10384273853953867
2024-09-19,0.0,-0.6297294173630655,-0.6193663072685488,-0.3481192430172771,-0.09501052079521627
2024-09-20,54.5,-0.15616876239254152,-0.1136932116795769,-0.17832164308961365,0.0390870449407835
2024-09-21,27.0,0.011282097439432894,0.030769078875978528,-0.11512251280917418,0.11968683557822807
2024-09-22,0.0,-0.10000912539391567,-0.05081965806914583,-0.15625144486594858,0.13215579639018177
2024-09-23,0.0,-0.1550687354119945,-0.08657061285690217,-0.1612037247184363,0.14542275855737408
2024-09-24,0.0,-0.20465409700200335,-0.11488706421202222,-0.17146751541464034,0.16033372700723217
2024-09-25,0.0,-0.2506168049087097,-0.14009787507437418,-0.17953848534727104,0.17708524455610616
2024-09-26,1.2,-0.2725985163923858,-0.1493692466157046,-0.17905824588415087,0.1990627929342577
2024-09-27,0.0,-0.3163204873703952,-0.1767186108469374,-0.1820799127966137,0.1014623559165512
2024-09-28,0.0,-0.3540354438323703,-0.20106799558397012,-0.18458449779344746,0.02313878204153809
2024-09-29,0.0,-0.37265799248518766,-0.21908752245149382,-0.18660887012248467,0.04769222236457969
2024-09-30,0.0,-0.40544548557007404,-0.24301618589515417,-0.1884501515807953,-0.13665839611733024
2024-10-01,2.5,-0.4014406498840528,-0.23784188584088523,-0.1821333702382983,-0.1042315826132117
2024-10-02,0.0,-0.43189577804643003,-0.2573615999931292,-0.18298488732523674,-0.08861781075250627
2024-10-03,0.0,-0.4590731626933571,-0.2745541694168387,-0.18349010918107453,-0.07405985992156221
2024-10-04,0.0,-0.48550916597724186,-0.29207409999507516,-0.18354818810828555,-0.054618016646759394
2024-10-05,0.0,-0.5040789066006043,-0.3027189461084199,-0.18310398514763718,-0.11858073129793714
2024-10-06,0.0,-0.5135633035734475,-0.3110469105932922,-0.18175846791256214,-0.1571542530835104
2024-10-07,0.0,-0.5294092503048313,-0.32136413729398966,-0.1802082406618408,-0.1238876354743967
2024-10-08,0.0,-0.5445486904388859,-0.32931629757598807,-0.17871271763256652,-0.09456636535112202
2024-10-09,0.0,-0.5526014635033623,-0.3391593338316035,-0.1769499185417809,-0.05898193926577085
2024-10-10,0.0,-0.578523071628368,-0.3554383979715433,-0.1748676184281093,-0.02267637582341233
2024-10-11,0.0,-0.5774670717015532,-0.36401858866867665,-0.17277981605903686,0.014302392342829385
2024-10-12,0.0,-0.59550010743162,-0.3742661435178937,-0.223676730193246,0.049412649225562634
2024-10-13,0.0,-0.6031216690988291,-0.37801534071969883,-0.22847182843838243,0.08522743146068577
2024-10-14,0.0,-0.6109586190362984,-0.3776554502811954,-0.22592346464549865,0.0656632800570212
2024-10-15,0.5,-0.6140570871204133,-0.37487191985357876,-0.2217370313912188,-0.2335859459533729
2024-10-16,0.0,-0.6376826640869634,-0.3839055813675985,-0.21872361812887303,-0.701857772575032
2024-10-17,0.0,-0.6493119550934094,-0.38762836749714485,-0.23037680034364016,-0.6618052652091877
2024-10-18,47.1,-0.02873314063254051,-0.2964143868790527,-0.08079054368221868,-0.48816138618987875
2024-10-19,1.0,-0.15744404895339495,-0.3884024545306981,-0.07374827506540572,-0.4806731079144742
2024-10-20,0.0,-0.24313758577455888,-0.4422888049048837,-0.06969237540718722,-0.792902543718813
2024-10-21,0.0,-0.30558360488149,-0.4793475507148545,-0.09311782262422573,-0.7634020663094397
2024-10-22,20.6,0.036175749737762754,-0.25024063149059966,-0.026221895942234646,-0.6980582200016686
2024-10-23,2.3,-0.02029873752002515,-0.29312568292914226,-0.014984487844710109,-0.7720292409878192
2024-10-24,0.0,-0.09576268478934649,-0.3515947915205708,-0.01027637250075811,-0.7631535124636497
2024-10-25,0.0,-0.1628980899140478,-0.40692192722771303,-0.005465520891663503,-0.9010336883016915
2024-10-26,0.0,-0.2119969836053647,-0.441916867103927,-0.0007624813288384444,-0.8656008252345547
2024-10-27,0.0,-0.25309097018391674,-0.4637489777498989,0.004416121636941041,-0.8291856214659762
2024-10-28,0.0,-0.29952665695831643,-0.48934317944270517,0.009734354327345877,-0.79257100975791
2024-10-29,0.0,-0.3425902724877635,-0.5120582537051366,0.01518213393634515,-0.7564147929743192
2024-10-30,0.0,-0.37946737250998025,-0.526921163847622,0.02083959793295817,-0.721916720431728
2024-10-31,0.0,-0.41676178369897365,-0.5434258882751004,0.0265056003955728,-0.6850520135128506
2024-11-01,0.0,-0.4507327302163894,-0.5574477996549152,-0.11518919147167023,-0.6483512804064999
2024-11-02,0.0,-0.48837353339418116,-0.5770353647696195,-0.1480763758875043,-0.6104286103987235
2024-11-03,0.0,-0.5330872624105557,-0.6061927345745532,-0.15021422589773703,-0.5795495334605297
2024-11-04,0.1,-0.5506234194182232,-0.6227041884387055,-0.14487122091174207,-0.5418663325909954
2024-11-05,0.0,-0.5745669828914374,-0.6391527005603664,-0.1395379909971502,-0.5231735038776583
2024-11-06,0.0,-0.5971258922867503,-0.6519168949200382,-0.13415881373832253,-0.4861755197284937
2024-11-07,0.0,-0.6318518638753585,-0.6746754266213765,-0.2284966192404747,-0.45056123919609603
2024-11-08,0.0,-0.6635005908474586,-0.695418674216065,-0.2230819718481428,-0.41440817659691626
2024-11-09,0.0,-0.7042237573712093,-0.7220338129884581,-0.21782762139219133,-0.3788847684267671
2024-11-10,0.0,-0.7237190579344823,-0.7347574783019004,-0.21258556010612117,-0.34288459246052844
2024-11-11,0.0,-0.725547553408462,-0.7344434660817382,-0.2733019186835912,-0.306654361341542
2024-11-12,0.0,-0.7305119083734376,-0.7401480945708981,-0.2686000372895156,-0.28708275803838057
2024-11-13,0.0,-0.7594715628811927,-0.761755967677126,-0.263401688194869,-0.28695983431848643
2024-11-14,0.1,-0.773725339530314,-0.7756086644994404,-0.25786123865810223,-0.24900332025021282
2024-11-15,0.0,-0.7868861616636272,-0.785990624153828,-0.25271022410219535,-0.27519294938967065
2024-11-16,6.5,-0.6596822445650435,-0.6932991329979177,-0.2267633946533178,-0.1963754160544893
2024-11-17,0.0,-0.6972408636010201,-0.724445054693492,-0.22199538295175253,-0.1711171703665364
2024-11-18,0.0,-0.7229007775210984,-0.7412050402058619,-0.21779816883177983,-0.13043604250342086
2024-11-19,0.0,-0.7171013984381276,-0.7474327794728065,-0.21375554121003904,-0.36312349344559697
2024-11-20,0.0,-0.7612890993258039,-0.778892246959432,-0.2095156137320048,-0.3284818835044827
2024-11-21,0.0,-0.7782158016440962,-0.7904183299268807,-0.2049629670859799,-0.29013594161166917
2024-11-22,0.0,-0.7859545200177408,-0.7971068588515142,-0.22792964278730632,-0.2647897755248256
2024-11-23,0.0,-0.8027827472694975,-0.811014015965678,-0.2232578841660488,-0.2250544340631399
2024-11-24,0.0,-0.8086257318455164,-0.8188184519236322,-0.21903579601584158,-0.183423939633483
2024-11-25,0.0,-0.8358695488797846,-0.841386888465236,-0.2146499039317504,-0.14413547012526826
2024-11-26,26.0,-0.53308873266733,-0.3980454650608734,-0.12775283029950701,0.07991359341284618
2024-11-27,22.4,-0.13399628088712523,-0.3998263697808457,-0.05672915702570472,0.27199533524055286
2024-11-28,4.9,-0.17007020348974247,-0.4331704481628237,-0.037287462774180026,0.3479611157408735
2024-11-29,0.0,-0.2715506765441478,-0.5149567291927709,-0.032806794410460076,0.392428296906408
2024-11-30,0.0,-0.3386285309147636,-0.572837040979169,-0.028430939260052888,0.4390792068549284
2024-12-01,0.5,-0.38119398189469195,-0.6045563821454494,-0.022051495966838232,0.47280609845159893
2024-12-02,0.0,-0.42893335645764646,-0.6435235868091983,-0.016739426063175578,0.5224230022198217
2024-12-03,0.0,-0.4807453654563723,-0.6747898531534697,-0.011200677861024296,0.5727872667195603
2024-12-04,0.0,-0.5255988086231478,-0.7028365437503163,-0.007598509530485542,0.5775777931370758
2024-12-05,1.8,-0.5203433166557625,-0.6926605711842512,-0.04806221247453925,0.6410519320136265
2024-12-06,0.0,-0.5589049646352432,-0.7163519277141802,-0.04105042264145188,0.6962417897126478
2024-12-07,0.0,-0.5931493964106602,-0.736614723369277,-0.033194975997485575,0.7519776250775512
2024-12-08,0.0,-0.6350450911919617,-0.7607401884625395,-0.0249762277970208,0.808928838183759
2024-12-09,0.0,-0.6660985381303228,-0.7754103084211178,-0.01651947678101314,0.8679413799480982
2024-12-10,0.0,-0.6953124952851496,-0.7871720847368578,-0.007113145153585426,0.922822002124118
2024-12-11,0.0,-0.7298233153196709,-0.8023442335747377,0.0032719787675164476,0.7032955395514452
2024-12-12,0.0,-0.7574191667176305,-0.8135080137849421,-0.0038039556544698185,0.6853244750587071
2024-12-13,0.0,-0.776080668286498,-0.8217670363360867,0.010036965021279182,0.7365232092955011
2024-12-14,0.0,-0.78454806617178,-0.8230021541384748,0.02462421269217899,0.7876472144149214
2024-12-15,0.0,-0.8050754430426972,-0.838920627718486,0.03997122130752638,0.7471946848780426
2024-12-16,0.0,-0.81121684772778,-0.848328932476628,0.048340020105079214,0.7817463297218736
2024-12-17,0.0,-0.8256725417361209,-0.8578733942498783,0.06414409944557807,0.822212569835229
2024-12-18,0.0,-0.8367939446508864,-0.8687867608284279,0.0805081130234822,0.8707080903768571
2024-12-19,0.0,-0.8445853277170412,-0.8727502496887409,0.04541872247681195,0.3001291606752984
2024-12-20,0.4,-0.8392324001851924,-0.8679486527928653,0.048508387165635186,-0.016597717764346865
2024-12-21,2.9,-0.7888004033837401,-0.8231434138901859,0.07718304285402511,0.06002142960675761
2024-12-22,0.0,-0.8123576961298339,-0.8430875333433077,0.09753691782638912,0.0963079610922671
2024-12-23,0.0,-0.8370497200381013,-0.8545519127471193,0.11851826336273295,0.1310164466215896
2024-12-24,0.0,-0.8427516343217029,-0.856875392559785,0.14125036021787604,0.16550905414089864
2024-12-25,0.1,-0.8436420491611334,-0.8563828942445563,0.16558104831307313,0.18086475396933907
2024-12-26,0.0,-0.8462168144016958,-0.8602274479014755,0.07131684601168488,0.2139169763206286
2024-12-27,0.0,-0.852017371513507,-0.8635998658145121,-0.0035794595197745694,0.2462572265000464
2024-12-28,0.0,-0.8572761787193498,-0.8709358479832446,0.02607945107587068,0.27760950817974345
2024-12-29,0.0,-0.7738140192295745,-0.8765307593989989,-0.15441817545881067,0.30955223560027323
2024-12-30,0.0,-0.7935935985756284,-0.892692372850836,-0.12583951948029676,0.30344006603246815
2024-12-31,0.0,-1.3223084708959094,-1.5053955221795634,-0.10557057145211524,0.3343797974235565
2025-01-01,0.0,-0.8284954883592903,-0.9286925555182105,-0.08671321163315504,0.3638528755684154
2025-01-02,0.0,-0.8410912488391497,-0.9410381328515381,-0.06361093483159365,0.39282066379717595
2025-01-03,0.0,-0.9225169696881855,-0.9507823867053957,-0.12460650370970941,0.41955874365803064
2025-01-04,0.0,-0.9212893614957601,-0.9583257022025998,-0.16063371673840124,0.4403087166910848
2025-01-05,6.7,-0.7174018039026077,-0.8086123873123148,-0.10421076813229514,0.5694411491549387
2025-01-06,3.0,-0.6379087183048976,-0.7475540701398736,-0.06322866641903761,0.6389820225242264
2025-01-07,0.1,-0.7163817346719593,-0.7213285720644499,-0.027079694716671356,0.6636215619330517
2025-01-08,0.0,-0.7231585739746575,-0.7935545725941968,0.010345620878488409,0.6865569719216841
2025-01-09,0.0,-0.7207497903230207,-0.7916711698026463,0.048716405686074535,0.708742404960353
2025-01-10,0.0,-0.7233705550776907,-0.7783760187845787,0.08576957732370968,0.7317696029748623
2025-01-11,0.0,-0.7423422086849976,-0.7918603014410857,0.12304514439080395,0.755209326929459
2025-01-12,0.0,-0.7484544323526829,-0.7955334987775111,0.10575421994823032,0.777805673761789
2025-01-13,1.3,-0.7017922556845061,-0.754752761031077,-0.1780762420323198,0.8115089314174859
2025-01-14,0.1,-0.7154638123622705,-0.7607772580476417,-0.6086382911693109,0.8339633483113377
2025-01-15,0.0,-0.7299587017992912,-0.7616047838004516,-0.5667311974228805,0.8547992618396455
2025-01-16,0.0,-0.7371290302635829,-0.7668104749299884,-0.596357175904617,-0.0010798820345293253
2025-01-17,0.0,-0.7364763618446176,-0.7614925544095125,-0.5896968835007115,-0.006126649668755536
2025-01-18,0.0,-0.7391426136366875,-0.7595985306763038,-0.882823325331806,0.010468519618934817
2025-01-19,0.0,-0.7483448087373408,-0.7649905191963328,-0.8494238134589723,0.027482960508105975
2025-01-20,0.0,-0.7605274162565268,-0.7723270136840641,-0.8732078164802647,-0.43115843584652197
2025-01-21,0.0,-0.7629627570582102,-0.7765902111391331,-0.9493369421440945,-0.47195372515771894
2025-01-22,0.0,-0.7748940121087369,-0.7810939661643249,-0.9348798454413431,-0.45124089472814005
2025-01-23,0.0,-0.7800994358438849,-0.7838054141251185,-1.0582402943278517,-0.42961816565474903
2025-01-24,0.0,-0.7709602498939804,-0.7683601178694266,-1.0182586641190783,-0.4081707879481364
2025-01-25,0.0,-0.7657871535936339,-0.7604328529851662,-0.977652312377065,-0.3866161951182443
2025-01-26,0.0,-0.7621094530970872,-0.7569086950960607,-0.9375964672984515,-0.3653373589973109
2025-01-27,5.6,-0.5766267248734511,-0.6147873747788951,-0.8686806429904563,-0.198900899875396
2025-01-28,0.1,-0.5976924789784023,-0.629225563124081,-0.83001774535462,-0.17360397621183649
2025-01-29,0.2,-0.6048945572530348,-0.6335158210971324,-0.7886564010350857,-0.14576682784006198
2025-01-30,0.0,-0.6176280683599051,-0.6414630156407214,-0.7486294417463847,-0.1224424999003995
2025-01-31,2.4,-0.5473659053668775,-0.588911725387984,-0.6971011831483696,-0.03867416766267906
2025-02-01,0.0,-0.5458356460010233,-0.5933497179560018,-0.6635372610700536,-0.015283035387485867
2025-02-02,0.0,-0.5605099168783897,-0.6058234591644691,-0.6233657293541938,0.008445299267474629
2025-02-03,0.0,-0.5632935448677635,-0.6104922467939479,-0.6007991974657729,0.035344785604490295
2025-02-04,0.0,-0.5607168826490007,-0.6068835438106127,-0.5611641685008606,0.06115300909378826
2025-02-05,0.0,-0.5574229581384177,-0.6039363666652687,-0.5215912766538389,0.08731568237164113
2025-02-06,2.3,-0.4797812435450536,-0.5402256918001723,-0.47080631202491585,0.17128898318265845
2025-02-07,0.4,-0.4790507341836901,-0.5382587552490092,-0.429337364673154,0.20666555309059054
2025-02-08,0.0,-0.4899874485355043,-0.5452871963666438,-0.3893633996588191,0.23195634986799313
2025-02-09,0.0,-0.4973883868987453,-0.5533643195946093,-0.3497912819974043,0.25841915148405425
2025-02-10,0.0,-0.5083694969903763,-0.5642313297185096,-0.3257793571763324,0.28354512638673857
2025-02-11,0.0,-0.523549914483679,-0.574702910286405,-0.3185283542977847,0.30891818280393185
2025-02-12,2.5,-0.4190599716216868,-0.48665379786136437,-0.26402376110932696,0.3946271434353211
2025-02-13,0.0,-0.4020628136409614,-0.47744037146208673,-0.27971233614897223,0.42020702087739964
2025-02-14,0.0,-0.41999171633478094,-0.48677094099306756,-0.23699033908930695,0.2803757887814204
2025-02-15,0.0,-0.4288856104625595,-0.49427328331462556,-0.2069715443211194,0.302476019941271
2025-02-16,0.0,-0.4387440719875426,-0.4947424326843915,-0.1655480630060915,0.3229923363408084
2025-02-17,0.0,-0.44647032270954606,-0.4981721731444851,-0.36676041923864106,0.3439139448517075
2025-02-18,0.0,-0.4410444740414418,-0.4951668329861118,-0.32895297319774824,0.3630392965086041
2025-02-19,0.0,-0.4382029246047149,-0.4992713584496013,-0.2885054321344917,0.3797927504311713
2025-02-20,0.0,-0.43574658806752814,-0.5039393185771593,-0.2612605815246119,0.39376701340751347
2025-02-21,0.0,-0.42184801941084527,-0.49465153303430376,-0.22130675508783618,0.4057153783464682
2025-02-22,0.0,-0.41358249680811704,-0.4930532503041578,-0.1815753915211188,0.41311710690760395
2025-02-23,0.0,-0.42133351072439984,-0.49779407919790214,-0.14224480879193302,0.41904403612304636
2025-02-24,0.0,-0.4214260850738993,-0.494961419923863,-0.10144917011006965,-0.30432756844312064
2025-02-25,0.0,-0.43360114580557657,-0.49754157133586097,-0.06109954606201295,-1.1333491752614533
2025-02-26,0.0,-0.43691945455380266,-0.4931054299180114,-0.020443418452483608,-1.3553204246385007
2025-02-27,0.0,-0.4406947121620125,-0.4962369310517364,0.019386643734974215,-1.3478424837845437
2025-02-28,0.0,-0.4334792212324537,-0.48556437389775564,0.0600451970226991,-1.3400350232576952
2025-03-01,0.6,-0.4157564635326965,-0.4626341788847233,0.08696142669416959,-1.3249693271228569
2025-03-02,11.8,-0.09109729816230176,-0.19444332556104676,0.21265785867128295,-0.8113880535522845
2025-03-03,10.4,-0.8587285922280699,0.007700102937138088,0.3297326421960517,-0.4407784992184413
2025-03-04,4.0,-0.8170349332636418,0.04796135959317656,0.3547635289287207,-0.31290745175424983
2025-03-05,0.0,-0.8450404211469472,-0.0009513756548756305,0.39710834248671495,-0.37271767405292
2025-03-06,0.0,-1.24276715881073,-0.030609322525804776,0.44600398061810986,-0.3767876958402051
2025-03-07,0.0,-1.2056486321323627,-0.049559397122267645,0.4948110752153161,-0.3805627738954251
2025-03-08,0.0,-1.1710879493624324,-0.06360476454115967,0.5436119435709809,-0.38606674782207945
2025-03-09,0.0,-1.2061899506199634,-0.07146529670649228,0.5915272233094161,-0.3934824969836629
2025-03-10,0.0,-1.1940801636090486,-0.07960201938531163,0.6378544579778098,-0.402083231810199
2025-03-11,0.0,-1.171634883531246,-0.08734958776303502,0.40920674019011855,-0.41414606292199185
2025-03-12,0.0,-1.1745834784229974,-0.09702091008157467,0.38133242418114366,-0.4274115604721702
2025-03-13,0.0,-1.1972260831925006,-0.09802132077539602,0.41986793151502494,-0.44130925695226
2025-03-14,0.0,-1.1715270434027605,-0.0946270633913808,0.45825728578401176,-0.45699292373110184
2025-03-15,0.0,-1.1749867238477683,-0.0909331099771352,0.404546267024525,-0.47281985485427325
2025-03-16,0.8,-1.1485498248280022,-0.06919770181230793,0.4461330786903048,-0.4664968017942054
2025-03-17,0.4,-1.1172387628648552,-0.04451129306054051,0.47643257580637527,-0.4722910590091919
2025-03-18,9.9,-0.7123947694360216,0.17915855902148303,0.6080019946557548,-0.19215731698500169
2025-03-19,0.0,-0.8012235679269661,0.15829743735348648,0.059199373259122536,-0.21092688518516534
2025-03-20,0.0,-0.818161953013384,0.15118261030068292,-0.24406609672240892,-0.24279500454477618
2025-03-21,0.0,-0.8269511598679352,0.15201524026676336,-0.2252732094046717,-0.3501081211776432
2025-03-22,0.0,-0.8548136013988338,0.1338545634111659,-0.20824095414933988,-0.3727793340818503
2025-03-23,0.0,-0.8433516466148441,0.12163074828762102,-0.19195254612836185,-0.39566279076844757
2025-03-24,0.0,-0.8359120106898063,0.10792573428680277,-0.17552674386409098,-0.41832360570744
2025-03-25,0.0,-0.8996423821714145,0.09819956760562583,-0.17624604633387428,-0.4443067290515469
2025-03-26,0.0,-0.874939211130765,0.0888713082071728,-0.16308229231480642,-0.4682317362027278
2025-03-27,0.3,-0.8413263716390439,0.09336541105932944,-0.14632879801677692,-0.48551415508557505
2025-03-28,0.0,-0.8255756857708215,0.08703400147767384,-0.13538503247959346,-0.5105927477901194
2025-03-29,0.0,-0.8295204148069774,0.08093727388948704,-0.12588959044460088,-0.5337630285366131
2025-03-30,0.0,-0.8590586407914785,0.07792550465196002,-0.15198827351942826,-0.5575524177677712
2025-03-31,0.0,-0.8504201191278827,0.0731832238494787,-0.14441337619182484,-0.5826198215689423
2025-04-01,0.0,-0.875601796594708,0.06437341259794378,-0.1381570984606933,-0.6102258411999056
2025-04-02,0.0,-0.8287395008282779,0.050862439744868364,-0.13280487245749245,-0.6368125009654517
2025-04-03,0.0,-0.8134107585503415,0.03997732521870051,-0.12893278259589785,-0.6621795743065562
2025-04-04,0.0,-0.8675535016207785,0.02708910977357038,-0.12688223036809,-0.688791280488613
2025-04-05,22.8,-0.10843651157470695,0.486800142645749,0.1903773393603553,-0.26990275768763167
2025-04-06,0.0,-0.23128563179970948,0.4092610767202889,0.187600566236735,-0.37735080702709556
2025-04-07,0.0,-0.3166283412703174,0.36215028681489997,0.18420679152468128,-0.412151018278381
2025-04-08,0.0,-0.36730841884151055,0.3308108692866547,0.17904508831934648,-0.44459411690285633
2025-04-09,0.8,-0.3604849769892037,0.3257867983403425,0.18427763740075842,-0.4542412691169058
2025-04-10,0.0,-0.39026365874511326,0.29957471427013765,0.17883596069848023,-0.48415983863059137
2025-04-11,0.0,-0.44055622045205917,0.2790620419097947,0.17241065012759263,-0.511310907253673
2025-04-12,15.4,0.07947373048560331,0.5536978233045969,0.3698701087622914,-0.17228815484447124
2025-04-13,4.2,0.1176411692571814,0.5857471300131983,0.4085854165368339,-0.1404137667382882
2025-04-14,7.4,-0.36547433133347823,0.6900097879353385,0.4914473342306749,-0.02029684127268075
2025-04-15,0.0,-0.47320767409557596,0.6536058799019236,0.47911796174604104,-0.055895140197444224
2025-04-16,0.0,-0.5338699011560247,0.6213793648141718,-0.17332114368925464,-0.09156819440620281
2025-04-17,0.0,-0.5777836201628879,0.5716216744423532,-0.20365178667876904,-0.12668554394292056
2025-04-18,0.0,-0.6281557337284053,0.5272316156779151,-0.2201290093142556,-0.1620000950375524
2025-04-19,9.2,-0.41534803971582396,0.6889275519379787,-0.10315890927339842,-0.01677392077707793
2025-04-20,0.0,-0.5294837838257141,0.6628231396942383,-0.42307018501344057,-0.05200054627506329
2025-04-21,0.0,-0.6405480281251258,0.6555425304536516,-0.4753909254314297,-0.08836893346894856
2025-04-22,34.8,0.5060165789456446,-0.026616477068969375,0.016481872609029273,0.4675442245509897
2025-04-23,0.0,0.21504475861377145,-0.20734970507698844,0.0011332299216866304,0.4267040623215867
2025-04-24,0.0,0.028390612130717835,-0.30070481319532016,-0.01472867345682291,0.38700150580860465
2025-04-25,0.0,-0.09369525791587184,-0.4069988022727112,-0.03080620596866998,0.3475840773985453
2025-04-26,0.0,-0.20441207445375958,-0.5069505088538515,-0.04847699105506062,0.30833378523306554
2025-04-27,0.0,-0.3163466122087083,-0.5917221659057912,-0.06706611267128301,0.1826763048269923
2025-04-28,0.0,-0.41888556130999716,-0.6585861709955543,-0.08669742440484444,0.14106498924991642
2025-04-29,0.0,-0.5216472140331433,-0.7352462032675386,-0.10616272770025913,0.09854029406049733
2025-04-30,0.0,-0.5753359748078977,-0.7733828699233958,-0.125411283157534,0.06014930851003993
2025-05-01,21.1,0.017634912222969864,-0.30875338463233404,0.13356426400671867,0.2942704357565589
2025-05-02,0.0,-0.14131595585725673,-0.4437445247214938,0.1127336954909328,0.2551858096322033
2025-05-03,7.3,-0.014300564933953536,-0.32439288632044694,0.18267962543461166,0.31496846843088117
2025-05-04,0.0,-0.16672283046244477,-0.45185511429415753,0.16108698428361096,0.27480377019303015
2025-05-05,0.0,-0.3201870149815901,-0.5772905566641402,0.13918767528989273,0.23571284718982638
2025-05-06,0.0,-0.4296997669480102,-0.6753368059053282,0.11814031520129173,0.19809344493411193
2025-05-07,0.0,-0.500478039931817,-0.7269361913907902,0.09741664944643336,0.13082307345138214
2025-05-08,0.0,-0.6013905902422887,-0.8209352626348578,0.07775740634953304,0.09066887669756613
2025-05-09,17.6,-0.17123486502557175,-0.4731013672907247,0.2686833920914587,0.28313075828388856
2025-05-10,14.1,0.14061409329565816,-0.2265164160532936,0.4097269258032203,0.41876982355570885
2025-05-11,0.0,-0.08845687748572627,-0.4077302179630237,0.3886608205982318,0.3843829370646073
2025-05-12,0.0,-0.2644238464112153,-0.5348720471290909,0.367873766185016,0.35041065120374243
2025-05-13,0.0,-0.34623920444902095,-0.5874026225912121,0.34667180012487026,0.2874166315013013
2025-05-14,0.0,-0.467642529322247,-0.6622399409466129,0.3273847670818172,0.25540145718436047
2025-05-15,1.1,-0.5483378539412673,-0.71878903321547,0.24885436819840467,0.23889000810354102
2025-05-16,51.3,0.8679665453357592,0.44209740429203714,0.7711484810336763,0.7678387047784081
2025-05-17,2.2,0.5832198147396852,0.2316815979620489,0.7733502900813322,0.7609159781279228
2025-05-18,0.0,0.4167850187741365,0.07551294630730142,0.7534638246287642,0.7318484956700751
2025-05-19,1.6,0.3327156398896533,0.007321703386733146,0.7481090390090539,0.7189892959999112
2025-05-20,1.0,0.2613896797362513,-0.05662039958984116,0.7370122722154191,0.70193733836821
2025-05-21,0.0,0.17775842495535848,-0.1288061574161998,0.7153766040950668,0.675458864139157
2025-05-22,0.8,0.13423733475409325,-0.1740464704589817,0.7032769148273516,0.6593256674422701
2025-05-23,1.2,0.07447175127408844,-0.21328403222824593,0.6963634075402944,0.6495098825005834
2025-05-24,4.3,0.11575249756788478,-0.16254601587776066,0.719086489532625,0.6707258592280583
2025-05-25,0.0,-0.003197920750728374,-0.2600444718659132,0.4486783068360583,0.6502479045001083
2025-05-26,0.0,-0.109001012737823,-0.3429105796213268,0.20255470529213604,0.6295372702251681
2025-05-27,0.0,-0.20232390017270566,-0.4025715501223678,0.13276439247527894,0.6084544645158796
2025-05-28,0.0,-0.25710948521982147,-0.4419442008085063,0.11501051977973856,0.588204274211343
2025-05-29,0.0,-0.30432920821257015,-0.47391046169983486,0.09903585703861659,0.5699178166690102
2025-05-30,0.0,-0.34333009794977715,-0.4995362594860321,0.07745489508803587,0.5452896612701309
2025-05-31,0.0,-0.4066244433851804,-0.5496843687565625,0.06078555399906204,0.41296755609125935
2025-06-01,0.0,-0.47028811138915927,-0.5913854700228383,0.0452561923411314,0.2932786382020884
2025-06-02,0.0,-0.471848958826363,-0.5896882793064846,0.029471668823219752,0.23676743103328138
2025-06-03,0.0,-0.5210532103005995,-0.6211626399145099,-0.006396732462862625,0.2203713150173364
2025-06-04,0.0,-0.5881037233609324,-0.680658181071261,-0.02311570628998413,0.20441756887299847
2025-06-05,0.0,-0.6372858544343476,-0.72272307489564,-0.04040720991341358,0.18754477382348123
2025-06-06,0.0,-0.658337810196422,-0.7400676443061021,-0.05857908556585641,0.16989046201887878
2025-06-07,0.1,-0.6482556380179544,-0.7267431206798927,-0.07582417111282416,0.15340968727580054
2025-06-08,0.6,-0.6709303145416262,-0.7427168230291532,-0.08996803790088943,0.14053010220892528
2025-06-09,0.0,-0.7562673107135589,-0.8133504230345228,-0.11069950900580579,0.12127636973281182
2025-06-10,0.0,-0.7876384253407772,-0.8360778280313474,-0.13249025460632502,0.10091662327909248
2025-06-11,0.0,-0.8504793099707829,-0.8644826584541683,-0.15639112100099847,0.07819312334008197
2025-06-12,0.0,-0.9114147101225402,-0.9209801466162064,-0.18071334220566604,0.0554796991121031
2025-06-13,1.5,-0.8684387662622663,-0.8926131249788174,-0.19041817967072444,0.04771750229320187
2025-06-14,0.0,-0.840513153476785,-0.8645174674094833,-0.21672639942813526,0.015267292329030837
2025-06-15,11.8,-0.5441384972910921,-0.6040384395184774,-0.13393641962874198,0.09703245810221106
2025-06-16,20.0,-0.2878779574256422,-0.4053582096937423,0.01445870101576584,0.15912414427245997
2025-06-17,0.0,-0.4697907095246441,-0.5545855459766343,-0.021778805127749892,0.123863408921092
2025-06-18,0.0,-0.5714625242828352,-0.6299755102518283,-0.06203139248567059,0.08786605830955002
2025-06-19,0.8,-0.612382349843258,-0.6706129682957992,-0.1168637065020108,0.05895055341523725
2025-06-20,51.1,0.5310124212368312,0.35884526610622386,0.25740598985556273,0.44797109138434793
2025-06-21,0.2,0.24112166310581795,0.10971788858979248,0.21731184667118864,0.41065635487385466
2025-06-22,0.0,0.08436791982263617,-0.04127036191757697,0.17531830629317843,0.370705310074422
2025-06-23,0.0,-0.07372182013808389,-0.18782787350016483,0.13200593970824037,0.32938606816575056
2025-06-24,2.3,-0.14847113610937263,-0.24704813114152574,0.1049896232138738,0.3037298975910422
2025-06-25,8.0,-0.11102072596480683,-0.20665194425864314,0.11688325628106029,0.3163706822324492
2025-06-26,1.1,-0.2040313377071344,-0.29261414077184417,0.0784075513227306,0.2789247870108642
2025-06-27,0.0,-0.33815053177418286,-0.4226131421008115,0.032031988693011076,0.23228869964268228
2025-06-28,0.6,-0.45469001944049914,-0.5389499286442012,-0.011228037189258536,0.1886176232968246
2025-06-29,0.0,-0.4945686552065371,-0.5752236990431796,-0.059033117536229814,0.13993442474410478
2025-06-30,0.0,-0.5999219206689207,-0.6611120274299339,-0.10738428544686303,0.0905327331082827
2025-07-01,0.9,-0.7236329011679665,-0.7771682954926291,-0.15087187243281433,0.04576512973128686
2025-07-02,0.0,-0.805993057615048,-0.85924040995025,-0.2003627913144698,-0.005688938759861101
2025-07-03,0.0,-0.9145663868282636,-0.9449088777339061,-0.24917153848539106,-0.05639583298958357
2025-07-04,0.0,-1.0284567529645097,-1.049037694164513,-0.33893966743996706,-0.26218256859714323
2025-07-05,0.0,-1.1177191860350573,-1.125211013707581,-0.40511382127442214,-0.30958795083218343
2025-07-06,0.0,-1.1825277847174953,-1.1785341517547994,-0.4531598154489955,-0.3569009120030709
2025-07-07,0.0,-1.1884224104882386,-1.1785558349768543,-0.5007715138918578,-0.4042400942858906
2025-07-08,11.8,-1.0431569980687407,-1.0797685972911615,-0.4787605905789305,-0.3789656463267086
2025-07-09,0.0,-1.0749194406539644,-1.1135775994481045,-0.5282587022600582,-0.4281375607357628
2025-07-10,0.0,-1.2320948481581593,-1.2604142378665195,-0.5795699490844453,-0.47916104322241526
2025-07-11,0.0,-1.378209650712257,-1.3856673655880953,-0.6300481829846871,-0.6329028460466716
2025-07-12,0.0,-1.2783532163307532,-1.2847719485264941,-0.6871089284227896,-0.7097466823444223
2025-07-13,0.0,-1.2691434872376837,-1.2805241708193646,-0.7378086260882417,-0.8096097842685204
2025-07-14,13.6,-1.1865230762428531,-1.1891110489695116,-0.711022309968702,-0.7657822763464524
2025-07-15,4.0,-1.3003049679631613,-1.2914405070207335,-0.7400352057629836,-0.7880566065195691
2025-07-16,73.1,-0.42743915038434027,-0.5416072339881584,-0.4013597793387614,-0.3823145995592836
2025-07-17,75.5,0.13834005613089756,-0.08734527169737684,-0.09041228734614525,-0.02149897302380854
2025-07-18,16.1,0.06977536724849069,-0.14932567686926776,-0.06697172847807502,-0.03234651870155468
2025-07-19,84.0,0.9180569621711595,0.5182725495841879,0.24026901775649265,0.3178449522640329
2025-07-20,14.8,0.8425369126103447,0.445757310965841,0.2504176457909467,0.3374945536466673
2025-07-21,0.0,0.6013126987208147,0.25034704375845457,0.20203421394687046,0.1383563740179396
2025-07-22,0.1,0.4033012017267068,0.09256303981173157,0.15411717238699282,0.09496567965763665
2025-07-23,0.0,0.2180833152515434,-0.06004306052932686,0.10566785360158953,0.050939829895006734
2025-07-24,0.0,0.059832375746957656,-0.19315225357897245,0.05695446259197058,0.006687592340774424
2025-07-25,0.0,-0.10806162528712161,-0.3226260664541665,0.009632002313400116,-0.035945039678748666
2025-07-26,0.0,-0.23117387734278302,-0.42457930368025415,-0.059216191672124184,-0.07714507520106026
2025-07-27,0.0,-0.2505857858089448,-0.4083690269691608,-0.1053981693376417,-0.11707354139914253
2025-07-28,0.0,-0.3406036361976175,-0.4683321968951578,-0.1508395265275989,-0.1557126938920261
2025-07-29,0.0,-0.446070649184976,-0.5484746019219806,-0.19450691441471854,-0.19353287202132027
2025-07-30,0.0,-0.5324245484167808,-0.6185071666395694,-0.24725161591675066,-0.3277057251858023
2025-07-31,0.0,-0.5835154510862701,-0.6542480190340167,-0.2888157549268292,-0.3622162437128885
2025-08-01,0.0,-0.6609508455745435,-0.7203249550346243,-0.3290255199233625,-0.42921347595029746
2025-08-02,0.0,-0.6764152450693209,-0.7604854692973153,-0.36866444179088603,-0.4607922702410014
2025-08-03,1.3,-0.7576009225651421,-0.8007232592116428,-0.40328201646759554,-0.4864646826025688
2025-08-04,1.9,-0.7950746368323506,-0.8538510760143858,-0.4348634541080107,-0.5084818557773727
2025-08-05,0.0,-0.9031799950985705,-0.9274846567686272,-0.483888197615238,-0.5396022047436775
2025-08-06,22.0,-0.6599941499045473,-0.7751875305761696,-0.43578485897722674,-0.46812233028823486
2025-08-07,0.0,-0.7024715700231989,-0.807933685970006,-0.4750595141303646,-0.5803941598988188
2025-08-08,6.3,-0.5755241775185312,-0.712448314860728,-0.487585786933781,-0.6457846757257658
2025-08-09,3.5,-0.6925606402233181,-0.7762407255939615,-0.5100692610531752,-0.6560543027427798
2025-08-10,0.0,-0.7757448763342331,-0.8295317006278166,-0.5448906115671917,-0.6809993843927257
2025-08-11,0.0,-0.8461981787224045,-0.8775621596838808,-0.5893221579199072,-0.704884945469404
2025-08-12,0.0,-0.8841476140058151,-0.9145101501862812,-0.622229725665052,-0.728095765953594
2025-08-13,126.7,0.3730804175539322,-0.07543347994727712,-0.17237867878781657,-0.2101433533047752
2025-08-14,47.8,0.44786318486062265,0.10468598635598136,-0.0352633903857294,-0.2487262904773087
2025-08-15,0.0,0.13246422238404712,-0.05389836550952188,-0.06662756518198326,-0.28199239493625283
2025-08-16,0.0,-0.05226632394586206,-0.15623394085148537,-0.09799239074205163,-0.30618865487421953
2025-08-17,0.0,-0.19048859906589172,-0.2404450175694855,-0.12905820003455887,-0.3364305637177129
2025-08-18,2.2,-0.2843290095082461,-0.3030836466893609,-0.15227009794937676,-0.35523078005548464
2025-08-19,0.0,-0.3765089998233317,-0.3706701428824821,-0.182382791676592,-0.37790607930774023
2025-08-20,0.0,-0.4560177938642403,-0.4355032944507333,-0.2112206621309266,-0.40276485372537424
2025-08-21,0.0,-0.559744893302236,-0.5177136420114733,-0.24019320278332285,-0.4298258162522631
2025-08-22,0.0,-0.6461981227127767,-0.5890425785363308,-0.2687035054207323,-0.46911100958194973
2025-08-23,0.0,-0.66702036487605,-0.616950291771057,-0.2962892272508555,-0.4899311652645492
2025-08-24,0.0,-0.6606474043675338,-0.6284929314720499,-0.3224914290755735,-0.509181257495602
2025-08-25,17.1,-0.5774050723597284,-0.5622466637664523,-0.2886178890478631,-0.46079071465169236
2025-08-26,5.4,-0.6104204027466325,-0.5841477189140564,-0.2948966995856198,-0.4585898191266712
2025-08-27,0.0,-0.677741595310954,-0.6401940651548385,-0.31955441011645674,-0.477871031702143
2025-08-28,0.0,-0.8043577278675277,-0.7430409683846994,-0.34604458638938973,-0.49680444400216445
2025-08-29,32.2,-0.4772713504457447,-0.5258187037335496,-0.2985731486738962,-0.391729211133799
2025-08-30,23.9,-0.30938360392959513,-0.40475048468823477,-0.2747199912105801,-0.32060322973666294
2025-08-31,0.0,-0.4587956200593718,-0.5221043364037907,-0.31040783946256,-0.33776642657116596
2025-09-01,20.4,-0.3051710282515853,-0.41996662699597465,-0.2615204029097603,-0.27963079900004156
2025-09-02,0.0,-0.38384518650715216,-0.4919616319330664,-0.2826657673911383,-0.29627566128615596
2025-09-03,0.0,-0.49778240332597695,-0.5705963076305183,-0.3034947644713009,-0.31214420962157186
2025-09-04,44.2,-0.12405191789023234,-0.2098517431465746,-0.17447465949884045,-0.17007750281789064
2025-09-05,0.0,-0.22711695600065973,-0.27896090393730955,-0.19347499630187634,-0.18423325803082322
2025-09-06,36.1,0.13363815395923365,-0.11617879112965811,-0.09330540320505945,-0.07535587187419804
2025-09-07,0.2,-0.007439986394790805,-0.22657197861943698,-0.1106463612771612,-0.08710880804357624
2025-09-08,0.0,-0.09888440561772233,-0.292014169642771,-0.1273882478117542,-0.0980533907921283
2025-09-09,0.0,-0.16386954748737445,-0.3307817416405069,-0.14365477219158324,-0.10748049014389631
2025-09-10,0.0,-0.21267091995289877,-0.364842487047626,-0.1589790794485173,-0.11577128060256313
2025-09-11,0.0,-0.22573206605444449,-0.3652652533570925,-0.17334119691425204,-0.12834710047109268
2025-09-12,6.8,-0.22090367393388757,-0.36029512538950137,-0.16709387959364938,-0.11074428100418042
2025-09-13,63.7,0.4070782195198317,0.1041599352559271,0.022059357610307077,0.05837857543399999
2025-09-14,0.0,0.2929401826545241,0.0010960505887672948,-0.019853465796916908,-0.0073059800926462155
2025-09-15,0.0,0.20821517599403647,-0.06889229594430653,-0.03046970824136346,-0.005585623206484228
2025-09-16,17.5,0.3504301878812111,0.03596257356312348,0.013809860307352154,0.054399885047796734
2025-09-17,52.7,0.9069248062777441,0.46355243305578436,0.16459020801178978,0.22248434262869063
2025-09-18,0.0,0.6937555810514702,0.31691544774827335,0.15651896999385823,0.06713981610164019
2025-09-19,13.8,0.7327799995877541,0.34196760165734624,0.1901016510052267,0.1175060412141605
2025-09-20,35.3,1.0217484094662892,0.5676477812669026,0.2858592521169146,0.23456771650506045
2025-09-21,0.0,0.7190393533956236,0.4013762032564366,0.2792795952065704,0.24343000958504069
2025-09-22,0.0,0.7197422843780655,0.3463967050903903,0.27317981119747503,0.24684557746747454
2025-09-23,0.0,0.692578963401039,0.2970455592223983,0.2664730383387502,0.23437241480398868
2025-09-24,35.2,1.1208420643090757,0.592477522371594,0.36120203365883946,0.3484962644388955
2025-09-25,0.3,1.0592384456175887,0.5284868784353485,0.35712880213781967,0.3630592489418262
2025-09-26,0.0,1.0098677131406588,0.48309925988046004,0.352816148552819,0.3767081067599175
2025-09-27,0.0,0.9472617801970844,0.43861635461208204,0.34931086625358015,0.3938322763932565
2025-09-28,44.5,1.5312639495918514,0.8468831622824643,0.4695822913399045,0.537564044528008
2025-09-29,0.0,1.3824392032893469,0.7348955210735664,0.4665527125908314,0.5543568134714943
2025-09-30,0.0,1.231834002807837,0.6485347271502895,0.4638627209121682,0.5747803574623717
2025-10-01,0.0,1.1354110626912703,0.5842432959632587,0.461223773638134,0.5958946731358581
2025-10-02,0.0,1.0606392295723646,0.5303284829461469,0.39633207561812644,0.6176575276034092
2025-10-03,0.8,1.018380863429716,0.49786700853994487,0.3969799724945173,0.6425859537517706
2025-10-04,0.0,0.9836858350045151,0.4662889995307957,0.3960987101141048,0.666226113454802
2025-10-05,18.1,1.2167694863855243,0.6313814983086051,0.44540038451075836,0.7383448641894323
2025-10-06,36.8,1.7166232009265248,0.9858761002974338,0.542739141737032,0.8281256326749673
2025-10-07,7.1,1.6873375031478304,0.9678344776837496,0.5628893181609264,0.8730270558610912
2025-10-08,0.0,1.6023656708322727,0.8991333116348055,0.5641629966551409,0.8998972165043551
2025-10-09,0.0,1.5351924084133413,0.8456477933919039,0.5242380085429221,0.9264488800328099
2025-10-10,49.3,2.2249066756637266,1.3596409478684925,0.6455779173850955,1.074157498388523
2025-10-11,22.5,2.4487456201767266,1.5079686149679823,0.6870573244971138,1.1543850868492975
2025-10-12,0.1,2.234902443052807,1.386703260730201,0.6895932930397739,1.1504203698324031
2025-10-13,25.1,2.572945538126484,1.623177851193294,0.7568907456828385,1.2266389689082435
2025-10-14,0.6,2.4304463500050284,1.5174249706783576,0.76086695873477,1.0837911180860569
2025-10-15,1.5,2.3732504208089824,1.4650885685354458,0.76757138855795,0.9321267316713354
2025-10-16,1.3,2.341291310114058,1.4351152081858771,0.7502290663109471,0.925233692829938
2025-10-17,11.3,2.5063949202036766,1.542764525804336,0.7826492624854944,0.7700754592831338
2025-10-18,11.2,2.617140780236361,1.6234582507223532,0.8149358237672446,0.7935536985802542
2025-10-19,0.0,2.5688789077800696,1.5705020441357496,0.7290407514727911,0.8275508675892382
2025-10-20,0.0,2.4967332992696236,1.5098409775584682,0.7329893591722121,0.8622771690861974
2025-10-21,0.0,2.416115100896854,1.4598508644120614,0.7369739058864943,0.8982223415130474
2025-10-22,0.0,2.3807073394558382,1.421309508181077,0.7409032515032379,0.9361095436479627
2025-10-23,0.0,2.3142232339169304,1.3758164104770856,0.7449387251468645,0.9742046728018846
2025-10-24,0.0,2.268461486520282,1.337030846595412,0.7489341580595154,1.0130957206786142
2025-10-25,0.0,2.238181520727086,1.3087139469201121,0.7530395243223792,1.0527706975067102
2025-10-26,0.5,2.258465613278594,1.3011471736386249,0.7585792061316325,1.093799624573563
2025-10-27,0.0,2.1635039333887223,1.247053406034856,0.7627596928283246,1.1332492234685347
2025-10-28,0.0,2.0817837618059576,1.2047929066415626,0.712172511533319,1.1727801311655974
2025-10-29,0.0,2.05811215471906,1.1795293370395978,0.7168433345727674,1.2122085691103248
2025-10-30,0.0,2.0404188937538543,1.1578946567128252,0.7028719074303686,1.2510007142704516
2025-10-31,0.1,2.009714941023075,1.1296978803386226,0.7084355374899721,1.2892626413265973
2025-11-01,2.4,2.0301961756239413,1.1406013467555645,0.7201254769570565,1.3301079627439574
2025-11-02,0.2,1.9617642639971202,1.1009897221872715,0.7258904479947009,1.3639371369403197
2025-11-03,0.0,1.9268035530156113,1.0756837706338749,0.7311870120624515,1.4033463721970736
2025-11-04,0.0,1.8598442521841954,1.042456748490763,0.7361628594547833,1.3846531096106154
2025-11-05,0.0,1.7648537698597346,0.9953804863767926,0.6944866582079153,1.4254763970198785
2025-11-06,0.0,1.6506919832246827,0.9355132330370648,0.6620587456027974,1.45028845795273
2025-11-07,0.0,1.5550116653851704,0.8794314437254428,0.6669983470185982,1.4839340073762994
2025-11-08,0.0,1.5021628245505316,0.8417167825181991,0.6720459332334348,1.5285068602571006
2025-11-09,0.0,1.470866752970671,0.8164340834358128,0.6770528515953878,1.573381838897486
2025-11-10,0.0,1.4486960591093825,0.7929813915813109,0.6820884134834755,1.6171336189855436
2025-11-11,0.0,1.406175187404414,0.7608806299970884,0.6838103465152539,1.2869667613032627
2025-11-12,0.0,1.3382647207526537,0.7196387718149068,0.5503097740335293,1.1780423916606355
2025-11-13,0.0,1.2772512573314576,0.6845989662090556,0.5486732826423749,1.224240507140621
2025-11-14,0.0,1.2655865482587125,0.6676074852807423,0.5530785740530956,1.2723616353193408
2025-11-15,0.0,1.2410254090371138,0.6494221133785194,0.5531085402825004,1.3216494711777589
2025-11-16,0.3,1.2140485468850142,0.6290940996445554,0.5556491365957275,1.3648889838192022
2025-11-17,0.0,1.1785906994707174,0.6052704284502177,0.5602014935399312,1.4140933182903426
2025-11-18,0.0,1.1234177348974463,0.569237332545266,0.56216325390897,1.4634238416551169
2025-11-19,0.0,1.0700769164153212,0.5307014234641537,0.5625815098986027,1.5158360468758492
2025-11-20,0.0,0.9916095102739172,0.4941929487575487,0.5545837612616842,1.568689922453876
2025-11-21,0.0,0.9939433982094641,0.47936715624247334,0.5585351514134999,1.621896215290761
2025-11-22,0.0,0.9581043282331251,0.45137325427039743,0.5627883519264791,1.6727178957269104
2025-11-23,0.0,0.9329160767379729,0.4304269481874175,0.5671525966784284,1.664867376855735
2025-11-24,0.0,0.9236266456647739,0.4153330694740436,0.5717020588889294,1.699666825258376
2025-11-25,7.8,1.0601247356110266,0.5219406143801878,0.597165022729661,1.783480477967429
2025-11-26,0.0,1.0104905633684345,0.4781667690703127,0.6017095051864452,1.8408760362134986
2025-11-27,10.0,1.1962781608662323,0.620342596044628,0.6334245768262866,1.816775406442301
2025-11-28,0.0,1.1152811181031128,0.550815064783221,0.6381276076614094,1.7833275106524469
2025-11-29,0.1,1.061644821635762,0.503312048614412,0.6429919357720549,1.8444021618988815
2025-11-30,0.0,1.0131413791658552,0.4636162637770701,0.6475925269587178,1.8217154211817599
2025-12-01,0.0,0.9797734608093432,0.43280920913583,0.6522953353249988,1.8866243056929624
2025-12-02,0.0,0.9292739118231391,0.40011017963734874,0.6572428476274275,1.9562950540370578
2025-12-03,0.0,0.8972411571050342,0.37633394474518694,0.6627579003981429,1.8316701943447198
2025-12-04,4.0,0.983163279393759,0.4315304429431547,0.6788675522029214,1.9217266760071592
2025-12-05,0.0,0.9494548846538056,0.4015146500012541,0.6835800964217913,1.822330415075664
2025-12-06,0.6,0.9287088791939099,0.3861767351762765,0.6922182676200754,1.9013202405079
2025-12-07,0.0,0.9024345941625073,0.36397914400644815,0.7000268638078122,1.9789791333815812
2025-12-08,0.0,0.8800805645585464,0.3442817999126767,0.7086581561508586,2.057491786036897
2025-12-09,0.0,0.8669402887640655,0.32584974926665294,0.7174429815748032,2.1389650350788356
2025-12-10,0.0,0.8423295325114097,0.3049388332614768,0.7223218112351694,2.225093701823968
2025-12-11,12.9,1.1456672025996975,0.5396394752934591,0.7671547360861365,2.342387836413699
2025-12-12,0.0,1.082170702989605,0.48492577063325576,0.7466100204892817,2.0533383999092596
2025-12-13,9.5,1.2667626860978496,0.6322277307596297,0.7305357430360635,2.183584885785415
2025-12-14,0.1,1.1756462586356264,0.569525196518035,0.7444617434447844,2.2589026358762228
2025-12-15,0.0,1.089879698606957,0.5166959245861795,0.7585722215831822,2.221147645756433
2025-12-16,2.1,1.1032969828569312,0.5234215879986528,0.7767396190021398,1.9489180466945846
2025-12-17,0.0,1.043605104736288,0.4825861243251957,0.6450978856394621,1.9991098674410452
2025-12-18,0.0,1.0168134260193207,0.4556509999776569,0.658812238571434,1.961260054680658
2025-12-19,0.0,0.9900237958362424,0.4333633651324604,0.6736831979678087,1.7496857124736445
2025-12-20,0.3,0.9680379482512492,0.4148346093066325,0.689868618519779,1.80800695771193
2025-12-21,0.0,0.9298343706513014,0.3863724203210464,0.699459157260989,1.8658303770878704
2025-12-22,0.0,0.9123420958341002,0.3647344314539652,0.6941432736459231,1.926028041110031
2025-12-23,10.8,1.1673063857251829,0.5712757131292301,0.7385697985432967,1.7762659310994557
2025-12-24,0.0,1.1028473862157175,0.5123676789026027,0.7570933011405945,1.8283429531470987
2025-12-25,0.0,1.049102604955726,0.47246302052403377,0.7748608810515938,1.879609362935462
2025-12-26,0.0,1.0090620986849597,0.4426318947699118,0.7952692462776861,1.9258920673421607
2025-12-27,0.0,0.9732376023844141,0.41571170269848307,0.816052508655321,1.5390757328555216
2025-12-28,0.6,0.949377636431494,0.3973418150601493,0.8374559096966647,1.5893719251758476
2025-12-29,0.3,0.9158321825783626,0.37323127109796406,0.8615878416816863,1.6356008474217447
2025-12-30,0.0,0.9312146024091449,0.3347069404026478,0.8857475858665573,1.6803897885063885
2025-12-31,0.0,0.888788517939974,0.3000130214800949,0.9103963400973124,1.7279462022291447
