date,precip_mm,CEDI,EDI,SPI6,SPI3
2010-01-01,0.0,-0.7427118100404055,-0.04933917913568368,-0.21467142425102415,0.30417790128347927
2010-01-02,2.5,-0.6771288864084549,0.02783458821338618,-0.18108067232040426,0.34700604872952356
2010-01-03,0.0,-0.7875583603709918,0.025110617566835115,-0.17097010193676523,0.3714561491557032
2010-01-04,13.5,-0.2988904033316255,0.43119604775330883,-0.0915625588861498,0.4874129104218493
2010-01-05,0.0,-0.4013609132703016,0.36751961303281466,-0.6288538319562774,0.4853031860658811
2010-01-06,0.0,-0.46207440422591045,0.3197532621769913,-0.6030891630444396,0.4974489412562279
2010-01-07,0.0,-0.4895153352999221,0.27466937552218096,-0.5806329989376836,0.5192301637742338
2010-01-08,0.0,-0.5125789362194357,0.2504860973032772,-1.1866215030234784,0.5406592045628257
2010-01-09,0.0,-0.5638356650006048,0.22350449566640168,-1.1598389247419374,0.561975133647184
2010-01-10,0.0,-0.5761489040961423,0.21027477358182925,-1.284120047366285,0.582664935749206
2010-01-11,0.0,-0.5428974249143448,0.19572736987231465,-1.2642276997100765,0.6042407330519223
2010-01-12,0.0,-0.5543489671034219,0.16988907994028862,-1.2395012373607228,0.5700269926574674
2010-01-13,0.0,-0.6002917777559674,0.14262173815500867,-1.3547915200975136,0.5906729451202631
2010-01-14,0.0,-0.5856109668514494,0.10917714341308575,-1.434104767332953,0.6113056281501543
2010-01-15,0.0,-0.6065741446764273,0.09177740960756967,-1.4142091177618996,0.6292088996615817
2010-01-16,0.0,-0.6465975767803359,0.07618327064024703,-1.396465154994338,0.6335812573138121
2010-01-17,0.0,-0.6814068108312957,0.07389383596284577,-1.3750718406671663,0.6042457685547876
2010-01-18,0.0,-0.7126253407844408,0.07040917101404037,-1.3535472131988715,0.621469516689917
2010-01-19,0.0,-0.7220843868971089,0.060356882262193316,-1.4619159700300375,0.6370709422453676
2010-01-20,5.5,-0.5246841006748735,0.21328246119493602,-1.4365576400518782,0.6916965618469473
2010-01-21,14.0,-0.11770300878246237,0.6179687210244221,-1.4095070166725718,0.8060112051169729
2010-01-22,0.0,-0.2277433510557833,0.5367252981859727,-1.3851403668877345,0.8211405050079614
2010-01-23,0.0,-0.28136131621352994,0.46947688426635764,-1.3602015726037087,0.838203164039474
2010-01-24,0.0,-0.317486459946263,0.44074924749877165,-1.3361600515212504,0.8555789984580346
2010-01-25,0.0,-0.3403418304888538,0.42412553503275985,-1.3783973527485873,0.8720869800510781
2010-01-26,0.0,-0.3783092947673059,0.41331385444970614,-1.3552159462731634,0.8868054643390658
2010-01-27,0.1,-0.41195048170967813,0.3921209670089314,-1.3307367793500273,0.9029330566277157
2010-01-28,0.0,-0.4388801951251009,0.33899516902390714,-1.306719520431104,0.9163254609400743
2010-01-29,0.0,-0.4635626412258711,0.29540876920941295,-1.2818879018562446,0.8526352708861982
2010-01-30,0.0,-0.48418156020018993,0.2436922220196786,-1.2547625626429963,0.4721166938891416
2010-01-31,0.0,-0.4766701708690284,0.20029634867827623,-1.2241426477454893,0.11148156807439367
2010-02-01,0.2,-0.4814343494081476,0.18708190359229285,-1.1933364434628855,0.12567917032950554
2010-02-02,0.0,-0.5172620719269534,0.1878071576628119,-1.1837059280621327,0.13753180782510468
2010-02-03,0.0,-0.5462026847342537,0.1895480867144126,-1.187393482149121,0.14857288037677316
2010-02-04,0.0,-0.5418715974021102,0.18950263027665748,-1.157695803853668,0.15799291952194508
2010-02-05,0.0,-0.5668274205779299,0.18586562100443735,-1.125226339984231,0.16796541630885103
2010-02-06,0.0,-0.5868686104417732,0.1869776091445681,-1.0897979892289713,0.13572436117664108
2010-02-07,0.0,-0.6017376148414524,0.18712118528413224,-1.3878684789270062,-0.10287842273155813
2010-02-08,0.0,-0.6369704311687693,0.19513422959381652,-1.9127123947623454,-0.5232194594799501
2010-02-09,10.0,-0.305389801420652,0.5506746186892858,-1.8013732493802048,-0.5278156422896815
2010-02-10,18.5,0.31787852973061753,1.130981581647164,-1.6306068463111525,-0.32563475956542803
2010-02-11,28.5,-0.19133824380230077,-0.5449773040772307,-1.404974345442266,-0.08168658790514126
2010-02-12,33.5,0.7950069588299321,0.30456726977654036,-1.1628469440431435,0.28468855400077075
2010-02-13,0.1,0.4614963929875374,0.009529363152119425,-1.1205092177417018,0.29267256637977573
2010-02-14,0.0,0.23669630497981303,-0.1983083428786623,-1.0749887072204702,0.29815863765177164
2010-02-15,0.5,0.05935640491626947,-0.3360728556900312,-1.0266634869805977,0.3078254288024913
2010-02-16,2.0,-0.01448661013577256,-0.40020818160607124,-0.9743697839350152,0.33042800764711255
2010-02-17,0.0,-0.13379845073160984,-0.5171019148298149,-0.9312925666240133,0.3332551012882179
2010-02-18,0.0,-0.22589233293936248,-0.6003973262258651,-0.8895305480383752,0.33500753552287527
2010-02-19,0.0,-0.30528842659671473,-0.6849637309323884,-0.8602033720413246,0.3362444019093995
2010-02-20,0.0,-0.36383615260533136,-0.7507444952394514,-0.8190105335324422,0.3370359159986519
2010-02-21,0.0,-0.42293777053715564,-0.7805630098307299,-0.7797201838576897,0.3374829129862681
2010-02-22,0.0,-0.47292876428975567,-0.7778983648433982,-0.7470350597786023,0.33594630766171474
2010-02-23,0.0,-0.49757332211178684,-0.7857620633030609,-0.7405558281937193,0.33258979482983847
2010-02-24,0.0,-0.534300913173235,-0.8265022483663217,-0.7011925662060736,0.3302437092864404
2010-02-25,0.1,-0.5652651134055404,-0.83348713526633,-0.6908601609339604,0.32817835022454467
2010-02-26,1.0,-0.5885015957739094,-0.8402841844339116,-0.6471646095082504,0.23103023639642337
2010-02-27,0.3,-0.6536412311799269,-0.900689795748298,-0.6079388710846002,0.19023576241656295
2010-02-28,0.0,-0.701345683311003,-0.9374552101804657,-0.5710815511533989,0.17058174517962638
2010-03-01,43.0,0.4048565230235649,0.05887314029279056,-0.31102407773429985,0.571093330957902
2010-03-02,0.5,0.16488202232918237,-0.1848714016022444,-0.27269934363954956,0.5689761507575734
2010-03-03,0.0,0.00920409874427846,-0.2952954526708127,-0.23855650670209244,0.5543704368171404
2010-03-04,6.5,0.08127050325389959,-0.23483147558927311,-0.17232293533457507,0.604776870760525
2010-03-05,3.0,0.05133392621550439,-0.26236362394779433,-0.1232192592113445,0.6120718732679219
2010-03-06,9.0,0.2036529694786027,-0.12060773678692606,-0.05663964004163946,0.6834326994071593
2010-03-07,13.5,0.46175417282696074,0.11463998521176239,0.010664313216656451,0.789367176193517
2010-03-08,19.1,0.8779883722639479,0.4734283962512387,0.13521843192898797,0.9348839549401318
2010-03-09,14.5,1.1269668083572466,0.7068582296207395,0.23497489698000174,1.0390348998699843
2010-03-10,15.0,1.3934709627383284,0.958738751984335,0.33632816649774,1.0872796698749985
2010-03-11,0.0,1.1933085862539703,0.7670413274946858,0.32626385305439354,1.0331029089732529
2010-03-12,0.0,1.0489594693575768,0.6322311945637685,0.35708682742493,1.0308706641351733
2010-03-13,0.0,0.9599855454189157,0.5316692259873651,0.38840751412647123,1.0291406703254873
2010-03-14,0.0,0.8962082311776906,0.4479644841488658,0.41998055824972746,1.0268404389445707
2010-03-15,3.5,0.9433693879486288,0.4795993688362988,0.46378639418099954,1.0505641177554033
2010-03-16,0.0,0.8338972430005313,0.3753746038127514,0.49010196854635274,1.0462430451400972
2010-03-17,0.0,0.7363980619678139,0.2825141178590469,0.5149495245707917,1.0422712333245656
2010-03-18,0.0,0.6501862486762775,0.2038183624088207,0.5408506338781138,1.039331917679888
2010-03-19,0.0,0.546719078562489,0.12415130220885671,0.5679414246118679,1.0367118485510376
2010-03-20,1.5,0.516043256530316,0.0941841962303154,0.5875063468420104,1.0455262673359649
2010-03-21,0.1,0.42509801613743237,0.010174140181366798,0.6138244763787212,1.043565983406264
2010-03-22,0.0,0.3118912041247808,-0.08144756612338906,0.6393569169046,1.0409310486090582
2010-03-23,0.0,0.2086500799182148,-0.16182538597328774,0.6650748783783283,1.038419043824514
2010-03-24,0.0,0.1076027646778323,-0.2362209183146882,0.6909060616287771,1.036095595052185
2010-03-25,31.0,1.0361499254615665,0.6021725751596322,0.8714760829315427,1.284507978212571
2010-03-26,0.0,0.836021565793876,0.4060078694235369,0.8317739276220406,1.2840713089787892
2010-03-27,12.0,1.0864842210975805,0.6379262306950012,0.835090713945657,1.3773864061251757
2010-03-28,0.0,0.9019749765849661,0.482461979510357,0.8571143491353665,1.3773830096643662
2010-03-29,0.0,0.7501442458638989,0.35954192640842014,0.8778586654246712,1.3771891521918853
2010-03-30,0.0,0.6279994847663879,0.26178875195096357,0.8974106862481509,1.37682692355127
2010-03-31,0.3,0.5804370995825132,0.1945718609785031,0.9168960222000297,1.3766529977517203
2010-04-01,0.2,0.5245194054868373,0.12685973742035997,0.9355409177053418,1.3759079508202245
2010-04-02,0.0,0.45005015875644644,0.044929372976184156,0.952649320083858,1.3521556500912575
2010-04-03,0.0,0.39458260286230495,-0.02627272661549184,0.9691383814527395,1.3461191720544465
2010-04-04,0.0,0.2965357079915286,-0.10041889472456966,0.9846332408187614,1.2260010490003002
2010-04-05,0.0,0.248150140258416,-0.15082228706278422,0.9803601798065177,1.2187279133012447
2010-04-06,3.5,0.2996116885139766,-0.08217883491701904,1.00522987541752,1.2404056754171506
2010-04-07,5.0,0.4124669335907141,0.02481338698461972,1.0459848342258988,1.2750236324362256
2010-04-08,0.0,0.3185516092888242,-0.041977313254333216,1.059541424573387,1.2679496383544897
2010-04-09,0.0,0.2543256579483561,-0.08388373075385404,1.072474625073381,1.2610824147364328
2010-04-10,0.0,0.17035852796290984,-0.14568619973739083,1.0854337686121498,1.2528270834079438
2010-04-11,0.0,0.0992071901774943,-0.21454804433318186,1.0981448200396025,1.243648888100294
2010-04-12,0.1,0.025914048711423755,-0.2549775294393394,1.0690705907408007,1.2360663771475093
2010-04-13,0.1,-0.03766893784458579,-0.30518951959167656,1.0824650398165225,1.2277710425645731
2010-04-14,0.0,-0.09806487710205071,-0.357231921082051,1.094486580232022,1.217516121870562
2010-04-15,0.0,-0.15261926671176704,-0.397541392821696,1.1046696794359863,1.2096436730313238
2010-04-16,0.0,-0.21225462238134943,-0.4473153078072446,1.1168382075971057,1.2017803782194398
2010-04-17,0.0,-0.2843249289564787,-0.5243061291739288,1.0899777008531024,1.1934593565285208
2010-04-18,0.0,-0.3599723302047549,-0.5757743354122837,1.0983655664027634,1.1847832293113694
2010-04-19,0.0,-0.4250359762397378,-0.6465270171764973,1.1053624397933866,1.1776035949734212
2010-04-20,0.0,-0.48653329381672067,-0.6980985259212676,1.1127886286054465,1.123804388127113
2010-04-21,5.5,-0.3445453286904618,-0.5998764664150437,1.1510882580042874,1.0415204281331183
2010-04-22,8.5,-0.09592176112850932,-0.3854957329457596,1.206286892340339,1.1105694075386392
2010-04-23,2.0,-0.1375514706531649,-0.4424567237476029,1.22593175884939,1.1197127156602984
2010-04-24,0.0,-0.2112006543985484,-0.5105853783605573,1.2352010280321906,1.1105774506561843
2010-04-25,0.0,-0.27919977721187633,-0.538666431786525,1.2440594641985891,1.1011659953858317
2010-04-26,3.0,-0.2712735567576931,-0.5395329003353322,1.2684770857499803,1.1189756012845709
2010-04-27,0.5,-0.35430495852051486,-0.6132925271749142,1.2795013722385526,1.1138151321864038
2010-04-28,0.0,-0.40627449455835846,-0.6515829345359604,1.2853704408243019,1.1027383759581377
2010-04-29,0.0,-0.44149045546112387,-0.63732307354974,1.229208640459062,1.0921366375623551
2010-04-30,0.0,-0.5705841630570028,-0.7545555170078871,0.9369227002130749,1.0812427825948168
2010-05-01,0.0,-0.6585319720330443,-0.8083692007664923,0.6842592436839702,1.0706761605142145
2010-05-02,0.0,-0.6770348256307597,-0.8479475643159874,0.6878264143635439,1.0591730625904325
2010-05-03,0.0,-0.6992153784702182,-0.8846169525587196,0.6908030180983187,1.0505937589091152
2010-05-04,0.0,-0.7391455574178085,-0.9162452033666657,0.6930784239596512,1.0421529890964636
2010-05-05,0.0,-0.7990606458496435,-0.9560938483141245,0.6946409277521677,1.0333696601100453
2010-05-06,0.0,-0.8555154057650777,-0.9775240422312474,0.696367236416975,1.0240780928099802
2010-05-07,0.0,-0.695528506615979,-0.802424761183621,0.6699640245498659,1.0160239679586447
2010-05-08,0.0,-0.7668147279001616,-0.8749441259946911,0.51586824055635,1.0091884456585039
2010-05-09,0.0,-0.8202635587574492,-0.9233469514492783,0.2745233289339719,0.9999774207556025
2010-05-10,0.0,-0.8510625611258263,-0.9238949855393058,0.19095820135184224,0.894230721509887
2010-05-11,8.0,-0.6232956685269253,-0.7425232794617074,0.21577290634052354,0.7814282911709161
2010-05-12,0.0,-0.7256976727334529,-0.8405114855820308,0.14279065751950837,0.47467260439803255
2010-05-13,0.0,-0.6858893099433352,-0.8416854930818063,0.14191631628354381,0.0827403904719873
2010-05-14,0.0,-0.781522313540543,-0.9418129627078847,0.14209304858633198,0.07360372777174207
2010-05-15,0.0,-0.8696397267089193,-1.0143028164897034,0.1422249013371673,0.06689611228573128
2010-05-16,0.0,-0.927946789732906,-1.0114874250110708,0.14175587474656168,0.05431277327638709
2010-05-17,0.5,-0.9402762017373475,-1.0550933761546093,0.14418708474050895,0.030206934634826016
2010-05-18,16.0,-0.43585918361475445,-0.6036329883776824,0.2620887536133191,0.21504923558223546
2010-05-19,0.0,-0.5449681115474646,-0.7349248977411771,0.2599483024949083,0.20969738263399468
2010-05-20,0.0,-0.6126854793807368,-0.7966708297936506,0.25763883889349476,0.20467904586438304
2010-05-21,0.0,-0.6535008926673601,-0.8175786034160424,0.25471987616419256,0.19915884963843916
2010-05-22,1.0,-0.6943963118195533,-0.8592832355922488,0.25968039590358566,0.20660376222316454
2010-05-23,78.0,1.5038541477923741,1.1302893101076201,0.7939815923933154,1.026634259275018
2010-05-24,1.5,0.887548823648086,0.6181494222580102,0.7994403207790501,1.037792329773379
2010-05-25,4.0,0.8275982682656249,0.5154675259213342,0.8213462569327434,1.0721288613626556
2010-05-26,1.0,0.7032475550749396,0.38277973571422275,0.8230773574087752,1.0769063394396714
2010-05-27,0.0,0.6085885179215492,0.28378230941432037,0.750323660841806,1.0636786662510682
2010-05-28,0.0,0.5287566640266662,0.19908558539381332,0.7193691627564012,1.056824333458413
2010-05-29,0.0,0.471538631746793,0.13351506458721618,0.7045909085005639,1.0543558448609343
2010-05-30,0.0,0.3915256877554928,0.058388882648874346,0.6992851915717397,0.6236913738741735
2010-05-31,0.0,0.3054101385246135,-0.02872685146035428,0.6937611674250179,0.616067636986941
2010-06-01,0.0,0.20747688879100523,-0.1206003210914075,0.68240553105168,0.6141929501742734
2010-06-02,0.0,0.1183848338652767,-0.18853202788914353,0.6780505769072391,0.5446365596044389
2010-06-03,0.0,0.03635598462089789,-0.26816928303619647,0.6635757009650641,0.5111436478970088
2010-06-04,0.0,-0.03010647735161889,-0.3416401742083177,0.6584662037356593,0.41090920178305806
2010-06-05,0.0,-0.08767871523163363,-0.3953657230483856,0.6525595910093295,0.2561083303200313
2010-06-06,0.0,-0.15914979004348637,-0.46233227698609064,0.6453319690976569,0.026534721276810395
2010-06-07,0.0,-0.232069282504291,-0.5293087268099659,0.6379743660491288,-0.15661484038936543
2010-06-08,0.0,-0.2790221653970686,-0.5648761336474798,0.5762122938794636,-0.356162973276408
2010-06-09,0.0,-0.3481836116196572,-0.639033681117473,0.519772524725872,-0.36319634417853064
2010-06-10,0.0,-0.40083936584507374,-0.6817131843410856,0.5097713081137968,-0.3725795101312818
2010-06-11,0.0,-0.469612681024688,-0.7265261066888062,0.4972934566562768,-0.3855316629406211
2010-06-12,0.5,-0.4841735735242817,-0.711132029263571,0.4863302991193739,-0.3928568775537522
2010-06-13,0.0,-0.5076607320503577,-0.7196455956533433,0.4709368830144857,-0.4541065993972196
2010-06-14,0.1,-0.555711945977401,-0.7416414126634819,0.4549103565015601,-0.46904393570377295
2010-06-15,8.0,-0.3467207273874721,-0.6246056376712643,0.4931547213070621,-0.3818194429673264
2010-06-16,0.0,-0.4346080373383433,-0.691024282542722,0.4725807382898375,-0.40363124692086144
2010-06-17,0.0,-0.5342005858022532,-0.7519363730131347,0.45085298834597126,-0.4279869664887569
2010-06-18,0.0,-0.6149921749942703,-0.8408025037175616,0.4277013963406813,-0.4725455448179748
2010-06-19,0.0,-0.6328247319628897,-0.8459599650357337,0.4039260964664018,-0.4995132631991367
2010-06-20,2.5,-0.5907960537454693,-0.7680532733134461,0.39532760121577865,-0.4943870300953051
2010-06-21,0.0,-0.6067309523703381,-0.7563399451154975,0.3686731257628438,-0.5214032316374568
2010-06-22,0.0,-0.7024390168501143,-0.8175562589247393,0.34087467469462196,-0.5497114762925495
2010-06-23,0.0,-0.8386043729453025,-0.9262357021270065,0.3130732125126759,-0.9942078874069239
2010-06-24,0.0,-0.837632389796961,-0.9472992390181328,0.28339135182438496,-1.0223071051765957
2010-06-25,0.0,-0.8544683118853128,-0.9734862957288334,0.2524363202135325,-1.224288656005481
2010-06-26,10.5,-0.6094797421250444,-0.7364081220059878,0.29335369824008783,-1.1009739704696035
2010-06-27,11.5,-0.45144213462809313,-0.5754424489445443,0.3386288415228642,-0.9734907102367274
2010-06-28,0.0,-0.5972071948704115,-0.7259972808634366,0.30403056154430325,-1.0033905784559205
2010-06-29,0.1,-0.7025573188625591,-0.8210541664486678,0.26944933886901906,-1.0364105839079336
2010-06-30,1.5,-0.7644641582935375,-0.9049950859382216,0.24216839870789614,-1.052692139790836
2010-07-01,3.0,-0.6801183734533546,-0.8191830185053134,0.2063514343914684,-1.0490765872251349
2010-07-02,9.5,-0.6547525210710841,-0.7607488078504657,0.23045795027730995,-0.9672790569593946
2010-07-03,7.5,-0.6140516873210168,-0.7077722802604498,0.14872480753316078,-0.9163221396324215
2010-07-04,2.0,-0.727007231766123,-0.8219316752695935,0.12087796718423544,-0.9330574290073883
2010-07-05,2.0,-0.7757339793291365,-0.8613635070966863,0.09384806146992054,-0.9910236358505589
2010-07-06,6.0,-0.6864856879843121,-0.7912530704275547,0.09419045210687657,-1.0196035202464178
2010-07-07,1.0,-0.7852197168834512,-0.877122696164536,0.061173600319938466,-1.0491618208738136
2010-07-08,0.0,-0.8835014650684951,-0.9434798540892056,0.02061136464643393,-1.09586389655441
2010-07-09,9.0,-0.7457671166309117,-0.8194098051375983,0.04033856248476447,-1.0395258048212257
2010-07-10,0.0,-0.9270025274187894,-0.9891799602594641,-0.000899523048887367,-1.0870947282937125
2010-07-11,29.0,-0.3957429533208616,-0.49884835515181575,0.1480000471531964,-0.8176254363735757
2010-07-12,0.0,-0.5730554352028668,-0.6542932120093864,0.1081888980277259,-0.8591841960454575
2010-07-13,0.0,-0.6995845499452968,-0.7731868060579877,0.06919482759230619,-0.8976477293830504
2010-07-14,0.0,-0.7628979916193201,-0.8295211815511028,0.030458537297188084,-0.936223360400437
2010-07-15,0.0,-0.8086649153292519,-0.8773210020768247,-0.007504520207106624,-0.9744911695007379
2010-07-16,1.0,-0.8156206593677875,-0.8679688337574365,-0.0380419047302644,-1.001077625171337
2010-07-17,4.0,-0.840560534936245,-0.8860065660461731,-0.04775097187168358,-0.99447177822147
2010-07-18,0.0,-0.8164730968984398,-0.8591403018578739,-0.08209807436340977,-1.0255382390960752
2010-07-19,0.0,-0.9075648796768617,-0.9468607752351875,-0.15083377079385937,-1.0555941189747087
2010-07-20,0.0,-0.9989028245862612,-1.025632910514216,-0.27486065709559526,-1.1413683207933265
2010-07-21,0.0,-1.0679314988681943,-1.085968859926948,-0.30479838639606194,-1.2572527824447652
2010-07-22,0.0,-1.08484134825054,-1.095380266342015,-0.3355180550724667,-1.3068617880027888
2010-07-23,1.0,-1.1476172404779883,-1.1512202502822326,-0.35984872600031365,-1.3237202944908395
2010-07-24,1.0,-1.2853530162826545,-1.2573652896764977,-0.3842686661463792,-1.3426314478255166
2010-07-25,12.5,-1.043992706915608,-1.0573523852143412,-0.33361720490173424,-1.2744437061415268
2010-07-26,0.0,-0.9634980091862401,-0.9962051005538586,-0.36512385182003737,-1.3085686080183447
2010-07-27,0.0,-0.9757497583911457,-0.9861966215787105,-0.3947273547516447,-1.3346536094243318
2010-07-28,0.0,-0.9905198226565267,-1.004112790236973,-0.42277805202173824,-1.3584819698276838
2010-07-29,0.0,-1.0387447488044805,-1.051675455167426,-0.4506383832134082,-1.383559167598909
2010-07-30,0.0,-1.0981251994801928,-1.100513351349483,-0.477858834403468,-1.409560885892339
2010-07-31,0.0,-1.1619111002670697,-1.1540454656900916,-0.5049508294688314,-1.430417602648741
2010-08-01,0.0,-1.2251991987691482,-1.2170264437020908,-0.5302774411673609,-1.4500756619875144
2010-08-02,4.5,-1.0887886803627662,-1.1168994552045683,-0.5269072415560224,-1.4237880256639008
2010-08-03,0.5,-1.005211082840386,-1.043324087859535,-0.5491269120318708,-1.4387228013885394
2010-08-04,0.0,-1.1183392217554826,-1.1199661676703616,-0.5733561011601919,-1.4561385254336883
2010-08-05,0.0,-1.2036934292916033,-1.1948815580166285,-0.5979730826976387,-1.4727283848363641
2010-08-06,0.5,-1.210780146936313,-1.2300855286248957,-0.6200210589313765,-1.4843334800193493
2010-08-07,2.5,-1.2981568297729604,-1.284814060469112,-0.6293173494706272,-1.4773223546840217
2010-08-08,0.0,-1.381265963464905,-1.3704740494329424,-0.7139897394775009,-1.4945174912990968
2010-08-09,0.0,-1.4876126657035882,-1.4870292480804264,-0.852232974035753,-1.588067906623067
2010-08-10,13.5,-0.8839284878530239,-1.0293868554579728,-0.9695636538397656,-1.4782628132400282
2010-08-11,23.0,-0.8022521777963262,-0.8923784611494888,-1.0602935092322763,-1.2938489301720266
2010-08-12,0.2,-0.9480864765951206,-0.993841935359013,-1.085463492706041,-1.3145605978420192
2010-08-13,12.0,-0.8695239306136392,-0.9350207897176577,-1.0376353538752199,-1.239930666054522
2010-08-14,3.0,-0.9563843077356378,-1.0160918313516025,-1.0507444079495514,-1.2425078473643834
2010-08-15,9.5,-0.7895739150381827,-0.9124957728227612,-1.0343613264604656,-1.1989660185237838
2010-08-16,0.5,-0.9076058274801672,-0.9817198224094832,-1.0608465549872634,-1.352197441286656
2010-08-17,0.0,-1.033763013874288,-1.0867331677024679,-1.0896227365753135,-1.3800415825060608
2010-08-18,7.5,-0.9755720509890878,-1.057727863170114,-1.0741609066604259,-1.3482984683840393
2010-08-19,0.0,-0.9607021948264154,-1.0593728000584104,-1.1045758487639878,-1.3769747454495451
2010-08-20,0.0,-0.9048851681893553,-1.0118175845531794,-1.135570017478087,-1.4150279837131101
2010-08-21,0.0,-1.0481644427507388,-1.1010448563061797,-1.1678178447135514,-2.135806222319728
2010-08-22,0.0,-1.2009770033605247,-1.2205201087197102,-1.1997682926584274,-2.1811512893419
2010-08-23,0.0,-1.3276552181788033,-1.3357455908830809,-1.2310133268060568,-2.2507861878906033
2010-08-24,7.5,-1.274239251346267,-1.290158331200033,-1.2179701640567213,-2.2126884722678897
2010-08-25,36.0,-0.8516987505314291,-0.9645749235172041,-1.0489512661032856,-1.90771595391371
2010-08-26,33.0,-0.49336447915742193,-0.6978222313551276,-0.9000157402033462,-1.6610901721423823
2010-08-27,0.1,-0.6704337586135507,-0.8616468851512917,-0.9294838295138398,-1.6901124330830273
2010-08-28,0.1,-0.8200664878610167,-0.9699153645150421,-1.1959709030612182,-1.723807988271556
2010-08-29,7.5,-0.9130868648772177,-1.057976397727492,-1.1884096484018731,-1.7002844300749334
2010-08-30,0.5,-1.0904535523344903,-1.235286201090856,-1.217930167778529,-1.7320128538878778
2010-08-31,13.5,-0.4203906603354647,-0.5928407266420637,-1.2110126447307756,-1.665508422579887
2010-09-01,0.5,-0.786378668706821,-0.7726231928197597,-1.2564178953279217,-1.6978064258031431
2010-09-02,7.5,-0.963367212231623,-0.8528987152811994,-1.2972611310396402,-1.678860409052625
2010-09-03,0.0,-0.8841597228716404,-0.8682904636013509,-1.4032974562372078,-1.713370053909699
2010-09-04,0.0,-1.074597019253685,-0.9617450043036005,-1.5430603453397669,-1.7486102335268412
2010-09-05,27.5,-0.7517245504034376,-0.7830089127821237,-1.5004377121155195,-1.5870239609100976
2010-09-06,10.5,-0.617031220135324,-0.7421508584022801,-1.5577818368693428,-1.5513349889472863
2010-09-07,0.0,-0.7500583106119,-0.8283864371428906,-1.5919550661032034,-1.5904878962360935
2010-09-08,0.0,-0.67946994133011,-0.7998950009764165,-1.6256599331231272,-1.6278333882806848
2010-09-09,1.5,-0.8248416604465245,-0.8831113927480481,-1.6485391785223247,-1.6495984867988094
2010-09-10,14.5,-0.7216280287135516,-0.8357985048426586,-1.5953421243597534,-1.5829309335038788
2010-09-11,44.0,-0.052510966343959416,-0.41829030227372144,-1.400828208378209,-1.3250992195223616
2010-09-12,73.5,0.19174192601772544,0.19779073327019006,-1.0486438457170515,-0.9174684389299849
2010-09-13,0.5,-0.07364310869848664,0.007061426596721365,-1.0708215187734569,-0.9781706768291487
2010-09-14,0.0,-0.2522332881630517,-0.1089364839607869,-1.0950345416350367,-0.9956207426485622
2010-09-15,0.0,-0.38515538406920635,-0.19643804176200177,-1.1189911084516178,-1.012921880197534
2010-09-16,0.0,-0.4956294114914758,-0.271253858024344,-1.1483622406416907,-1.0270947214291912
2010-09-17,0.0,-0.5771799928060695,-0.3350232935710017,-1.170405309846032,-1.0397996894346866
2010-09-18,0.0,-0.5787348398625041,-0.3714802690557449,-1.1902232215226864,-1.063685358734226
2010-09-19,22.5,-0.372906187146856,-0.20016725237873081,-1.098643637626449,-0.9470590317775363
2010-09-20,0.5,-0.466098206526367,-0.27731045805842086,-1.114790016717048,-0.9512525500543186
2010-09-21,54.0,0.18023607384191237,0.23572505761808257,-1.0233426398898584,-0.6752135900647059
2010-09-22,13.5,0.18182202393232522,0.24609509134871088,-0.9777491891951947,-0.6119494086670703
2010-09-23,0.5,0.04313505950525471,0.15533411108513248,-1.0494439181435318,-0.6130757595697247
2010-09-24,0.0,-0.05817753053185448,0.09326414318942045,-1.06764259601206,-0.6684371832564121
2010-09-25,0.0,-0.14936211663455992,0.04369095085296705,-1.0851611712876184,-0.7269708619111783
2010-09-26,0.0,-0.2285885277956365,-9.143416874432856e-05,-1.1008645827987242,-0.7252834763172492
2010-09-27,0.0,-0.27753478276746374,-0.03651597290868948,-1.117376458000043,-0.7228095534091372
2010-09-28,0.0,-0.34447240585395544,-0.07845464343742786,-1.1315333047224825,-0.7231968218857365
2010-09-29,0.0,-0.4094068681699875,-0.11954818570398494,-1.144653511917138,-0.7288172236490514
2010-09-30,0.0,-0.4110470706732555,-0.14477215836856128,-1.157622857628612,-0.7664690457738063
2010-10-01,0.0,-0.4740075240096082,-0.1817387106672992,-1.170163790795101,-0.7923884042494432
2010-10-02,11.5,-0.3393592872560705,-0.07654512326088422,-1.1266860607091784,-0.7295185121442251
2010-10-03,3.0,-0.28759920892031215,-0.0866958454941447,-1.1389872216148325,-0.7107210241830023
2010-10-04,0.0,-0.4038568952145493,-0.14664431834899727,-1.1728937640834771,-0.7277191645718012
2010-10-05,0.0,-0.4611875135944116,-0.18825678836830695,-1.1836729888766393,-0.7186675252072391
2010-10-06,0.0,-0.49301833763381603,-0.22221339350207334,-1.1946654982647893,-0.703610524032331
2010-10-07,0.0,-0.5673655325121739,-0.2575531915527857,-1.2042840344589496,-0.7334654400198476
2010-10-08,0.5,-0.6275193878898483,-0.2795207503542175,-1.2096488634156686,-0.7143649776423034
2010-10-09,1.0,-0.64830943769751,-0.28315005962732986,-1.212762104308112,-0.8430199677804999
2010-10-10,0.0,-0.6977610865278772,-0.3068077639554925,-1.220242006198906,-0.8266980087903281
2010-10-11,0.0,-0.7483189160323297,-0.3342079338789411,-1.2265610843283037,-0.8094563940489388
2010-10-12,0.0,-0.745042250096076,-0.34333575570660807,-1.2330874568317367,-0.7920304531251086
2010-10-13,6.0,-0.6570013255701604,-0.28117060304524266,-1.2099452159228594,-0.7436599300814558
2010-10-14,0.0,-0.6867786496979853,-0.2996284722189428,-1.2151455469537944,-0.73398091991411
2010-10-15,0.0,-0.7539722468070951,-0.33430644118142055,-1.2204135601630601,-0.7406164343998605
2010-10-16,0.0,-0.8590551618090776,-0.37333578573327125,-1.225293297682002,-0.7261114954408545
2010-10-17,0.0,-0.8584394271866881,-0.3906028585608617,-1.2305215366247835,-0.7122951697313822
2010-10-18,0.0,-0.8340241280453202,-0.3900863793906569,-1.2629038558953984,-0.6994785244572603
2010-10-19,0.0,-0.896489126716161,-0.4104795946418015,-1.309914976325744,-0.6870739209614481
2010-10-20,0.0,-0.9414006636698714,-0.41858583181075587,-1.3254943769769332,-0.6745007902084016
2010-10-21,23.0,-0.5288623582108354,-0.13671294926856398,-1.2201115607552446,-0.547980810676676
2010-10-22,0.0,-0.6393670453186145,-0.2051661751861279,-1.2249091776060226,-0.5390996458919519
2010-10-23,0.0,-0.5269041525001849,-0.20982749711108092,-1.2447628144836025,-0.5904921699768435
2010-10-24,0.0,-0.6477782945344094,-0.23819784330553964,-1.2533577373248792,-0.5747838471591888
2010-10-25,3.5,-0.6565225844573774,-0.2177899693795822,-1.2421418104875825,-0.5406633761890662
2010-10-26,0.0,-0.6925343123462353,-0.23556827998617633,-1.2469238932864815,-0.5253881436475416
2010-10-27,0.0,-0.7288725739666595,-0.26283362995066406,-1.250833063792826,-0.5098455176239208
2010-10-28,0.0,-0.7454239004726174,-0.2852594492106439,-1.2543061000151368,-0.494266404400699
2010-10-29,0.0,-0.7663591896399873,-0.3101739671626455,-1.2581989502355535,-0.47954111129809335
2010-10-30,0.0,-0.8530818144539488,-0.3475643377052294,-1.2626591248687817,-0.4646894454873374
2010-10-31,5.0,-0.8102586542422693,-0.3071462127541995,-1.241425510946123,-0.4459993387921143
2010-11-01,0.0,-0.8463703676519249,-0.3383533411328547,-1.2435094268543323,-0.4315281288202516
2010-11-02,0.0,-0.8758671967330877,-0.3681350778754795,-1.2464166762039728,-0.4132842154922144
2010-11-03,0.0,-0.9224051213342497,-0.39185225452036565,-1.2499073663767781,-0.39305711620168604
2010-11-04,0.0,-0.9554756161669491,-0.4121320601720182,-1.2527739255004795,-0.37463948950749415
2010-11-05,0.0,-0.9607581925351384,-0.41961806216983133,-1.2547601901895815,-0.3669500421415833
2010-11-06,0.0,-0.9546468533301992,-0.44067781779009063,-1.2564791613061108,-0.3442580977945605
2010-11-07,0.0,-1.0579161166253754,-0.4957593936056932,-1.2976010053685694,-0.31905204646670937
2010-11-08,0.0,-1.021355233624319,-0.507846097677698,-1.3002247634951813,-0.3622978201426736
2010-11-09,0.0,-1.0719648942264386,-0.5499249765594046,-1.3030065461589275,-0.4560616394697466
2010-11-10,0.0,-1.151708137721754,-0.5902933317579637,-1.306361629536183,-0.4268960495368696
2010-11-11,12.0,-0.8493511787220992,-0.3715782240634018,-1.2509243176123817,-0.3960472155071353
2010-11-12,0.0,-0.9488102100944174,-0.43758403117326156,-1.2533761415395341,-0.38059417188150885
2010-11-13,0.0,-0.9966567224789903,-0.4877741929850026,-1.2578891943152812,-0.3988030226123704
2010-11-14,0.0,-0.9272178358897089,-0.4953076496587909,-1.339893097740366,-0.36671373485728115
2010-11-15,0.0,-0.8515476792926581,-0.4739052759610841,-1.3416784530940475,-0.3316296485024327
2010-11-16,0.0,-0.9250135235017268,-0.5033663222063494,-1.342884457246008,-0.333775394161777
2010-11-17,0.0,-0.9944447348447913,-0.5316588703531628,-1.3431140055011173,-0.29391805214734895
2010-11-18,0.0,-1.0285412829072877,-0.5355049018512897,-1.346942114861812,-0.253771431184518
2010-11-19,0.0,-1.0317316201272595,-0.5307663188723981,-1.7519055391168699,-0.21350680549771434
2010-11-20,0.0,-1.0625409446149403,-0.5326326913125283,-1.7592815730010845,-0.17324368497650475
2010-11-21,0.0,-1.0853557468945572,-0.5423349518159132,-1.7807475728103257,-0.1343501687255706
2010-11-22,0.0,-1.096781980760707,-0.5459373633154255,-1.7856381468132179,-0.13216937796104694
2010-11-23,0.0,-1.1103208916396552,-0.5444789487161845,-1.7834551697311138,-0.2767429930436855
2010-11-24,0.0,-1.1330119496096522,-0.5475881309136071,-1.7795677524504598,-0.41488900661846123
2010-11-25,0.0,-1.118094488241785,-0.5383481507155112,-1.7760263621436059,-0.3750242044138452
2010-11-26,0.0,-1.1498318349891228,-0.5492086048609099,-1.7730535815003927,-0.33359675523565946
2010-11-27,0.5,-1.1112205821259993,-0.5158996561571544,-1.7675413833910558,-0.32912662846331103
2010-11-28,0.0,-1.0271154979427035,-0.4952866883571034,-1.7641726067258576,-0.288174162448478
2010-11-29,0.0,-1.0650465107468303,-0.5147799183364208,-1.7603033166888946,-0.31932292658308103
2010-11-30,0.0,-1.0739508795451527,-0.5254299249442814,-1.7549638478587828,-0.27959182386056913
2010-12-01,0.0,-1.0896314913278,-0.5243694455045895,-1.7492830350930426,-0.27846697957456645
2010-12-02,0.0,-1.1001206052906778,-0.5204946951960993,-1.742045775495074,-0.23495851327481787
2010-12-03,0.0,-1.0690061669013153,-0.5067067008053955,-1.734353188748134,-0.19276896797173293
2010-12-04,0.0,-1.086504784754833,-0.5077226656786482,-1.726375769201018,-0.3083847516364722
2010-12-05,0.0,-1.124548791460967,-0.5087524577121811,-1.7187721089733534,-0.32807233761907006
2010-12-06,23.0,-0.49803845614586856,0.004611327495761006,-1.5897220427415681,-0.15031893837815366
2010-12-07,2.0,-0.5604510578639804,-0.028054826264145745,-1.5715034366200875,-0.09673772975952323
2010-12-08,0.0,-0.6209370744432975,-0.07750319101246811,-1.5606967359160273,-0.06396838347712869
2010-12-09,0.0,-0.6570558314972202,-0.1107869529979075,-1.5524430035730779,-0.1074975210029281
2010-12-10,0.0,-0.690476092458958,-0.1369981314705442,-1.5414620500785439,-0.34093784732751664
2010-12-11,0.0,-0.703880122055321,-0.14770313839161509,-1.5301276770617622,-0.8425098090259381
2010-12-12,0.0,-0.7470347474210373,-0.16374886856607007,-1.5577094336736566,-0.8090460432300449
2010-12-13,0.5,-0.77169467742652,-0.16471237869692562,-1.5406872902915392,-0.7684453420567857
2010-12-14,0.5,-0.7517938423212832,-0.1519209321957839,-1.523447757696884,-0.7275148117417463
2010-12-15,0.0,-0.7344695270848137,-0.14970918062627253,-1.5070077145029759,-0.6901111382460564
2010-12-16,0.0,-0.7753766429458095,-0.1569401692196799,-1.4910970976057465,-0.6540283811871112
2010-12-17,0.0,-0.8125963720437237,-0.16572483501661814,-1.5007847212707464,-0.6225839533903964
2010-12-18,0.0,-0.8247110806939533,-0.16737841143145066,-1.4840261263448307,-0.7851933894958132
2010-12-19,0.0,-0.7738971832031057,-0.16458656059000418,-1.466805023658774,-0.7571600453219743
2010-12-20,0.0,-0.7324297203071466,-0.16048344846701407,-1.449770143798908,-1.2931604430171881
2010-12-21,0.0,-0.7639523826915599,-0.16838157853375676,-1.4324713757824674,-1.4338643197813805
2010-12-22,0.0,-0.7803202549969581,-0.1724475772272477,-1.4132790407536207,-1.4073757574895216
2010-12-23,0.0,-0.7954902641046134,-0.1826547710580664,-1.4468416670288167,-1.3760929013136096
2010-12-24,0.0,-0.7993986517758316,-0.1942107177462744,-1.4859765731177927,-1.347044635285954
2010-12-25,0.0,-0.7915473334625401,-0.1974885575507939,-1.464499522954724,-1.3178091783413877
2010-12-26,0.0,-0.7950369564089678,-0.19390419774892265,-1.4422152769743648,-1.2867114198372833
2010-12-27,0.0,-0.7924567043058149,-0.1891603404149063,-1.4252105323060025,-1.2571520555047035
2010-12-28,0.0,-0.8166089038730283,-0.18309831304861623,-1.4137290986619686,-1.2284810638875663
2010-12-29,0.0,-0.8170286464803811,-0.1790299177764977,-1.4346150141242955,-1.2014217701593313
2010-12-30,0.0,-0.7755370761994725,-0.17268916130034503,-1.4446049483666843,-1.1720622015786735
2010-12-31,0.0,-0.7935295836173372,-0.17552605327738796,-1.4265415331784288,-1.3083434239978549
2011-01-01,6.0,-0.5684601393778742,0.007646586031460855,-1.3515881563971166,-1.2136628590159213
2011-01-02,0.5,-0.5960697023729541,0.008975405491217192,-1.3547643973977403,-1.182264646317789
2011-01-03,6.5,-0.4570107342460522,0.20139340582613072,-1.2989279394583382,-1.0657238672152098
2011-01-04,0.0,-0.5134078547643567,0.18063115195423385,-1.2714629589723123,-1.0401014966025068
2011-01-05,0.0,-0.5585380825423948,0.16049003509514834,-1.2899554437547258,-1.0151269208564404
2011-01-06,0.0,-0.5895171256116701,0.1343378890240223,-1.2625328785615375,-0.9992705747113183
2011-01-07,0.0,-0.5941209326161523,0.11045134726688192,-1.3891415093331436,-0.9926621065335126
2011-01-08,0.0,-0.6005815868114857,0.09508522874621772,-1.3617856407400155,-0.9746300653679436
2011-01-09,0.0,-0.6415289493049033,0.07606982217892604,-1.3347078876725376,-0.9573153589633759
2011-01-10,0.0,-0.6418607382981896,0.07203684387163185,-1.307978427466991,-0.9417879085682386
2011-01-11,0.0,-0.5947053135542454,0.07109016746378456,-1.2827808744146836,-1.0137308489126138
2011-01-12,0.0,-0.596630579590747,0.0544991093058789,-1.263337639709925,-0.9989046766245651
2011-01-13,0.0,-0.6360062932556023,0.032798990896679474,-1.260497580190988,-0.9846756811532814
2011-01-14,0.0,-0.6126179561786436,0.012248983351982896,-1.2379384160541131,-0.972112096473237
2011-01-15,0.0,-0.6275556703772883,-0.0016260106703170814,-1.2153296034179029,-0.9590627281953932
2011-01-16,0.0,-0.662552337068649,-0.013450984640144999,-1.1983878334898668,-0.9565897135596879
2011-01-17,0.0,-0.6925082564154822,-0.010574106794249452,-1.1770968542054576,-0.9416951346321942
2011-01-18,0.0,-0.71866657581506,-0.009318839600714664,-1.1556700374377455,-0.9252855601130318
2011-01-19,0.0,-0.7229379833459109,-0.013704660154444024,-1.1397836718846317,-1.2981056005988845
2011-01-20,0.0,-0.6988713206612456,-0.02144383296053996,-1.123202896440413,-1.2836985225627981
2011-01-21,0.0,-0.7437929338494416,-0.03058582387252691,-1.168731634356583,-1.269992398185227
2011-01-22,0.0,-0.7764522776295506,-0.044577918410979876,-1.1445348243279068,-1.2560834218609092
2011-01-23,0.0,-0.7713638703766019,-0.04872981096843409,-1.1198465953026187,-1.3105099126233535
2011-01-24,0.0,-0.7741931078479382,-0.04625579032760933,-1.0950555474089545,-1.2970211934712013
2011-01-25,0.0,-0.7677826411627543,-0.0404304943286611,-1.0716450027859783,-1.2846590781019855
2011-01-26,0.0,-0.796994360638613,-0.041407277782324746,-1.048770384269438,-1.2729954985350416
2011-01-27,0.0,-0.8183890850961384,-0.05037476731644686,-1.0252719542644333,-1.2632413285967719
2011-01-28,0.0,-0.8121833216147555,-0.06802470026391852,-1.0017838820281024,-1.2536427753465114
2011-01-29,0.0,-0.8039603453411719,-0.09510744465172002,-1.0016697277700601,-1.3488690825436809
2011-01-30,0.0,-0.7949597716522925,-0.11973573740616512,-0.9779411856563404,-1.3392137926767238
2011-01-31,0.0,-0.7518768916920582,-0.13177292399115403,-0.9484995646474511,-1.329651205016356
2011-02-01,0.0,-0.7481339675235229,-0.1377739860821742,-0.9197602832053926,-1.3229127507822505
2011-02-02,0.0,-0.7884100483574105,-0.14066261599912597,-0.8937297024988682,-1.3153843370090348
2011-02-03,0.0,-0.8201569389767248,-0.13729809507047996,-0.8799542002380765,-1.308344586272898
2011-02-04,0.0,-0.8035353502419076,-0.1279017376382512,-0.8507407006171966,-1.3045424529205034
2011-02-05,0.0,-0.827691731204923,-0.1261973109199714,-0.819814148806839,-1.3000392173728108
2011-02-06,0.0,-0.8485859701580447,-0.12902002987758313,-0.8576472197260051,-1.2932879805211035
2011-02-07,0.0,-0.8593768681566317,-0.1252513085656578,-0.9455063162999113,-1.2851942467101647
2011-02-08,0.0,-0.8978285605830936,-0.10668463313656061,-0.9084589222099192,-1.2736334026658276
2011-02-09,0.0,-0.9436114529011869,-0.09213809705213916,-0.9343466511695168,-1.5536367676457918
2011-02-10,0.0,-0.9298640348328922,-0.07760331441846763,-0.91197811099844,-1.5395490099414233
2011-02-11,60.5,1.3589852228711568,1.9989041716810139,-0.6103996320847119,-0.41290807611832664
2011-02-12,22.0,-0.4312684483197581,2.4379906843152943,-0.46817637276440266,-0.12366124084194187
2011-02-13,0.0,-0.7718181419923906,2.2576583348625396,-0.43120047169679376,-0.116009418591631
2011-02-14,12.0,-0.5367557308810401,2.4993178343137292,-0.37071596826333386,0.027058514295812467
2011-02-15,0.0,-0.7417332303964358,2.238061854116262,-0.33167778948870635,0.03210566852541933
2011-02-16,0.0,-0.82341569353762,2.0374753165570887,-0.29338001832636296,0.03540909045759354
2011-02-17,0.0,-0.870874814788755,1.890863446243028,-0.255100599548064,0.03847083510457154
2011-02-18,0.0,-0.9394769586065753,1.758092796992344,-0.21735141294367386,0.04016565952897006
2011-02-19,0.0,-1.0127381097688728,1.7161016446011583,-0.17922438559690038,0.04156665076042509
2011-02-20,0.0,-1.037587658597022,1.6535569119169946,-0.17647739317788397,0.04247290478148165
2011-02-21,0.0,-1.0588079242750894,1.5590241472304711,-0.307767891178542,0.04296126014129061
2011-02-22,0.0,-1.06518139730429,1.4126783164433154,-0.4317703082846593,0.04170284768495418
2011-02-23,0.0,-1.0262624027723701,1.2993271373647592,-0.3952529742177254,0.039632978817171545
2011-02-24,0.0,-1.0537960749850197,1.261203225659158,-0.35831808680339294,0.03745185198158452
2011-02-25,0.0,-1.083201723403977,1.2224689908369357,-0.35716780439173806,0.02896489903913998
2011-02-26,0.0,-1.1411913166654626,1.21206144540319,-0.3219848128246249,0.025611963529220617
2011-02-27,44.5,-0.11249124731776358,-0.6535253226873653,-0.13723174745713096,0.46694986354564366
2011-02-28,5.0,-0.21775927336212103,-0.7438236531272254,-0.08029253603286919,0.5079016385132483
2011-03-01,1.0,-0.3770319410392423,-0.8832260591977906,-0.0739162255719585,0.5111671585893279
2011-03-02,0.0,-0.54630025567848,-1.0515659813192657,-0.0386495016793023,0.5046331210889593
2011-03-03,0.0,-0.5693844675417415,-1.0058090894368852,-0.004850924351843201,0.4986069885715473
2011-03-04,0.0,-0.6507358047535275,-1.0961137943134454,-0.10113933574928483,0.4924451767071148
2011-03-05,0.0,-0.7116165086625048,-1.138643604487696,-0.11782691438538749,0.4863968629805553
2011-03-06,0.0,-0.7617118348465016,-1.1658108061301002,-0.08302211100227094,0.26355719574523534
2011-03-07,0.0,-0.8056105719103348,-1.2042686327613088,-0.04974801172194037,0.23706979522936594
2011-03-08,0.0,-0.8956224296284382,-1.283718012799767,-0.02404520786191828,0.22977846761142098
2011-03-09,0.0,-0.9459621321263961,-1.3620500662987627,-0.06554993022531358,0.22110555123429043
2011-03-10,0.0,-0.9953052585176706,-1.432162108438522,-0.266861662517881,0.21298158034556944
2011-03-11,0.0,-1.035384376853244,-1.4680435076800027,-0.6691091060489989,0.20428483771267467
2011-03-12,0.0,-1.0579837480834122,-1.4867451551314992,-0.6487289681654155,0.19561384154837932
2011-03-13,0.0,-1.1087533904863403,-1.522311315757482,-0.6250367622477858,0.18114377522623018
2011-03-14,0.0,-1.1775547229758982,-1.5672371668557807,-0.6008453545286746,0.1649471351901181
2011-03-15,0.0,-1.2370348558240862,-1.626696117480201,-0.5768709075763894,0.1531946053610707
2011-03-16,0.0,-1.2576532797495588,-1.60051284011145,-0.5544566854451528,0.1421502643834049
2011-03-17,0.0,-1.3153946395641747,-1.625220370304617,-0.5341427898046796,0.13226077511958131
2011-03-18,0.0,-1.3796746919138623,-1.679341947807092,-0.6645863112347107,0.12244273686490971
2011-03-19,0.0,-1.3923515183544497,-1.679436942946259,-0.6500693075258154,0.11209493675213687
2011-03-20,12.5,-0.9979649010143374,-1.3574059919040695,-0.9331015498189749,0.2361900360182725
2011-03-21,0.0,-1.1238099499107572,-1.4682364475844296,-1.02120297425652,0.22682464409979505
2011-03-22,10.0,-0.836319465514284,-1.1975520732651364,-0.9318422872940013,0.32156333630506817
2011-03-23,0.0,-0.9369831064983595,-1.2729196884563942,-0.9174915856936351,0.31250205913875745
2011-03-24,0.0,-0.9400003990795042,-1.321221147314839,-0.9019289766225007,0.30345980544100676
2011-03-25,1.0,-0.9787467365800953,-1.3636793361450135,-0.8787811927020839,0.3049495846404128
2011-03-26,0.0,-1.0758302786644665,-1.4537803315075783,-0.8645862900481386,0.2948190430230233
2011-03-27,0.0,-1.0750091342472297,-1.443881442721588,-0.8516250690368043,0.2837541537949893
2011-03-28,2.0,-1.0126773723625142,-1.392304972481728,-0.8228168326020392,0.29431602289221165
2011-03-29,0.0,-1.0090291788827381,-1.3879625029630678,-0.8100386103213998,0.2833187281745187
2011-03-30,0.0,-0.9912652792165942,-1.3676093554738713,-0.7973419301958469,0.2722946381204839
2011-03-31,0.0,-1.0595631154806313,-1.4080590950347198,-0.8800305357400302,0.26124091609811306
2011-04-01,0.0,-1.1205849494484654,-1.4951176939810968,-0.8946108360820144,0.18290957714653572
2011-04-02,0.0,-1.1623098476640121,-1.5057882939201457,-0.8839388479313944,0.16673971009202013
2011-04-03,0.0,-1.2297028598010038,-1.5976653541102268,-0.873798621250128,0.08003619695003954
2011-04-04,0.0,-1.1878536872291796,-1.5504262526188122,-0.8639589919082463,0.06880646867372993
2011-04-05,0.0,-1.2598448672555023,-1.6100101524668406,-0.8554846302746162,0.057681561751678385
2011-04-06,0.0,-1.2444540956834569,-1.5798706492807757,-0.851121630866748,0.04654209823777485
2011-04-07,0.5,-1.2703523238942434,-1.620996929952545,-0.8470706689929169,0.04123518567334084
2011-04-08,0.0,-1.2893691075852471,-1.5820410313241626,-0.840407729214411,0.02975028212479932
2011-04-09,0.0,-1.321300798355348,-1.5823183939047185,-0.8328295742730301,0.01953981042069011
2011-04-10,0.5,-1.2747827750462635,-1.5554269227243194,-0.8215662895454501,0.014658000084990273
2011-04-11,0.0,-1.3370619022401415,-1.6220506410754654,-0.8681681016107812,0.0035110956823912755
2011-04-12,0.0,-1.2847996086973092,-1.5734054768593706,-0.862124494851358,-0.00840162345150932
2011-04-13,0.0,-1.3364642097271435,-1.6126760607722956,-0.857849441224489,-0.021642260983818166
2011-04-14,0.0,-1.3783611132114066,-1.658797413469608,-0.8548906423558658,-0.03481210317684622
2011-04-15,0.0,-1.3953937734223543,-1.6662321033750307,-0.8523996317108335,-0.04814230562561655
2011-04-16,1.0,-1.4145727876362029,-1.677823981082152,-0.8397735593362804,-0.04953139940562904
2011-04-17,0.0,-1.5117713508570483,-1.7698777675716744,-0.8362574698865942,-0.06323328394088878
2011-04-18,27.0,-0.6107773523943997,-0.8996457887000919,-0.5954689209872615,0.24080149210303065
2011-04-19,20.0,-0.044319868237012235,-0.4128449663813545,-0.617042831499407,0.4479683129211403
2011-04-20,0.0,-0.25749685620086143,-0.6005455495673135,-0.6140683204330328,0.43888407856538325
2011-04-21,0.0,-0.3936987361699897,-0.7455836520472348,-0.6128232828526069,0.4287499985069872
2011-04-22,21.5,-0.4370545114726297,-0.0986966912662702,-0.42933354998562634,0.642325534247274
2011-04-23,0.0,-0.6534954923987935,-0.28603600117293293,-0.456011171426454,0.6312665078954323
2011-04-24,0.5,-0.7088207356917247,-0.36778054045095565,-0.4501987077625712,0.6249788985166757
2011-04-25,0.0,-0.7825241675813331,-0.42072529234947237,-0.449314169889035,0.6136318649533689
2011-04-26,5.5,-0.7060661728590226,-0.3473226626960945,-0.40262009493153494,0.6588898250603329
2011-04-27,12.5,-0.4453617653676013,-0.07113673248327727,-0.2982964166774441,0.7736864459580225
2011-04-28,3.5,-0.45861352852956877,-0.09885225506888846,-0.2694334165541182,0.7962877612749977
2011-04-29,0.0,-0.5402504728443626,-0.1974216616835799,-0.30959072225524203,0.7848457119447372
2011-04-30,40.5,0.49126235866225115,0.07745497696687531,0.013066083201685955,1.152579843379057
2011-05-01,2.0,0.3017347864451015,-0.11746065033684312,0.0300138058437171,1.160208800999429
2011-05-02,0.0,0.1361948736628808,-0.26917591838339683,0.030582917243389157,1.1509578465449655
2011-05-03,0.0,0.019693349291095504,-0.3858223261763269,0.030679946843250736,1.1429357606004746
2011-05-04,0.0,-0.0889434353836437,-0.48741768031556865,0.03020471091739654,1.1350550350423525
2011-05-05,0.0,-0.20214093841523398,-0.5853304188966266,0.02935882559620362,1.1266871282558228
2011-05-06,0.0,-0.31687595108993866,-0.6679245923228908,0.02911942904913873,1.1177223677552504
2011-05-07,0.5,-0.31255143972074456,-0.5852268013966344,0.03179102410289369,1.114749207757196
2011-05-08,0.0,-0.4112092442905068,-0.6769355816119108,0.030515142658456867,1.1085173548385496
2011-05-09,4.0,-0.372093767266972,-0.6389717302372933,0.06024604396279984,1.1367366364049836
2011-05-10,18.5,0.1380826336550739,-0.2287335442888174,0.10875372791377734,1.296242861482029
2011-05-11,34.0,1.051697590883412,0.5226887703363566,0.36093812496118777,1.5846930747946781
2011-05-12,6.0,0.9810793614334425,0.43854993140582393,0.40265850728971114,1.095172691678947
2011-05-13,0.0,0.6593779380770232,0.2361827949576968,0.40150390569237343,0.8760468508029571
2011-05-14,0.0,0.5318211228507346,0.09862532261112494,0.401465422029879,0.8698700684827738
2011-05-15,0.0,0.39466588585546897,-0.02768047085509896,0.4014836348553789,0.7454403202015373
2011-05-16,0.0,0.2910549091384578,-0.1144265665220611,0.40090838092665154,0.7406265457837208
2011-05-17,0.0,0.18018269069706142,-0.20323216688708803,0.39949963515148645,0.7357660783434323
2011-05-18,0.0,0.06906843955351331,-0.2799985343529284,0.3977081507603267,0.7304543754178885
2011-05-19,0.0,-0.010621668882174556,-0.36609880309613557,0.3954821670320819,0.7253619902068684
2011-05-20,0.0,-0.08029345550187317,-0.4363489525046145,0.3930589001603446,0.7213181941823075
2011-05-21,14.0,0.3134162289067676,-0.05992599878882728,0.48865193877477403,0.8590189055307079
2011-05-22,0.0,0.1752085591349383,-0.20066867014947398,0.4860877929287388,0.855104520854339
2011-05-23,0.0,0.060777680581474425,-0.3078945380057535,0.48272924694099634,0.8521014312672291
2011-05-24,0.0,-0.03185186597895823,-0.3400126234956682,0.4791783068105142,0.8489945918387662
2011-05-25,0.0,-0.10907173002394649,-0.4142277332835256,0.47525533183427293,0.8452875337165223
2011-05-26,0.0,-0.17821234418526066,-0.4843064012429851,0.46730104178255416,0.8416489092270919
2011-05-27,4.5,-0.08048758988683077,-0.4157572649667533,0.49393076878043257,0.8827288625388819
2011-05-28,0.0,-0.1422355101111468,-0.48539597732377876,0.4891338545417337,0.4154840954218526
2011-05-29,0.0,-0.18763708688327904,-0.5376278267733086,0.48426898735281076,0.35733226315661404
2011-05-30,0.0,-0.23859380318708898,-0.5850196797658374,0.4788408161759837,0.343820616055356
2011-05-31,4.5,-0.1510808370471466,-0.5160134017793985,0.5040655541087787,0.3916203942342972
2011-06-01,16.0,0.33489731169975395,-0.07116211877958657,0.6077741015817889,0.5626713502101095
2011-06-02,0.0,0.16723672658527203,-0.20624217618445195,0.6032656702958079,0.561597031954553
2011-06-03,0.0,0.057839469414283515,-0.3099998205207111,0.5985584183143358,0.5601470501744928
2011-06-04,0.0,-0.024391466811114156,-0.3980747735144391,0.4349985257772343,0.557671275099493
2011-06-05,0.0,-0.09138109199506889,-0.4582788600314695,0.4145817579513907,0.5542472050556967
2011-06-06,0.0,-0.16890513312896036,-0.5306322276478169,0.40679118008293425,0.5486828972476082
2011-06-07,0.0,-0.24535312560277558,-0.599696414475148,0.39882042510433985,0.5441314584516294
2011-06-08,1.0,-0.2599168930353868,-0.6012874074135255,0.39761423153944464,0.5484854249654484
2011-06-09,0.0,-0.33532295920755006,-0.6808596062126463,0.3886352215519422,0.5416275562002324
2011-06-10,0.0,-0.39126549599229915,-0.7099414273344126,0.3782384006174759,0.5328484610431544
2011-06-11,0.0,-0.4620534784464622,-0.7592117597080039,0.36166434665696867,0.5201019390333859
2011-06-12,2.0,-0.42611276676416937,-0.6983477644746952,0.3574942555471736,0.5268488747042173
2011-06-13,0.5,-0.4442515425802777,-0.7015027975841994,0.34525046142597543,0.5173611571084012
2011-06-14,0.0,-0.5023634607431289,-0.7349400067811666,0.3281160432571445,0.5003721913172184
2011-06-15,0.0,-0.5735582744918148,-0.7879586176912643,0.309903077865207,0.48078638235244436
2011-06-16,0.0,-0.6069347710887774,-0.8017399579501892,0.2890355431534363,0.4567975581330197
2011-06-17,0.0,-0.6752229069097659,-0.8489329525194943,0.26685195828963826,0.4314602932960082
2011-06-18,0.0,-0.7250702047407697,-0.9325896985171002,0.24332088013051884,0.27222803705674303
2011-06-19,0.0,-0.7252558907839338,-0.9249917405492326,0.2192574199007944,0.24471240886550716
2011-06-20,0.0,-0.7495487324269596,-0.9109938609243721,0.19272529114689593,0.1062409770559375
2011-06-21,0.0,-0.7350644213645023,-0.8701843704683669,0.16569780205661053,0.07605623964207886
2011-06-22,0.0,-0.826604204803556,-0.9226054366742192,0.13768303189987405,0.04468663634492727
2011-06-23,29.5,-0.1943357795682611,-0.40948916769488053,0.3215078018058708,0.3103032982244102
2011-06-24,121.0,2.791201633919535,2.3920422491064155,1.0767216503487753,1.3427882412461631
2011-06-25,54.0,2.908890908115394,2.888827958880569,1.362220587063221,1.7067766712425132
2011-06-26,91.5,4.007422076949891,4.098535074928722,1.8278839787942336,2.2657947422844575
2011-06-27,0.5,3.2843518768686524,3.451859031263496,1.7968996004952316,2.21850667212195
2011-06-28,0.0,3.0101791922676893,3.2645418234425887,1.763126055919379,2.16424483156245
2011-06-29,21.0,3.1726712917440625,3.395706999821998,1.836909103917595,2.2394458906775805
2011-06-30,6.0,2.9229060839065713,3.2195514141669577,1.7993465826014348,2.2174725168299165
2011-07-01,0.0,2.1479022369407104,2.4515548845715878,1.756184522522657,2.1570094179083825
2011-07-02,0.0,2.124764403258522,2.2741750442020336,1.6811517260592708,2.098201859525351
2011-07-03,72.0,3.3565763811602563,3.3041959711325726,1.9963931605945677,2.447314558735524
2011-07-04,0.0,3.1267293244223775,3.114686391311268,1.9539318095991598,2.388741079487794
2011-07-05,0.0,2.7933403858496324,2.8164815981966966,1.9155402070053231,2.3353867398607298
2011-07-06,0.0,2.4598081061614767,2.5626815066010575,1.8781915084874738,2.2827067464468622
2011-07-07,20.5,2.735926951062736,2.8425064325118092,1.9392519900936036,2.3446199748275887
2011-07-08,20.0,2.9386834988428827,2.962426136917444,1.9981717203375293,2.4069019705480352
2011-07-09,35.0,3.248846884205385,3.276921680023892,2.1258255256730294,2.544341532656701
2011-07-10,8.0,3.281463653879166,3.3243895500122784,2.1259285671693955,2.545001672413506
2011-07-11,16.5,3.274473800275342,3.3316816473537862,2.163483905913921,2.584538848900638
2011-07-12,20.5,3.272742555915453,3.264398122023039,2.212685876260635,2.6387308138714234
2011-07-13,0.5,2.8530378758077766,2.8501500039897176,2.1734652366357037,2.595067868415521
2011-07-14,30.5,2.9743398646431967,2.9094390734675226,2.268339863860312,2.6942163448754437
2011-07-15,1.5,2.56431328387728,2.50952797401255,2.23914738532247,2.655099731774029
2011-07-16,0.5,2.2106740806237997,2.1128768092295394,2.208055813208445,2.618405146307334
2011-07-17,5.5,2.2053711361277517,2.044455560345496,2.202595340565088,2.481344450904938
2011-07-18,1.5,1.9415504471250624,1.7869337523809083,2.174940289371876,2.3505990046948946
2011-07-19,18.5,2.3112847332547517,2.084717584367816,2.219861442503442,2.3953146822666374
2011-07-20,1.5,2.360144610699189,2.095198420073908,2.1922229391506654,2.362652690549282
2011-07-21,0.0,2.3275188627044656,2.0550459443716895,2.157061557259667,2.225694821752621
2011-07-22,0.0,2.196876963875666,1.9400641396687948,2.122243460269911,2.192269896891915
2011-07-23,6.0,2.2077599671663073,1.9575196759448215,2.113737994974429,2.1839818507939657
2011-07-24,0.1,2.175270562870692,1.9035133692403539,2.079407033058432,2.151626027976091
2011-07-25,0.5,1.8910104454918488,1.6725303086911472,2.0471387399890735,2.0970812430308876
2011-07-26,9.5,1.611127360500563,1.465828576206601,2.0463254991560924,2.0440040726904884
2011-07-27,38.5,1.9709871407719999,1.737184413127869,2.165021850808742,2.1687018478421463
2011-07-28,0.1,1.7605961570319213,1.5555916795905478,2.12665840956002,2.132686592939451
2011-07-29,2.5,1.7486251252140084,1.5391722914539652,2.100568540176672,1.9249126032972321
2011-07-30,3.0,1.7935872345902055,1.5623422447191462,2.0783394439648863,1.9007441896548256
2011-07-31,5.5,1.8642787848196367,1.6134568566545107,2.0661858805546043,1.894444581660384
2011-08-01,2.5,1.8568944241357457,1.6125018425063897,2.0427276153654343,1.8741197362872497
2011-08-02,16.5,1.896941275054024,1.6755562550097884,2.07386215653014,1.9169572382793876
2011-08-03,11.0,1.7655460384968762,1.5721641791829966,2.082124356199257,1.932289113612276
2011-08-04,15.5,2.005420564547258,1.7199796209288067,2.1027046774548874,1.9625563503227537
2011-08-05,0.0,1.9557204907756502,1.6540018394407696,2.0610908330017463,1.918523512671522
2011-08-06,0.5,1.8214880452688467,1.5661754658862563,2.0230867348575527,1.8786208975590935
2011-08-07,0.0,1.8215921337829006,1.5140911675255575,1.9853510832351497,1.8232474433019854
2011-08-08,1.5,1.633297441279577,1.367191095180754,1.9525351419067287,1.7117931653916214
2011-08-09,0.4,1.5357899702146491,1.2763182979179213,1.915560741057508,1.525573188364214
2011-08-10,0.0,0.9658116944496933,0.8885840057832575,1.6502521339441028,1.4606153177200087
2011-08-11,0.0,1.1194471625216729,0.8896217958921705,1.5321773157871617,1.4245935833799095
2011-08-12,3.5,1.1802772770007144,0.8794265567874356,1.5132811565432789,1.4033358638496842
2011-08-13,0.0,1.2382342610389068,0.8746464930347891,1.4359156962314765,1.3676987754993315
2011-08-14,0.0,1.2180175529742292,0.8431063363187298,1.4051238000447472,1.3324501511807276
2011-08-15,0.0,0.9976063304762578,0.7201979157610201,1.3747118508700105,1.2975332608096752
2011-08-16,4.5,0.9462727152168006,0.6592454706001403,1.3532439624792416,1.2734998051591127
2011-08-17,45.5,1.5534237948835543,1.1387694938167552,1.4854179506153389,1.4196993847061106
2011-08-18,10.0,1.4339702275571893,1.0646270190559335,1.4838273331161838,1.4172119154884033
2011-08-19,0.0,1.1211340380773018,0.8465105542215019,1.4439468929664299,1.316600478244965
2011-08-20,0.0,0.8869033417415427,0.6735572217119395,1.4046921366205292,1.2730657567010413
2011-08-21,0.0,0.874866249855107,0.6154630157986796,1.365980414444758,1.2303495393693087
2011-08-22,0.0,0.849490551350133,0.5639023790578821,1.3272211452374147,1.187566166925584
2011-08-23,0.0,0.7842428461635146,0.501683606861015,1.2893430809182338,1.1464234103815427
2011-08-24,8.5,0.8164142286795306,0.5226333914681631,1.2820933116642683,1.1383486248719816
2011-08-25,0.3,0.7072210618648618,0.4256441045344203,1.2465432811703288,1.0814352174878914
2011-08-26,0.1,0.5934890407260451,0.3298273998651139,1.0512190005113329,1.0445110736729433
2011-08-27,0.4,0.45310405970656553,0.2380200514758896,0.9995690270371804,1.00867365346256
2011-08-28,0.0,0.36679904550091097,0.15616931152236274,0.960836298921955,0.9714355497535961
2011-08-29,0.0,0.19970087742282439,0.0132899046148209,0.9251918472804985,0.9162870861281902
2011-08-30,0.5,0.0894257779340246,-0.10471704385927745,0.891795968202336,0.8179743874564012
2011-08-31,0.0,-0.013427501101041923,-0.11806505496709035,0.8574491718683722,0.7814517512004424
2011-09-01,0.0,-0.11767463280212398,-0.21359629887854734,0.8239271087533626,0.7460903406893944
2011-09-02,8.5,-0.11406598338340752,-0.23096206671893627,0.8219523989615302,0.7450659852888748
2011-09-03,2.5,-0.10357166455236226,-0.24449395922514205,0.7985722723971065,0.7214047576707266
2011-09-04,69.5,0.896689958841421,0.3135971319867272,1.0138620926700979,0.9548856229394631
2011-09-05,41.0,1.4558001588931428,0.5824258199175709,1.125120556049042,1.0748748116133244
2011-09-06,0.0,1.1182877454051758,0.4322068028339221,1.0955731946770202,1.0428508466061717
2011-09-07,0.0,1.0271654720642391,0.345257227516543,1.0662959894177766,1.0150077154583084
2011-09-08,0.1,0.7296632785463809,0.23716404416828507,1.0385307707136329,0.9891973119935269
2011-09-09,0.3,0.7307057376581282,0.18281184018556731,1.0119106723973847,0.9655175796514707
2011-09-10,19.5,0.9825230971926229,0.30791128704417825,1.0509344032285157,1.0053875514495447
2011-09-11,62.0,1.4792876607133518,0.7939682538560893,1.22945734591706,1.1992106362505024
2011-09-12,16.0,1.5128160297861741,0.7720015608351091,1.2544804957877564,1.2315252590835035
2011-09-13,0.0,1.2304713798288682,0.5938558396649115,1.2283826475961894,1.2093828425479791
2011-09-14,0.0,1.2253555011026311,0.5225929563920053,1.2031889340657,1.1902215101720006
2011-09-15,0.0,1.1659633818251662,0.46057184402679885,1.1781922264275342,1.172544813316943
2011-09-16,0.0,1.0695971609622776,0.39296903490632196,1.1176262265327643,1.1604974345571994
2011-09-17,19.0,1.267102780697722,0.5385817018523036,1.1595142346056582,1.2136402014560401
2011-09-18,53.5,1.7092809330856906,0.9501585608537781,1.278207340805819,1.3807537833605823
2011-09-19,5.5,1.6936008330497079,0.8648384443921563,1.2780784984108657,1.3910145150285231
2011-09-20,0.0,1.4648962737505002,0.735826091295173,1.2606911717788085,1.383767162478383
2011-09-21,0.0,1.4078582603079104,0.6525933575830312,1.240178844290094,1.279800809120406
2011-09-22,0.0,1.3045701547177215,0.5801799219531804,1.2247221452874628,0.8581145078506633
2011-09-23,0.0,1.2492724819070882,0.5289300816020581,1.2096572455072907,0.6564983872443513
2011-09-24,0.0,1.1849546141018619,0.48272550845643936,1.1899485473543738,0.3002642085243248
2011-09-25,0.0,1.1677653739128262,0.45465091882241493,1.176519459937385,0.29734794975912676
2011-09-26,0.0,1.1224604869538137,0.42598636552808333,1.1628399257972908,0.2976846332667852
2011-09-27,0.0,1.0448496842158823,0.3939435462084699,1.1502407602113438,0.21445382013888223
2011-09-28,0.0,1.0036643601295099,0.35516512150322727,1.138160587585908,0.19477700033847384
2011-09-29,22.0,1.3700648630195964,0.5845066427491701,1.196396956760763,0.29061246197138546
2011-09-30,1.5,1.212564861074467,0.5270077336012905,1.1906273585342402,0.3042997262372931
2011-10-01,0.3,1.1811245040433318,0.4677590204064668,1.1818946639619368,0.01873100666798595
2011-10-02,0.0,1.1641267590495166,0.42323271931117157,1.172565514009621,0.029947255461373896
2011-10-03,0.0,0.8844025639495134,0.33240324564634405,1.1631561530136492,0.041116447204184815
2011-10-04,0.0,0.9462927146726312,0.2947816704789449,1.1535560417082555,0.052651347140377544
2011-10-05,0.0,0.8747523169983634,0.235380846026693,1.1457312383455092,-0.022683092475827487
2011-10-06,0.0,0.8082115102102586,0.19559606090463122,1.1383371081700915,-0.09605209098209333
2011-10-07,0.0,0.80138747012657,0.1663619178205531,1.1303471516835235,-0.23678331726623736
2011-10-08,0.0,0.8053777412007805,0.14779473810985486,1.1230504593747557,-0.2577537689762608
2011-10-09,0.0,0.7752177687949726,0.12713764166715558,1.116161687530218,-0.31773253835756315
2011-10-10,0.0,0.7353050866060655,0.10208270120888074,1.1105684288652653,-0.39771704784853695
2011-10-11,0.0,0.7053500568078613,0.0791715770054605,1.1055900662005977,-0.3837996663228382
2011-10-12,0.0,0.6255216910987166,0.043827178100684976,1.1010889849865484,-0.5130742265483649
2011-10-13,0.0,0.5732564583506695,0.0118057795972725,1.0938680317792877,-0.5037358440694494
2011-10-14,5.0,0.6171139332530924,0.047691668754972494,1.1052325076852725,-0.4670340216775265
2011-10-15,3.0,0.6635526045481467,0.05643630611078941,1.0245168221983116,-0.4650912862328134
2011-10-16,0.0,0.6634071567862732,0.018087201128097422,0.9557702517540204,-0.45796937271663946
2011-10-17,0.0,0.5904136376873286,-0.01698521382119881,0.9510919309387375,-0.535241747442265
2011-10-18,0.0,0.5033645586928779,-0.05034088077179486,0.946924604675752,-0.5298209246896846
2011-10-19,0.0,0.4678619839941756,-0.08442845844842625,0.8738817403818809,-0.5173063813921257
2011-10-20,0.0,0.4226834574781432,-0.11367260609825446,0.8712602731059257,-0.5045625573465587
2011-10-21,4.5,0.4587677300129449,-0.09381330936199275,0.8826472545744981,-0.49893541859212037
2011-10-22,38.5,1.20004954487678,0.38095620915046613,1.007202551299394,-0.2961896518003502
2011-10-23,0.0,0.8057207261963673,0.24709880442815388,0.9886669262356853,-0.2846488745880949
2011-10-24,0.0,0.8871267290669077,0.2075597640948539,0.9469157409203403,-0.3144670814991122
2011-10-25,0.0,0.8995963222856825,0.1682237708809318,0.9347278383459734,-0.49105922564919974
2011-10-26,0.0,0.8845645680435948,0.13983765555855682,0.934016767371299,-0.47624158889375845
2011-10-27,0.0,0.8308008432596018,0.10591801004435336,0.7981999424854779,-0.4735480635425183
2011-10-28,0.0,0.7512936708091257,0.06873263500832406,0.7909013368204948,-0.47346828764822013
2011-10-29,12.0,0.9244879050655671,0.20099924796137889,0.8311429385073075,-0.4251080428534973
2011-10-30,1.5,0.9117956735499457,0.1625515652804863,0.8364739247024765,-0.4153424524287446
2011-10-31,0.0,0.8449445018197108,0.10032111216287322,0.8361338298632287,-0.48537704913839863
2011-11-01,0.0,0.7757013697320327,0.05546292881039402,0.8353073864258153,-0.5267904390183185
2011-11-02,0.0,0.7215591610510494,0.014251292587966308,0.834517306031333,-0.5923791077556352
2011-11-03,0.0,0.6961268522784911,-0.022105967397346472,0.832678231730895,-0.5718740881611434
2011-11-04,0.0,0.6710395880225302,-0.05306475397035602,0.8323763501517969,-0.5532601187284154
2011-11-05,8.5,0.8405506797843848,0.06440704883433936,0.8482083093460069,-0.48628504316031584
2011-11-06,25.5,1.3345260974342177,0.42947262981728224,0.8730047911911651,-0.33645227998333416
2011-11-07,1.0,1.2693184678115352,0.3450668165299078,0.7615678216040934,-0.3081775779512364
2011-11-08,10.5,1.3148633291250267,0.4254573243110173,0.7788661992066166,-0.22772186327902344
2011-11-09,5.5,1.3407732098117593,0.43515675535944875,0.7994746031255534,-0.17331245251364136
2011-11-10,0.0,1.2826473297352738,0.35432811709614365,0.800395562245277,-0.16310679498865
2011-11-11,0.0,1.1561478368970886,0.2796593851888255,0.8010806409620491,-0.13484291952747238
2011-11-12,0.0,1.118894921329999,0.2260990798377408,0.8012963290229949,-0.10626583599789469
2011-11-13,0.0,1.0205850001709478,0.15958661294248327,0.8010754312155796,-0.07745517967026128
2011-11-14,0.0,0.8422092512529978,0.09245611651224188,0.801679272743392,-0.06676890385218595
2011-11-15,0.0,0.6951732523807541,0.03538159185664326,0.8020880341335195,-0.25807970681702114
2011-11-16,0.0,0.7028196596180482,-0.000890582293970979,0.8027958596356835,-0.27283724429759487
2011-11-17,0.0,0.7057468661321342,-0.03192868361676456,0.7552697824347789,-0.23366358758725797
2011-11-18,0.3,0.7162094068125435,-0.045643304302765114,0.757360100106766,-0.19263713979855362
2011-11-19,0.1,0.6972699952539304,-0.0626424948001392,0.7585804876400406,-0.15244617234603952
2011-11-20,0.0,0.6864732097800605,-0.0806613541461735,0.7596507628450654,-0.11271556230026583
2011-11-21,0.0,0.6655666413149246,-0.10142977818552443,0.7609786634748174,-0.07426885766097169
2011-11-22,0.0,0.6477735295905661,-0.11877719162775942,0.7622642153357498,-0.07680921753205656
2011-11-23,0.0,0.611746781204365,-0.14009240075164547,0.747182531653737,-0.0398822704298776
2011-11-24,0.0,0.5855250689687053,-0.16090801798992949,0.7481165714156368,-0.0032628230766625272
2011-11-25,0.0,0.5447599617408172,-0.17987709844292962,0.7489055322090946,0.03246179471737515
2011-11-26,0.0,0.5088876401307232,-0.21157157416396993,0.7495191875194688,0.07149582706259003
2011-11-27,0.0,0.44043595393085,-0.2307906791988552,0.7347098818139117,0.11146023275818333
2011-11-28,0.0,0.3627360552007591,-0.24475302831848175,0.6793895568695512,0.1497437697901446
2011-11-29,30.0,1.07338487706647,0.30355606094442295,0.785110441294031,0.3272831047788904
2011-11-30,51.5,2.2064554440597153,1.2170284927038668,0.9616931626604595,0.588268855327654
2011-12-01,6.0,2.1243823333196836,1.1401205883883483,0.9831847657088851,0.6172903261696361
2011-12-02,11.5,2.292801181486632,1.2619604510956886,1.0229549785515206,0.6933268577406064
2011-12-03,33.5,2.9536446972199166,1.8271850036840556,1.1354711483206423,0.5817505336509636
2011-12-04,0.0,2.748417519540904,1.6437091407478168,1.1374381015264872,0.44166401951233186
2011-12-05,0.0,2.663342909586067,1.5142882905052395,1.1371659638290714,0.4826933505993391
2011-12-06,0.0,2.5612629559877518,1.4384940253912732,1.1405492483022184,0.5250771992232691
2011-12-07,0.0,2.5087322311129223,1.3427099690724442,1.1447333071704975,0.5666949974953933
2011-12-08,23.0,2.97574010658474,1.6903048476319809,1.223245316152569,0.7087894200541462
2011-12-09,25.0,3.404751651799091,2.041050190667176,1.3014279380920768,0.7738123180167321
2011-12-10,0.0,3.1532402989278903,1.8973534320795116,1.3046877539374098,0.5339894967668193
2011-12-11,0.0,2.974177095453769,1.7673192985870556,1.31014637414731,0.4973938747395653
2011-12-12,0.0,2.9448603735532486,1.7205567463611608,1.3151874121696907,0.5372185787556228
2011-12-13,0.0,2.9322948263379542,1.6721515271571394,1.3224259399773106,0.5774439298304211
2011-12-14,0.0,2.8139541754438104,1.6094422458781137,1.3310113912310597,0.6190037630923884
2011-12-15,0.0,2.6503716733546607,1.5186800247900645,1.3398206870349254,0.6553019478865738
2011-12-16,0.0,2.6819649604481657,1.4943833139070621,1.3494184796799042,0.5960686645186091
2011-12-17,0.0,2.685220287936518,1.4621995192622235,1.3592637836077242,0.33884971863977936
2011-12-18,0.0,2.640547127929965,1.429856515690206,1.3702205179232556,0.3417206271232491
2011-12-19,0.0,2.393366120384642,1.3447724565389607,1.3818760344118974,0.3756780589237593
2011-12-20,0.0,2.1919342218295585,1.2590948373992934,1.3019120676123688,0.4098840760898976
2011-12-21,0.0,2.2330790410462464,1.2357488032836152,0.9227209877269821,0.4436675050444252
2011-12-22,0.0,2.2400626507315136,1.2065813062977775,0.7538287076103591,0.47804552960545005
2011-12-23,0.0,2.2069908588850744,1.158770110075943,0.44754825546325633,0.5123409389712443
2011-12-24,0.0,2.151507706722145,1.1272362843723231,0.46250307115953987,0.546430827860108
2011-12-25,0.0,2.078046325573596,1.0652680871203388,0.48023833449488973,0.5793641567117808
2011-12-26,0.0,2.0236118903146383,1.036844693530094,0.42282738764195565,0.6115103053001819
2011-12-27,0.0,1.950557371509434,0.9975909142935095,0.42062150245255586,0.6432087081995118
2011-12-28,0.0,1.981656418317738,0.9931936492746072,0.441371465674665,0.5433849450341619
2011-12-29,6.0,2.1389115638087985,1.1372018155984,0.48463771054520033,0.6004946249459522
2011-12-30,0.0,2.198584551088506,1.094485369253838,0.24249286658999797,0.6275761476153702
2011-12-31,0.0,2.173653933702765,1.055940279892886,0.26559439937380164,0.6555717658722835
2012-01-01,0.2,2.2099481228905833,1.0177808336869267,0.31248422420282257,0.7092698124225494
2012-01-02,0.5,2.220209294686966,0.9883856719512778,0.3367903056686749,0.73811953479056
2012-01-03,0.0,2.1501445012628255,0.9731027723850255,0.2833595491282574,0.7628130235112817
2012-01-04,0.0,2.1656064821018814,0.9605856230108346,0.2311660879030608,0.785702208261757
2012-01-05,0.0,2.1501409508868514,0.9289326620741594,0.1204656895858814,0.8066996543604872
2012-01-06,0.0,2.070074548567314,0.8781352601798352,0.11325998957769352,0.8291047022998642
2012-01-07,0.0,1.941700276195722,0.798768704970409,0.0721409121143115,0.8513173495465306
2012-01-08,0.0,1.8363313887270987,0.7641307682457013,0.015076862755263511,0.8736336365701277
2012-01-09,0.0,1.801772349873041,0.721193774247437,0.03793773790224539,0.8959692052567912
2012-01-10,0.0,1.7064978944864742,0.682210864515157,-0.06049517258842138,0.9179298702384028
2012-01-11,0.0,1.5210707695959729,0.622765000917895,-0.04230954123313377,0.9411688922660191
2012-01-12,0.0,1.3971626359042943,0.5640491680886074,-0.02118063354621703,0.9338725148446909
2012-01-13,0.0,1.3399198090435755,0.5143195174439381,-0.02111940784330131,0.9373342234392088
2012-01-14,0.0,1.1824798955287392,0.4322013452184853,-0.005262916041453149,0.9598857635292313
2012-01-15,0.0,1.1088278286792561,0.39625030857343735,-0.05947878666317238,0.9825237372616715
2012-01-16,0.3,1.0874926241260945,0.36855290515774974,-0.05213306276252578,0.9892602651204954
2012-01-17,0.2,1.0922522776330332,0.3444513353306245,-0.030519896801983658,1.0095870100725877
2012-01-18,0.0,1.0790052650309192,0.3134860964200663,-0.009574159377827648,1.027167228498035
2012-01-19,16.5,1.5623025453941737,0.7636817878126677,0.054960909269448036,1.1185593818375987
2012-01-20,12.0,1.7415329575893406,0.9760494290739721,0.12552082405675757,0.963111533171856
2012-01-21,7.0,1.9055685990983484,1.0722432199833447,0.1735990026414777,1.02341835260145
2012-01-22,0.3,1.8071338352541346,0.9729342504284626,0.15956930795638286,1.040708109133033
2012-01-23,0.0,1.6679164689573576,0.8485196283754063,0.023536212763502543,1.0581955382246604
2012-01-24,0.0,1.5894572314426558,0.7786144681381744,0.04615665628782797,1.076064287927066
2012-01-25,0.0,1.51152344681086,0.7237649090673234,0.05796719386661658,1.093086769984242
2012-01-26,0.0,1.4903253841057165,0.6808179408390266,0.06717888275858898,1.108199064022433
2012-01-27,0.0,1.4273681860664293,0.6195132916706774,0.06608865842610136,1.0442520597076652
2012-01-28,0.0,1.2884098640359838,0.5208472902573712,0.07720686332367406,1.050030227599803
2012-01-29,0.0,1.1409623930596249,0.44138132013025166,0.029085039733445697,1.0666359421761529
2012-01-30,0.0,1.0042716873743918,0.35116392912362776,0.005686030481777942,1.083856100353597
2012-01-31,2.0,0.915999262009357,0.32477059952046566,-0.02735974493324608,1.114512185261752
2012-02-01,0.0,0.8425236992584921,0.26663810747792194,-0.001652178765043953,1.1308761352875736
2012-02-02,0.0,0.8439440981575557,0.2364697004574345,0.02221361578618859,1.1461025680641526
2012-02-03,0.0,0.8415477075832262,0.20554735700308782,0.04733751979675436,1.1008522933340859
2012-02-04,0.0,0.7938284278801044,0.1725159884338838,0.0669966514586851,0.9276296225611742
2012-02-05,0.0,0.7735105585651523,0.13600728129598266,0.09168015029862077,0.9331071265956972
2012-02-06,0.0,0.7652329240829284,0.10161707289317258,0.11910343857721306,0.8623577940514536
2012-02-07,0.0,0.7352707509771469,0.06691014194570552,0.14632785058966288,0.8282112097491152
2012-02-08,0.0,0.7215223157774973,0.04299615322628234,0.15918708602741677,0.8368903136339846
2012-02-09,0.0,0.7025901811335578,0.0214402438134013,0.18714416037836026,0.845117874019001
2012-02-10,0.0,0.6450119117157801,-0.005443212722880832,0.21472763913635604,0.8519575093445397
2012-02-11,0.0,0.6023864021239467,-0.03344575853578542,0.24261586184792908,0.8577788648474618
2012-02-12,0.0,0.5644172484389091,-0.05996622678003649,0.2556204621875258,0.8633702639227436
2012-02-13,0.0,0.5281034267001478,-0.10993897767029016,0.09980523272390028,0.8694860146872693
2012-02-14,0.0,0.47990430324838246,-0.1732118606453709,0.09210447599391496,0.8744618940086263
2012-02-15,0.0,0.38225392086767795,-0.2314449000031996,0.12696078725672438,0.878628543478016
2012-02-16,0.0,0.29426979299999184,-0.28802213680064,0.16162304672079397,0.8789175475992204
2012-02-17,0.0,0.2214587354880377,-0.3430275248922948,0.1967650159464135,0.880538250304312
2012-02-18,0.0,0.17633331029024715,-0.38349550044494235,0.23190169696020463,0.8824066769261947
2012-02-19,0.0,0.14441116743830085,-0.42664386348353284,0.2668216584944905,0.8833446437717724
2012-02-20,0.0,0.10879707601073614,-0.4615592036408339,0.2663402544319942,0.8839268259126849
2012-02-21,0.0,0.06235132731123896,-0.4882740037235186,0.29878151378619344,0.8842991878631521
2012-02-22,0.0,0.013959485648717428,-0.49766334100745985,0.3301499202834611,0.8822375354441349
2012-02-23,0.0,-0.03274970110435094,-0.515590648478543,0.36119238753229427,0.8792461856273137
2012-02-24,0.1,-0.07143001089115558,-0.5523064305983808,0.39488712115099256,0.877360979491019
2012-02-25,9.5,0.1474916462810593,-0.3242214186680285,0.46672821007851134,0.9473931277958286
2012-02-26,13.5,0.4390966519056627,-0.04260296285756249,0.552237726380793,1.044709608806728
2012-02-27,0.0,0.3274545372241745,-0.1555746853167374,0.5864779881741475,0.8121131120050186
2012-02-28,0.0,0.23683146581051084,-0.2314576888640258,0.6212542234831989,0.36140460573566896
2012-02-29,0.0,0.15351280999731545,-0.30970693128144067,0.6231124096717651,0.2979183593895031
2012-03-01,0.0,0.07313350397497878,-0.4070120204627178,0.6471182407854801,0.17628504070819134
2012-03-02,12.5,0.34376495393454326,-0.0955247341041565,0.45241262713096786,-0.05723123405248402
2012-03-03,6.5,0.4207609622781634,-0.030767048428008457,0.3417440437545456,0.00800950878247533
2012-03-04,1.5,0.3619241056539889,-0.08815151124099103,0.3826288077312969,0.016564299357251993
2012-03-05,16.0,0.7267802702941532,0.2467633205060917,0.48579828397654057,0.17906374619705542
2012-03-06,4.0,0.7062493001035264,0.22525707603220185,0.5366616864834735,0.21294873496789324
2012-03-07,0.0,0.6164938305239721,0.12054062996346282,0.5700208387837694,-0.0403248303105964
2012-03-08,0.0,0.5388566776966816,0.04510220631979228,0.520326322307318,-0.35401235866932274
2012-03-09,8.0,0.7109045780668981,0.1994605248215298,0.3123917609849778,-0.2628529916630916
2012-03-10,1.0,0.642220238211598,0.13203396708644521,0.2735665079846286,-0.26266049850699336
2012-03-11,0.0,0.5630191706567993,0.0590771558611703,0.30399608299443664,-0.2749991768234587
2012-03-12,0.0,0.5118663409003799,-0.0004716473647625096,0.3349064530852708,-0.28855222675591236
2012-03-13,0.0,0.4718139431949538,-0.054734171640393604,0.3660821223506479,-0.30430742677619826
2012-03-14,0.0,0.4241385035143092,-0.10866441223666672,0.3929775300870328,-0.32063839876595646
2012-03-15,0.0,0.3651199703236282,-0.15370261790396522,0.32513196707529035,-0.3352860882055781
2012-03-16,0.0,0.29745270313631805,-0.21273414814850378,0.07097380329646942,-0.34834828843182086
2012-03-17,5.0,0.4105823583115454,-0.1217686478036472,0.09148441349331302,-0.29629801203903877
2012-03-18,20.5,1.0287145592613836,0.41468006138440205,0.2263216791778436,-0.056939956329139514
2012-03-19,0.2,0.857402597414018,0.2655335986491954,0.2520162648693577,-0.06671127102686518
2012-03-20,0.0,0.7320276892804803,0.1506038388909637,0.2759277886470775,-0.07856850587280156
2012-03-21,0.0,0.5951238128809265,0.03921743670803139,0.2990825758640325,-0.09174493701043694
2012-03-22,0.0,0.4724482347739636,-0.053584286688030135,0.32229353957297163,-0.10459982112734863
2012-03-23,47.0,1.8607562577093244,1.2324862154514857,0.5971757098097258,0.40454651832770566
2012-03-24,4.5,1.696804740507967,1.0891777460342034,0.6454566525818058,0.4422169572639336
2012-03-25,0.0,1.5317370208728887,0.9174139887577756,0.6690608939224746,0.433452515609078
2012-03-26,0.0,1.3541544769969032,0.7689425406209233,0.691588416545192,0.4238414067854472
2012-03-27,0.0,1.2055986928181963,0.6511577320034638,0.5949364285301156,0.4141289114762759
2012-03-28,0.0,1.0543115544878086,0.5362309721598166,0.60620851879672,0.3406752319207502
2012-03-29,0.0,0.9234327886162838,0.43782100556551823,0.6229802928603845,0.3302141379381013
2012-03-30,0.0,0.8805194593540002,0.3663488847362762,0.6399718777446329,0.3196086130631608
2012-03-31,0.0,0.8289388480834067,0.30157076864008286,0.6564961901267727,0.30743850012098467
2012-04-01,0.0,0.7580415380513089,0.21804640335433004,0.6725962009329656,0.2922380096830704
2012-04-02,4.5,0.864044706913242,0.2884653993412554,0.713112986409832,0.3319078767039356
2012-04-03,51.5,2.343621047065029,1.6399284045153664,1.005016511049714,0.8435813060210773
2012-04-04,0.0,2.11309996778764,1.4058666519589025,1.0192398593502738,0.8350529459525826
2012-04-05,0.0,1.86939345450711,1.225285646311573,1.0336570278321793,0.8260165639403277
2012-04-06,0.5,1.8022100958818215,1.184805276972372,1.0507228231619854,0.8219207099892015
2012-04-07,0.0,1.6642691581853992,1.0537513484574113,1.064297055885754,0.8132477938267766
2012-04-08,0.0,1.5777259058543174,0.982287476065443,1.0772440481966503,0.8051716766441375
2012-04-09,0.0,1.401164640375249,0.8673448962911107,1.090218749108161,0.7959552600191159
2012-04-10,0.0,1.3245882356628442,0.7958353861648099,1.1029460608288317,0.7860717639175058
2012-04-11,8.0,1.3922076468468698,0.9185285054844227,1.1324476385068354,0.8523460872836955
2012-04-12,0.0,1.2840532708553192,0.8262552235415493,1.1294836566291262,0.8419587436467507
2012-04-13,0.0,1.1989486469671033,0.7605991711760283,1.141727808221113,0.8308260642738136
2012-04-14,0.0,1.106842244565417,0.6896078738606083,1.1543485514316028,0.8212896290802494
2012-04-15,0.0,1.0441919467729581,0.634885276999401,1.1667393454452983,0.8087892457567281
2012-04-16,0.0,1.0002378720126177,0.5706105383061866,1.176112413141652,0.7968828724110897
2012-04-17,0.0,0.9619668348602405,0.4853668635095339,1.1847519295177198,0.7865367597231918
2012-04-18,0.0,0.8747258548405296,0.41373412952689986,1.1671018726746933,0.6145060670167741
2012-04-19,0.0,0.7962686136365438,0.32159142675820157,0.9563181110918895,0.48226317581264605
2012-04-20,0.0,0.7474373627213494,0.254740907542774,0.963168873289131,0.39753876290592
2012-04-21,54.0,2.5763245870133877,1.9172251081290945,1.2758244318536915,0.9279094407565535
2012-04-22,1.0,2.2773632168945,1.655978824212525,1.2900778828352615,0.9276306921918422
2012-04-23,0.0,1.8891334250879528,1.3813994001456158,1.2996407024458343,0.9176106782300905
2012-04-24,0.0,1.68767377625069,1.1456677666886135,1.3088057010986718,0.9074333501850694
2012-04-25,7.0,1.7843861436481379,1.2426123633804014,1.3554077941486842,0.9636292282883198
2012-04-26,0.0,1.5559172128338765,1.0591394985119689,1.2969661573267612,0.9543962853501915
2012-04-27,0.0,1.2871660818690087,0.8701644093958008,1.2961354214271223,0.9430104320825536
2012-04-28,0.0,1.0412701885779856,0.663091076331704,1.3030580934188913,0.9319720274596914
2012-04-29,0.0,1.0377773006266848,0.6117662748988317,1.309584263979196,0.9205994853932508
2012-04-30,0.0,1.0167038494752259,0.5359286771036289,1.3159032449267705,0.890388534388993
2012-05-01,0.0,0.9517045419630592,0.4900469565511139,1.3223692524827224,0.8798838930134611
2012-05-02,2.5,0.9915631653587257,0.5227261410091665,1.3425402847661754,0.8942748785224317
2012-05-03,6.5,1.1593781807174783,0.6578153486289378,1.3359588023818432,0.9471708838366316
2012-05-04,0.1,1.0862977199664905,0.5798821003962668,1.1899214305798846,0.9389172413391279
2012-05-05,0.0,0.995866697215723,0.4909815117529237,1.1870968312964254,0.9292940470806181
2012-05-06,0.1,0.6940322928280065,0.3309388764868387,1.125610324357739,0.9217223308861546
2012-05-07,0.0,0.6532734599796312,0.27698331798846154,1.0932738749282682,0.9143093766838172
2012-05-08,0.0,0.6129574785568617,0.22338814930866727,1.093579495246601,0.9047305620394459
2012-05-09,0.0,0.5815839571475215,0.16921129877870114,1.093369038636297,0.8952075662905041
2012-05-10,3.5,0.619001833995597,0.1905847644814555,1.1135648513944858,0.9209334452904894
2012-05-11,1.5,0.5885893587815606,0.14214277726128124,1.120262901194315,0.9278270611932485
2012-05-12,0.0,0.43065460990684207,0.05765315584590935,1.1183321237383577,0.920286581851088
2012-05-13,0.0,0.3675774951404259,-0.021193387022297738,1.1176995405126537,0.9142066725132986
2012-05-14,15.5,0.777006576891424,0.33828906227694006,1.211482229748208,1.0609440610514593
2012-05-15,0.0,0.6543467844107512,0.21788819036368637,1.210573644626047,1.0569166511666193
2012-05-16,0.0,0.5401492617696656,0.14028126927370888,1.2072082015276013,1.052497979523922
2012-05-17,2.5,0.4946361858073232,0.13013535348275457,1.219241762087787,1.0713050640753983
2012-05-18,0.0,0.41727686452987406,0.07055841837058771,1.2164922153882958,1.0663784602777702
2012-05-19,0.0,0.3588413129306302,0.007054164959807851,1.213373709264749,1.0629737862183615
2012-05-20,0.0,0.2983968769742909,-0.049480188765647,1.209606752198304,1.0592451562142513
2012-05-21,0.0,0.23504434568065732,-0.12046648155562331,1.2064597946938709,1.055425697943085
2012-05-22,0.0,0.1581408565692174,-0.19238849279985096,1.2028595257688928,1.0525267623361003
2012-05-23,0.0,0.06768750857639075,-0.22398908154348185,1.1991239971457373,1.0492734713454195
2012-05-24,0.0,0.011824032695871551,-0.28371150407141144,1.1951150551519325,1.0445100571828556
2012-05-25,0.0,-0.04096700293811036,-0.3407960293146047,1.19015235579888,0.9491425455321679
2012-05-26,0.0,-0.07023121387589838,-0.3872582249963802,1.1852597120641333,0.8120550411567761
2012-05-27,0.0,-0.1006092551277477,-0.428094431112234,0.9984085430120084,0.8080953482858155
2012-05-28,0.0,-0.12539728973423997,-0.46173459212448037,0.6636296617071961,0.8055205120058332
2012-05-29,0.0,-0.16217441713458047,-0.49677171388290275,0.6182869795337916,0.8028555891978876
2012-05-30,13.0,0.24762531392107662,-0.13342369469949864,0.6227120457504055,0.9286862249195703
2012-05-31,7.5,0.3843119202368759,-0.007324678007055832,0.4401128236301273,0.8777021133264185
2012-06-01,0.0,0.24174083931748117,-0.12109334956520947,0.4352589124207986,0.8122329153280976
2012-06-02,0.0,0.148625082456454,-0.21565549906391485,0.4300897219419205,0.7960586340959593
2012-06-03,0.0,0.07634522053047302,-0.2934659034927463,0.424478794725637,0.630221987642544
2012-06-04,0.0,0.011177794780164747,-0.3503534086824801,0.41810091733087457,0.5849266580541569
2012-06-05,0.0,-0.058802439694634695,-0.417245161832282,0.24509796165776598,0.5793562000333657
2012-06-06,0.0,-0.13450736387801482,-0.4842579578695123,0.049293576667713314,0.5747820825111386
2012-06-07,0.0,-0.18778592610994535,-0.5213190321193172,0.03989316828627469,0.4835306146222892
2012-06-08,0.0,-0.25588493010479935,-0.5942685193048219,0.02953827870380198,0.46591492848991506
2012-06-09,0.0,-0.3084200789568795,-0.6371403800771579,0.018052111984956373,0.4570874806095753
2012-06-10,0.0,-0.375665644805177,-0.700094978992968,0.0036489746802603,0.44432688598538717
2012-06-11,0.1,-0.4081843239120283,-0.693033819200532,-0.011837907159679088,0.4310928360335822
2012-06-12,5.0,-0.26849376126335756,-0.586186422181411,0.009963057041791087,0.46983122429940194
2012-06-13,1.5,-0.29512649338665836,-0.6063975579656286,0.0033946790743143943,0.4687700472424219
2012-06-14,0.1,-0.37197151988828714,-0.6838338046117245,-0.015062259243221757,0.45027392875858013
2012-06-15,0.4,-0.41770146637108996,-0.6873352862315864,-0.033343549498830685,0.3776331470215111
2012-06-16,2.0,-0.436117317832806,-0.6694134496736712,-0.04074582052890105,0.1506275273336327
2012-06-17,0.0,-0.5255642665464266,-0.7543253792834802,-0.06492187575580777,0.1221164061558877
2012-06-18,0.0,-0.5728612385797245,-0.7626656359683127,-0.08947785275395095,0.0949831214313299
2012-06-19,2.0,-0.5463493312731755,-0.7024155184321155,-0.10102796331115121,0.087538875735863
2012-06-20,2.0,-0.5076080822293242,-0.6407885194868111,-0.1130028416791266,0.0793299480159855
2012-06-21,0.0,-0.6051156550138564,-0.7078981652303187,-0.14132547424557673,-0.4992094419783265
2012-06-22,0.0,-0.7363562529829333,-0.8142245231404317,-0.16958104453383643,-0.5843827387565201
2012-06-23,0.0,-0.7468372553199505,-0.8436452691338449,-0.19957917330744548,-0.6142315271990305
2012-06-24,0.0,-0.7711350842844814,-0.8763659399435592,-0.23104601696763555,-0.6440273940996608
2012-06-25,1.5,-0.729658188164447,-0.8368472325271159,-0.2522923490270976,-0.6571598239839446
2012-06-26,6.0,-0.6629207522220658,-0.7593353016541694,-0.286509844761232,-0.6168631149015591
2012-06-27,2.0,-0.7388057327579267,-0.8424658852700081,-0.30597371278070123,-0.6253817517285801
2012-06-28,0.2,-0.8287959148977142,-0.921560923804761,-0.34006100421601154,-0.6560423954852006
2012-06-29,0.0,-0.9140794216439161,-1.0297049897854214,-0.3792743765674524,-0.6920667817068017
2012-06-30,4.0,-0.7720536770825212,-0.8937888968141422,-0.3908990151280613,-0.6834392239726346
2012-07-01,0.0,-0.957764978177337,-1.0178926077751267,-0.43064207898339174,-0.7748341497707051
2012-07-02,0.0,-1.0300706769222898,-1.061278839159534,-0.47126391669383133,-1.4726852416726148
2012-07-03,0.0,-1.1653572989058982,-1.195261421767625,-0.5124283991962107,-1.510441321631765
2012-07-04,0.0,-1.2170016693215928,-1.2388398125954194,-0.5538621241101449,-1.5489113772409464
2012-07-05,3.5,-1.1310671739752631,-1.1823384219233546,-0.5679235587863002,-1.5461160756114884
2012-07-06,119.5,1.099307476537937,0.8077744771620501,0.23367721111699946,-0.2500404233253389
2012-07-07,1.5,0.3772703729298448,0.4021549200569612,0.20329575213232873,-0.28129292397286665
2012-07-08,0.0,-0.045526412459505075,0.14055603574749964,0.16327496909767739,-0.32630279127207157
2012-07-09,0.0,-0.3441723622898927,-0.057787511760049995,0.12233079378839021,-0.3719003194336394
2012-07-10,0.0,-0.5533269951651462,-0.23855692321839383,0.08126133039359805,-0.4919662959066664
2012-07-11,5.0,-0.5883937375721077,-0.2778583780742219,0.0740031114875946,-0.48551533445318906
2012-07-12,0.0,-0.7258971103069364,-0.42404765163080577,0.035042575526353356,-0.5246243988066019
2012-07-13,15.0,-0.5166222927416098,-0.2687870731846581,0.09236562543159925,-0.42579776741938385
2012-07-14,10.5,-0.43862447762313395,-0.23043643630343347,0.11885149659341286,-0.37067982965649415
2012-07-15,86.5,0.8161000369904415,0.8648788234885352,0.5982835540794681,0.2893806747285433
2012-07-16,0.2,0.48113805563260154,0.5696961310859946,0.5657460830192058,0.2561388542112501
2012-07-17,0.0,0.26997561933236913,0.37237538744408766,0.436333425993725,0.22121279644895406
2012-07-18,0.4,0.1752606176532432,0.2940762822543166,0.3347882649521318,0.18963975889701987
2012-07-19,16.5,0.38062643899221715,0.4665619026317626,0.3574161498880877,0.276050286841992
2012-07-20,0.1,0.2536115784541222,0.35746712663998714,0.3250518382864925,-0.15649763098379357
2012-07-21,1.0,0.16278646970184713,0.27573323610001593,0.29916226929587647,-0.1862505153279469
2012-07-22,1.5,0.06022857000575858,0.1905795632309461,0.27622407482595895,-0.2038933733476078
2012-07-23,0.0,-0.08537861177856464,0.07085463396112561,0.2443781138965465,-0.23413679570435875
2012-07-24,0.0,-0.21362964449184121,-0.05232971546620012,0.21329336546512773,-0.3192496467227101
2012-07-25,0.0,-0.26931421856738,-0.14068777190079826,0.18022482788022384,-0.35081743894902967
2012-07-26,0.0,-0.33279434202893027,-0.21424389893253415,0.14833878977566298,-0.37992026050548955
2012-07-27,0.0,-0.37388052118265785,-0.2603962179104247,0.1180843233371019,-0.40694902285751355
2012-07-28,0.0,-0.415836481736307,-0.30063342115185904,0.08852645778703618,-0.4338330187740452
2012-07-29,0.0,-0.4582207145948678,-0.3350391463611487,0.048546292492585415,-0.4604393459278993
2012-07-30,0.0,-0.5090118867363607,-0.37619267505020776,0.02106510124268019,-0.4842474564115811
2012-07-31,0.0,-0.565109735923496,-0.4264698656483091,-0.005848005338193831,-0.5265797049405465
2012-08-01,0.0,-0.5614338571767429,-0.44264368618391003,-0.03226274391932697,-0.5994340136942049
2012-08-02,4.5,-0.470192677363594,-0.37844157523309274,-0.03412768866255976,-0.5883283039004982
2012-08-03,0.2,-0.5559335242228607,-0.4424204714271891,-0.06005118842132223,-0.6092014014249114
2012-08-04,0.0,-0.6266470377792605,-0.505019909954996,-0.08785742284609437,-0.6325918659257171
2012-08-05,0.0,-0.660732460244424,-0.5541149406399732,-0.11570912315413821,-0.6551389450544977
2012-08-06,0.0,-0.7642633893672558,-0.6308678199284952,-0.14255477593516866,-0.67701989257166
2012-08-07,0.0,-0.8621846266226565,-0.7284443198861079,-0.16952427036505846,-0.6991466370194556
2012-08-08,0.0,-0.9631761452534817,-0.8348517522338271,-0.1973991776016127,-0.7482221098796743
2012-08-09,0.0,-0.6964358662911857,-0.6926623819686851,-0.22471019909714313,-0.7815818823453774
2012-08-10,0.3,-0.8881728000666206,-0.793476880705995,-0.25013037527851784,-0.802015227131328
2012-08-11,0.0,-0.9786698803655899,-0.846418220533,-0.2778876623282227,-0.8268512608628523
2012-08-12,31.5,-0.5300906747925522,-0.4938483343700768,-0.1414183002080313,-0.7383377429409201
2012-08-13,15.0,-0.40929523378739346,-0.41085929049512515,-0.09410760676998796,-0.6618603976438545
2012-08-14,1.5,-0.47376883509595097,-0.48132883697849577,-0.11648163589577226,-0.6816454490072512
2012-08-15,12.0,-0.4038918007505554,-0.4158212218946635,-0.08928035918945784,-0.6485331175528617
2012-08-16,18.5,-0.2554625066361435,-0.3032833612840211,-0.031156724347379313,-0.5587894187860268
2012-08-17,0.0,-0.4079819051914445,-0.43541657551824003,-0.06438153623337414,-0.5914364703456001
2012-08-18,0.4,-0.4629148365465136,-0.49195501275289816,-0.09647093453019061,-0.6216321993513542
2012-08-19,0.1,-0.47744963486883507,-0.5094818515650597,-0.13012361351958457,-0.654672643192421
2012-08-20,5.5,-0.5148824812977292,-0.5273892352944487,-0.13842127947497648,-0.6554534692419132
2012-08-21,0.3,-0.6406182069486555,-0.6297694250293225,-0.17157808927877424,-0.6890246404163979
2012-08-22,36.5,-0.17288542310592506,-0.2675060464215741,-0.035131611045187756,-0.5029978633271979
2012-08-23,32.5,-0.10410103843067513,0.010129473538708057,0.035469064153978186,-0.3517128928465094
2012-08-24,2.5,-0.32550137134722446,-0.15072989931404326,-0.04756172026315717,-0.3717030553752614
2012-08-25,5.0,-0.44129979426586,-0.2395427988203082,-0.05666096915515311,-0.3762079715144611
2012-08-26,0.0,-0.5632627550416801,-0.36051138310157854,-0.08866102910607261,-0.4093718056163838
2012-08-27,3.0,-0.6394500730257852,-0.41310466064194856,-0.10842026223207535,-0.42864423109199845
2012-08-28,17.0,-0.5588003380492703,-0.34342242815516344,-0.06669282042153102,-0.4431578982141446
2012-08-29,0.0,-0.7604064727462823,-0.5267366685892957,-0.15558005476412298,-0.5199718629138103
2012-08-30,99.0,0.37289602058852944,0.24878981603616918,0.2056335995567731,-0.052968726892842634
2012-08-31,10.0,0.33284844904357824,0.14120305881172143,0.20750755836367313,-0.0409126285885942
2012-09-01,1.0,0.11715027097657742,-0.020365546188111157,0.11335836245227489,-0.07117344804358913
2012-09-02,0.5,-0.021858351212747318,-0.11516190364896048,0.06706162015714696,-0.10244810601464358
2012-09-03,0.0,-0.17255342995932946,-0.21302188939911107,0.036318192881519704,-0.13458205945664933
2012-09-04,1.0,-0.2849848535856092,-0.29171738662041397,0.010435519092772528,-0.1617263073217351
2012-09-05,7.5,-0.21560181180830423,-0.2720399432791934,-0.022007819808490103,-0.15844528630576835
2012-09-06,0.0,-0.31872647504625873,-0.3425197467327675,-0.057372366407947455,-0.19134423466483969
2012-09-07,0.0,-0.33037130368302814,-0.36336617911201485,-0.0877294246111044,-0.22252038132930027
2012-09-08,44.0,0.2001808361185745,-0.04233816676698721,0.06309681096150982,-0.04619842207306755
2012-09-09,0.0,-0.010094839419867165,-0.18950613669932723,0.035433660183900054,-0.07213138024387783
2012-09-10,0.0,-0.13352898274077776,-0.2726017322918028,0.008360013361379232,-0.11951261713010385
2012-09-11,0.0,-0.2551346390787203,-0.35775278540269617,-0.017620711542682903,-0.14870072040098725
2012-09-12,0.1,-0.3165833197900984,-0.40126728051043375,-0.04244240241542052,-0.16877282789814246
2012-09-13,0.0,-0.41836784553643047,-0.47570449089474354,-0.08715982666503769,-0.18861982425113694
2012-09-14,0.1,-0.49292552344888707,-0.5342476759977535,-0.1944104485350085,-0.21469290624858994
2012-09-15,1.5,-0.5347197322893238,-0.5691939615190827,-0.21025761371788024,-0.22117175253168964
2012-09-16,45.0,0.06971766399743849,-0.1411716073077245,-0.04958080346421494,-0.031950714946517245
2012-09-17,190.0,2.4846091319078925,1.6066084219716628,0.636887315594758,0.7139270763572344
2012-09-18,0.0,1.6019370567472897,1.2616874903362771,0.6192552343958377,0.6988770126026155
2012-09-19,0.0,1.0068439063464192,1.0309916695195827,0.43476779873573174,0.6917534614211607
2012-09-20,0.0,0.724848321683148,0.8849881421535776,0.4008048764045358,0.684668559696329
2012-09-21,0.0,0.5054779750281806,0.7673367731855677,0.38448382192258224,0.6796102628983566
2012-09-22,0.0,0.36644511728413887,0.6820839157175118,0.3684892976464262,0.6754868730169988
2012-09-23,0.0,0.26241909245872586,0.6056010719697694,0.35334220792778226,0.6681148447628891
2012-09-24,0.0,0.18394711141460665,0.5562341719088609,0.33843336261721135,0.6445946626911312
2012-09-25,0.0,0.11138023937775035,0.5082028900154589,0.32403794899676336,0.6370019900187704
2012-09-26,0.0,0.04944650281767775,0.4574771394655103,0.3105500679892439,0.6376747504479623
2012-09-27,0.0,-0.015760979047391745,0.40211683189930136,0.2980830948452973,0.6414565874192011
2012-09-28,0.0,-0.07089258486643663,0.3561246475738506,0.2861994225753821,0.632031147442135
2012-09-29,0.0,-0.10072387423621348,0.307952101801478,0.2583294845949661,0.6386835594753343
2012-09-30,0.0,-0.1570749201881331,0.25382103809198914,0.05561105718557793,0.6464923392349363
2012-10-01,0.0,-0.21423633344206058,0.206277870361182,0.045395426563899735,0.65540007898502
2012-10-02,0.0,-0.2022430831795059,0.1366226768432588,0.035753380977731196,0.6644890847922253
2012-10-03,0.0,-0.28185785371655975,0.08703050304925279,0.02481062262505479,0.6616358037215143
2012-10-04,0.0,-0.3250554768986319,0.03150136517922015,0.015575953006045822,0.21089620620941754
2012-10-05,0.0,-0.3487671183217252,-0.01130250297165832,0.006459079898261446,0.2168692076042647
2012-10-06,4.0,-0.3376857390763773,-0.0025095661040746664,0.013752358043352031,0.24600289510350004
2012-10-07,0.0,-0.39550466594574385,-0.03920969915056419,0.0062552265791275185,0.25974585337684186
2012-10-08,0.0,-0.42862738739673506,-0.06883142383839506,-0.031399558730388535,0.273974151847217
2012-10-09,0.0,-0.4692540578120837,-0.10245502142223477,-0.03767092363021495,0.26840242970744976
2012-10-10,0.0,-0.5101448270948923,-0.1373225333219481,-0.04329555204447547,0.2831977030542174
2012-10-11,0.1,-0.5130265783028355,-0.16701653981814388,-0.04839723996218503,0.23847452671907918
2012-10-12,0.0,-0.5342394514517176,-0.19288130761796735,-0.05316367093760852,0.21131942900423173
2012-10-13,0.0,-0.5471472493904355,-0.2082748029563611,-0.057996408304405014,-0.14306167302089898
2012-10-14,0.0,-0.5951994179003941,-0.2377246252405159,-0.06272569593910624,-0.13005095507282993
2012-10-15,0.0,-0.6770140791382676,-0.2735575346207639,-0.06728033970184187,-0.11573629926474378
2012-10-16,0.0,-0.6762790066215352,-0.29410597656249543,-0.07220568351546805,-0.10365707520421244
2012-10-17,0.0,-0.6586564848206066,-0.3018843140770613,-0.07724290944379958,-0.16489282946709913
2012-10-18,0.0,-0.7108835414874952,-0.32578779153785087,-0.29334886363487445,-0.15258729829154666
2012-10-19,0.0,-0.749593939806492,-0.3395834543327487,-0.30169794410695416,-0.14402742603811813
2012-10-20,0.0,-0.7975030471526577,-0.37387497920274054,-0.30543383106139466,-0.13708526539073568
2012-10-21,0.0,-0.8389526429359957,-0.405237102604706,-0.3085803596923578,-0.12215831504663417
2012-10-22,2.0,-0.6192193877964143,-0.34637316141695085,-0.33227603542831546,-0.09847149014963272
2012-10-23,0.0,-0.7397815915103567,-0.3752398449491228,-0.3363215502685839,-0.08187021533204533
2012-10-24,0.0,-0.8134725632539239,-0.4025263570409492,-0.33989347046677304,-0.06548295372077792
2012-10-25,0.0,-0.8285974349234233,-0.4120977265980821,-0.34298376138617037,-0.049655162830464276
2012-10-26,0.0,-0.8479326181501876,-0.4382211429035315,-0.34562165129365724,-0.03380122884367491
2012-10-27,3.5,-0.7731435847489759,-0.40847035049662056,-0.3335342330796407,-0.001744487485956292
2012-10-28,0.0,-0.7929409506258795,-0.4393362753697546,-0.3357698964557312,0.013703231304402637
2012-10-29,0.0,-0.8764177810079147,-0.48360170957385257,-0.3483629558535842,0.029216300012324805
2012-10-30,1.0,-0.9210411091823419,-0.5111491183482616,-0.37279120814816097,0.04980049506935493
2012-10-31,0.0,-0.936897287992636,-0.5351663273725417,-0.3747589487892169,0.04606961652939426
2012-11-01,0.0,-0.95411150074574,-0.5649811242860723,-0.3767786540395339,0.06292999266805861
2012-11-02,0.0,-0.9929410578922215,-0.5900135378238701,-0.37928330524367465,0.08244127120116856
2012-11-03,0.0,-1.0187842317543316,-0.6137078491095578,-0.3810756120897017,0.1026258639281235
2012-11-04,0.5,-1.0039928990728288,-0.6143195834526485,-0.3799129693926332,0.12523819153165616
2012-11-05,3.5,-0.9084104665583073,-0.5785660799572624,-0.3659586661578697,0.16293491501904647
2012-11-06,0.0,-1.0162860672544745,-0.6520780209994161,-0.3811797289465644,0.18587963837241644
2012-11-07,0.0,-0.9835867251959719,-0.6645371661539761,-0.3880738138258238,0.20960364742581408
2012-11-08,0.0,-1.0327001559597506,-0.7157485928484375,-0.38889532936266574,0.23154255981807034
2012-11-09,0.0,-1.108907513878111,-0.7648158189799512,-0.39039065264827477,0.2552365406904296
2012-11-10,1.0,-1.0825335718522964,-0.759516796499491,-0.45323917829939697,0.1425894871759197
2012-11-11,9.5,-0.8973434670296526,-0.6289538926090131,-0.41451057531858676,0.14347613653902372
2012-11-12,0.0,-0.9591660766147765,-0.6964751859162864,-0.41581746065452113,0.16304769790060972
2012-11-13,0.0,-0.8955648672365947,-0.6988755521078676,-0.4277400306705591,0.13934650814353405
2012-11-14,0.0,-0.822918080477131,-0.6619260049281928,-0.42859041298726985,0.08622546226003974
2012-11-15,0.0,-0.8930622960709935,-0.7006632640026255,-0.4289815713119179,0.1191153755640487
2012-11-16,0.0,-0.9587723675793592,-0.740255569508158,-0.42858117284572084,0.15211021250429022
2012-11-17,0.0,-0.9895148050696524,-0.7504972418216685,-0.4274637358608253,0.18723199816397051
2012-11-18,0.0,-0.990411746014969,-0.7488530314644166,-0.42633499440048556,0.19891528459974098
2012-11-19,0.1,-1.0153300031414934,-0.7552999775560637,-0.4249874591087366,0.23472261048141493
2012-11-20,0.0,-1.0355677175124094,-0.7745961761164015,-0.4241375229312421,0.10608601885584262
2012-11-21,0.0,-1.0444270624009382,-0.7867914717142466,-0.42318795316309815,-0.008931329279017441
2012-11-22,0.0,-1.055831507019638,-0.7890029498228716,-0.42181646125518846,0.01699571974471334
2012-11-23,11.0,-0.7707574074578621,-0.5658438664220717,-0.37312862447018724,0.08198188881166986
2012-11-24,0.0,-0.8040976648095925,-0.5932484038639824,-0.3711226398285097,0.11906040497719902
2012-11-25,0.0,-0.8515519136511519,-0.6241949595682461,-0.3694656903028391,0.1435440380588088
2012-11-26,0.0,-0.8506358496988121,-0.609902577830722,-0.4224367449283448,0.10340449829747443
2012-11-27,0.0,-0.7960026479426651,-0.5925747657272233,-0.452194297434225,0.14409389316770094
2012-11-28,0.0,-0.8337546979005228,-0.622434183226461,-0.44992054499297573,-0.31988008714032967
2012-11-29,0.0,-0.846641179098355,-0.6420012675376563,-0.4469232891505208,-0.3333946102519026
2012-11-30,0.0,-0.8617220883341628,-0.6489142558308341,-0.44333792885594886,-0.2959180792075952
2012-12-01,4.0,-0.7643399388871082,-0.5693038830730355,-0.4220415128929633,-0.23272670690710304
2012-12-02,0.0,-0.7565559098777965,-0.573514224343335,-0.41696694405166523,-0.1905467174868584
2012-12-03,0.2,-0.7731218404877571,-0.5824650589227833,-0.4109251758804734,-0.15362558131988213
2012-12-04,0.0,-0.8088467035849825,-0.5935096001122117,-0.4054612507686719,-0.15315969665058174
2012-12-05,0.0,-0.8352019164690524,-0.619394162549901,-0.3999481551687297,-0.1101481992669777
2012-12-06,0.0,-0.872163434824616,-0.6300777508073094,-0.3937471513737796,-0.06795627769560551
2012-12-07,0.0,-0.8737292944208338,-0.6214745675286067,-0.38572043143310686,-0.2861023726505701
2012-12-08,0.0,-0.8735219074675378,-0.6275856950963364,-0.37774817561559176,-0.24583441701096323
2012-12-09,0.0,-0.8839637797236245,-0.6503862673237336,-0.39008242529423226,-0.20620793256341177
2012-12-10,0.0,-0.8787369801334071,-0.6479971388652702,-0.38707503472198945,-0.16704043019516004
2012-12-11,0.0,-0.9135611987004535,-0.6715361447500184,-0.3772541687544236,-0.12908505794075484
2012-12-12,0.0,-0.9467168701050843,-0.690079395711148,-0.3674677011978347,-0.09089796477145581
2012-12-13,0.0,-0.9274110244219977,-0.6845278316242674,-0.3635941766391565,-0.052516282761140315
2012-12-14,29.0,-0.043786426897944174,-0.0009371128348756104,-0.2320967188436574,0.15130924501862247
2012-12-15,2.0,-0.11346555080800845,-0.05330566724381746,-0.21101657907709032,-0.07907560797778397
2012-12-16,0.0,-0.19559998087324498,-0.11419670374865437,-0.21290988057082924,-1.877180593417144
2012-12-17,0.0,-0.24181516040851436,-0.14967429074977764,-0.20687131494396824,-1.844239069079629
2012-12-18,0.0,-0.257221892741543,-0.17193817376548784,-0.19219394822093663,-1.8120820089921443
2012-12-19,0.0,-0.2651047870830031,-0.18650797751690812,-0.1774097716510041,-1.7809190772827992
2012-12-20,0.0,-0.2916235805889858,-0.2109429988836924,-0.16252888683296063,-1.7474735595553983
2012-12-21,0.0,-0.3086334353150316,-0.22949870867737085,-0.14645149403457963,-1.7141187901522514
2012-12-22,0.0,-0.3291966677891501,-0.25221878029480294,-0.13528714771944397,-1.6830666368533316
2012-12-23,0.0,-0.34239209708037927,-0.2761535337272407,-0.14141078659223913,-1.6545789339752313
2012-12-24,0.0,-0.3473936843562666,-0.28840074921615433,-0.130543871312793,-1.625693160644028
2012-12-25,0.0,-0.3582366744526609,-0.2947567169904655,-0.11158409818524316,-1.5945193435084193
2012-12-26,0.0,-0.36621803582560997,-0.2982977719561081,-0.09054698180641052,-1.5650633518872388
2012-12-27,0.0,-0.3800406549382634,-0.30324945083109284,-0.08399843574731257,-1.5364698320503334
2012-12-28,7.5,-0.13836029782111717,-0.105627436999521,-0.030819373368535186,-1.3907191558812362
2012-12-29,0.5,-0.09970906145267178,-0.12216791353615666,-0.004897598505859677,-1.3535622992422884
2012-12-30,0.0,-0.13048739491102687,-0.1485643186456464,0.018980558394859213,-1.3249757045584327
2012-12-31,0.0,-0.3020106842297844,-0.41241070718133194,0.04295594788723863,-1.2993675190975122
2013-01-01,0.0,-0.16652466340976327,-0.19903133698176254,0.05259503995014534,-1.274829937340385
2013-01-02,0.5,-0.16431436242230474,-0.1842272974309345,-0.4104620630349764,-1.243179167187464
2013-01-03,0.0,-0.25316577898879256,-0.1878268527076328,-0.39188348131308554,-1.2188934133012506
2013-01-04,0.0,-0.2644037548432612,-0.19126436111109316,-0.36678048987279854,-1.2544656201522044
2013-01-05,0.0,-0.2853499590735545,-0.20701865830167146,-0.34135012170283113,-1.2289122128992567
2013-01-06,0.0,-0.30627522972214233,-0.2305092136591997,-0.31629089928968873,-1.2060101700384025
2013-01-07,0.0,-0.3125194201769948,-0.24019800585318402,-0.3132557390233847,-1.1856202889678946
2013-01-08,0.0,-0.3203604529335919,-0.2619118109464714,-0.28815588715597357,-1.167933953858812
2013-01-09,0.0,-0.35184404023728266,-0.2868805476331769,-0.32681171065890974,-1.1526107413826723
2013-01-10,0.0,-0.3555802016347475,-0.29197404763734364,-0.3467762772859587,-1.1376611210352217
2013-01-11,0.0,-0.33000320439979713,-0.2797278087841654,-0.7113570990192589,-1.1238059450056974
2013-01-12,0.0,-0.3409707120919475,-0.2926944205110994,-0.6882912426212677,-1.1094178695740395
2013-01-13,0.0,-0.3765559653565709,-0.3206365024951297,-0.6649210275109779,-1.0955936414385365
2013-01-14,1.5,-0.3236201692132655,-0.27915500322375747,-0.6375114441525855,-1.0597257056145915
2013-01-15,0.5,-0.33287515001413936,-0.2946913624683559,-0.6903565354011572,-1.0391652503472373
2013-01-16,0.5,-0.3502564990727938,-0.30617495267994627,-0.6736323190867055,-1.0289061214333117
2013-01-17,14.0,0.09689709039145178,0.11188051021571328,-0.5916515995645083,-0.8065714723449585
2013-01-18,0.0,0.019486974282593956,0.04589880894381515,-0.5774763194621928,-0.7901300474988272
2013-01-19,0.0,-0.03023271433064702,0.005511266904688931,-0.5563178336871291,-0.774412166337126
2013-01-20,0.0,-0.06284720763439025,-0.026928881018124764,-0.5344683098035489,-0.7883657627738577
2013-01-21,21.5,0.6456683128086027,0.60842916826522,-0.41377288934296946,-0.49166761965202177
2013-01-22,16.0,1.0820217273804864,1.0007584181275229,-0.31759696519329755,-0.2905992859845841
2013-01-23,0.1,0.9088070520096809,0.8323724361368092,-0.2932641665078354,-0.2743246839959181
2013-01-24,0.0,0.8222553748950877,0.7556445603693084,-0.26975405607566816,-0.2591937233578576
2013-01-25,0.0,0.7572150213653478,0.7073067993859761,-0.2471471986303665,-0.2846756769357343
2013-01-26,0.0,0.7275262983715961,0.6774208331387206,-0.22504076778348286,-0.27179304163586926
2013-01-27,0.0,0.6782646621099468,0.6335453781668106,-0.20257259444244213,-0.2596150623679276
2013-01-28,0.0,0.5913753939513571,0.5533551969149504,-0.180453888262494,-0.25900914890121685
2013-01-29,0.0,0.5017390478123989,0.49434547660592404,-0.1779645891913697,-0.24687332802059023
2013-01-30,0.0,0.4207746281924008,0.42316462063607063,-0.15450159730279386,-0.23403264198177642
2013-01-31,0.0,0.34582765810502075,0.3595664135452045,-0.12850160785849316,-0.2213698446834786
2013-02-01,5.0,0.457793307123935,0.46951662329704597,-0.08036796420690881,-0.15268035208618508
2013-02-02,0.0,0.44466294981710786,0.4537654210705063,-0.05411634955059405,-0.1474440473447977
2013-02-03,0.0,0.44153056372824323,0.4439157746471951,-0.02883794646404698,-0.17790760366286032
2013-02-04,0.5,0.43553731831443065,0.44457248987041476,-0.0002825102394261674,-0.1639173220109066
2013-02-05,2.0,0.4909822325532561,0.49027999477961925,0.03513717027960882,-0.13174867341665283
2013-02-06,2.5,0.5718253535661542,0.5616752044818732,0.0724086765480222,-0.09418886457921319
2013-02-07,0.0,0.5470005230821984,0.5406139833719457,0.1000191197484336,-0.08550553928922673
2013-02-08,0.0,0.5426850797067081,0.5276109644628942,-0.007181177695547199,-0.08724865689443766
2013-02-09,0.0,0.5379828358243172,0.5432499618022901,-0.04273344573875492,-0.19080956416501263
2013-02-10,0.0,0.507138513074,0.5354310189685719,-0.019433401175761606,-0.18097250050660563
2013-02-11,0.0,0.48720953979027193,0.5246839155858213,-0.04130761712578524,-0.17053900103788494
2013-02-12,0.0,0.4741179442691137,0.512294903411143,-0.08886286349082402,-0.16067963404929458
2013-02-13,0.0,0.4629961879623161,0.5048773829668292,-0.05445391847050201,-0.15296733659886969
2013-02-14,0.0,0.4422795206859866,0.4641530721565407,-0.02046416303689682,-0.14706041013686402
2013-02-15,1.0,0.4139149513027585,0.44330627050134014,0.01927181849387018,-0.12985512290929008
2013-02-16,0.0,0.34437140570953106,0.38471615091520545,0.031281107282024684,-0.126419521897856
2013-02-17,0.0,0.29040287754046396,0.3368624355559674,0.06603953745050396,-0.12441850230424646
2013-02-18,0.1,0.2709863884387918,0.30158892480120764,-0.05516268127819268,-0.12156192080156927
2013-02-19,2.5,0.3494221220724729,0.3649020500344284,-0.15154229860975432,-0.09050395293931297
2013-02-20,0.0,0.320481365089531,0.3355855661057057,-0.1261246600127175,-0.08954579301705617
2013-02-21,0.0,0.28489460214245277,0.30273409057744805,-0.11294951918547816,-0.22231778187132079
2013-02-22,0.0,0.24586320932810657,0.259176835146381,-0.07880427791621135,-0.2233286889187977
2013-02-23,0.0,0.19865211335418032,0.22115868984796103,-0.05723305009605794,-0.22511672889617923
2013-02-24,0.0,0.1729287989260939,0.1997294904809854,-0.09809215720398715,-0.22715315507727257
2013-02-25,0.0,0.15517796289225338,0.1920803922803573,-0.061566222350252414,-0.23008173269302568
2013-02-26,0.0,0.13646301941087544,0.18572947939377923,-0.5012463538874872,-0.2334123359571662
2013-02-27,0.0,0.11331384244911512,0.17528776512413172,-0.5158600537488452,-0.23651836216490363
2013-02-28,0.0,0.08616886136093753,0.16015916163574626,-0.48439340099764594,-0.24088504763287624
2013-03-01,0.0,0.05123516164656844,0.13968686721377663,-0.44924395216007806,-0.29769635545469136
2013-03-02,0.0,0.012733911059748968,0.10528657211203576,-0.41307257513166334,-0.3051151957075326
2013-03-03,0.0,-0.007511161735149395,0.07056393095298337,-0.3839042710249974,-0.3157748958973161
2013-03-04,0.0,-0.027594009584767,0.05160232442013148,-0.3889419544657681,-0.32408737100005514
2013-03-05,0.0,-0.04300068497506131,0.0350520710539975,-0.3546152246519757,-0.3334227815788068
2013-03-06,0.0,-0.053050819897760185,0.023006478536705996,-0.32008815165660537,-0.34237691648770796
2013-03-07,0.0,-0.06251895872390399,0.012702502689972821,-0.5277516048835382,-0.35112065653490265
2013-03-08,0.0,-0.0853854128244876,-0.004583613016132516,-0.49580280038902547,-0.36097171279924606
2013-03-09,0.0,-0.0942424133090484,-0.01139475874063069,-0.4664378155506199,-0.37238620694382235
2013-03-10,0.0,-0.10425926412247455,-0.020013201979501353,-0.43842510684390396,-0.3838999119568651
2013-03-11,0.0,-0.11195368226196872,-0.025802875045201082,-0.41246467300838663,-0.39722480238901176
2013-03-12,0.1,-0.1086947789345215,-0.02249296319480224,-0.38649887546701067,-0.409279766635662
2013-03-13,21.5,0.6033119917885779,0.630747597660311,-0.23772056873554326,-0.15014266681810348
2013-03-14,0.3,0.5339812291715127,0.558618226086862,-0.21758111335658986,-0.5424099961850455
2013-03-15,0.0,0.49246824484948987,0.5251720977433404,-0.46018310442449434,-0.5903675281232587
2013-03-16,0.0,0.45322120633593904,0.4812306906391949,-1.9393179427931015,-0.6070842553646716
2013-03-17,3.5,0.5421309426503581,0.5528035344792269,-1.8896489751569994,-0.5702430005920562
2013-03-18,9.0,0.8331874062266114,0.8030071570385635,-1.7847608366467447,-0.4569077626951834
2013-03-19,0.0,0.7288163288596866,0.7171488112730704,-1.7749360756817711,-0.47219786133606634
2013-03-20,30.0,1.8043643177189084,1.6420822387689131,-1.4722002022936815,-0.09882919392770456
2013-03-21,0.0,1.6096606201247,1.4734696887224283,-1.4576902525382052,-0.11095139126860541
2013-03-22,0.0,1.4453816804733801,1.313464830071863,-1.4463290700845333,-0.12443467327574594
2013-03-23,0.2,1.3116242575683235,1.2004423680995322,-1.433698891859263,-0.13513221192657804
2013-03-24,0.2,1.1282410987927671,1.108578097304756,-1.4194730977990548,-0.14587216978202672
2013-03-25,15.5,1.5953590443778756,1.5374348399450997,-1.264212210006995,0.027624535571551905
2013-03-26,0.0,1.5076376340690365,1.4498001723400793,-1.2523190770409305,0.014725915561556169
2013-03-27,0.0,1.400179335245331,1.3505705105181738,-1.241703175191399,0.0007149985703573812
2013-03-28,0.0,1.3097388331728186,1.2783958997955114,-1.2311066478741668,-0.10506795813293207
2013-03-29,0.0,1.2052308326785368,1.1914193973757428,-1.2201916776669681,-0.12637763215339926
2013-03-30,0.0,1.112724272801622,1.1123977908527947,-1.2090915190959328,-0.14143685043770327
2013-03-31,1.5,1.1710479905611797,1.131909168247708,-1.1842428790890167,-0.13655226911186058
2013-04-01,0.0,1.1648972429365723,1.1304122893327473,-1.1746052813928118,-0.14985061715905804
2013-04-02,3.0,1.2391067600494046,1.1591074069168352,-1.1370894718651419,-0.13018621443162762
2013-04-03,0.0,1.2364844242572999,1.1563955908063943,-1.1277897831333892,-0.14179502822201717
2013-04-04,0.0,1.1161012541330138,1.0468262974923432,-1.156034928495107,-0.15370777564271143
2013-04-05,0.0,1.1349048862056808,1.0628374442082755,-1.1484243888133228,-0.16559274134926769
2013-04-06,27.0,2.010623630848756,1.8656753961120065,-0.8953972634302004,0.15256593162501128
2013-04-07,9.0,2.2391332417784326,-0.7036838816308238,-0.8091832073723666,0.24445572103361524
2013-04-08,0.0,2.0913426151156176,-0.8087387815560836,-0.8023856569339483,0.23371018104092986
2013-04-09,0.0,2.033416581752104,-0.8695178773634803,-0.7955653064241811,0.22406195762231004
2013-04-10,0.0,1.8680185687338955,-0.9183912367615932,-0.7885548641280282,0.21358637573582978
2013-04-11,0.5,1.854717019366284,-0.988859323194817,-0.7777395886906573,0.20844380836882784
2013-04-12,0.0,1.6707650333979354,-0.9963991094558431,-0.7713628285695417,0.19711968413205747
2013-04-13,0.0,1.640488343094069,-1.052400712107543,-0.766691493648437,0.18456981646973655
2013-04-14,0.5,1.6326431378507424,-1.0939522127579888,-0.7589302742026686,0.16043735836020712
2013-04-15,0.0,1.5858464072597658,-1.1236103582865935,-0.7559588227490855,0.14220170054814713
2013-04-16,0.1,1.5825836748714537,-1.1719122240843451,-0.7511159921705963,0.12476687684713753
2013-04-17,5.5,1.8119537386203102,-1.082024364204787,-0.6989321934533878,0.011072225061516169
2013-04-18,0.0,1.8306946765804533,-1.1386107884220988,-0.6956949923426666,-0.002642973057743451
2013-04-19,0.0,1.7755111391153842,-1.2163972384760058,-0.6917462028139749,-0.01508885877375796
2013-04-20,4.5,1.9138024256772421,-1.102402552258585,-0.667024691402165,0.027885038011154994
2013-04-21,0.0,1.9143595779587388,-1.2137941557195548,-0.6659671260410855,-0.2558826413176591
2013-04-22,0.0,1.7446587977042645,-1.222714569321373,-0.6645039758727533,-0.48887460521759213
2013-04-23,0.3,1.737926595369086,-1.294461380272313,-0.6603028363815945,-0.5025476082374616
2013-04-24,0.1,1.565595373868375,-1.2733621582991954,-0.6587134930599058,-0.5178727730342249
2013-04-25,0.0,1.490218043595525,-1.2141944661229342,-0.690142133205673,-0.533892172690132
2013-04-26,1.5,1.5014400055758752,-1.2451220238864145,-0.6770927789591608,-0.526893033245517
2013-04-27,0.0,1.3893149515583594,-1.2893799364924567,-0.6772507345750117,-0.5406287820000967
2013-04-28,0.0,1.2137437096076316,-1.2564174288321746,-0.6877713423865024,-0.5550625311594927
2013-04-29,0.0,1.037038372775556,-1.1650231137599618,-0.6885145698280405,-0.5703470090737529
2013-04-30,6.0,1.2869961036099349,-1.1563585675308485,-0.6341937436952075,-0.5007090250374552
2013-05-01,0.5,1.3338696403602475,-1.2215457883700247,-0.6303153183614759,-0.5101592938177589
2013-05-02,11.0,1.6906489591397604,-0.9638449380525104,-0.5341090409264487,-0.44337319914468054
2013-05-03,4.5,1.8096083244574794,-0.9227966118201371,-0.5010899093860024,-0.3992742631182318
2013-05-04,0.0,1.7885994734172874,-1.002076652790842,-0.5348596059725936,-0.41663680914767265
2013-05-05,0.0,1.7946453154039212,-1.0715619791763984,-0.5377584893409806,-0.43896224552370977
2013-05-06,0.0,1.766182218304376,-1.1113553612036629,-0.5396724078291274,-0.4813718680443774
2013-05-07,0.0,1.3231101297286503,-0.9205920421493435,-0.5423229731676216,-0.5324920733769911
2013-05-08,0.0,1.3536892259850806,-1.0086011729471924,-0.5450486860675184,-0.5489181876700239
2013-05-09,0.2,1.3859090296264602,-1.0632439809991971,-0.5546853951031158,-0.5614156841468642
2013-05-10,9.5,1.7399106124874237,-0.8131838064602172,-0.5573491984307049,-0.4428156502066464
2013-05-11,0.0,1.6533043746825946,-0.889376151312297,-0.5589072992062634,-0.45756896851275664
2013-05-12,0.0,1.6389503820384645,-0.9823075861946401,-0.5591485616900229,-0.4717815203614215
2013-05-13,0.0,1.3812844226146477,-0.9760818852030658,-0.5592682695178077,-0.4843032421099518
2013-05-14,0.0,1.4057804714557465,-1.0859928775316567,-0.5585100281311557,-0.49351602316734766
2013-05-15,0.0,1.3889176219057668,-1.1649350187045502,-0.5580710312645946,-0.5025718030527941
2013-05-16,0.0,1.394137906686331,-1.1613813038891534,-0.5582543560187551,-0.5247202995733319
2013-05-17,0.0,1.3442043628149878,-1.2272358984945964,-0.55948870944472,-0.5313914287361852
2013-05-18,1.5,1.2861359992116925,-1.1826378735417216,-0.5480045084411653,-0.5165652765906562
2013-05-19,35.0,2.4693697411696967,-0.21116338573021678,-0.24720644905574485,-0.05901254146127616
2013-05-20,0.0,2.3371813399515715,-0.39668213698950877,-0.24909269003618553,-0.09592960950868143
2013-05-21,0.0,2.243129898193207,-0.4835579082693779,-0.2515692910531469,-0.10208453762968157
2013-05-22,0.0,2.2460287952194875,-0.5836703002996114,-0.3458753244805501,-0.10647207872138256
2013-05-23,0.0,2.147197525925774,-0.656931118544354,-0.3489688654782731,-0.1099889249019227
2013-05-24,0.0,1.697458343007572,-0.6093372937788648,-0.3523216911685017,-0.11240393239419812
2013-05-25,0.0,1.7469585630523394,-0.6621003305306622,-0.35616218768324726,-0.11563948986803219
2013-05-26,0.0,1.7656103196244417,-0.713785662159997,-0.3600963668886778,-0.11879712567536375
2013-05-27,12.0,2.2395840249937753,-0.4082033732639162,-0.26383790559610115,0.026784364241029545
2013-05-28,4.5,2.412199246110952,-0.34887259307400315,-0.23170057758813056,0.07719670470489134
2013-05-29,0.0,2.467696694553987,-0.4100518357145839,-0.23639494872035027,0.07430192066067363
2013-05-30,0.0,2.4506331959838796,-0.4537453165147014,-0.27514552532721265,0.07215245804436997
2013-05-31,0.0,2.481295135414337,-0.5200041786721739,-0.28188837544750744,0.07022953628722271
2013-06-01,0.0,2.3889450699429524,-0.5726613051762874,-0.28997717735567496,0.06870568772921383
2013-06-02,0.0,2.2005170215730256,-0.5747788372931575,-0.29634710940713244,0.06762389128101713
2013-06-03,0.0,2.2539717101152803,-0.6141146224155695,-0.30354042685139354,0.06560158745894859
2013-06-04,0.0,2.2729103160860546,-0.6674272546202852,-0.3107410719825971,0.06248353633568498
2013-06-05,0.0,2.172381290907569,-0.6856931583865746,-0.31861564239890283,0.05847032497735373
2013-06-06,0.2,2.227200589783195,-0.7204126946076891,-0.3264831526868332,0.055397010053138185
2013-06-07,0.0,2.1486074256377927,-0.7571745100399252,-0.3363583497898415,0.05120601354406798
2013-06-08,0.0,1.9949797336918411,-0.7544692471186111,-0.34698251863757795,0.04563883933768092
2013-06-09,0.0,1.9971293949283622,-0.8025709182164622,-0.35883456503633226,0.03868898782594261
2013-06-10,0.0,1.9942327629180312,-0.8145363557170329,-0.37150924660453555,0.028384395170257648
2013-06-11,0.5,2.0393545435329608,-0.8338013403868024,-0.38319337278700516,-0.24449079510949623
2013-06-12,2.0,2.030535875053222,-0.7583939050340133,-0.6384364241415994,-0.2368007950268245
2013-06-13,0.0,1.9058993570654146,-0.7652283845737352,-0.6760556988425783,-0.251312237719344
2013-06-14,1.0,1.9187008862594506,-0.7543776885087576,-0.6873893608273749,-0.25502793125228407
2013-06-15,0.0,1.9734536530840925,-0.8017988979231959,-0.7088408122242181,-0.3184584676207352
2013-06-16,0.0,1.9680529054557947,-0.8077396329623819,-0.7314198443321078,-0.4573645764945715
2013-06-17,0.0,1.9843693598499048,-0.8468591860630216,-0.7562221545572795,-0.48166397069142464
2013-06-18,22.0,2.7612018786045622,-0.1516858564964394,-0.5836508501418164,-0.6134654915483213
2013-06-19,4.5,2.462828980911253,-0.15048960904336497,-0.5695904973487159,-0.5784417052573674
2013-06-20,0.0,2.1898806875818155,-0.254320929079669,-0.5978078996019429,-0.6052564007381745
2013-06-21,0.4,1.8684930216279425,-0.3085737954674198,-0.6228480516168656,-0.6290631809841792
2013-06-22,0.0,1.8253257785777104,-0.3916612248630958,-0.6517677106587703,-0.6594514375717657
2013-06-23,0.0,1.8244204817250762,-0.49988169467523286,-0.6805460118374969,-0.8957295851502396
2013-06-24,0.0,1.5085397283656437,-0.562051385186181,-0.7109236379273367,-0.9242446185315757
2013-06-25,0.0,1.2728611494530122,-0.6209968045555135,-0.7429788287683936,-0.952429766775411
2013-06-26,0.0,1.0844386487536335,-0.6398359826476849,-0.8430037679190938,-0.9827145929254045
2013-06-27,0.4,1.0437391401910534,-0.6816098307450921,-0.878442579829805,-1.008589415875949
2013-06-28,5.0,1.1789170110187948,-0.6732787160526674,-0.8694491137425097,-0.9715458430903893
2013-06-29,0.0,1.1004961206017088,-0.7599482260984167,-0.9055134480710585,-1.0218673458007081
2013-06-30,0.0,1.0042598154120144,-0.8657654978220325,-0.9433482868236163,-1.0553110396977696
2013-07-01,0.0,0.7412945181550141,-0.8311956272269079,-0.9863002021615673,-1.1296873495194875
2013-07-02,0.5,0.7398642401883934,-0.9318558280451834,-1.021224744445628,-1.159898060569399
2013-07-03,0.0,0.6187209613489315,-0.9751676470505335,-1.061367992825343,-1.198519851435908
2013-07-04,0.3,0.5931064467922097,-1.0945788668595087,-1.0997610797215367,-1.233663406977795
2013-07-05,1.5,0.5530435158039654,-1.1074747327033811,-1.1288240484315593,-1.6202053668362466
2013-07-06,0.0,0.47957477449047076,-1.1248514046141052,-1.1710105611798003,-1.7917312485372374
2013-07-07,0.0,0.41786084234850657,-1.2014224796684536,-1.2127447727815264,-1.8322598391977987
2013-07-08,1.0,0.3813946142064938,-1.215688972133158,-1.2479862655917562,-1.86563702939489
2013-07-09,0.2,0.2919583313858795,-1.2332431186836046,-1.2905140536448236,-1.9129135995351796
2013-07-10,6.5,0.3811721473002162,-1.2514573180739754,-1.2774904756923446,-1.873907015809594
2013-07-11,14.0,0.5908445115143293,-1.0458029345277253,-1.1995660057471362,-1.722165174529942
2013-07-12,6.0,0.5660953497434992,-1.0003305409108543,-1.1866179645543897,-1.6807077484534076
2013-07-13,15.5,0.7475035076968451,-0.7993206827511836,-1.1076043543615468,-1.5238878210886915
2013-07-14,51.0,1.5714945013405348,0.004990708756672198,-0.748463826569937,-0.9780101862817605
2013-07-15,69.0,0.2108898909742083,0.06926066429090803,-0.29659338115908357,-0.3566125026796726
2013-07-16,0.0,-0.12232165026198968,-0.233247884137538,-0.43058871799755316,-0.4422375443127209
2013-07-17,3.5,-0.2694141513805451,-0.3653210554899098,-0.4427847948819867,-0.4458397346557288
2013-07-18,22.0,-0.032210810603514564,-0.15206572636992405,-0.3267155094443629,-0.28993937725132013
2013-07-19,0.0,-0.18575873999302184,-0.29119087173695657,-0.3598964588938373,-0.36028452607857053
2013-07-20,0.0,-0.30748709977913913,-0.4025268124683972,-0.5395390111584216,-0.3916661396131508
2013-07-21,0.0,-0.4149057041813042,-0.49699152582486705,-0.681032489495356,-0.4205670414082445
2013-07-22,37.0,0.17896052876773588,-0.023115616391879056,-0.45690231612213805,-0.15428583391219242
2013-07-23,4.5,0.04179453159981904,-0.1383294339960222,-0.45754619886073233,-0.14972761472105098
2013-07-24,0.2,-0.15564783548420028,-0.3098572543230123,-0.487025014703017,-0.17848131544554094
2013-07-25,0.0,-0.3109660244883689,-0.42511502466067164,-0.5169165733211654,-0.2202728661276412
2013-07-26,0.0,-0.3710575239004043,-0.4669749426125894,-0.5470581442584146,-0.2521175109357008
2013-07-27,0.0,-0.44357132049471387,-0.5173597973026297,-0.5759099730045616,-0.2815437213122943
2013-07-28,0.4,-0.48831071973337986,-0.5594199972472778,-0.6006092810818557,-0.30586514471385123
2013-07-29,0.5,-0.5375069475572564,-0.6079942256238854,-0.6246506587455554,-0.3749936738235729
2013-07-30,0.3,-0.5920379919039935,-0.6560560671485736,-0.6494633345556043,-0.4031797149078952
2013-07-31,8.0,-0.5239781056703895,-0.6007777199436076,-0.6553188305619133,-0.45021031619454077
2013-08-01,0.0,-0.6103338006816083,-0.680565647476283,-0.6801985407047347,-0.5079506242990404
2013-08-02,4.0,-0.5553416432010443,-0.6395608228042697,-0.6786370489671952,-0.4994498703897139
2013-08-03,0.0,-0.551066711871522,-0.6310531368316215,-0.706621161338624,-0.5230088059195747
2013-08-04,0.0,-0.6498399871496545,-0.7078774400566787,-0.7427063757751475,-0.5458128107594812
2013-08-05,0.3,-0.7261977817350622,-0.778622868761699,-0.7802091081665931,-0.5666419239504809
2013-08-06,0.0,-0.7658596162367204,-0.8329777939835273,-0.8043102531839732,-0.5896769449166538
2013-08-07,0.0,-0.8832484609507487,-0.9229996150382258,-0.8277732278822877,-0.6134471257418945
2013-08-08,0.0,-0.9843784470915594,-1.0198132656516299,-0.8511833094109881,-0.7066505051504781
2013-08-09,0.5,-1.0847146591206727,-1.1289162163096798,-0.8726811599420202,-0.7257933785456655
2013-08-10,6.0,-0.7113563355971663,-0.8515300390406557,-0.8597453146050537,-0.7039825209250451
2013-08-11,0.0,-0.928998722064726,-0.9830716864310711,-0.884630453350942,-0.7270879847099838
2013-08-12,0.0,-1.0329307217589674,-1.0459755103535264,-0.9108494456718366,-0.7522981726004626
2013-08-13,0.0,-1.1492643698303127,-1.1341765536195887,-0.9385431226731374,-0.7799065265078222
2013-08-14,0.0,-1.2585790447347764,-1.230585627785622,-0.9733294113467253,-0.808343103232414
2013-08-15,0.0,-1.1894908759641225,-1.2210796206028933,-1.003188381037475,-0.8381284198179498
2013-08-16,0.0,-1.271508198561833,-1.2540224984744786,-1.0328413722752718,-0.8791143334763535
2013-08-17,0.0,-1.3722426320372454,-1.339627026737413,-1.0623367547960292,-1.1678818675860456
2013-08-18,0.0,-1.4074747136979968,-1.3924506787478634,-1.1072927817830722,-1.1976082608064789
2013-08-19,0.1,-1.3175091833667099,-1.345173580693659,-1.1369898829510054,-1.2263216855345038
2013-08-20,0.1,-1.2039795152592736,-1.257000622481541,-1.1672855105430555,-1.256390307472616
2013-08-21,0.5,-1.3576986899547197,-1.3408363240361283,-1.1964648976141519,-1.2860074886832187
2013-08-22,0.1,-1.5273511716425119,-1.4663799218132902,-1.2277474765026806,-1.3184872211027947
2013-08-23,15.0,-1.42216186232066,-1.396186962303631,-1.170456407791677,-1.240587756738456
2013-08-24,0.0,-1.5209091341992829,-1.4710237538878006,-1.201050349223695,-1.2710478145246733
2013-08-25,0.0,-1.7313449003175136,-1.642113728309187,-1.2316508249735683,-1.388141210586245
2013-08-26,1.0,-1.8918759253694233,-1.7876901372088025,-1.2549797139615861,-1.442299863935875
2013-08-27,0.0,-1.8632361153422752,-1.8377663591128852,-1.2841757851270694,-1.4726475936752434
2013-08-28,0.0,-1.9703546560819596,-1.8869031174164836,-1.3154918397861906,-1.5072745518350303
2013-08-29,6.5,-2.0732829835746394,-1.9829391728238095,-1.3095109879610234,-1.494983248772312
2013-08-30,0.0,-2.255753004146905,-2.164222106905799,-1.3416603364900168,-1.530664537796227
2013-08-31,20.5,-0.8562028248995299,-0.9989555842478597,-1.2579430233157605,-1.421400664771994
2013-09-01,0.0,-1.478617469754065,-1.2336029808939535,-1.2895724169147118,-1.4572964731092206
2013-09-02,0.0,-1.9208441859206657,-1.4114119227016941,-1.3221511928509915,-1.4937173274833029
2013-09-03,0.0,-1.6932101767575944,-1.3835651359146015,-1.3531180094594557,-1.528090150794586
2013-09-04,0.5,-1.9630709323034157,-1.480192740677657,-1.3815956000284397,-1.5608495641114715
2013-09-05,0.0,-2.2071781794412924,-1.601766048109213,-1.413010464917307,-1.5960874465684112
2013-09-06,1.0,-2.0324274588239146,-1.6029630581788201,-1.4391397764068297,-1.6259930996361203
2013-09-07,0.0,-2.1728119866163054,-1.6703946835265182,-1.4730721225253178,-1.6654944603702384
2013-09-08,0.0,-1.8007874379759659,-1.5377190307726107,-1.5070625545805454,-1.7031831116188747
2013-09-09,0.0,-2.102347914952973,-1.6633716453241136,-1.6599990977692383,-1.7390849886551805
2013-09-10,3.0,-2.257468214718171,-1.7588091244058641,-1.6736133457471012,-1.7609767855044427
2013-09-11,5.0,-1.7653102840961499,-1.6516214305351609,-1.6727711530103277,-1.752525234682406
2013-09-12,0.1,-1.9010978913124748,-1.708868300519739,-1.6972696300324683,-1.7810745763133964
2013-09-13,13.0,-1.6439594806336446,-1.5266253154981788,-1.6679548443662382,-1.7088823705517788
2013-09-14,11.5,-1.711600258688987,-1.5352797880956086,-1.6779995737333127,-1.64813120533914
2013-09-15,0.0,-1.8541528597935382,-1.6342551796023648,-1.701783936113468,-1.6654290629457302
2013-09-16,0.0,-1.9248886788590878,-1.6919469112102261,-1.8955577228921234,-1.8308412302220314
2013-09-17,0.0,-1.9497723912213396,-1.7503790358933042,-1.9178767033511024,-1.8757983341601026
2013-09-18,0.0,-1.7395275821845653,-1.676366646779317,-1.9378468457819034,-1.885619757199193
2013-09-19,0.0,-1.9188604350250291,-1.7497151520600143,-1.9578383520655953,-1.8961531188745937
2013-09-20,0.0,-1.8772136064633829,-1.7544258675446252,-1.9781044058465544,-1.9029985921148223
2013-09-21,0.1,-1.9723266480304797,-1.7742437310791943,-2.0881159186628935,-1.9088308894357846
2013-09-22,28.5,-1.5711157179520903,-1.5059328289077905,-1.94024145464997,-1.7169504934427595
2013-09-23,0.0,-1.6825676183482474,-1.583395275269437,-1.9590535504866111,-1.7201537161115161
2013-09-24,6.0,-1.6285883115289281,-1.534340042785017,-1.944795340576937,-1.6841376297285608
2013-09-25,9.0,-1.5951071456153154,-1.5153690565588833,-1.9126623878974147,-1.6275102013762113
2013-09-26,0.2,-1.668165259180507,-1.5918782470854123,-1.9280500954303765,-1.6558826011084231
2013-09-27,0.0,-1.6623340707510943,-1.628972320062342,-1.952646262575649,-1.6518186567582045
2013-09-28,0.1,-1.7318509541966183,-1.672856467621963,-1.965763320287296,-1.6415391117894615
2013-09-29,25.5,-1.3917760320479862,-1.4364792470199625,-1.8531944936114648,-1.4672962839591956
2013-09-30,32.0,-0.8441221889445412,-1.09285645957786,-1.692788853194339,-1.2645586764074102
2013-10-01,0.0,-1.0131387105032088,-1.1974480458299703,-1.7060174682968767,-1.2501371623808368
2013-10-02,1.0,-1.1272928519940708,-1.2853557788780978,-1.7123718222986146,-1.2301014089797142
2013-10-03,3.0,-0.9160843849552033,-1.1753281256502535,-1.852650731897751,-1.2059803693605315
2013-10-04,0.0,-1.126609227239188,-1.294347407922367,-1.913337667246388,-1.1912879131970615
2013-10-05,0.0,-1.178020511366007,-1.3029331119593859,-1.925099403639124,-1.1755682559053344
2013-10-06,7.5,-1.0706734770606359,-1.250156646595189,-1.8955866162755908,-1.1219807143830471
2013-10-07,6.0,-1.090803649914931,-1.2587912731036797,-1.873073731579403,-1.0722195878535554
2013-10-08,40.5,-0.46423493857565795,-0.8255989869151081,-1.6659385063644154,-0.8697105117986823
2013-10-09,1.5,-0.592916012960655,-0.9135623354105684,-1.6655986801152758,-0.919833320759513
2013-10-10,0.0,-0.7029866329965635,-0.9906084606378682,-1.6728897955785238,-0.9358068537045157
2013-10-11,0.5,-0.7837902406450487,-1.063448557939371,-1.6794831694599752,-1.0004903653913584
2013-10-12,0.0,-0.8071265123299297,-1.0644136371662059,-1.6864162481745555,-1.2766244204256547
2013-10-13,0.0,-0.8478192976737897,-1.0923913028152532,-1.6927741161554026,-1.7013607078423192
2013-10-14,0.0,-0.8742680434228923,-1.0843796833303379,-1.7271789759718805,-1.6862494969117492
2013-10-15,65.0,0.31044074948497136,-0.2773431770231066,-1.4000796352377842,-1.2745874518792393
2013-10-16,0.0,0.09505494554394814,-0.45453849795959,-1.4050120351897013,-1.3963503143883118
2013-10-17,0.0,-0.039498260285049776,-0.5420314862149552,-1.4326068777836656,-1.3825393254353666
2013-10-18,0.0,-0.13182877085152153,-0.5778553465262581,-1.4388303388957842,-1.370038086042726
2013-10-19,0.0,-0.22016526867039898,-0.631007891327959,-1.4450582311017228,-1.3580380596771389
2013-10-20,4.0,-0.2144671709887148,-0.6057745307318252,-1.4326929528675891,-1.5624374453816983
2013-10-21,1.5,-0.27327053914038907,-0.6505150103509331,-1.4313645781403588,-1.5715394203399722
2013-10-22,0.0,-0.3460901245703803,-0.7110676430323174,-1.4365446097545873,-1.5611759803584577
2013-10-23,0.3,-0.2926013149228074,-0.6533337936264708,-1.4484707153095293,-1.5489911695105474
2013-10-24,0.0,-0.3717332197015999,-0.7083746050202978,-1.455139831799526,-1.5349261465432473
2013-10-25,0.0,-0.43456773643101076,-0.7569031686727692,-1.461233313592192,-1.5199621229457758
2013-10-26,0.0,-0.45905540420846247,-0.7799395356450064,-1.4664272340686257,-1.5084910976577006
2013-10-27,0.0,-0.49492856677340286,-0.8242858640569773,-1.5009653397062952,-1.4969520194480421
2013-10-28,0.0,-0.5197466207299934,-0.8527856839701079,-1.5073353929368962,-1.484061057439583
2013-10-29,0.0,-0.5484626876855444,-0.8871452318045597,-1.5679660090630243,-1.52657756185617
2013-10-30,0.0,-0.625217816834726,-0.950783531812298,-1.59639316074734,-1.5130276227031525
2013-10-31,0.0,-0.6945190794390944,-1.0052195654184501,-1.5998053283709528,-1.5249576865223249
2013-11-01,0.0,-0.7178447389649775,-1.0315716835345607,-1.602108164714834,-1.5077067445856265
2013-11-02,0.1,-0.7398557569742963,-1.0698095477234453,-1.6048633708129552,-1.4876028100219494
2013-11-03,0.0,-0.7803099542259369,-1.1045969466083398,-1.6089317300085821,-1.4677601401184464
2013-11-04,0.2,-0.8044115960750388,-1.1378255940268043,-1.6112001359538666,-1.4433007462341105
2013-11-05,0.0,-0.8105405493482747,-1.1534616768951653,-1.6146736110843594,-1.4215267262293205
2013-11-06,0.0,-0.8094752616277295,-1.1786689107334638,-1.6667614587373507,-1.3964304284605795
2013-11-07,1.5,-0.8646497489881101,-1.2512661641255483,-1.6614039099391287,-1.3593691648631627
2013-11-08,0.0,-0.8469332150324358,-1.2442882630072138,-1.6648100841740523,-1.3676016458062248
2013-11-09,0.5,-0.8849758737866549,-1.3041341433625973,-1.6657262455904733,-1.327681097483797
2013-11-10,1.5,-0.920660163752816,-1.3434549003683323,-1.661865573097049,-1.278667724839382
2013-11-11,0.0,-0.9342131546503969,-1.3548128513775068,-1.666259784752907,-1.2393701614226535
2013-11-12,0.0,-0.9955218279505514,-1.4287429187804828,-1.669252610744915,-1.1997063681663718
2013-11-13,0.0,-1.0239625382341648,-1.4785053628798055,-1.6716845115121526,-1.1598944735606356
2013-11-14,0.0,-0.9409232520497053,-1.4266568670752084,-1.6830731458656225,-1.1192747628228372
2013-11-15,0.0,-0.856941390438725,-1.3135278846418956,-1.8758205131071464,-1.0784334107552098
2013-11-16,0.0,-0.9251735116975439,-1.3678763603253037,-1.8775029445813451,-1.0347506056715383
2013-11-17,0.0,-0.9897841388350799,-1.4310279826645738,-1.8780997782605546,-0.9875823236190007
2013-11-18,0.0,-1.0194902333027762,-1.449127055147522,-1.8768817962915725,-0.9408145997823959
2013-11-19,0.0,-1.0189750668853177,-1.4452440723399766,-1.875430790071463,-0.8972110175313585
2013-11-20,0.0,-1.0461225675930341,-1.462680249511825,-1.8746797762110137,-0.8515099692123292
2013-11-21,0.0,-1.065649085921761,-1.499616301046628,-1.874407304149924,-0.9024211105191109
2013-11-22,0.0,-1.0740729319578837,-1.5266215366462612,-1.8738612692932461,-0.8563212151581566
2013-11-23,0.0,-1.0850066676374026,-1.5286607837718609,-1.9387999813455656,-0.8116282436365584
2013-11-24,1.0,-1.0765909685285346,-1.5263287689632288,-1.954473554934361,-0.768480451528529
2013-11-25,4.0,-0.9523407999202596,-1.422801228954519,-1.9282076870439462,-0.7008102816379957
2013-11-26,0.0,-0.9980358884922186,-1.4552034638946503,-1.9250918582177372,-0.656430106007027
2013-11-27,1.0,-0.9586515894349023,-1.3651995944923583,-1.9165777428596389,-0.6452604402223091
2013-11-28,0.0,-0.8939315467117207,-1.3052513788225864,-1.9130585316287825,-0.5993308712631175
2013-11-29,0.0,-0.9323121792145196,-1.351522518308324,-1.9090075479061195,-0.6820333718405495
2013-11-30,0.0,-0.943526398232945,-1.3807802977938253,-1.9034015016183095,-0.6377347772525278
2013-12-01,0.0,-0.958642316739867,-1.394186571265588,-1.8974818125600612,-0.5932780331621995
2013-12-02,0.0,-0.967784463555131,-1.408604959808327,-1.889926066422401,-0.5480852595902516
2013-12-03,0.0,-0.9398143046777064,-1.3971573546018399,-1.883048608283727,-0.5076589760126252
2013-12-04,0.0,-0.9558176310988582,-1.4101197881267495,-1.8747564336463123,-0.46543310423604356
2013-12-05,0.0,-0.9901481799724025,-1.4163814166684365,-1.8669094777985817,-0.42862122207462183
2013-12-06,0.0,-1.0137790409079772,-1.4557318092879719,-1.8593410108364095,-0.3852540848516276
2013-12-07,0.0,-1.0511656188734995,-1.4605107316055497,-1.851185684087927,-0.3429247759375236
2013-12-08,0.0,-1.044755998285742,-1.4159983548768698,-1.8424650306771306,-0.3016610377454388
2013-12-09,2.5,-0.9657964432251366,-1.3530485038025541,-1.828276565266472,-0.2645261420169351
2013-12-10,12.0,-0.6376334036306169,-1.1257175665424533,-1.7514007998861048,-0.18146171913185824
2013-12-11,0.0,-0.6861288694381139,-1.1588341401293738,-1.7444632503702593,-0.14286916537762687
2013-12-12,1.0,-0.7106490440346993,-1.1930919397409805,-1.724630939952121,-0.17949435254203644
2013-12-13,0.0,-0.7585739332198811,-1.2383839629131157,-1.7097698426438996,-0.21593509263488467
2013-12-14,0.0,-0.7556827860690934,-1.2439567609248028,-1.6947426733797075,-0.17736814850436866
2013-12-15,0.0,-0.7367612167607669,-1.2224691929277736,-1.7966673467581533,-0.1405569741855934
2013-12-16,0.0,-0.7765114030102162,-1.2575871002447667,-1.8047161398544853,-0.10464831962576068
2013-12-17,5.0,-0.6499621737582411,-1.165470169468373,-1.7748208095086297,-0.04199408986964763
2013-12-18,3.5,-0.5670294508944245,-1.1123188949534928,-1.7406025462670416,0.014201758944481151
2013-12-19,0.1,-0.5553149458403422,-1.1071930028803278,-1.7223164698033595,0.0483247273435967
2013-12-20,2.0,-0.48125749571622445,-1.0409536331867875,-1.6940029841727766,0.09410387753766307
2013-12-21,0.3,-0.5099011371055957,-1.0771955417221861,-1.6746118764952382,-0.060543206220019255
2013-12-22,0.0,-0.5316499249688367,-1.1067937986546834,-1.6548137160066685,-0.026702035308473697
2013-12-23,0.0,-0.5522259677691321,-1.130982670545633,-1.6339630185999252,-0.035515186221281435
2013-12-24,0.0,-0.5623783623190718,-1.16740643992496,-1.6153446152465256,-0.06781075353278085
2013-12-25,0.0,-0.5619187310314138,-1.16541725780587,-1.6204018501517878,-0.037800814260868836
2013-12-26,0.0,-0.5695165350065107,-1.1753502079704676,-1.5972334584015193,-0.006255371828785776
2013-12-27,0.0,-0.5724106016210452,-1.1735248802166565,-1.5720199478729322,0.023758417685338592
2013-12-28,0.0,-0.5910436246992753,-1.1980175682014669,-1.5445159965937674,-0.1410589384962799
2013-12-29,0.0,-0.5925510329388385,-1.2185330419936586,-1.5182869489465747,-0.382776525016608
2013-12-30,0.0,-0.5458159992994729,-1.2295316796248117,-1.4888307260692748,-0.35388105509697587
2013-12-31,0.0,-0.5612329644728941,-1.2512385187109478,-1.4617467194175267,-0.3348862202955186
2014-01-01,0.0,-0.5459576363989104,-1.244393178991484,-1.415286791252161,-0.31137041692809964
2014-01-02,0.0,-0.5607871078297697,-1.2270248614867827,-1.3897916575913467,-0.2867282924456875
2014-01-03,0.0,-0.6489471058692519,-1.241045546555709,-1.3623456650035166,-0.2625140633724191
2014-01-04,9.0,-0.30407270359434113,-0.9873634177774111,-1.2931376553147944,-0.22464915085206483
2014-01-05,0.1,-0.3660100013037011,-1.0454261025464076,-1.2656433197827974,-0.2557383434405164
2014-01-06,0.0,-0.4055638342829296,-1.0879446861186737,-1.271854915233428,-0.6481115108214838
2014-01-07,0.0,-0.4188824501712777,-1.0764840828669184,-1.319144494542853,-0.6445998476841722
2014-01-08,0.0,-0.43051905489601094,-1.1191619782034004,-1.3235510824172665,-0.6258900353055216
2014-01-09,0.0,-0.46842480931745717,-1.1601939521682834,-1.3791245934373235,-0.6135402381011691
2014-01-10,0.0,-0.47244244979043104,-1.1668617599489464,-1.6353009623400587,-0.5969443237961713
2014-01-11,0.0,-0.43898517366803835,-1.1201446201896557,-2.0255973186052594,-0.5808273706530446
2014-01-12,0.0,-0.44673606400383015,-1.1204271838012443,-1.9998116912021264,-0.5642096041076986
2014-01-13,0.0,-0.48412356636219694,-1.158255910987077,-1.9969046792635463,-1.5469980328859188
2014-01-14,0.0,-0.47143901577494934,-1.1078516376921879,-2.1163699795307513,-1.5370027949176919
2014-01-15,0.0,-0.4877487867870428,-1.1527629880039467,-2.093390726573594,-1.5264010029054624
2014-01-16,0.0,-0.5189917342063001,-1.193170311585505,-2.0728885738263743,-1.524540844833414
2014-01-17,0.0,-0.542910009776033,-1.1999080640211115,-2.051111039762708,-1.510544945706874
2014-01-18,0.0,-0.5640621072859826,-1.2129156457610848,-2.2798107851314517,-1.582780177206455
2014-01-19,0.0,-0.5694280569450151,-1.2155989064717234,-2.290087778128756,-1.6013061034113207
2014-01-20,0.0,-0.5520531743988676,-1.1910246836112188,-2.269412052804876,-1.5867579324725365
2014-01-21,22.0,0.18481956872027672,-0.532256202260652,-2.0959094422507425,-1.1365174703641123
2014-01-22,0.4,0.07379585517422844,-0.6468760709804187,-2.068306006027136,-1.1155739154180844
2014-01-23,0.0,0.006732066281765397,-0.6815607920756213,-2.042612694441316,-1.1015173448086975
2014-01-24,0.0,-0.03132667539720873,-0.7120258193165662,-2.018989644041613,-1.0877370732151277
2014-01-25,9.0,0.2632777492912856,-0.448236557368923,-1.9376421017005199,-0.9241510258357516
2014-01-26,5.5,0.40091129738476045,-0.34161678170827997,-1.8794902026217633,-0.8259279294732822
2014-01-27,0.0,0.3198326620910585,-0.4155752253380411,-1.9078131155766611,-0.8151400182919526
2014-01-28,0.0,0.23791785184863729,-0.4558662170954661,-1.882763561598397,-0.8044535652562314
2014-01-29,0.0,0.16294569437825446,-0.509965728778538,-1.8833605841294276,-0.7940086045365411
2014-01-30,0.0,0.09895798077667423,-0.5419054611192414,-1.8546556970241275,-0.7828131344628828
2014-01-31,0.0,0.05109050504514642,-0.5483254019762479,-1.821443280370223,-0.7733027675115204
2014-02-01,11.0,0.3494819186628112,-0.25334897152556834,-1.7195974258409397,-0.6008307447767081
2014-02-02,0.5,0.32153637398790913,-0.3075433104055569,-1.685264741872535,-0.5869545085390198
2014-02-03,0.0,0.29920388603786796,-0.3474709042829044,-1.6564851862012395,-0.5779927069794835
2014-02-04,0.0,0.27168572545052583,-0.3665913324969762,-1.6245791356684087,-0.5714502902202566
2014-02-05,0.0,0.25433230344611774,-0.39096157444304147,-1.5929332360779085,-0.5860193240145688
2014-02-06,0.4,0.2635111327744551,-0.412320143623512,-1.590144807597799,-0.5723832198941368
2014-02-07,35.5,1.4992181211061235,0.7354334644242395,-1.3291921452360185,-0.10986633112458911
2014-02-08,21.5,-0.5025503680027431,1.2676159774083693,-1.161627642453654,0.12156910092255813
2014-02-09,32.0,0.38050862379424744,-0.38202421388063246,-0.9424891641606202,0.44613004571917153
2014-02-10,7.0,0.2983687757664766,-0.4333460587468145,-0.8664174130051009,0.5178742711310541
2014-02-11,6.0,0.2684267088274401,-0.4384963202889886,-0.7969768902437172,0.5783519493225481
2014-02-12,2.5,0.15310007611960927,-0.5194764963145875,-0.7457037578588681,0.6068362492567723
2014-02-13,16.5,0.60698027726467,-0.16049906288272728,-0.6228311282003924,0.7522932711487852
2014-02-14,1.5,0.421881300072949,-0.3368976051339409,-0.57444067814349,0.7696366919423747
2014-02-15,0.0,0.19896270551961398,-0.4981911653736845,-0.5340388839246337,0.7739085230865066
2014-02-16,0.0,0.037518525240659586,-0.623937667985925,-0.4946100770292679,0.7766289542977997
2014-02-17,26.0,0.7560149914028265,0.05193937821648432,-0.33293746744019026,0.9828833698472031
2014-02-18,8.5,0.797332520024259,0.08610555928141389,-0.25561587507857886,1.0482936130452856
2014-02-19,0.0,0.6230080388609958,-0.08986720069032864,-0.28684175392546796,1.0491423911941147
2014-02-20,0.0,0.476205634731917,-0.21900108667232712,-0.24932113542461667,1.049662021476676
2014-02-21,0.0,0.3433885053125254,-0.3217052659255234,-0.21302711058956397,1.0500122781362413
2014-02-22,0.0,0.22422960636451145,-0.39483804258748284,-0.18290525604055274,1.0404049224393306
2014-02-23,0.0,0.11476188853382875,-0.46032745774157247,-0.14733857410107384,1.0075376653000563
2014-02-24,0.0,0.032566514257053154,-0.5362088723698873,-0.1112865931213314,1.0047941160383342
2014-02-25,0.0,-0.03757689227196649,-0.5821226307390261,-0.1043037837379913,0.9941385940416753
2014-02-26,0.0,-0.11028764630144164,-0.6422264926222176,-0.06757259727151453,0.9906563283163136
2014-02-27,0.0,-0.19234496697690934,-0.7285930013425816,-0.1260195782667706,0.9871678754837763
2014-02-28,0.0,-0.26626281641241545,-0.7773639911437948,-0.0900571462008662,0.9830980477605636
2014-03-01,0.2,-0.34782281840452206,-0.843883708675996,-0.05249896086191212,0.9792333931253405
2014-03-02,15.5,0.025798998378732826,-0.5397626482409014,0.05379186047008111,1.086843288638282
2014-03-03,0.0,-0.09739528008826948,-0.5921892475241098,0.08519149626660451,1.0822451336144896
2014-03-04,0.0,-0.18792991048629057,-0.6901723787866313,0.11913919561238792,1.077570127037314
2014-03-05,12.0,0.06923655845258228,-0.4397548703855805,0.20312120243195814,1.1596084615591327
2014-03-06,0.0,-0.04131194128104112,-0.5362819680605515,0.23833372584110352,1.1568010349757665
2014-03-07,0.0,-0.12190251271442198,-0.6102926645662811,0.2722887324506312,1.1533498301879874
2014-03-08,0.0,-0.2099559714625697,-0.688527516292693,0.3062092680778314,1.1499551798810714
2014-03-09,0.0,-0.27691095777632774,-0.7579994253686799,0.3249873124772829,1.1274888256628168
2014-03-10,0.0,-0.3417015792301594,-0.821946147812621,0.3344923812713662,1.0362482848857495
2014-03-11,0.0,-0.4002604525009552,-0.8636300714931412,0.36576403038964755,1.0338546398367188
2014-03-12,7.5,-0.21727534148593358,-0.6780191154346391,0.3711804844315868,1.0804643194901415
2014-03-13,6.5,-0.09864477972613601,-0.6367816834346385,0.3789093137142203,1.1276737555701937
2014-03-14,0.0,-0.19718778604210732,-0.7308555275498287,0.41041175161993826,1.1263691523429653
2014-03-15,0.0,-0.2784475445824874,-0.8139359248787175,0.4374467950230281,1.1238805154909122
2014-03-16,0.0,-0.3429454312455519,-0.8321251809630856,0.4636603646050213,1.1201033537463596
2014-03-17,0.0,-0.4247863922921684,-0.8778859325310427,0.48979935218273346,1.0781092718525191
2014-03-18,0.0,-0.5057926072368303,-0.9357204760165457,0.5155486658612298,1.048003504550189
2014-03-19,0.1,-0.5612915111718313,-0.9580896710749492,0.5429361680211247,1.0454560099105035
2014-03-20,9.0,-0.3157723640343879,-0.7446259246508367,0.6135508846404456,1.0978667302559402
2014-03-21,0.0,-0.44206494016782877,-0.8432579642322254,0.4965922554274523,1.0931445438345926
2014-03-22,0.0,-0.5439925076994105,-0.8967135210336029,0.5212971629616657,1.0909714836163602
2014-03-23,0.0,-0.620064743718875,-0.9388943444470698,0.5149351187541668,1.0889126699700584
2014-03-24,0.0,-0.6454471629554336,-0.9772853718096393,0.49217846366294743,1.0870542063757
2014-03-25,0.0,-0.7205560177926366,-1.0375095647726396,0.5152909474863938,1.0859650962903598
2014-03-26,0.0,-0.7979960370098342,-1.1096331505393702,0.538074277578714,1.0835735837966731
2014-03-27,0.0,-0.798996403095595,-1.1033978854673054,0.5592259058032144,1.0807432883657566
2014-03-28,0.0,-0.8054588982649883,-1.1131156271576457,0.43812326172231447,1.0777323846121876
2014-03-29,0.0,-0.7996565004127217,-1.1072902699548108,0.27084101321662835,1.0745649303455322
2014-03-30,4.5,-0.6530320695324024,-0.9674650465359396,0.3146829948853972,1.1100326827599536
2014-03-31,0.0,-0.7253925578581325,-1.0202202022917872,0.32466500275509147,1.1054179766737429
2014-04-01,0.0,-0.7847595258941731,-1.10008644538997,0.32196105017894927,1.1011160874522332
2014-04-02,0.0,-0.8291400064546535,-1.1224744141035805,0.33686412397727966,1.0961320734644557
2014-04-03,24.5,-0.19808688862707372,-0.7187238175686163,0.49691380394613943,1.2982592301096838
2014-04-04,3.5,-0.24327982732878137,-0.739811541793879,0.4874144351409238,1.2445890535015947
2014-04-05,6.5,-0.1552935811960787,-0.66758356612394,0.5029656965415729,1.291115895223839
2014-04-06,0.0,-0.26521829072456937,-0.7416092833987885,0.2682961048358562,1.283279650319702
2014-04-07,0.0,-0.34922546716567004,-0.8251384916500183,0.2707295645564525,1.275862304805384
2014-04-08,0.0,-0.4252729273942859,-0.8417685928477878,0.2814239519996912,1.26879124927986
2014-04-09,0.0,-0.4933803206983732,-0.8675403298307137,0.28893317824914,1.2619262443798918
2014-04-10,0.0,-0.5404389885162026,-0.8946810382637682,0.2993605181540999,1.253672671379867
2014-04-11,0.0,-0.622700588485782,-0.9639168899596614,0.3094234504731805,1.2444957602192355
2014-04-12,0.0,-0.6349204741406528,-0.9590646624957079,0.31986563563984316,1.2360663771475093
2014-04-13,0.0,-0.6934257649397022,-1.004539345445778,-0.11623974099885491,1.2269193157069878
2014-04-14,0.0,-0.7428666668415023,-1.0522253970707498,-0.10984763024690873,1.2166624776652255
2014-04-15,0.0,-0.7762937135701092,-1.073181853190434,-0.1036082839933451,1.2087863749253218
2014-04-16,0.0,-0.8296911490886466,-1.1170309016713533,-0.09679838189850305,1.200919180066439
2014-04-17,2.5,-0.8218155180397702,-1.1161859008060013,-0.07270039338938014,1.2141592541474835
2014-04-18,0.2,-0.9091810099288169,-1.1468937771311114,-0.09582048760072767,1.2072971239540915
2014-04-19,0.0,-0.9613782744884101,-1.2146289661683596,-0.10205353927708857,1.200215824485973
2014-04-20,0.0,-1.008350163440413,-1.2384286515044374,-0.09776100891874731,1.1950411429454078
2014-04-21,0.0,-1.0767957618835091,-1.3260522232107035,-0.09693721795927403,0.9920503368449766
2014-04-22,0.0,-1.0392778769105258,-1.3153203640829227,-0.09353360871197987,0.980167386498528
2014-04-23,0.0,-1.0856970851732497,-1.388101392988747,-0.08987792621090347,0.970707965242802
2014-04-24,0.0,-1.023294510142961,-1.35591889750851,-0.08659930484224307,0.9608867483361508
2014-04-25,0.0,-1.027876324582782,-1.2832323447200538,-0.08400233396673916,0.8654241717224637
2014-04-26,0.0,-1.0906553569219621,-1.3551205412033447,-0.08197825989706506,0.8020386470693665
2014-04-27,0.1,-1.116755826871826,-1.3826124289035906,-0.07882050975734706,0.7933080049892054
2014-04-28,26.5,-0.49160005508989435,-0.5866782304825117,0.1225191688582393,1.0333350250440565
2014-04-29,119.0,2.5833118568899422,2.06258332130725,0.9249028818278147,2.001904760454713
2014-04-30,6.5,2.0098162331463327,1.8143331200681942,0.9700927503804312,2.0417156814061777
2014-05-01,0.0,1.5576332796239076,1.4921509262028698,0.9745757509970279,2.0346143617576375
2014-05-02,0.0,1.211411277420674,1.3048388036949967,0.9794747927986857,1.9471307433108296
2014-05-03,0.0,0.9975205719839785,1.1661804459188658,0.9824902701850033,1.9401107775971485
2014-05-04,0.0,0.8405129444934,1.0357443322792248,0.9859815176044193,1.937028637578222
2014-05-05,0.0,0.7104025747451301,0.9256490040950084,0.9886081745840333,1.9322132746182477
2014-05-06,0.0,0.5758431154885014,0.7947363007647388,0.9817930442904752,1.9260367610606277
2014-05-07,0.0,0.3439564210882644,0.5422325613555272,0.982950162060609,1.9194231346975625
2014-05-08,7.5,0.4888984716302996,0.6687797458220179,1.028050207101493,1.6950437640188671
2014-05-09,0.0,0.3932656408757772,0.5731367779633452,1.018843013301787,1.5092032643533873
2014-05-10,0.0,0.3267959568498935,0.4792677176559848,1.0185218798012186,1.2206914131520334
2014-05-11,1.5,0.28128769760509315,0.4195148181901236,1.02651513208805,1.1633167646005829
2014-05-12,0.5,0.2009330311544516,0.3350765063902598,1.0272416925822476,1.105483388281761
2014-05-13,0.0,0.08997276746414372,0.22927826954925898,1.025411706730161,1.0750143517355795
2014-05-14,0.0,0.0034407837535551915,0.1482345399473097,1.0248561178859412,0.9102838250522428
2014-05-15,0.0,-0.0955726800154197,0.06353132233516164,1.0246013544972332,0.8922097748365786
2014-05-16,0.0,-0.16868151813141377,0.004071075413629444,1.0237698600573157,0.887762356145267
2014-05-17,0.0,-0.23963990010714364,-0.056992317860321544,1.0222432377418957,0.883107910285737
2014-05-18,0.0,-0.30130942717999254,-0.11900244178403624,1.0200137336501163,0.6116892616708893
2014-05-19,0.0,-0.36263114784088013,-0.17656454471376076,1.0173919800888733,0.5157178162317563
2014-05-20,0.0,-0.4182013040904848,-0.23005345268658647,1.0144429636425367,0.5112790261182649
2014-05-21,0.0,-0.4632802801215973,-0.2723772171003132,1.0108538931169846,0.5064022369576624
2014-05-22,0.2,-0.5352287290635349,-0.336931308065214,1.0091119047722648,0.5044871137284559
2014-05-23,0.0,-0.5907166422739308,-0.40292866630017377,0.9993601371497529,0.5012994115425253
2014-05-24,0.0,-0.5333822723713356,-0.3960568197762292,0.9707281626210098,0.49844703602619395
2014-05-25,0.1,-0.5975288881502493,-0.4493176253278654,0.967373123304513,0.49599823873473936
2014-05-26,0.1,-0.6438127712902242,-0.502324128587107,0.9569392269507974,0.4936199000964837
2014-05-27,0.0,-0.6743174439563356,-0.5527524680253164,0.9521566517752512,0.4902887518535508
2014-05-28,0.0,-0.7016631353504372,-0.5949789538432184,0.9474076027859674,0.4863888812909034
2014-05-29,0.0,-0.7275462951056488,-0.6300021527060344,0.9424256300039962,0.4836746259716507
2014-05-30,0.0,-0.7448925373944343,-0.6615863140169285,0.937250156917769,0.4790745550914914
2014-05-31,0.0,-0.8012174404818865,-0.7303730866810226,0.9320179606911706,0.3057644338112958
2014-06-01,0.0,-0.818061882772875,-0.7834952213723488,0.9276724161651343,0.3040896640636797
2014-06-02,0.0,-0.7887299167759253,-0.7608928359769307,0.9238205412021196,0.30301168665895567
2014-06-03,5.0,-0.684183098763232,-0.6636319445178319,0.9514040213846305,0.22156147091023098
2014-06-04,7.0,-0.49069129509954734,-0.5265550676035533,0.9906386250980765,0.29845120774098605
2014-06-05,4.5,-0.3802627910756668,-0.4575013127262099,1.013357312243762,0.34526617329086934
2014-06-06,0.0,-0.4715704356476,-0.5518572189481571,1.0069776781060757,0.33974272438063247
2014-06-07,0.0,-0.5294973782224242,-0.6275547169259088,0.9849544468690083,0.3353449523518289
2014-06-08,0.0,-0.5434452933147128,-0.6613584589821472,0.9027212805950035,0.3293993556191141
2014-06-09,1.5,-0.5459704756981831,-0.6719416716840587,0.9052436454300052,0.33917939877077646
2014-06-10,2.0,-0.5168909012249152,-0.6387448771484784,0.9027884676012943,0.26874767600559124
2014-06-11,2.5,-0.4908572680709384,-0.6606776397815183,0.9078345753393118,0.21060453197579007
2014-06-12,0.0,-0.5207475572848279,-0.6965764750628043,0.8948682548402053,0.19639709866969124
2014-06-13,0.2,-0.5229972683485588,-0.7060241622442912,0.8821806000657568,0.18404044502296557
2014-06-14,0.0,-0.5603891693249247,-0.7367545738064643,0.8667653301812891,0.1673083328122255
2014-06-15,0.0,-0.6131432862316617,-0.7878334912255545,0.8177506317807252,0.14806921993016417
2014-06-16,0.0,-0.6420184146855746,-0.7997289513745776,0.7747936415362519,0.12493625957086699
2014-06-17,1.0,-0.6698517819237665,-0.8124580892267749,0.7597181944199671,0.11017266767921774
2014-06-18,1.5,-0.6661806893963005,-0.8462613195423946,0.7339035826445074,-0.0014540931848139164
2014-06-19,0.5,-0.6616585069242941,-0.8365372437663564,0.7119146700527473,-0.022537153947658366
2014-06-20,6.5,-0.49305220494996144,-0.6417093196977942,0.7291215309308402,0.02194186942636662
2014-06-21,2.5,-0.4647993451331565,-0.5938930184440205,0.7194371812802187,0.019986035620420884
2014-06-22,0.0,-0.5727812975284046,-0.6741367548388061,0.6919974133902724,-0.01109230957731294
2014-06-23,3.5,-0.6044535445360939,-0.694284145028408,0.6873732879849781,-0.0037658182050494034
2014-06-24,1.5,-0.6090526099125146,-0.715024572429006,0.6676849958056361,-0.019998409966913593
2014-06-25,0.0,-0.6610036644562588,-0.7726343249181201,0.637108434801381,-0.05296103657085652
2014-06-26,0.0,-0.6713102237183013,-0.783239981473154,0.6048347357469412,-0.08781710932189747
2014-06-27,0.0,-0.7379589593178196,-0.8342247767761625,0.5709684702574866,-0.1240956861248443
2014-06-28,16.0,-0.4665021030861388,-0.595094423996213,0.6399060515017733,-0.04119816953292538
2014-06-29,0.0,-0.6013259267111659,-0.7203500095761646,0.6048194821434388,-0.078433584581765
2014-06-30,0.0,-0.707722234910448,-0.8455865604363101,0.5673153615230384,-0.11863507596598434
2014-07-01,0.0,-0.6908609358322174,-0.8256629808269673,0.5278377340587361,-0.16062950661074563
2014-07-02,0.0,-0.863990307123859,-0.9453885977244857,0.48734942130516873,-0.45435447414533
2014-07-03,31.5,-0.26375439649466353,-0.40133848951766177,0.587429101398446,-0.21281498858729678
2014-07-04,0.5,-0.4511890656335087,-0.5818663062196218,0.5483411758055458,-0.315350241932353
2014-07-05,0.0,-0.5697992676378326,-0.6833907537550822,0.5083636006105402,-0.3578107006868716
2014-07-06,0.0,-0.6242504335680888,-0.7402561584892076,0.46900784992804095,-0.3996894505521783
2014-07-07,0.0,-0.7298830810604544,-0.8330741034832526,0.4298182616127598,-0.441688066415995
2014-07-08,0.0,-0.8194141723588793,-0.89338343977337,0.39022516677501945,-0.4872184016166511
2014-07-09,27.5,-0.2894823049363325,-0.4143970249303716,0.5201190690930766,-0.27181236988998575
2014-07-10,0.0,-0.5003861296781069,-0.6127096332424553,0.48001103427877767,-0.317266970166986
2014-07-11,0.0,-0.6397758658724837,-0.7383311782559145,0.4396019222115555,-0.3617954360909055
2014-07-12,0.0,-0.7325455377839184,-0.8141632443319743,0.3993880757277848,-0.4027787591088792
2014-07-13,6.0,-0.6993199756931342,-0.7885497178393505,0.3964040298864973,-0.38736151163257704
2014-07-14,0.0,-0.7619504265794751,-0.8436546111329586,0.35759991334515523,-0.4267009743732265
2014-07-15,0.0,-0.8039892068526571,-0.8877900518463231,0.3200135946094624,-0.4652004813579818
2014-07-16,0.0,-0.8242623882185673,-0.8896099884745585,0.28362869835945925,-0.5248698726891597
2014-07-17,0.0,-0.9116215041867527,-0.9621526232984675,0.2490828894872659,-0.5612489073588898
2014-07-18,0.0,-0.8689353475419884,-0.9183499563463073,0.21479851677571618,-0.5936050345661043
2014-07-19,0.0,-0.9560148519628392,-1.0037046288373297,0.18128085172267236,-0.6251593153507162
2014-07-20,0.0,-1.0443370277546729,-1.080745899251048,0.013369911422060001,-0.6558316230218332
2014-07-21,0.0,-1.1096944225399008,-1.1389152617659042,-0.019618673031126566,-0.6841660857149104
2014-07-22,5.5,-1.015891547642887,-1.0566921231688131,-0.01680381501260603,-0.6642474844133001
2014-07-23,8.0,-0.9520302088809202,-1.0079425742060302,0.0009131557888837407,-0.6226953396768515
2014-07-24,6.0,-0.9987731055199823,-1.0438283075217891,-0.04881394912080351,-0.6009521638280315
2014-07-25,10.5,-0.8393227703528588,-0.9103634496116435,-0.04903206642486453,-0.5424600603820715
2014-07-26,0.0,-0.8002370502227718,-0.8762044790382113,-0.08103986141408048,-0.574245530316615
2014-07-27,0.3,-0.8231399139873518,-0.8762857093715344,-0.11002475401474507,-0.8267874251977401
2014-07-28,0.0,-0.8461856558122665,-0.9007800748168638,-0.13922564327455197,-2.0994474652164836
2014-07-29,0.1,-0.8921598853382812,-0.9475959334167197,-0.167374625373023,-2.2062449168942324
2014-07-30,0.1,-0.9461961025515299,-0.9942996376473607,-0.19474521882827073,-2.2305730670475112
2014-07-31,13.5,-0.7743545767753571,-0.8535029367989536,-0.20666517275156782,-2.0772410218157207
2014-08-01,0.0,-0.8635795654902111,-0.9383795864635989,-0.23583411147680616,-2.094772506204899
2014-08-02,0.0,-0.8452244909389985,-0.9320126221718071,-0.2614498538989791,-2.110833746485057
2014-08-03,18.0,-0.523289582197231,-0.6479864502987286,-0.1833509000449995,-1.9154927240326578
2014-08-04,1.0,-0.6309131747245589,-0.7350397516706436,-0.2038656630383529,-1.9188573446653079
2014-08-05,0.0,-0.7213086399567434,-0.8196093011977488,-0.23304012841702335,-1.932223606882696
2014-08-06,24.5,-0.35116992631175586,-0.527535854462271,-0.3224643554644571,-1.761561919446875
2014-08-07,6.5,-0.3868680208537689,-0.5630406249179132,-0.43419218811216675,-1.7096268767587393
2014-08-08,0.0,-0.5446739518336207,-0.7021038451121568,-0.6471719341190904,-1.7254194928715376
2014-08-09,26.5,-0.1922406040373986,-0.4320225157204962,-0.5581496180619686,-1.499056108396442
2014-08-10,60.5,0.05832729047641795,-0.073981042771892,-0.2786639022661741,-1.001905959569743
2014-08-11,3.0,-0.10186009802932594,-0.24061905222460347,-0.30280169595578926,-0.9996789334535277
2014-08-12,0.0,-0.25672041728258993,-0.36994609462915556,-0.42018765401989205,-1.0235347133933699
2014-08-13,1.0,-0.35336871540804426,-0.46045751140472546,-0.4512522287800768,-1.0424337624513413
2014-08-14,4.5,-0.3984977321459537,-0.5083408786117866,-0.4557099841079314,-1.0354324359458333
2014-08-15,2.0,-0.4395616196658718,-0.5524472026853852,-0.47472666653806833,-1.0494687009305184
2014-08-16,0.1,-0.5692849709087661,-0.6408861678473162,-0.6488236354075693,-1.077771249466432
2014-08-17,2.0,-0.6721072156812936,-0.726705860332197,-0.7155930058237752,-1.0920483486038883
2014-08-18,49.0,-0.029683731555610753,-0.18226552144678948,-0.4804560041753085,-0.7745144718439131
2014-08-19,24.0,0.11618238465793151,-0.09490119603649189,-0.3882749137031651,-0.6485416516248187
2014-08-20,0.5,-0.04950195508889522,-0.22080742110159268,-0.41892632264266066,-0.6801685261903481
2014-08-21,28.5,0.21231257002028578,-0.015632590486797958,-0.309713048448125,-0.5382241534771065
2014-08-22,0.0,0.044831558004058546,-0.17073472543981422,-0.3438491382048638,-0.5740950534940208
2014-08-23,0.0,-0.106563257830488,-0.29786429290317584,-0.37722329927221093,-0.6094156119957373
2014-08-24,0.3,-0.23658414143964993,-0.3953706257693164,-0.40857184474466773,-0.6414474299785214
2014-08-25,28.0,0.055866632877276626,-0.16712657527368388,-0.3057233720788045,-0.5103522393030834
2014-08-26,55.5,0.8099127950398176,0.39614411895223894,-0.07964590497268492,-0.23802751003262299
2014-08-27,1.5,0.49322695257069665,0.16840947842962914,-0.10483545498449709,-0.26371816778462387
2014-08-28,0.0,0.30430662702524064,0.003582959832662383,-0.13888382689852105,-0.29940331451248187
2014-08-29,0.0,0.061554902624425624,-0.20365901434700312,-0.24232191911149767,-0.3355968341037314
2014-08-30,0.0,-0.12004687165831428,-0.3742191624115935,-0.2758380057372314,-0.3720100830799525
2014-08-31,0.0,-0.12390722542928644,-0.26934570985150924,-0.3086305222527307,-0.4081421115372588
2014-09-01,0.0,-0.3121088185934539,-0.40329345172603354,-0.39570388797482875,-0.46982787093392686
2014-09-02,1.5,-0.48147345141604975,-0.5164400719334723,-0.4214451813821351,-0.5342394149405624
2014-09-03,95.5,0.8398116095114481,0.2877590028357098,-0.034240334814992016,-0.11283854096289926
2014-09-04,0.0,0.5615684305744842,0.09835785732349912,-0.06501015884501918,-0.14499052941982396
2014-09-05,0.0,0.38117498420235874,-0.022478851496808294,-0.09511534141318527,-0.1768903511818447
2014-09-06,0.0,0.2094993314531573,-0.10830131152582109,-0.12557830072185044,-0.2090918954515411
2014-09-07,0.0,0.10014084438005776,-0.1855652949272325,-0.15698689278126093,-0.24939142515002297
2014-09-08,0.0,-0.011753155431813678,-0.2275440507596726,-0.2194071541505161,-0.29045031188668247
2014-09-09,0.0,-0.11205826116183974,-0.3014223777543722,-0.2765501802036548,-0.33077366883851045
2014-09-10,0.0,-0.24089038049076478,-0.391464166806741,-0.30446528259688876,-0.35680630684081244
2014-09-11,0.0,-0.2709685621278951,-0.43540237759757605,-0.3316329457181313,-0.382701769534407
2014-09-12,0.5,-0.35950558106441943,-0.4990800942867284,-0.3552563976405149,-0.4025478914887004
2014-09-13,0.5,-0.3944541654083899,-0.5203375039287292,-0.37813339573033444,-0.4198376977140391
2014-09-14,0.0,-0.493468252946111,-0.5927227002486066,-0.40258329237734897,-0.4376711722504879
2014-09-15,2.5,-0.5248535575214416,-0.6238859920325769,-0.41652868731086273,-0.44774834030459915
2014-09-16,0.0,-0.5881324876366515,-0.6736798088753844,-0.47652465588451687,-0.4686103490374717
2014-09-17,44.0,-0.006809025572506248,-0.25230848539067957,-0.3110346372616918,-0.2747615084041071
2014-09-18,0.0,-0.15157505766707258,-0.34134490941540707,-0.33074094720818126,-0.3149045067613341
2014-09-19,0.0,-0.2663610894680544,-0.42591938772074206,-0.3487605804722387,-0.3341742670894899
2014-09-20,0.0,-0.3335369547963511,-0.4795711469670928,-0.36690798959955445,-0.3411492844867032
2014-09-21,0.0,-0.40249275691688563,-0.5234697611891663,-0.3850294827031961,-0.36435353309795465
2014-09-22,0.0,-0.45859706759040875,-0.5688189890296157,-0.4022010608418077,-0.3759060022922096
2014-09-23,0.0,-0.5080157409929567,-0.6072652372775386,-0.41910639329331484,-0.37960566831070996
2014-09-24,26.0,-0.14199972270194922,-0.34968931350956145,-0.32818504106344376,-0.26193251351383406
2014-09-25,10.0,-0.14464538507200606,-0.31537609542236533,-0.30338694073752065,-0.21710784309346834
2014-09-26,0.0,-0.23977995056322407,-0.38169217355932034,-0.3367593178637385,-0.28881870673946763
2014-09-27,0.0,-0.28818063094360213,-0.42315084073640497,-0.35097310731030384,-0.2863389994606677
2014-09-28,0.1,-0.3489890513332764,-0.4667251720707098,-0.36335818612076315,-0.27976069547005883
2014-09-29,1.5,-0.3823954101564234,-0.4988936689568624,-0.36964551079837266,-0.26467708339874985
2014-09-30,30.0,0.05771169459354491,-0.1629470916067848,-0.3592273018410357,-0.12145035123891988
2014-10-01,0.0,-0.06582146327101937,-0.25151202492290636,-0.38511542363698736,-0.2511563266743728
2014-10-02,0.0,-0.15496836851767307,-0.3197192489811496,-0.42246120806223,-0.2411933388897872
2014-10-03,6.0,-0.09669921839800111,-0.26808698062510267,-0.40749181478417285,-0.20224036661712438
2014-10-04,6.0,-0.10181874899737753,-0.2721509632010559,-0.3923155411094123,-0.16346257333522415
2014-10-05,0.0,-0.18812007535056788,-0.32420959918634573,-0.40208216470353497,-0.15124956429869343
2014-10-06,1.0,-0.21900974525179612,-0.3549218325755317,-0.40774034723652913,-0.13364941450271586
2014-10-07,0.0,-0.28639364865153244,-0.40259331380251207,-0.4162579200689261,-0.24174072940067
2014-10-08,0.0,-0.34489021973902917,-0.44349489149222854,-0.4238414716342914,-0.22660912252671223
2014-10-09,0.0,-0.38388625761008827,-0.46610924289352984,-0.43106330291143347,-0.21135528648038254
2014-10-10,0.5,-0.4211034833207894,-0.48763481970355294,-0.4355210027834637,-0.19387329960519198
2014-10-11,0.0,-0.46843018359757765,-0.5245205136345745,-0.4413758247053038,-0.20495177589199984
2014-10-12,0.0,-0.4810586058901426,-0.5287355711378273,-0.447207952936875,-0.1887626951278568
2014-10-13,31.5,-0.015925761512773733,-0.1355702743917368,-0.3239124912276014,-0.033850066597127706
2014-10-14,0.0,-0.13532740031832152,-0.20909486264801144,-0.3389073585747719,-0.01907886972548472
2014-10-15,0.0,-0.21772720099290294,-0.26601518020536674,-0.34457260914605015,-0.005236525637579407
2014-10-16,0.0,-0.30044226936826024,-0.32095016935549414,-0.3492042050768227,0.009044099166329447
2014-10-17,0.0,-0.33927651260769004,-0.35322494323789233,-0.35420091349834854,0.022923185849234487
2014-10-18,0.0,-0.3634768695860037,-0.3660107279938485,-0.35948112145578226,0.036140582123919004
2014-10-19,0.0,-0.4232402146616826,-0.39592997654650264,-0.364155949964198,0.04904267189140134
2014-10-20,6.0,-0.35459069322119774,-0.33430052972381086,-0.34432885513454065,0.06454613834092843
2014-10-21,62.5,0.7633365046135577,0.10638615055605574,-0.10090535694916117,0.3090545503831885
2014-10-22,2.0,0.5688709172261524,-0.029460330384224957,-0.09593357843950971,0.30850135468181805
2014-10-23,0.0,0.33260285329362976,-0.10808924291685186,-0.09899369580431683,0.2805231989334809
2014-10-24,0.0,0.31581365513763676,-0.17231122043495195,-0.10288159928134884,0.29783332242559357
2014-10-25,0.0,0.2665796626111295,-0.22503552969637355,-0.2101860675357364,0.3133749195527514
2014-10-26,0.0,0.22239532742424112,-0.25855585784594176,-0.707504396763739,0.32966254435796544
2014-10-27,0.2,0.15975032426191163,-0.30000771591069925,-0.7381484565958455,0.3462054987911246
2014-10-28,0.0,0.08793736873374496,-0.33816901319470916,-0.740887973636105,0.3619950150686025
2014-10-29,0.0,0.019283113733211826,-0.37781088873330365,-0.7438562640595141,0.32055269516942
2014-10-30,0.0,-0.04917486888179865,-0.4312911008544215,-0.7471477338519531,0.33649152751641276
2014-10-31,4.5,-0.02389359673657884,-0.4162050158892927,-0.7296984091904769,0.37167049965912785
2014-11-01,2.5,-0.035106546709684994,-0.42022796051620637,-0.7205027101188097,0.3220355785620807
2014-11-02,0.0,-0.09889563724127869,-0.46785968229351066,-0.722875141059108,0.33523557615759664
2014-11-03,0.0,-0.15292671537868865,-0.5062998081791639,-0.72552316288729,0.3543520492483176
2014-11-04,0.0,-0.1986093715700068,-0.5409643753497939,-0.7608404324364727,0.26680014100644917
2014-11-05,0.0,-0.23338027488871266,-0.5605722399262055,-0.7622176924918995,0.25807310824573493
2014-11-06,0.0,-0.27514609480008184,-0.592347959406437,-0.7632693394563259,0.2794309360872717
2014-11-07,46.5,0.8057885256447573,0.017648790018542842,-0.5680866807017086,0.3895927572966326
2014-11-08,0.0,0.528574570514993,-0.15050083633454245,-0.5712904569513945,0.14245123649838287
2014-11-09,0.0,0.4012405462916443,-0.2617575757681261,-0.5725058219003364,0.15255855883305133
2014-11-10,0.0,0.3113934638566583,-0.35434060489170377,-0.5743746222966895,0.1769990510743971
2014-11-11,0.0,0.21275871282863,-0.4074537936472552,-0.5765239381751874,0.197451177786283
2014-11-12,0.0,0.14264986712496547,-0.4738553837397182,-0.5780981113211731,0.20263219834704177
2014-11-13,0.0,0.05613220236569332,-0.5364113327204942,-0.5795514173692703,0.21950014592825814
2014-11-14,0.0,-0.016169501503559832,-0.554944310196866,-0.5811751808366772,0.24908346376897578
2014-11-15,0.0,-0.06660053671275352,-0.5404820391829224,-0.5821827905350889,0.2708059899674458
2014-11-16,0.0,-0.11121127946931586,-0.5848266455162784,-0.5827110500261136,0.08233112001495009
2014-11-17,0.0,-0.15748258527197254,-0.6293467109181289,-0.582416792705207,0.006118287887160889
2014-11-18,0.0,-0.18666381723933073,-0.6473389880499704,-0.5821601613360647,0.04084347759482689
2014-11-19,0.0,-0.21155416368749946,-0.6547662669196963,-0.580997393029531,-0.05617789879118872
2014-11-20,0.0,-0.24615654153270092,-0.6704765830324904,-0.5800925796549634,-0.017283930162771185
2014-11-21,0.0,-0.2670854062821465,-0.6957757743224775,-0.5797405567913769,0.020461206658731666
2014-11-22,0.4,-0.2695632745565828,-0.7063364334794737,-0.5775272732300084,0.05896088352429436
2014-11-23,0.0,-0.2935248362273581,-0.7176081741541278,-0.5760642023921023,-0.03696550752616893
2014-11-24,0.0,-0.31651004724022513,-0.7348855177952048,-0.5735903830269273,-0.27977843040616573
2014-11-25,27.5,0.3366614273060235,-0.34333865215809384,-0.4531078446986234,-0.10687828225898115
2014-11-26,0.1,0.18914995272295113,-0.4597508887986806,-0.4509491264549859,-0.06634974679251378
2014-11-27,0.0,0.08144115565891567,-0.4919022941013101,-0.44914186969874675,-0.025479105361023158
2014-11-28,2.0,0.053515667327688324,-0.46720120568927503,-0.43861586418563275,0.025906216168738488
2014-11-29,1.0,0.01152600749844679,-0.49921268241753863,-0.43212702931745905,0.07188424602967265
2014-11-30,4.5,0.06637801064764257,-0.4494906486769466,-0.4312731077060597,0.13423455919870905
2014-12-01,0.0,0.011196453934076658,-0.48517464958886547,-0.457310099742474,0.1682176034895948
2014-12-02,0.0,-0.02512083650347635,-0.5088208613927868,-0.4719056893978033,-0.2868072367669208
2014-12-03,0.0,-0.05361058514343172,-0.5187025648422103,-0.4667326851871486,-0.24439483669843498
2014-12-04,0.0,-0.09277757866147074,-0.540905633831393,-0.461424594873103,-0.20289587224771766
2014-12-05,0.0,-0.1362934165916187,-0.5611278925895852,-0.45587907324026816,-0.16047839900861946
2014-12-06,0.0,-0.1825936670460059,-0.5958268571790206,-0.45662083187893143,-0.11745813410623604
2014-12-07,0.0,-0.23195213454289135,-0.6157867081388342,-0.45877813214632435,-0.07526324195141448
2014-12-08,0.0,-0.27799776127945625,-0.6162507919914723,-0.4611335784884037,-0.033962476066687584
2014-12-09,0.0,-0.31854183479922243,-0.6304658915062757,-0.4525893005745409,0.00646059781238969
2014-12-10,0.0,-0.3432046917217761,-0.6611498175029026,-0.4448416892500109,0.04648529448158314
2014-12-11,0.0,-0.35416063182074875,-0.6661222865202494,-0.43548187056321264,0.08327156467005856
2014-12-12,0.0,-0.38281918231453654,-0.6975309421289505,-0.4250973526940502,0.11944979697681048
2014-12-13,0.0,-0.4094266815834699,-0.7238428536713416,-0.4135375560069347,0.15836307209222242
2014-12-14,0.0,-0.4066705253631911,-0.7252986343614681,-0.4054711462136154,0.18396555017465932
2014-12-15,0.4,-0.38653018773446307,-0.7040747642231707,-0.3966308800092589,0.222791681181592
2014-12-16,0.0,-0.41466338181632184,-0.728834501888275,-0.3852997867855167,-0.006406101623363455
2014-12-17,0.0,-0.44266230967246506,-0.7530567063312631,-0.4066202099733621,0.02334860981614967
2014-12-18,0.0,-0.453852172908912,-0.7676653186464768,-0.40256044243705474,0.0569761875329113
2014-12-19,0.0,-0.4314075911780313,-0.7555109456063228,-0.38749925489614273,0.09051343303273121
2014-12-20,0.0,-0.4133167152319829,-0.7394780593889227,-0.3869578427978854,0.1241345946815357
2014-12-21,0.0,-0.43425837253698624,-0.7650625175281044,-0.3779346557856712,0.15768788171208542
2014-12-22,0.0,-0.4456448936235868,-0.7830942431399863,-0.36133599459810106,0.1917419708380811
2014-12-23,0.0,-0.4606152419425538,-0.8017357270522907,-0.3436666077211631,0.05404536523148235
2014-12-24,0.0,-0.46830632962268176,-0.8299800641264587,-0.32542523592761674,0.01733657565975768
2014-12-25,0.0,-0.4678058215971441,-0.8310163766422766,-0.3727440555455364,0.04899561476000577
2014-12-26,0.0,-0.4754184956478303,-0.8380195990777912,-0.3524435033359984,0.08061179350368716
2014-12-27,0.0,-0.47992772541955453,-0.8373172516809476,-0.330742218676406,0.11077134117011046
2014-12-28,0.0,-0.4963461521549814,-0.853858693738212,-0.30748790267889525,0.12997227410570483
2014-12-29,0.0,-0.4990579612606668,-0.8688102097474667,-0.28316747799291975,-0.06441683061619978
2014-12-30,0.0,-0.45144846222282836,-0.8769718172243923,-0.3896688387423861,-0.0355842172964765
2014-12-31,0.0,-0.46759004902709345,-0.895573718175534,-0.36667636022285843,-0.007653327707209449
2015-01-01,0.0,-0.4526998425865191,-0.8916377202414839,-0.3176035567670731,-0.0037997260742380075
2015-01-02,0.0,-0.4684798652934469,-0.8791936319024927,-0.2940810116028799,-0.02723942500094857
2015-01-03,0.0,-0.5574900643240609,-0.888912409538239,-0.26937868429089806,-0.002953697490882093
2015-01-04,0.0,-0.572386202849171,-0.9023521413625251,-0.2445877673900657,0.012721615215423908
2015-01-05,0.0,-0.5957438849311211,-0.9254402678111213,-0.3349749998649209,0.03521096853274069
2015-01-06,0.0,-0.6118501155486206,-0.9500812898676022,-0.3099313167481529,0.05755983492999999
2015-01-07,0.0,-0.6057823729921054,-0.9333667787228356,-0.28568161092645256,0.07884197678609378
2015-01-08,0.0,-0.6048592619346931,-0.9666215716562861,-0.2606378070125504,0.09507388187342755
2015-01-09,0.0,-0.6404665312974555,-1.000681455296001,-0.26070890673683944,0.11509781809500304
2015-01-10,0.0,-0.6368152360823375,-1.0041570209512563,-0.23554768949510668,0.13415731274995243
2015-01-11,0.0,-0.5873045387868854,-0.9618938872446863,-0.21111865278306896,-0.12325079112054099
2015-01-12,0.0,-0.58754179511866,-0.9632538927331022,-0.18774214391178765,-0.10462797956794058
2015-01-13,0.0,-0.6253686327573278,-0.9983641806799219,-0.16498485490500514,-0.08688400836264969
2015-01-14,0.0,-0.6018260085872912,-0.9573633421784123,-0.142922128039442,-0.06986372080172751
2015-01-15,3.0,-0.5239988212568684,-0.911979554641324,-0.10801674489806011,-0.02414527945320841
2015-01-16,0.0,-0.5704479144189736,-0.9601001145872962,-0.09549891470467202,-0.020583534777347975
2015-01-17,0.0,-0.6040895084156112,-0.9722595757131535,-0.07469901992836206,-0.0038769012418417904
2015-01-18,0.0,-0.6327268010223269,-0.9878873431673949,-0.07680639696868335,-0.044474317138238524
2015-01-19,0.0,-0.641900816669589,-0.9952769532632322,-0.08939137087141454,-0.7425004695930116
2015-01-20,0.0,-0.6248819245097963,-0.9803830103862623,-0.09300712959317332,-0.755968404895893
2015-01-21,0.0,-0.669279931915131,-1.015264101586077,-0.11629668743505928,-0.742248884887138
2015-01-22,13.5,-0.2371573026572102,-0.63465596987991,-0.03514952894640949,-0.5485373641053307
2015-01-23,0.0,-0.31303685555827965,-0.6829576359321633,-0.012793181748995863,-0.5337559530327496
2015-01-24,0.0,-0.35135392822046135,-0.7133860448002443,0.010300806564458555,-0.5190808156582148
2015-01-25,0.1,-0.3686197650010585,-0.7303557402927571,0.03265302099383114,-0.5067038975808663
2015-01-26,0.3,-0.3941773414412252,-0.7571606902014842,0.05536165894404296,-0.49029284424882985
2015-01-27,2.5,-0.3406354499525997,-0.70814196222685,0.030852553466670513,-0.44695571787391053
2015-01-28,1.0,-0.3456249576012514,-0.690805045298473,0.05684871250725891,-0.42273561191668985
2015-01-29,0.0,-0.38279949489368176,-0.7355763018366254,0.07896792384754034,-0.4685511676900519
2015-01-30,0.0,-0.4107705636728526,-0.7514242630213239,0.025931815812036952,-0.48913614962443797
2015-01-31,0.0,-0.4106771120409827,-0.7397488915364088,0.0469068268852476,-0.4772325919131254
2015-02-01,0.0,-0.42295244759747624,-0.750843109261502,0.07237501810650272,-0.46736524444809746
2015-02-02,0.0,-0.4549069173119626,-0.7902473443809153,-0.0073006613804551005,-0.4573695176618025
2015-02-03,0.0,-0.480457351273258,-0.8121927308852287,-0.010443947340071652,-0.4480473387998982
2015-02-04,0.1,-0.47327946117062203,-0.807662469513403,0.016300501153115377,-0.4396583659898027
2015-02-05,2.5,-0.41596940234448965,-0.7468338147094151,-0.06226839360319227,-1.144691256873802
2015-02-06,0.0,-0.4425421920348449,-0.7941224313164574,-0.3084628752149066,-1.1377220760301598
2015-02-07,0.0,-0.46081489152659516,-0.8136590711655259,-0.2916382248619467,-1.1295717556386027
2015-02-08,0.0,-0.49348741099631177,-0.8001875918863467,-0.2598777325644509,-1.1182577800814866
2015-02-09,0.0,-0.5316222207647342,-0.8217915544376411,-0.2323144188407155,-1.1077215755417256
2015-02-10,0.0,-0.5339108307168916,-0.813887854800693,-0.2210834171189088,-1.0950671871748647
2015-02-11,0.0,-0.5694043301790485,-0.8030825998999566,-0.19820615772541159,-1.0803985472097373
2015-02-12,0.0,-0.5889861785719296,-0.7884486431798632,-0.16442593867827177,-1.0666158629775502
2015-02-13,0.0,-0.6226374288677731,-0.8320104486469241,-0.13842713689922195,-1.0573503114970033
2015-02-14,0.0,-0.6651336582519092,-0.8628784713549548,-0.32465839263191876,-1.0505075035649503
2015-02-15,0.0,-0.6614806150338202,-0.8706566519143816,-0.39876148001278733,-1.04422723310522
2015-02-16,4.5,-0.476734265430656,-0.7364497084080296,-0.34106632219819455,-0.9539626461750393
2015-02-17,0.5,-0.47260052267097874,-0.7590621769868564,-0.43552946832313216,-0.9407932576369593
2015-02-18,1.5,-0.4446414881988314,-0.7269364927676035,-0.38951656709790844,-0.9117320143515311
2015-02-19,2.0,-0.40459678575203967,-0.6987324891513075,-0.34062975843735804,-0.8737945935764038
2015-02-20,0.0,-0.41710825456635386,-0.722150524093776,-0.304185484580461,-0.8796553519694176
2015-02-21,2.0,-0.3667668692632192,-0.6656864873065219,-0.3918588322177069,-0.8436691513712534
2015-02-22,0.0,-0.3869342979404018,-0.6541282035270051,-0.6348981556337432,-0.844112993389031
2015-02-23,0.0,-0.3862970577005835,-0.6500207092410809,-0.6045062101536595,-1.416735616533213
2015-02-24,0.0,-0.4060826939237667,-0.6727953388009241,-0.5659118489775954,-1.4207095527481626
2015-02-25,0.0,-0.42260232077178644,-0.6676591863340349,-0.5271406679032516,-1.4235003288073935
2015-02-26,0.0,-0.4530384267679804,-0.6820624899618836,-0.4888966753806618,-1.4783866178282765
2015-02-27,0.0,-0.4999510399687795,-0.7243142577272497,-0.4517529578508061,-1.5077551892043677
2015-02-28,0.0,-0.5278845419756462,-0.7418059722704331,-0.41519427459771646,-1.6388367614465333
2015-03-01,0.0,-0.5757803068072496,-0.7831021683531605,-0.3852971250010184,-1.6462907443705388
2015-03-02,0.0,-0.643483735265437,-0.856172594014874,-0.8762000960343197,-1.6554355400820548
2015-03-03,0.0,-0.5787222018627243,-0.7741457864400664,-0.8410851030736943,-1.667184042793245
2015-03-04,0.0,-0.6084329009315496,-0.8101231929063217,-0.8067118128247652,-1.679295897102648
2015-03-05,0.0,-0.6253295054798962,-0.8150187505268894,-0.7723909579896986,-1.6943082033008836
2015-03-06,0.0,-0.6369682913590725,-0.8122874799606664,-0.7383036264878384,-1.7091196567455573
2015-03-07,0.0,-0.646885369985673,-0.8202638046235425,-0.7063074522125261,-1.7229566698025638
2015-03-08,0.0,-0.6974685598308394,-0.8601623813199403,-0.6747678381922934,-1.7389822806672774
2015-03-09,0.0,-0.7154360486484458,-0.8964485694201646,-0.6460424358684759,-1.757040539380832
2015-03-10,0.0,-0.7341840328113799,-0.9283894985255622,-0.6189933314979286,-1.7766783246826665
2015-03-11,0.0,-0.7467768259286326,-0.938045034152298,-0.5966986987232196,-1.8010127363830404
2015-03-12,0.0,-0.7460645227270095,-0.9356036923734462,-0.5757269280392708,-1.8256603808712168
2015-03-13,0.1,-0.7622944038563414,-0.9409384867017712,-0.5508705324200284,-1.850445907018703
2015-03-14,0.0,-0.7944528393250908,-0.955643161409232,-0.541830850799128,-1.882526764307407
2015-03-15,0.0,-0.8209258285822836,-0.9796152528196935,-0.5176853245295098,-1.9273657878998849
2015-03-16,0.0,-0.8219807898186724,-0.9525482132595989,-0.786430868609239,-1.9545443308823904
2015-03-17,0.0,-0.853642422143253,-0.9623790458713811,-0.7674071400130357,-1.978646995578205
2015-03-18,19.0,-0.19018331289229412,-0.39263236382779365,-0.6184657976638273,-1.4806990789016845
2015-03-19,0.0,-0.3044637157765875,-0.4822617200029421,-0.6001630275646709,-1.5048468368295107
2015-03-20,0.0,-0.37716590582201626,-0.5490591524032093,-0.5810783386586539,-1.5290893764347022
2015-03-21,0.0,-0.4418117113230959,-0.6053258375672277,-0.5618024460340284,-1.5531648908510223
2015-03-22,0.0,-0.49978320276239296,-0.6413337253308761,-0.5444367737565854,-1.5804803462574675
2015-03-23,0.0,-0.5385740076715358,-0.6700080431702744,-0.7135293485029769,-1.607206641944723
2015-03-24,0.0,-0.5372759916331505,-0.6963370277349274,-0.7717205697432067,-1.6343617225552816
2015-03-25,0.0,-0.5794820646359327,-0.7375597695886325,-0.7557048052382078,-1.6636071653589588
2015-03-26,0.0,-0.6343716001933789,-0.7860838653307017,-0.7407678223610762,-1.6936417786890097
2015-03-27,0.0,-0.623161775284058,-0.7730347152552682,-0.7278244908384232,-1.7258999710563048
2015-03-28,0.0,-0.618437786717592,-0.7733181719614091,-0.7261608999836082,-1.7580070227117708
2015-03-29,0.0,-0.6061887455157957,-0.7646488574547464,-0.9571831553075454,-1.7899571571036337
2015-03-30,0.0,-0.5883365503995347,-0.7488759247426614,-0.945062647823201,-1.82166955537717
2015-03-31,3.0,-0.527217783627043,-0.6810192227873112,-0.9078056022776951,-1.7708766077369407
2015-04-01,14.0,-0.10559314459432426,-0.3139968416771343,-0.8299860272383921,-1.464141566025478
2015-04-02,3.0,-0.09744219793400953,-0.3081339518731993,-0.8442040255470115,-1.4193903637740894
2015-04-03,13.5,0.30533377116613986,0.0350046366393036,-0.7220566074569669,-1.1635799160786968
2015-04-04,0.5,0.18641961992195002,-0.0643566919177879,-0.7158552328673796,-1.1692131678094677
2015-04-05,0.1,0.12995992902924078,-0.1148853029058374,-0.7061184144117558,-1.1827512353615353
2015-04-06,0.0,0.07931540440106562,-0.13938899778342514,-0.6970031262630275,-1.1974193386530854
2015-04-07,8.5,0.3488471072266144,0.11566219127589247,-0.618700032547152,-1.0552306053113782
2015-04-08,0.2,0.2737935724057769,0.0645611388824058,-0.6136589454135062,-1.0672031686698533
2015-04-09,0.0,0.22857168318805485,0.041939001898799594,-0.6054594516333901,-1.0805263427530836
2015-04-10,0.0,0.1681400579738052,-0.0008199538499618081,-0.5978580525441662,-1.0939884136048148
2015-04-11,0.0,0.12178740476271645,-0.04202339716421664,-0.8592792197660549,-1.1070702703770121
2015-04-12,0.0,0.06829304707475208,-0.06821894410871832,-0.8532029010319467,-1.1222773979603637
2015-04-13,4.0,0.16128977266858027,0.030797046184930035,-0.8132867837352288,-1.0674766338360462
2015-04-14,11.0,0.48304305010506365,0.34322926281511185,-0.7136835815642142,-0.8950021386311865
2015-04-15,0.0,0.39064192051702556,0.27086634575571167,-0.7104853476959521,-0.9624283041759316
2015-04-16,0.5,0.35420629935051484,0.2474155552072265,-0.701969282738583,-0.9720048848182158
2015-04-17,0.0,0.310290896620043,0.19918289347832147,-0.6980582127206105,-0.9898147865896535
2015-04-18,0.0,0.2750124151604577,0.15146376915515405,-0.747803701216981,-1.0079510697308953
2015-04-19,5.5,0.4378322276422408,0.29848443922008794,-1.295178630694242,-0.9322384253532208
2015-04-20,16.0,0.9884299814407116,0.7584310116994362,-1.1492816286224108,-0.6941317348167677
2015-04-21,0.0,0.880361707376591,0.651582587937264,-1.1499260487012999,-0.7118191780650204
2015-04-22,0.0,0.7410060852687586,0.5460662506609736,-1.1501026233123701,-0.9436991696560272
2015-04-23,0.0,0.6850247660470175,0.49233429202074536,-1.150332079921022,-0.9624701843022204
2015-04-24,0.0,0.5806050405706297,0.4171854650734198,-1.1518320720795407,-0.9814539582866622
2015-04-25,0.0,0.5192129894314272,0.34779730383894897,-1.1562989650289222,-1.0011052210500182
2015-04-26,0.0,0.45838542013025335,0.2971272534519859,-1.1586763242354126,-1.0222713879243042
2015-04-27,0.0,0.3755304309930088,0.22986825982665574,-1.1608851521828587,-1.0803662346547165
2015-04-28,0.0,0.28752963525662084,0.1663197124539883,-1.1645318095776078,-1.1133200831743597
2015-04-29,0.0,0.20359892413332034,0.09544660008916928,-1.2146071116358157,-1.130264900165733
2015-04-30,0.0,0.168387437616714,0.049741671615288904,-1.2434047125766439,-1.148095638183478
2015-05-01,0.0,0.14240245278231564,0.01623726948113345,-1.2462210263722875,-1.1671398678808331
2015-05-02,0.0,0.13196940778379673,0.006080683698130276,-1.2514842645569286,-1.1875059468270228
2015-05-03,1.0,0.16453074982737423,0.03142977601875805,-1.2461218727610255,-1.1923251560482973
2015-05-04,0.0,0.149966822197165,0.017251724213256152,-1.251912375817107,-1.2146819449128397
2015-05-05,0.0,0.12746924208018748,0.0028250051048450504,-1.2574161829325021,-1.2356352940576212
2015-05-06,0.0,0.09283651726964362,-0.019354644755258554,-1.8157158082425835,-1.2983680949134881
2015-05-07,0.0,0.042576577209434904,-0.033797700371999286,-1.8215679732172225,-1.3184786660865493
2015-05-08,0.0,0.015967366357900005,-0.062238195247162016,-1.8275301033279423,-1.339870657628552
2015-05-09,0.0,-0.0012555569999876909,-0.08251497073138933,-1.8320653598684995,-1.358466317296041
2015-05-10,0.0,-0.002834981053403245,-0.09131559305280389,-1.8366503288492229,-1.3772950218158524
2015-05-11,0.1,-0.02580559751478366,-0.11980116971527746,-1.8370231166999487,-1.3946704867775015
2015-05-12,1.5,-0.011952352639186592,-0.12129804668361024,-1.8159482150371962,-1.3853672180717393
2015-05-13,0.0,-0.04765964771643593,-0.14904712631949382,-1.8147266067180525,-1.4012332380792745
2015-05-14,0.0,-0.09315706735784246,-0.19824819316736217,-1.8129266349769277,-1.4125620484921986
2015-05-15,0.0,-0.1472229937475963,-0.24041634317906613,-1.8119370447613,-1.4254593506133806
2015-05-16,0.1,-0.17115067477829857,-0.24217591388347773,-1.8103157374800194,-1.4339345093521627
2015-05-17,0.0,-0.1977913066906463,-0.2646929445078103,-1.811337272330613,-1.527981001932419
2015-05-18,0.0,-0.22085553197113506,-0.27708268566082417,-1.8116121228991862,-1.5451445338211982
2015-05-19,0.2,-0.23413165011266265,-0.29426268271698686,-1.8098905216651322,-1.5769226508209944
2015-05-20,0.0,-0.2484601389535744,-0.30556541263102543,-1.8105016176551025,-1.625070309468403
2015-05-21,0.0,-0.25545591065089174,-0.3043725881521039,-1.8168272814789934,-1.634519636471339
2015-05-22,0.0,-0.28753548977560567,-0.33388999323196367,-1.8175872696558166,-1.6800550078525556
2015-05-23,0.0,-0.30783526517859594,-0.3574535722429521,-1.8202548115612531,-1.6844687173961643
2015-05-24,0.0,-0.2726748154348708,-0.3234220636797906,-2.201566785070144,-1.6857975432485137
2015-05-25,0.0,-0.3073207267291036,-0.34532023938293643,-2.2067662779866,-1.6883198390133958
2015-05-26,0.0,-0.3294827963615574,-0.3654181336455675,-2.209576919111186,-1.6907474110304335
2015-05-27,0.0,-0.3289672772051016,-0.3740186909514806,-2.2425062652197663,-1.6925796631485963
2015-05-28,0.0,-0.3263110737112043,-0.3747032125484987,-2.262595602367275,-1.69616150723996
2015-05-29,0.0,-0.3177849987437368,-0.3658418699714737,-2.3346992856328432,-1.6998852205356774
2015-05-30,0.2,-0.30608264634445365,-0.3529198283863569,-2.338822583928546,-1.6967772190036396
2015-05-31,0.0,-0.3309681010949116,-0.37545457693755585,-2.348292485071335,-1.6972134040378994
2015-06-01,0.0,-0.34020487727186033,-0.3936599506891763,-2.358414672356327,-1.697630435872791
2015-06-02,0.0,-0.3268415751724178,-0.37927377005624974,-2.3691954019785384,-1.6987574546287387
2015-06-03,0.0,-0.36340657751508393,-0.3966973393812541,-2.3822484944084388,-1.7028563830522163
2015-06-04,0.0,-0.37513061331998027,-0.41750845663165154,-2.394085946425299,-1.7083194215626478
2015-06-05,3.5,-0.2331424447747934,-0.29696058699678274,-2.3528356486300557,-1.644355547985446
2015-06-06,0.0,-0.27192138907630437,-0.325380406057331,-2.367417756750282,-1.6495909668400577
2015-06-07,0.0,-0.2984405524027211,-0.34902302803895563,-2.3827699702607106,-1.6526055436879181
2015-06-08,0.0,-0.2985446276005463,-0.34908290660643115,-2.400051087796268,-1.6559891521744257
2015-06-09,0.0,-0.32453396681564095,-0.3759917707387875,-2.420025633694418,-1.663360344463151
2015-06-10,0.0,-0.33383727561427845,-0.3794983311975921,-2.4392097331375413,-1.6737223085672586
2015-06-11,0.5,-0.3384621141659414,-0.3808159136247398,-2.455862034979002,-1.6792208723470834
2015-06-12,0.0,-0.3360700896298605,-0.3754806629580215,-2.481545384915303,-1.6928361843709614
2015-06-13,4.5,-0.16810130633866044,-0.22290336017466447,-2.4447542882750586,-1.6196003608403406
2015-06-14,0.0,-0.20340003235269244,-0.25288655886864203,-2.4713631078102685,-1.6352119428658043
2015-06-15,0.0,-0.23075910333257746,-0.27693383603765304,-2.498828596412863,-1.6528844307588624
2015-06-16,0.0,-0.24442990634045275,-0.27603439076715186,-2.5247839584987988,-2.059395741357525
2015-06-17,0.0,-0.28401921320406087,-0.2980021586645886,-2.5545797259678595,-2.082317277102206
2015-06-18,4.0,-0.1687245183629273,-0.19234053810491097,-2.523443718792069,-2.018391719141591
2015-06-19,0.5,-0.21229120524842401,-0.22338485701119887,-2.5448991755690944,-2.0301131332222266
2015-06-20,0.0,-0.2632071120726323,-0.2568510824664427,-2.5778240582693446,-2.051424378727086
2015-06-21,0.0,-0.2945581937289561,-0.2840133220983876,-2.610667465321056,-2.0706877426034325
2015-06-22,0.0,-0.3658560379331994,-0.3374876424594028,-2.642381198705466,-2.091536451446575
2015-06-23,0.0,-0.467367303233961,-0.41933259964393965,-2.6736625732474946,-2.1131293014083212
2015-06-24,0.0,-0.4969988709319546,-0.4681849749286095,-2.7060144322528665,-2.1367223334823007
2015-06-25,2.5,-0.4700686414513055,-0.45626212994038884,-2.702874243626287,-2.1081495533732744
2015-06-26,155.5,1.0988511448585307,0.8777098538641293,-0.9453765890266357,0.022413596253924244
2015-06-27,3.0,0.04044359783460133,0.3717469866501548,-0.9525387721104904,0.01625970685381601
2015-06-28,0.0,-0.5754657587306389,0.06318719982998507,-0.9881960366329755,-0.020874811910862583
2015-06-29,0.0,-0.961069193698994,-0.1851505848881252,-1.0243572044126192,-0.08856096488259707
2015-06-30,1.0,-1.1972156313572488,-0.38503904877940714,-1.0531115019028938,-0.26187442571094893
2015-07-01,3.0,-1.1224719899675262,-0.44497637210207797,-1.0643235740568942,-0.30279538363756203
2015-07-02,0.0,-1.411249788742826,-0.6198419417739257,-1.103641799923513,-0.4862983023124747
2015-07-03,6.5,-1.3768125037454833,-0.6109623478631152,-1.085368374973791,-0.46514605120213787
2015-07-04,0.2,-1.585602197095223,-0.7788619517415877,-1.1246341189071445,-0.5066716161395328
2015-07-05,0.0,-1.6687934350560212,-0.8774917413457165,-1.1670229478691916,-0.5484543518585487
2015-07-06,0.0,-1.6636510158261606,-0.9378234319719908,-1.2092826821209166,-0.6788046927889998
2015-07-07,0.2,-1.7755671141650158,-1.0416790889877288,-1.249292318518884,-0.7204471923663659
2015-07-08,22.0,-1.3887327164658694,-0.6798472617421825,-1.1004911122789642,-0.5405584129308915
2015-07-09,6.0,-1.3514109455284031,-0.6936998430663176,-1.0930292791950684,-0.5269632106682084
2015-07-10,0.0,-1.5931612209834292,-0.8888781769541396,-1.1371272903721432,-0.5730962614849805
2015-07-11,0.0,-1.6976870960761175,-1.011035189745248,-1.1807318257728208,-0.6179648744830496
2015-07-12,4.0,-1.654381463346099,-1.0006270483897448,-1.1849244007960693,-0.6586775535507409
2015-07-13,0.0,-1.7146516169723942,-1.0945563649821783,-1.2228105310943005,-0.8072982632201222
2015-07-14,0.0,-1.6848634196289654,-1.120405648558568,-1.2869376677999873,-0.8460028724218187
2015-07-15,0.0,-1.6647246451944164,-1.1496619931973722,-1.3266205957759536,-0.8893687258632863
2015-07-16,0.3,-1.6179869267364662,-1.1269970990372702,-1.3636002423746212,-0.9232901643115425
2015-07-17,0.5,-1.717259287115187,-1.1971095266133733,-1.3986621661744907,-0.9527797530955329
2015-07-18,0.0,-1.611910993364896,-1.1390387222477216,-1.4334798766050245,-1.039846244292211
2015-07-19,0.5,-1.750393984590468,-1.2371360823728867,-1.4618469104111596,-1.2317797910994448
2015-07-20,0.3,-1.892001955805349,-1.3283701294018717,-1.4917337669683428,-1.257697414839472
2015-07-21,0.1,-1.9904209914590114,-1.3989454329160362,-1.6351786255809455,-1.2837404912266144
2015-07-22,1.0,-1.975698516461529,-1.3908552110546302,-1.6553051840117705,-1.3015614802539934
2015-07-23,4.0,-1.9937761801889788,-1.408000463475315,-1.6500779855836658,-1.2869640238777516
2015-07-24,13.0,-1.944300570149275,-1.3325389173923063,-1.5693635475261827,-1.1833558200147731
2015-07-25,0.3,-1.9338156314177106,-1.3610544409298815,-1.5976361536884691,-1.2106435750930418
2015-07-26,0.0,-1.6900792341013666,-1.2489307277855433,-1.6445940246283994,-1.2398292982600712
2015-07-27,0.0,-1.6536246565102792,-1.2191131127196655,-1.677415284021857,-1.2661233138569985
2015-07-28,0.0,-1.650164672014951,-1.233300283119449,-1.7004341336162652,-1.2901742885197935
2015-07-29,1.0,-1.700943095468911,-1.2756138485937134,-1.7161172638789084,-1.3054614714467236
2015-07-30,0.0,-1.792821670224651,-1.3366547245752718,-1.7401506401987143,-1.3315055090540415
2015-07-31,0.0,-1.884502724387232,-1.401177584159576,-1.7622012264268399,-1.3525978182700715
2015-08-01,0.5,-1.9605386321578135,-1.4678043224199997,-1.7797596237974245,-1.3774364144187616
2015-08-02,1.0,-1.8294981994522779,-1.407970941058373,-1.7919763868383263,-1.3864267228215494
2015-08-03,0.0,-1.6737073426724542,-1.311513314974486,-1.8139362502299057,-1.4064280677385168
2015-08-04,0.0,-1.8292626156732277,-1.395813364978459,-1.851847615509139,-1.4240306155820261
2015-08-05,0.0,-1.9440511506238056,-1.4800029087734459,-1.8686912290803968,-1.4408461692181371
2015-08-06,0.0,-1.945501564584256,-1.5239668372463633,-1.8870421779081297,-1.4574962190703107
2015-08-07,0.0,-2.1229814069603914,-1.6253998025749739,-1.905327206381711,-1.474474658379203
2015-08-08,11.5,-1.9769640139287776,-1.5340153079711738,-1.8321700055136967,-1.3850014279392204
2015-08-09,0.0,-2.1200368137322854,-1.677943403620756,-1.8521934052929139,-1.404266005192023
2015-08-10,0.0,-1.4846281095787217,-1.3397597779749288,-1.8715030274653355,-1.435463477372744
2015-08-11,0.0,-1.8646555761417,-1.5004105757915553,-1.8931056187736175,-1.454436334184749
2015-08-12,0.0,-2.0172808406587306,-1.5631175405873796,-1.9170066126596268,-1.4760755085427493
2015-08-13,19.0,-1.8801586921812594,-1.4160936710163918,-1.7996265870400474,-1.3360160630025302
2015-08-14,5.1,-1.9727929034080307,-1.4856120015865868,-1.7900234363818934,-1.3208680287038235
2015-08-15,0.0,-1.8543565031964044,-1.4854651057997599,-1.8531772665204895,-1.349593496190953
2015-08-16,21.0,-1.5930789350952073,-1.243802422043673,-1.730821532917004,-1.2074452760658068
2015-08-17,0.0,-1.7518099639886582,-1.377055945107873,-1.7675726963444558,-1.237624665934932
2015-08-18,0.5,-1.7932925603159775,-1.4467777480994846,-1.8059217906010845,-1.2631293025256447
2015-08-19,0.0,-1.6798280278526267,-1.4120553194488508,-1.83383778937315,-1.292254723644643
2015-08-20,0.0,-1.534552595288932,-1.3282832513349563,-1.8768614125353222,-1.3227751671660426
2015-08-21,0.5,-1.7274382800068846,-1.4222684751525436,-1.9038956583625117,-1.352097083181491
2015-08-22,0.0,-1.9367713429625064,-1.5599840119282622,-1.9340818788282483,-1.3851017495474462
2015-08-23,0.0,-2.096306862198969,-1.6904411274722357,-1.96360837778092,-1.4171649480745774
2015-08-24,62.5,-1.1475685827157012,-0.935937217113361,-1.5747961090161293,-1.0036342185552025
2015-08-25,89.0,0.05821599350636044,0.016553987821738815,-1.0746784877207585,-0.4898242260580951
2015-08-26,12.5,-0.18266798267136594,-0.13441486710931783,-1.0346928754051283,-0.4511021920884881
2015-08-27,0.0,-0.4598445039753467,-0.35321681189219145,-1.0643865389642098,-0.4840574723158838
2015-08-28,0.1,-0.6659060267397073,-0.5042122232625518,-1.0954771996610742,-0.5200714824090603
2015-08-29,0.0,-0.9372713204295854,-0.7212720556239882,-1.127156988476627,-0.5560549522080632
2015-08-30,1.5,-1.1130966333113936,-0.8850092940284466,-1.151322383339888,-0.5840085302582145
2015-08-31,0.1,-0.5507902232388703,-0.5296053338082211,-1.182544188497383,-0.6195584843944671
2015-09-01,1.5,-0.9678057947763975,-0.6846859978496973,-1.2060563100141137,-0.6468366887920011
2015-09-02,3.5,-1.2521309736781618,-0.7994752472491032,-1.2196206385057375,-0.66311868639616
2015-09-03,0.0,-1.1310561015439067,-0.8154646340275028,-1.2506408413606662,-0.7162533835320803
2015-09-04,0.0,-1.3542221602779707,-0.9083066404360269,-1.2818439621120672,-0.7494953954096949
2015-09-05,32.0,-0.9834614320870035,-0.6848674201171434,-1.1427869917003597,-0.609521144147838
2015-09-06,9.0,-0.8688189907329333,-0.670154421754571,-1.1273642286542425,-0.5956093171647229
2015-09-07,2.0,-0.9859217798425717,-0.7379510806831796,-1.1503110176662923,-0.6198998393006712
2015-09-08,0.0,-0.8799279839644284,-0.7248315724015983,-1.183017579630365,-0.6529207784522094
2015-09-09,0.0,-1.0862324370570993,-0.8241074125557194,-1.2143067672198176,-0.6848086634983455
2015-09-10,0.0,-1.2591115440559741,-0.932309963960414,-1.242992345357524,-0.7115497219339597
2015-09-11,2.5,-1.0295007215044047,-0.9120777195992781,-1.2575044949610787,-0.7475665058952662
2015-09-12,19.5,-0.867589365006909,-0.7804556268495372,-1.1827324596316773,-0.6672589632397077
2015-09-13,0.0,-0.906932086339054,-0.8125377073690743,-1.2073082880822075,-0.6866166351920381
2015-09-14,0.0,-1.073870657177142,-0.9071181291318838,-1.3288471681602547,-0.7042619694213825
2015-09-15,0.0,-1.1755793344057102,-0.9778493212098449,-1.3527298191029993,-0.7215820103614694
2015-09-16,0.0,-1.241561722138959,-1.029390148550574,-1.3749157531127962,-0.7562453051888645
2015-09-17,0.0,-1.2766931608251368,-1.0803975574960851,-1.3966923003370246,-0.7713706867717824
2015-09-18,0.0,-1.1587715567538248,-1.0517415616055343,-1.4165506868662732,-0.7812781312763923
2015-09-19,0.0,-1.3004724718942275,-1.1167824276747018,-1.4350906170963855,-0.7889016701267276
2015-09-20,0.0,-1.291495657118353,-1.1364681765620739,-1.453856161673811,-0.7958264386862759
2015-09-21,0.0,-1.3720088128320551,-1.1625152492664677,-1.4725890684197418,-0.8025597885291404
2015-09-22,0.0,-1.4068870917398733,-1.195776552168029,-1.4910101649572434,-0.8068636772377897
2015-09-23,0.0,-1.456914625936213,-1.2296697537826937,-1.5092469990031305,-0.8234533879127367
2015-09-24,0.0,-1.47034182422732,-1.2297752550688754,-1.528464409122299,-1.7433785696373028
2015-09-25,0.0,-1.5466138750309741,-1.2807205325219255,-1.546857859672613,-1.7631650122111902
2015-09-26,0.0,-1.5833007060495106,-1.326627756113125,-1.5630127530324274,-1.7601085144075088
2015-09-27,0.0,-1.557155309860167,-1.3459312948361628,-1.594395664612894,-1.7559227709228828
2015-09-28,0.0,-1.6106829463002394,-1.3772735078812468,-1.6821582721859492,-1.752746145811159
2015-09-29,0.0,-1.6967658843652755,-1.4342040180582953,-1.7118733775818689,-1.7601056745548087
2015-09-30,0.0,-1.5794733703365136,-1.4270981074078104,-1.7986837148933523,-1.745997347181726
2015-10-01,8.0,-1.5223203683900406,-1.3503913380789636,-1.7711867287654366,-1.7198290405720797
2015-10-02,0.0,-1.6306722172349073,-1.4224244565703255,-1.7834913545820212,-1.703407775151287
2015-10-03,0.0,-1.3319090646197365,-1.3083173444230578,-1.7936138460606539,-1.6863291418308362
2015-10-04,0.0,-1.56904524988107,-1.4089457561513183,-1.8508509652223637,-1.6703868359687584
2015-10-05,0.0,-1.5907294491328285,-1.395779483937588,-1.8636289394211485,-1.654322799133569
2015-10-06,0.0,-1.5761713525999401,-1.417161019134452,-1.8757088919484202,-1.7840858938493842
2015-10-07,0.0,-1.6923316942417264,-1.4788557160272644,-1.8862967223862048,-1.8062387894135208
2015-10-08,0.0,-1.8090809465191033,-1.5486720865742,-1.8942186052032846,-1.7864915286763146
2015-10-09,0.0,-1.842634667806248,-1.5666881173684308,-1.9018193077389414,-1.767780562311899
2015-10-10,0.0,-1.8848872705062498,-1.595706830197208,-1.9314133094695018,-1.7775008460997224
2015-10-11,0.0,-1.9414757154122964,-1.6540841926100187,-1.9996745542622925,-1.7580244997799075
2015-10-12,0.0,-1.8616801190608756,-1.599032911490131,-2.006898040900154,-1.7385689920685106
2015-10-13,0.0,-1.8503605517300827,-1.5962800558915713,-2.0157643952949194,-1.7199693368880293
2015-10-14,0.0,-1.8300321692168582,-1.5501847747930966,-2.0212365656136178,-1.706926183010526
2015-10-15,0.0,-1.940133687820366,-1.6358728127661095,-2.026895153615787,-1.695571978511854
2015-10-16,0.0,-2.132621915631836,-1.726081327678414,-2.0631895441802217,-1.680684077945636
2015-10-17,0.0,-2.067740477784642,-1.72126334822249,-2.160606587090257,-1.6703182660754528
2015-10-18,0.5,-1.9380670339322559,-1.6289847911026958,-2.164575528637759,-1.6565521615234302
2015-10-19,1.0,-2.001838182370186,-1.622346157754209,-2.1660461696496034,-1.638483236844818
2015-10-20,0.0,-2.0484666966328917,-1.589337518046645,-2.173194380963244,-1.6337322544369128
2015-10-21,4.5,-2.008520466022812,-1.5729909399803605,-2.1539395541363096,-1.6190454080681786
2015-10-22,7.0,-1.9292725846498664,-1.5345081447148234,-2.1199822038500264,-1.6493975787094683
2015-10-23,0.0,-1.5052353103773126,-1.3808046490466195,-2.127385002443363,-1.6416522760209933
2015-10-24,0.0,-1.7947781248026295,-1.4616498174855588,-2.13565695045833,-1.6277389126814286
2015-10-25,0.0,-1.9601764567425644,-1.5226272972384103,-2.143290124428503,-1.6128557422625085
2015-10-26,0.0,-2.0053089267226474,-1.5425400779320493,-2.1497688246274658,-1.5987193849581232
2015-10-27,0.0,-2.026738255581857,-1.5952592985266298,-2.1549539528409345,-1.5908774735154902
2015-10-28,0.0,-1.9926985289946975,-1.6156413122683364,-2.159724220046846,-1.575963728306511
2015-10-29,0.0,-1.9712620992777479,-1.6462444372631893,-2.1652508796324392,-1.5627168231497401
2015-10-30,0.0,-2.116453406074762,-1.727885976603852,-2.1776219973825865,-1.5527784709393782
2015-10-31,0.0,-2.2132096477946366,-1.7861976085709803,-2.1817720225364075,-1.5435089460450804
2015-11-01,0.0,-2.207958144363401,-1.8049867589808681,-2.184431729395083,-1.5262536395869974
2015-11-02,0.0,-2.216029282167591,-1.847958990637253,-2.1883051345017903,-1.506838745266176
2015-11-03,0.0,-2.283153592042035,-1.8847072783164165,-2.1933150748837305,-1.4848351520102858
2015-11-04,0.0,-2.32758837625858,-1.9284462002264584,-2.197349361240864,-1.4617580210793755
2015-11-05,0.0,-2.3130653517898825,-1.941115376131356,-2.20050549676974,-1.439964013054504
2015-11-06,2.5,-2.18950043613717,-1.916105763050351,-2.1887790920445807,-1.4793314083460167
2015-11-07,66.0,-0.6360679989987238,-0.8354889428422414,-1.8190092105552278,-1.0053548859795118
2015-11-08,62.5,0.6834329349611822,0.12062995834738614,-1.5004465764928707,-0.6042860148458289
2015-11-09,16.5,0.7467428810716166,0.1572757594575117,-1.4197306680972357,-0.48362375048154643
2015-11-10,0.5,0.5181837821389407,-0.03516513056961886,-1.4207962473103226,-0.4504420346701114
2015-11-11,11.5,0.6218786063674956,0.05101091030954873,-1.3667901996387548,-0.45946152868201634
2015-11-12,3.5,0.557914575421515,-0.015700952887638335,-1.3523749420337585,-0.43618272182019824
2015-11-13,30.5,1.2117233896188087,0.4784012348293496,-1.2041512828146073,-0.2465764716373586
2015-11-14,28.0,0.14678590766385827,0.8172942326590277,-1.072181632784385,-0.17812764627560107
2015-11-15,0.0,-0.08892524958418783,0.5642968083134445,-1.0746430393482698,-0.14445974603429182
2015-11-16,3.5,-0.16550372438033656,0.5338250625909268,-1.0589858406991242,-0.09485770342304997
2015-11-17,0.5,-0.2980628743968985,0.47160426141051187,-1.0566475187348987,-0.055272384872421434
2015-11-18,18.0,0.03182912644906739,0.7647147689168605,-0.9707684411962962,0.06690861857342309
2015-11-19,0.3,-0.1105242516784765,0.6691015868560332,-0.968119251963872,0.10328190847944502
2015-11-20,0.5,-0.21494866865239837,0.6214840363996897,-0.9649273397958591,0.14307500407359935
2015-11-21,0.0,-0.31846967272463605,0.5811583213193696,-0.9642934929913737,0.17964911298455016
2015-11-22,43.5,0.7483213506415873,0.06378814004524085,-0.764021750183152,0.1300760843379074
2015-11-23,24.0,1.1328416366248542,0.3644261887117608,-0.6554422633350676,-0.14421167600649193
2015-11-24,22.0,1.4872129826284677,0.6376854319098259,-0.5566509090200518,-0.05926944612785941
2015-11-25,15.0,1.6079495361523581,0.7450763060689531,-0.48982841513899433,0.051117677504846894
2015-11-26,0.0,1.3777234537021101,0.560004541267654,-0.4889165748138193,0.08954541735533177
2015-11-27,0.0,1.1374116485553842,0.39213754635851206,-0.4870811397752549,0.12939183838499926
2015-11-28,0.0,0.9002676501600718,0.269011852550725,-0.48499987108449055,0.16288667705676702
2015-11-29,0.0,0.8018821502969308,0.18605471696339956,-0.48268633958436197,0.20270162489940438
2015-11-30,0.1,0.7042322358359945,0.11363032933118482,-0.4792046869498051,0.23625867202523962
2015-12-01,0.0,0.6351325279068304,0.05306714357971107,-0.4755678108122677,0.26078263988662587
2015-12-02,0.0,0.5807109687426234,0.0020380851002659525,-0.4859293893376837,0.30154370775507067
2015-12-03,0.1,0.5150468278497777,-0.042468280652755645,-0.48030406469740955,0.34198146307882993
2015-12-04,0.0,0.4566428054795142,-0.09557540273372953,-0.47496752309395696,0.23112703820460814
2015-12-05,0.0,0.4032123472744422,-0.14885511392664288,-0.469400111767381,0.22880911791638864
2015-12-06,0.0,0.33915475402536255,-0.20755675104083826,-0.46379789701623847,0.2616044701269795
2015-12-07,0.0,0.2796033733052945,-0.2602114656374175,-0.4575123209012285,0.303692286780143
2015-12-08,0.0,0.1990774150238853,-0.30405969477854955,-0.4514408875000636,0.3451280511095276
2015-12-09,0.0,0.12816919597627907,-0.35077983082971664,-0.44291675849406703,0.38586401412133386
2015-12-10,0.0,0.0670822879732587,-0.4038816148968627,-0.45324927651025093,0.4142216801685357
2015-12-11,8.5,0.25161779986633803,-0.25656514653430496,-0.4083056891197411,0.3994953472419657
2015-12-12,0.0,0.173869481375373,-0.3306352952825792,-0.3980050667952475,0.43911884141637525
2015-12-13,0.0,0.1143830074687454,-0.38942887127868575,-0.38651338034458244,0.4790262011417871
2015-12-14,0.1,0.07059200539997126,-0.42294889982420275,-0.37393033519563923,0.5207020179398288
2015-12-15,0.1,0.02859918942104805,-0.4459362767780896,-0.37672658977967083,0.5575529361262116
2015-12-16,0.0,-0.018341259035283386,-0.48340714974901444,-0.36543241849346436,0.5935208497734517
2015-12-17,0.0,-0.06990463576179362,-0.5210537054176784,-0.3596248493109621,0.621902474554753
2015-12-18,0.0,-0.11253817432029382,-0.5496958556558925,-0.345230814098799,0.6562465402274466
2015-12-19,0.0,-0.14509358317751814,-0.5585984797998594,-0.33028228621090466,0.6907226443685975
2015-12-20,0.0,-0.17277020381478547,-0.5627804957630641,-0.3152587617863329,0.7256299819491444
2015-12-21,0.0,-0.21231600964082814,-0.5987062743010699,-0.30012043589994075,0.7597223486214308
2015-12-22,0.0,-0.24697005340657746,-0.6280173326999142,-0.29396955947331554,0.7945142046365845
2015-12-23,0.5,-0.2730900550737727,-0.646838391299275,-0.9527868657848347,0.8321133115467026
2015-12-24,0.0,-0.31099750984118263,-0.6869525027703871,-0.9473457160137447,0.8672875276480969
2015-12-25,0.0,-0.34032423142455187,-0.7027538648574942,-0.9269320643586091,0.901071152764332
2015-12-26,0.0,-0.3752327160555436,-0.7210668168397436,-0.9053735984152415,0.9336151154969052
2015-12-27,0.0,-0.4069829928425534,-0.7323322600527757,-0.886762745850793,0.965893826979764
2015-12-28,0.0,-0.4345577497394271,-0.7576085177898936,-0.8755019722462696,0.9970389800823208
2015-12-29,0.0,-0.45032155396187656,-0.7818889366512853,-0.8491052996848173,1.027926333051877
2015-12-30,0.0,-0.4144115158841351,-0.7998936051354724,-0.8521331916083588,1.015029939666555
2015-12-31,0.0,-0.44287208511858206,-0.8280990774486092,-0.8264719995665883,1.0431663854732325
2016-01-01,0.0,-0.44020733974159787,-0.8346114500126013,-0.7752188536672119,1.0965957014812544
2016-01-02,0.0,-0.46840164794243944,-0.8324664664428209,-0.7508894202481178,1.1230019684002597
2016-01-03,0.0,-0.5700137927315145,-0.8510045923725899,-0.7259735686901685,1.1480002738764548
2016-01-04,0.0,-0.5978533438365553,-0.8732283029939855,-0.801377245479514,1.170511956857676
2016-01-05,0.0,-0.6341849053835433,-0.9053068969213659,-0.8026892325596344,1.190856057012589
2016-01-06,0.0,-0.6620634505349712,-0.9390561949843119,-0.7764935290753632,1.2133817567624923
2016-01-07,0.0,-0.6655865044704362,-0.9313750093774572,-0.7515219914517385,1.236148249628073
2016-01-08,0.0,-0.6738548586844391,-0.973180342280217,-0.7441226941929058,1.259545613762353
2016-01-09,0.0,-0.7212805385621583,-1.0158232505487472,-0.7180686219541467,1.2831154844840365
2016-01-10,0.0,-0.7257733821737423,-1.0275462611806945,-0.6922568007116673,1.3066000013931354
2016-01-11,0.0,-0.6777250022902432,-0.9920411918766429,-0.6675174921823995,1.3318196740377115
2016-01-12,0.0,-0.6825450772881614,-1.000316292683208,-0.6449626909708276,1.3574549110298149
2016-01-13,0.0,-0.729358624330848,-1.0431466714887896,-0.6239631620552859,1.3817126204421326
2016-01-14,0.0,-0.705369506458347,-1.0060651481779128,-0.601708706512838,1.4067853635419294
2016-01-15,0.0,-0.7253902462446781,-1.054947468860236,-0.5816257781492326,1.4318547213226631
2016-01-16,0.0,-0.7691800463114826,-1.0999836695205982,-0.5686089285887004,1.4345135128329667
2016-01-17,0.4,-0.796984723662194,-1.101263033855893,-0.5462302629451532,1.451384303507856
2016-01-18,0.0,-0.8353026592109447,-1.1221781204436776,-0.5296985415767704,1.469408764536496
2016-01-19,0.0,-0.8462600738701683,-1.1331625839512933,-0.5270374582117155,1.4602121479589751
2016-01-20,0.0,-0.8235982272667202,-1.1184502762291415,-0.5658084885640542,1.4354844725272535
2016-01-21,0.0,-0.881849777702479,-1.1606516535751277,-0.5457341114167871,1.4502538656328958
2016-01-22,0.0,-0.9248673264252141,-1.2089253379878948,-0.5219421246293141,1.4660361682385707
2016-01-23,0.0,-0.9241765534725177,-1.1818801562626127,-0.49786749796472723,1.4843855265259294
2016-01-24,0.0,-0.9343585765271627,-1.1865209853882532,-0.47404804473984946,1.5032487661789136
2016-01-25,0.0,-0.9339378533424099,-1.1930473334162517,-0.4559289965725815,1.5213054604391405
2016-01-26,0.0,-0.9756402241805063,-1.2291522472204637,-0.4336355571155523,1.537214464940146
2016-01-27,0.0,-1.0057041760111314,-1.2527563817647815,-0.41091409924431216,1.5546126100178979
2016-01-28,0.0,-0.9987915108980353,-1.2241996975877218,-0.3907885982318882,1.5722035613372023
2016-01-29,16.5,-0.45143189779736576,-0.7558213125519724,-0.2961713516108335,1.6846519164706262
2016-01-30,10.5,-0.2177109920350148,-0.5289087106097226,-0.22373374127235346,1.7627566026854893
2016-01-31,0.0,-0.30609624949137043,-0.599694288209536,-0.19744790526671038,1.7820772654337378
2016-02-01,0.0,-0.3594289518025718,-0.6500388045033955,-0.1711893524813167,1.8013608100071672
2016-02-02,0.0,-0.416500536647027,-0.7124873197310786,-0.14467956826893397,1.8189675432314931
2016-02-03,0.0,-0.46317232132102126,-0.7540325431259862,-0.11921683717238882,1.8353385953534684
2016-02-04,0.0,-0.4776415809698983,-0.7699844812439158,-0.14410976477074572,1.837744984156392
2016-02-05,0.0,-0.5159550652820855,-0.797981580919836,-0.11667995528719413,1.4566115263445474
2016-02-06,12.0,-0.1515562681667517,-0.4773881824788227,-0.03472620462256279,1.1260389195549054
2016-02-07,0.0,-0.23210780747726478,-0.5545897487865205,-0.006228832748991615,1.0149040014772714
2016-02-08,0.0,-0.2935590011472446,-0.5777988398103052,0.022775554714966346,1.0196382151860102
2016-02-09,0.0,-0.35218493868314205,-0.6171128523808037,-0.03006065049920279,0.9405597838618506
2016-02-10,0.0,-0.3807579629289938,-0.6308723078635434,-0.022472604522888497,0.92015559063134
2016-02-11,0.0,-0.4327831183460943,-0.6393091044129177,0.007593568488057903,0.6798601265163041
2016-02-12,2.0,-0.39248044132081056,-0.5781628125285767,-0.041548315506495695,0.45789618924819975
2016-02-13,11.0,-0.01788722754400885,-0.27337321068100756,0.03988121201380307,0.5635544098183705
2016-02-14,3.5,0.010039476081098205,-0.26058877665997277,0.08745580537622483,0.5687962909391083
2016-02-15,0.0,-0.09307848927892237,-0.34333521501798125,0.12235387162992895,0.5688673265776094
2016-02-16,0.0,-0.15373942242877064,-0.40452047675656644,0.15705239765758744,0.4078951076172515
2016-02-17,0.0,-0.1964581001606121,-0.457081609714532,0.1901606292961815,0.40783843156358013
2016-02-18,0.0,-0.2325616379133827,-0.4897229875026466,0.2253351152737969,0.40489266966830023
2016-02-19,0.0,-0.2624252166018907,-0.5261880115352102,0.2603015740870849,0.40609096585381593
2016-02-20,0.0,-0.2780949395294607,-0.5505168884229767,0.03280198072121697,-0.04424944847901974
2016-02-21,0.0,-0.30074218013996773,-0.5634158261465694,-0.33590353731748446,-0.3395701013452166
2016-02-22,0.0,-0.32108500620518016,-0.5561258274172783,-0.3604326413005084,-0.6570973767378234
2016-02-23,2.0,-0.2722648109367038,-0.5059483996853195,-0.31423244083150187,-0.875213246953961
2016-02-24,3.5,-0.2090116600767334,-0.4470689621469635,-0.2610760524844055,-0.8158440161561271
2016-02-25,0.0,-0.24898059486501423,-0.46690065843957396,-0.22377565907028002,-0.8186887827458726
2016-02-26,0.0,-0.2907074528054269,-0.493214635338825,-0.19369445177407116,-0.8219909871613293
2016-02-27,0.0,-0.3432213812588239,-0.539833197118246,-0.15787910127430238,-0.8249566038633874
2016-02-28,14.5,0.04439901020206753,-0.16363728076211323,-0.06130446018627847,-0.5987112393491463
2016-02-29,0.0,-0.06552264369310361,-0.26112097073219775,-0.04091270423330142,-0.6052122602873679
2016-03-01,0.0,-0.15194843690164478,-0.351916057440004,-0.0057233073403648495,-0.6129952191024466
2016-03-02,0.0,-0.17735093578111977,-0.35601421175868747,0.02802824549492697,-0.6234013793478018
2016-03-03,0.0,-0.22172994369681448,-0.40376635915122144,-0.08861451994822367,-0.6325519757190988
2016-03-04,0.0,-0.25571140982654955,-0.4309173541452931,-0.09780189553018064,-0.6431540707158299
2016-03-05,6.5,-0.09766607456185812,-0.2783127438618305,-0.04109947075178247,-0.5566062174271117
2016-03-06,0.0,-0.1485085090344461,-0.3254824518390249,-0.007738492183949916,-0.5661299841398354
2016-03-07,0.0,-0.2029004616604935,-0.37642889627029247,0.025467118374869833,-0.5769292445722874
2016-03-08,0.0,-0.2353556639652443,-0.41588431823463345,0.056757289297929385,-0.5893611221600957
2016-03-09,9.5,0.028265308111594292,-0.17667279235418523,0.12186803325846458,-0.46642415203601556
2016-03-10,0.8,-0.013713928263235437,-0.21543071092468927,0.059344256278307826,-0.5905089027650019
2016-03-11,0.0,-0.05399640437114869,-0.2516266051414055,0.08818293616259405,-0.6054411958724254
2016-03-12,0.0,-0.08486513465476983,-0.27995654673808545,0.11743379780028831,-0.622023627778942
2016-03-13,0.0,-0.11337161955140052,-0.30535498704587155,0.14700266349068258,-0.642740350808152
2016-03-14,2.0,-0.07189079958248895,-0.26971097522123333,0.18351579162444143,-0.6335836036915335
2016-03-15,0.0,-0.10460361872643802,-0.2876220164795813,0.20875428945694957,-0.6506330765102452
2016-03-16,0.0,-0.1491068603469281,-0.31966321424855226,0.23341130923879125,-0.6658105021738595
2016-03-17,0.0,-0.19084044853816418,-0.35334188681788903,0.2576211442584823,-0.6817543960445682
2016-03-18,0.0,-0.22299842942816947,-0.3737871620309463,0.2825352723559857,-0.6989759248111391
2016-03-19,0.0,-0.261462690619327,-0.4101217909971465,0.3075364426615136,-0.7164390610181168
2016-03-20,0.0,-0.30666561394840314,-0.4495938774558576,0.3317625229978892,-0.7336851107157858
2016-03-21,0.0,-0.3563268561650502,-0.481401037264701,0.35530859238824186,-0.7531002916573206
2016-03-22,0.0,-0.393143366144641,-0.5091017642880233,0.37893220414042,-0.7801348440236415
2016-03-23,9.0,-0.10069767780126321,-0.2643502512781704,0.4515405251958379,-0.657346424602057
2016-03-24,1.0,-0.15061253491572799,-0.3101085077900615,0.4808627878400401,-0.6609616455060684
2016-03-25,0.5,-0.20113779252204056,-0.3570373604031493,0.5061469459225874,-0.6730401410529423
2016-03-26,0.0,-0.22174405302816505,-0.37309094332306536,0.527638308469607,-0.6943375973547435
2016-03-27,0.0,-0.2416808841979603,-0.3925349130527329,0.5479243084790522,-0.7156035606954714
2016-03-28,0.0,-0.2570246758338822,-0.40628779989666247,0.5671695437757788,-0.7368258961726839
2016-03-29,0.0,-0.26462039275946936,-0.41197943482517047,0.5408033738525684,-0.75794406355539
2016-03-30,0.0,-0.29551928870183425,-0.4362846462113604,0.5575141821336996,-0.7770523103153635
2016-03-31,0.0,-0.3256767590090669,-0.4789128422017889,0.5737176246816306,-0.7950700956990425
2016-04-01,0.0,-0.352947008605644,-0.5002224380219348,0.5895202204056114,-0.8113660176580991
2016-04-02,0.0,-0.3844487960980245,-0.5449187605101659,0.6047220700196525,-0.8256304477405442
2016-04-03,1.0,-0.3554218443291984,-0.5184651959864967,0.624772468725747,-0.8231770050089093
2016-04-04,0.0,-0.3905757293827793,-0.5439166138909387,0.6377979302231841,-0.8373909580714326
2016-04-05,0.0,-0.39483099580490333,-0.5309964152761961,0.6510173826767933,-0.8510533293523699
2016-04-06,0.5,-0.39247762929309904,-0.5236185829922819,0.6670700124100408,-0.8570217096133967
2016-04-07,21.0,0.3154398054019221,0.13581153933596377,0.7987273314038416,-0.54408493435915
2016-04-08,0.0,0.20068846580882163,0.05189960747988107,0.8109068522911699,-0.5559042799075201
2016-04-09,0.0,0.11680555151428645,-0.013297421896513688,0.8230154203254239,-0.5681368106595664
2016-04-10,4.5,0.21188234327323868,0.0742461714096465,0.8602559578399819,-0.5145244402507797
2016-04-11,2.0,0.18880454892909293,0.07702324405289027,0.8840894380962873,-0.49913482624168026
2016-04-12,0.0,0.12523911277206312,0.031222470164168837,0.8961071592097553,-0.5140507735650373
2016-04-13,0.0,0.07837231654943727,-0.0012178532343394062,0.9072476416298292,-0.5284316758511912
2016-04-14,0.0,0.03903657443029183,-0.025109523304768594,0.9186655353677035,-0.5439720460348526
2016-04-15,0.0,0.0020733146480191467,-0.048188699316904386,0.92712928203608,-0.5600106849585395
2016-04-16,14.5,0.4849783987688246,0.3976376813098478,1.012974436631969,-0.376852657048145
2016-04-17,3.5,0.5247219136733653,0.40619841714695537,1.040992024369573,-0.34464814823377465
2016-04-18,1.5,0.484313122647621,0.3765517549875585,1.030847052756437,-0.3383729050059922
2016-04-19,0.0,0.408069755346986,0.2895766902426662,0.9979580740688683,-0.35160639266610133
2016-04-20,4.0,0.5244068286403328,0.3779543890660655,1.028010306594437,-0.3129491973500143
2016-04-21,20.5,-0.4971207693693454,0.9869902495765894,1.152044996317113,-0.06273083080930997
2016-04-22,0.0,-0.6889271666904111,0.8520191649563453,1.1603386850658888,-0.07717473442733373
2016-04-23,0.0,-0.7261277946741767,0.7189033997122359,1.16930791628338,-0.09189812110205542
2016-04-24,0.0,-0.7831654770858212,0.6031647119075313,1.1778529916797074,-0.1061555742837114
2016-04-25,0.0,-0.8780290852991137,0.5391819495780872,1.1850970208001796,-0.11930427768104115
2016-04-26,0.0,-0.9401760649580259,0.45353316683341116,1.1929381108812438,-0.13178346929837906
2016-04-27,0.0,-0.9243001765708974,0.364600075302393,1.200108504591876,-0.14535509066212274
2016-04-28,0.0,-0.8936820376781985,0.26267645507963616,1.2066582954073373,-0.37594940191535825
2016-04-29,0.0,-1.0583765738846505,0.22356341127976487,1.2128547715780587,-0.5375401477667285
2016-04-30,0.0,-1.1839683896818058,0.18570288919523412,1.2188254874903255,-0.5541939144604417
2016-05-01,0.0,-1.204679154862992,0.17349995775959529,1.2248457171920155,-0.5715617005446728
2016-05-02,0.5,-1.220339127046,0.1816444952228075,1.2331210538299158,-0.5829848980951987
2016-05-03,0.2,-1.2714221461988904,0.1726854067515032,1.2388390329281598,-0.5985936720066057
2016-05-04,0.3,-1.343832577071421,0.1661225660864104,1.2293209964730085,-0.6104955394610196
2016-05-05,0.0,-1.413849721248051,0.13666697276310044,0.822134616871689,-0.6256915927877529
2016-05-06,0.0,-1.1293656274705042,0.0864278184769383,0.39663458275951785,-0.8234964726297163
2016-05-07,0.0,-1.225507580861745,0.06009285562622886,0.27630371219228106,-0.841752861352424
2016-05-08,0.0,-1.2982951231708968,0.039415231609558246,0.27156802631639015,-0.8583058688205636
2016-05-09,0.0,-1.3438906527430161,0.02508866903842986,0.1841679105613551,-0.8750280386351007
2016-05-10,28.0,-0.4716280698971547,0.7714426274337354,0.3638362653043397,-0.47569493577832567
2016-05-11,2.0,-0.6023598896597522,0.6888922879824873,0.15115302540208606,-0.46201446910780175
2016-05-12,0.0,-0.6298556155557433,0.5574563062903207,-0.06769603007375574,-0.5025812467527954
2016-05-13,0.0,-0.7565904286616946,0.5066862233433785,-0.06734548789295712,-0.6708691318085246
2016-05-14,0.0,-0.8696563477630976,0.45121073899132075,-0.09515261731444077,-0.7330796946839566
2016-05-15,1.5,-0.8989330726757062,0.4500661580701836,-0.08749953947489342,-0.7190196967024092
2016-05-16,1.0,-0.9190429563638708,0.45437024662947,-0.22741746608242255,-0.710955605973907
2016-05-17,0.0,-0.9355295110392224,0.39838768068378677,-0.2312597240554107,-0.7175969898402078
2016-05-18,0.0,-0.9914828865732679,0.40510470884366606,-0.23723767829548614,-0.7234477383335697
2016-05-19,0.0,-1.0438297995272334,0.3856878596938755,-0.23913219718229198,-0.7302565286133956
2016-05-20,0.0,-1.0711618828071419,0.35827788611069306,-0.6195542033443415,-0.7377642186967774
2016-05-21,0.0,-1.1536648810308738,0.3377250623124136,-0.846860379961903,-0.7424820777632721
2016-05-22,0.0,-1.1799748473333647,0.30088306928237724,-1.0696085925592052,-0.7463524186064423
2016-05-23,0.0,-0.9962190416605133,0.21935662372564102,-1.230906427910854,-0.7786087195318717
2016-05-24,0.1,-1.0813650233502183,0.1933895051628116,-1.2336033867130851,-0.8336258717858887
2016-05-25,0.0,-1.1406560011824287,0.1728366556808292,-1.2369892766631403,-0.8364406830254831
2016-05-26,0.0,-1.1852569805399105,0.1815774384618407,-1.2408174111635435,-0.8388428562546741
2016-05-27,0.0,-1.2244434398692359,0.1917556365815026,-1.2458601315159221,-0.8425293891516382
2016-05-28,0.0,-1.2670560558152373,0.21304973352306153,-1.251423216077297,-1.0774311306351414
2016-05-29,0.0,-1.283692177662162,0.2161415797087847,-1.2578830938764214,-1.0787891753534236
2016-05-30,0.0,-1.352211274776031,0.2071782709430388,-1.2658979077323476,-1.079737762333187
2016-05-31,0.0,-1.3530262534914477,0.1816413920944172,-1.2751442718999897,-1.0805359541295438
2016-06-01,0.0,-1.283685576568913,0.1510641598944085,-1.283592265020415,-1.081643636741896
2016-06-02,0.0,-1.3728450826110523,0.11843350044892462,-1.2935519503714927,-1.0850113721155774
2016-06-03,0.0,-1.4142107629849199,0.11159458932449362,-1.3029349024956693,-1.1991007603973682
2016-06-04,0.0,-1.3741213128961136,0.10232282648314121,-1.3128708760551278,-1.204649461751199
2016-06-05,0.0,-1.442852264981242,0.0948343083308336,-1.324843675791838,-1.209931473924418
2016-06-06,0.0,-1.4480579077406595,0.07497512484366646,-1.3373634628681705,-1.2132382185733865
2016-06-07,0.2,-1.3754628638210478,0.06540535039968695,-1.3490064750827486,-1.38053360760215
2016-06-08,0.0,-1.423578718051701,0.044188843192880356,-1.4599687898224187,-1.402290334227361
2016-06-09,0.0,-1.4450834534811288,0.03360648635216162,-1.4760763370519927,-1.4124443474577884
2016-06-10,0.0,-1.5019217275541872,0.016086812967263758,-1.4964661646358308,-1.425742957236698
2016-06-11,0.0,-1.4640070067768218,0.005786798693551503,-1.5195406874502604,-1.4394106646459404
2016-06-12,2.5,-1.3188464930523651,0.08024943913671985,-1.5146003798818568,-1.4446472099234846
2016-06-13,1.0,-1.3154448196956288,0.08784342010380107,-1.526482994697624,-1.4423202385300922
2016-06-14,3.5,-1.2685806329718383,0.1897584956067992,-1.510765492118979,-1.3979057610883927
2016-06-15,10.0,-0.9518497410482621,0.5088854113910031,-1.4228690770866192,-1.246457243757101
2016-06-16,0.0,-1.0791304509028663,0.43999612070331445,-1.44953372823997,-1.270002376500146
2016-06-17,0.0,-1.1412549564857641,0.401516549154497,-1.4768470263522682,-1.2934034140599149
2016-06-18,0.0,-1.1056408269865168,0.30874826619856865,-1.5038456925792776,-1.317181581861656
2016-06-19,0.3,-1.100484574388409,0.2411308562830909,-1.5308615575964934,-1.336177160431197
2016-06-20,0.0,-1.0491411678221525,0.15046256145107245,-1.5669114932705797,-1.3589137916235923
2016-06-21,0.0,-1.1481682753968716,0.0842935261901481,-1.597060515639951,-1.5334304151791902
2016-06-22,5.5,-1.1346537060253334,0.1641156200158513,-1.5659310730326474,-1.4816269831202775
2016-06-23,0.0,-1.1144703519451507,0.04388921923240078,-1.5970835883705354,-1.5160037267585036
2016-06-24,10.5,-0.8520657035711932,0.20095381451380856,-1.5162861058713257,-1.372453481826388
2016-06-25,0.0,-0.8720354918315916,0.08225939336893735,-1.5505568626461277,-1.4006938565165
2016-06-26,0.0,-0.9514221642777422,0.0071012623731054785,-1.5855884939144755,-1.429774060544248
2016-06-27,0.0,-1.0810593709029,-0.061824624398061766,-1.6218941373513178,-1.4564540591695625
2016-06-28,0.2,-1.1628065345804175,-0.13315848709769937,-1.6564791893280129,-1.4806549213399927
2016-06-29,0.0,-1.2401751710220041,-0.22492804480948764,-1.6946682289662114,-1.5109379971817072
2016-06-30,7.0,-0.9769590258829218,-0.14232465368531147,-1.658513586592457,-1.4393245722593973
2016-07-01,47.0,-0.13967507405191998,0.7253118845689425,-1.232321921165929,-0.8595336656563022
2016-07-02,19.5,0.03237282219908928,0.8539414103283826,-1.0942928037904394,-0.6872700582809385
2016-07-03,0.1,-0.1836094920106609,0.7117958879230071,-1.1344467056909455,-0.7276302766900944
2016-07-04,94.0,1.0432301199810243,0.7127779867494677,-0.40910264613159586,0.14285681498856062
2016-07-05,78.0,2.1333873946398545,1.8276293016163736,0.10222297380922218,0.7164929238582314
2016-07-06,13.5,1.8801580285283142,1.6627385986392502,0.15212043731890942,0.61700215025975
2016-07-07,0.0,1.4875894179029678,1.2995268502604012,0.11179983328166691,0.5731888825974543
2016-07-08,0.0,1.1215860086207947,1.0034338183294615,0.07152174211073972,0.5306444567491924
2016-07-09,0.0,0.932383534612936,0.8373405967996782,0.030358496592040526,0.45312794106409304
2016-07-10,0.0,0.6823161091678712,0.6175603074606538,-0.010884839400668807,0.3942532748154647
2016-07-11,0.0,0.4591603333563839,0.39991182149973437,-0.050483383115635994,0.35234777222589797
2016-07-12,0.0,0.2589317732624742,0.20530508663303554,-0.08932366903975279,0.3116304054942617
2016-07-13,0.0,0.08579729679655623,0.03447512278108555,-0.128034199369475,0.27111196623202627
2016-07-14,51.5,0.8508389171081924,0.7143229858881153,0.16443658109329035,0.6061576847954193
2016-07-15,0.0,0.5567082194868359,0.426961136725861,0.12528233558051483,0.46665543076101706
2016-07-16,96.0,2.019701110195452,1.6663739411719953,0.6587338037716566,1.0464691439186011
2016-07-17,3.5,1.5127669752742645,1.2901556412391337,0.644161094259478,1.0212936987579357
2016-07-18,0.0,1.3868754081319257,1.1963472585224284,0.6103449098815967,0.9837132182550683
2016-07-19,0.0,1.3007822128567186,1.1190494957805883,0.577217917870689,0.9238346329781839
2016-07-20,1.0,1.215918268157866,1.0473662340075414,0.5511467073588759,0.7701743318518577
2016-07-21,0.0,1.0734959084750175,0.9288645057816589,0.5190920989956946,0.7391209862744452
2016-07-22,0.0,0.9376167215097858,0.8200389010797523,0.48720027042608316,0.7079870804228482
2016-07-23,0.0,0.8324337242111096,0.7195582029811302,0.4550423485697036,0.6768864101508537
2016-07-24,0.5,0.6394514253423543,0.5574085054328374,0.4263723760379089,0.6496286526677952
2016-07-25,0.0,0.4189694875602527,0.37477914103454085,0.39243487093994067,0.6152531114049725
2016-07-26,0.0,0.2940308954152017,0.2540818469179338,0.3596491378457992,0.5828937200297123
2016-07-27,0.0,0.21980075631502893,0.18332621092285875,0.2374384660170787,0.5524381588417691
2016-07-28,0.0,0.1770810768097705,0.14021079040766074,0.14890819472893346,0.5235407919736547
2016-07-29,0.0,0.14397437255486542,0.10683217355948701,0.12009870160605438,0.4961414456748152
2016-07-30,0.1,0.09982758840317776,0.06645236817191635,0.09294911810735622,0.4698006803481795
2016-07-31,19.5,0.38078825325635585,0.29967165161494386,0.17314851549976168,0.5589725032134594
2016-08-01,1.5,0.27519967013076413,0.21165192645930173,0.15424561726768934,0.5400948712607345
2016-08-02,1.5,0.20072199160387577,0.14622473080134668,0.1347017102108722,0.519294864664783
2016-08-03,0.0,0.1336708261136102,0.07702616330797613,0.10674391951561493,0.49014705736021036
2016-08-04,0.0,0.06939992963590322,0.012007052186748237,0.013525630093436306,0.45945094733993946
2016-08-05,0.0,0.0009808242289999162,-0.054061065990983245,-0.014880933928469616,0.42870363538319434
2016-08-06,0.0,-0.08216675094037641,-0.1324525750555023,-0.04222734567074843,0.399980965081359
2016-08-07,2.0,-0.18465014093527224,-0.2259367928573357,-0.05910845390162281,0.3824496301429815
2016-08-08,23.5,0.11252588869783865,0.004910839142227167,0.03498363503578043,0.3264721835686907
2016-08-09,0.1,-0.023811670228877382,-0.1053341941295233,0.007028747490127804,0.28589434421076926
2016-08-10,0.0,-0.10783144252901418,-0.19615567315996793,-0.031014559012499474,0.2569993755292099
2016-08-11,0.0,-0.18317279483669632,-0.2608659470598633,-0.11578055650818438,0.22675102425942753
2016-08-12,0.0,-0.23344447787259498,-0.31571868659869284,-0.16258514562126455,0.19562437883253037
2016-08-13,0.0,-0.3092861417333505,-0.38629929574402516,-0.19188224594478365,0.15583665816389125
2016-08-14,21.0,-0.03323423451272643,-0.15015501756149716,-0.1144575775901543,0.23406185593345866
2016-08-15,0.5,-0.1860669413207013,-0.2613380032498612,-0.1448889249265176,0.20013069204558467
2016-08-16,0.5,-0.31503539014737264,-0.3677565604603924,-0.17498076912081187,0.16638600216164942
2016-08-17,0.0,-0.41378131098492205,-0.4567366565583378,-0.207726369615198,0.13011932443391103
2016-08-18,0.0,-0.4509057667901388,-0.49690690580576535,-0.24122781655777858,0.09332308434900796
2016-08-19,0.0,-0.4545797107563996,-0.503076603822708,-0.27490077634043714,0.05613034894428401
2016-08-20,0.0,-0.5563310920078206,-0.574751143470911,-0.3092179651857259,0.018136777297497412
2016-08-21,1.0,-0.654506560252128,-0.6547535898598749,-0.3482954311003208,-0.014575131090726232
2016-08-22,0.0,-0.7611520753215212,-0.7492511101321837,-0.39894333380638425,-0.05176337565553451
2016-08-23,0.0,-0.835319875440864,-0.8077317054812851,-0.43170258306260767,-0.08754567924031643
2016-08-24,0.0,-0.997246774338319,-0.9386215482083339,-0.46406344213886197,-0.12248369480715708
2016-08-25,7.5,-1.0101558909589288,-0.9602801063166532,-0.4580949652171408,-0.11679704022748627
2016-08-26,72.5,0.061073630105233895,-0.151339966992251,-0.21492598790513395,0.20226176536226073
2016-08-27,0.0,-0.20810018688172685,-0.37291053166924026,-0.24789480103004838,0.16605617107613715
2016-08-28,96.0,1.2288044142756347,0.7823382293444819,0.14080466441907832,0.5542610383588521
2016-08-29,49.5,1.6398101613680673,1.1649974904106157,0.311339877305737,0.7207996685718988
2016-08-30,4.0,0.5412929173826213,0.43454113710913767,0.29396370663671106,0.7003870201621295
2016-08-31,1.5,0.6355762396348613,0.3313292116804424,0.26705832911466576,0.6710374552400783
2016-09-01,0.0,0.551551569751252,0.19840025705135392,0.20810154920113544,0.6365841044332599
2016-09-02,2.0,0.4089244949509798,0.11613169533471666,0.18424844054978395,0.6111387036729775
2016-09-03,6.5,0.42966331914308664,0.08333052920935594,0.17972549717927908,0.6061551379694757
2016-09-04,24.5,0.7647062314298884,0.2379034937774119,0.24750977865483542,0.6726188410630235
2016-09-05,21.0,0.891957610470889,0.3403054909835701,0.26260277007191485,0.7238653680493594
2016-09-06,0.0,0.7688346650345949,0.23753606423152393,0.2287495245562904,0.6947073368754659
2016-09-07,0.0,0.5115487712085994,0.13293190007732603,0.19898082501504222,0.6672311236544134
2016-09-08,1.5,0.4941338160589557,0.07866448680257516,0.1761417878660734,0.6474576078662908
2016-09-09,3.0,0.4385830029998104,0.020040286919871923,0.16037306993470823,0.6349549350507275
2016-09-10,0.0,0.23920321773381736,-0.0670542201720681,0.12545579057745648,0.6014525799975702
2016-09-11,0.5,0.1490961524239463,-0.1450968108478938,0.1013675354427048,0.5770065102518948
2016-09-12,4.0,0.10837146095937805,-0.16082398273245707,0.09178133958127549,0.5578219869757285
2016-09-13,0.0,0.037781028694150676,-0.2271240237448392,0.06714082110240256,0.5001618805659829
2016-09-14,0.0,-0.03049546825183265,-0.2802189710774867,0.04272595781360743,0.48265903221860607
2016-09-15,0.0,-0.10319166389522631,-0.32893243946478035,0.021744539898120318,0.46998153441028856
2016-09-16,0.0,-0.164006901362335,-0.37337477713993283,0.0012962354765151914,0.4582470938410589
2016-09-17,11.5,-0.04836934130550226,-0.2777617651152943,0.02657606124233709,0.49192435868545253
2016-09-18,2.0,-0.11766528258214433,-0.3285974730569909,0.016492422880879213,0.4920911290564178
2016-09-19,0.5,-0.18334302654713439,-0.37220618107917725,-0.034647273599707956,0.48694243215260413
2016-09-20,0.0,-0.23958763540417063,-0.4112923560799141,-0.05651894635549087,0.458516646020009
2016-09-21,0.0,-0.2899595831689062,-0.45214168565756774,-0.07529240402004841,0.4535772825871526
2016-09-22,0.0,-0.3312679794864484,-0.4857766154977604,-0.09181427884141437,0.4084694407613927
2016-09-23,0.0,-0.3561883111711824,-0.4987381907787146,-0.10793780343476285,0.40645797316444454
2016-09-24,0.0,-0.3985432256133635,-0.5336960442861995,-0.12367992383737669,0.4054837838754744
2016-09-25,0.0,-0.43035453572230875,-0.5662789546755298,-0.13848665624647113,0.40567802906780775
2016-09-26,0.1,-0.4390679296849825,-0.5844036114522956,-0.15208477443167892,0.4069696632715603
2016-09-27,6.0,-0.38265098858117697,-0.5445902058606036,-0.14109719358018116,0.43473921510677654
2016-09-28,21.5,-0.16082519631996275,-0.3370014135859614,-0.069243256832214,0.49673853971276827
2016-09-29,0.2,-0.22236903718867626,-0.38677857323366704,-0.08026157113897975,0.3214238412461288
2016-09-30,0.0,-0.2894987679745188,-0.43425189191429714,-0.09535093811543112,0.25241282232207174
2016-10-01,0.0,-0.3499059992005989,-0.4868681703862621,-0.10568903805456284,0.26236527225456296
2016-10-02,0.5,-0.30666420183506077,-0.46787008422045717,-0.11341729311928549,-0.11825473832152283
2016-10-03,5.5,-0.3146117314136412,-0.46865731731752946,-0.10313363103569068,-0.4354968560293343
2016-10-04,0.1,-0.3693998341774862,-0.5001446939813505,-0.19445530469424777,-0.485997534056769
2016-10-05,22.0,-0.10427002479654718,-0.2765866810082482,-0.11756030457844989,-0.3680923681540128
2016-10-06,0.3,-0.21050279598193214,-0.34682827715319586,-0.12450700366081267,-0.3518954103245103
2016-10-07,3.5,-0.21839318158285678,-0.352856135698801,-0.13593226376675324,-0.3203090999235825
2016-10-08,0.5,-0.26479252772473927,-0.3808078117849477,-0.1489451266415946,-0.3025597761419117
2016-10-09,0.0,-0.3208658347089312,-0.4154349123073299,-0.15528763056878878,-0.28716369385452717
2016-10-10,0.0,-0.3713213600864313,-0.453758774030177,-0.16097996075121826,-0.27114337093949614
2016-10-11,0.0,-0.3922990401189314,-0.46346465055955727,-0.1665673389368161,-0.25482087449710367
2016-10-12,0.3,-0.4169851763803174,-0.4814513104660479,-0.17023374247794038,-0.47895818977550914
2016-10-13,0.0,-0.43845036427629874,-0.4859346669632292,-0.2322054210141981,-0.4641277273101001
2016-10-14,0.0,-0.4858563856575219,-0.5279945234003242,-0.2508917746507642,-0.945979673724904
2016-10-15,0.0,-0.5627964737357518,-0.5755968365942038,-0.261457356777134,-0.9508093922544809
2016-10-16,0.0,-0.5704161639066397,-0.5909653516541462,-0.2664316946610846,-0.9370005994694094
2016-10-17,0.0,-0.5631989373344569,-0.5791738271579101,-0.2875776859168002,-0.9242952266942651
2016-10-18,0.0,-0.6154679086270359,-0.5989749941727486,-0.3746930803762983,-0.9176025323790329
2016-10-19,0.0,-0.6558631174437884,-0.6019118605146487,-0.3791578690185527,-0.9052561867017032
2016-10-20,0.4,-0.6971365176039813,-0.6322171931877407,-0.3813960221191845,-0.890571188209809
2016-10-21,1.0,-0.7194248412343182,-0.6539660209464927,-0.38060530991676483,-0.871760149888715
2016-10-22,2.5,-0.5237616343436591,-0.5603135252807147,-0.3740798764551024,-0.8483809577327039
2016-10-23,18.5,-0.2780067311238145,-0.36207803032786584,-0.3031848614709687,-0.7309806358454032
2016-10-24,0.0,-0.37227656042741913,-0.4238394250760831,-0.306682276072363,-0.7152643600446792
2016-10-25,6.0,-0.2778922955961244,-0.36832525897100066,-0.28548741067427674,-0.6675908471547877
2016-10-26,0.0,-0.3358768469448152,-0.4157636363537143,-0.28804463906002337,-0.6521358507274736
2016-10-27,0.0,-0.3739639680264488,-0.4480342242440376,-0.2901413554924067,-0.6366531924883152
2016-10-28,1.5,-0.3787391749810068,-0.4593070325638147,-0.2862314127135961,-0.6145466694702736
2016-10-29,15.5,-0.10721946865684938,-0.2774973436368849,-0.22802265517340242,-0.6216103525107485
2016-10-30,0.0,-0.2168514960017866,-0.35588113910032615,-0.23050682785024723,-0.6136763679587732
2016-10-31,0.0,-0.2710554614248435,-0.3977429909907909,-0.23318191888514908,-0.6047778106423931
2016-11-01,0.0,-0.31288354017538716,-0.4383109234954709,-0.2350573725182036,-0.5863601543657633
2016-11-02,0.0,-0.35337419735784503,-0.47145087450722645,-0.23692132636127045,-0.565864554615649
2016-11-03,0.0,-0.38343412778512187,-0.5007322581089567,-0.23853826847354348,-0.5445316844104992
2016-11-04,0.0,-0.39796993108973866,-0.51540376875827,-0.23926912504799502,-0.5236581090121157
2016-11-05,5.0,-0.2969567110217817,-0.4575419505188124,-0.21942469731242367,-0.4843620643362771
2016-11-06,23.0,0.20205090273142676,-0.11689108425364769,-0.24014487244086202,-0.4612160290146919
2016-11-07,0.0,0.05906046939306944,-0.21171401756455524,-0.24861628181727566,-0.4338647071144643
2016-11-08,0.0,-0.021872093082400613,-0.28334963525303597,-0.2491379805545394,-0.4052747697881544
2016-11-09,0.0,-0.08760503766553325,-0.3435476657596159,-0.25034905364709675,-0.37552862227404865
2016-11-10,0.0,-0.13981264572544871,-0.3794959484501927,-0.2518299716041008,-0.3451842813539524
2016-11-11,0.0,-0.18887411066333107,-0.4298888363386081,-0.2591282516884964,-0.3145169095547574
2016-11-12,0.0,-0.24067264817744138,-0.4787682771800333,-0.2644009245030274,-0.3924786423448899
2016-11-13,0.0,-0.25447257877361557,-0.48928622274865213,-0.26551597276205186,-0.3604329707704962
2016-11-14,0.0,-0.2561426354895542,-0.4719233459995451,-0.2662001417447108,-0.3279920871525343
2016-11-15,0.0,-0.29115297683794034,-0.5053921056591142,-0.26644633145182756,-0.291311663449612
2016-11-16,0.0,-0.32504652176051063,-0.5381946227491554,-0.26593363723075975,-0.251930865292264
2016-11-17,0.0,-0.33698139198829097,-0.5466789609664565,-0.26482696429976776,-0.212218006830588
2016-11-18,0.5,-0.32695095043059275,-0.5368780766817015,-0.2616730550430025,-0.16984723768565627
2016-11-19,0.0,-0.3432381844848371,-0.5447486913496138,-0.26072935110608,-0.13491028235721442
2016-11-20,0.0,-0.3579252843887255,-0.5600215644532973,-0.2602257796013192,-0.09629990550088618
2016-11-21,0.0,-0.3642150137650354,-0.5690220955192702,-0.2592300567987666,-0.05726863784038205
2016-11-22,4.0,-0.27049834543423545,-0.4884520038457971,-0.24149020461335724,0.00023066011556137895
2016-11-23,0.5,-0.2872104842968652,-0.497027446711236,-0.2373540336289531,0.003487657597808672
2016-11-24,0.0,-0.2994494860750578,-0.5003676519646316,-0.2354957395133635,-0.32707329706346655
2016-11-25,0.0,-0.32916601611281343,-0.5199747757243351,-0.23396538357397903,-0.28545028587189253
2016-11-26,0.0,-0.3447158505943885,-0.5060021493024944,-0.2323190347052064,-0.8086803264753698
2016-11-27,0.0,-0.3336622838811785,-0.49050195248236866,-0.2304929167054473,-1.1071446252577193
2016-11-28,0.0,-0.36008893681405846,-0.5147539947754026,-0.22848784219820245,-1.088766380800952
2016-11-29,0.5,-0.36005904800415145,-0.5200098767889405,-0.22384718307931675,-1.0498849138467277
2016-11-30,0.0,-0.3689624850541355,-0.5250487555365311,-0.22061755341091524,-1.0035218620886657
2016-12-01,0.0,-0.3696113245795443,-0.5264839414230865,-0.216650083023955,-0.9710022943979223
2016-12-02,0.0,-0.35475766033370104,-0.5175499518276475,-0.21198060530988402,-0.9745747231147556
2016-12-03,0.0,-0.36392804075283514,-0.5232950503608053,-0.20720609390896186,-1.1257160175941272
2016-12-04,0.0,-0.3822341509091038,-0.5287783937559408,-0.2028784071721861,-1.2625387482538262
2016-12-05,0.0,-0.39955971788719663,-0.5490867915799655,-0.19764721344706096,-1.217751981176439
2016-12-06,0.0,-0.42273017638940663,-0.5565906740331173,-0.19171363332715702,-1.1746645098164876
2016-12-07,0.0,-0.4338874617719866,-0.5481539141008559,-0.18416026614448144,-1.1467333628063914
2016-12-08,0.0,-0.4422918373530913,-0.5529900419017263,-0.17619076755669114,-1.1340245093811947
2016-12-09,0.5,-0.44010007719470323,-0.5612755463146034,-0.17620571599511897,-1.0908337194119333
2016-12-10,0.0,-0.4407590751310927,-0.5592737417050647,-0.1714489040295818,-1.0574598782444904
2016-12-11,0.0,-0.46210278862665605,-0.5792871115560235,-0.17585177268834412,-1.057254858501411
2016-12-12,0.0,-0.48103240451647117,-0.594716644934055,-0.20493044964484264,-1.0213803233311083
2016-12-13,0.5,-0.4525977175544568,-0.5760802066295008,-0.19114440717132355,-0.9806666187241994
2016-12-14,22.0,0.20761816946637632,-0.050655631377649626,-0.09110113183120082,-0.7458448713412146
2016-12-15,0.0,0.11660390981801401,-0.12710974679189885,-0.07837647401892296,-0.7097326526907257
2016-12-16,0.0,0.06524133974457604,-0.169796130650284,-0.07307871400309614,-0.7784940688140559
2016-12-17,0.0,0.035184152084184565,-0.19387565069314994,-0.059267588113256026,-0.7634362641075657
2016-12-18,0.0,0.009451866109441116,-0.20636936905331163,-0.04487837135824385,-0.7353374866849951
2016-12-19,0.0,-0.00820790430939604,-0.21321014078038494,-0.05190928349641705,-0.7031135104350705
2016-12-20,0.0,-0.018560695044636442,-0.2324649222169126,-0.037261866904625886,-0.6699331679347824
2016-12-21,20.0,0.5892352774312272,0.25328136724856964,0.015545595498733767,-0.4624976208394852
2016-12-22,16.5,-0.212251880712159,0.5809718185767229,0.09590619089313665,-0.2959203526762694
2016-12-23,0.0,-0.35935240389121115,0.47856115830357765,0.11331688893178227,-0.26429635801154366
2016-12-24,0.0,-0.4441146134930163,0.4075916319314337,0.13170210447121478,-0.23324499379510383
2016-12-25,0.0,-0.49987170648726925,0.3730340135211064,0.1501164836315585,-0.2026350422105248
2016-12-26,0.0,-0.5405640106725591,0.3428380800607323,0.17043730932788356,-0.22032968445014461
2016-12-27,23.0,0.08348972905902129,-0.546965448863167,0.25229391935379014,-0.1787341810995696
2016-12-28,0.0,-0.06691902956571742,-0.6824269035229272,0.09630079179251545,-0.15186719095878798
2016-12-29,0.0,-0.09996804352682731,-0.7522469620591243,0.04438685290347449,-0.12302343740364287
2016-12-30,0.0,-0.1835691394532201,-0.8157633768819423,0.06772164821573243,-0.09508300064917553
2016-12-31,0.0,-0.5090635425467229,-2.2114448175816883,-0.285219669737047,-0.07316268739621166
2017-01-01,0.0,-0.316746007157063,-0.9084819045009803,-0.5953763746330974,-0.09318907646742011
2017-01-02,0.0,-0.3802877999864389,-0.9213939970738536,-0.6313823709595279,-0.06916904864426963
2017-01-03,0.0,-0.5148871208877146,-0.9545813755661133,-0.6058494808808035,-0.2352480606814983
2017-01-04,0.0,-0.5552180223160579,-0.9899625646508277,-0.5801975585767614,-0.21378665460610854
2017-01-05,6.0,-0.4099798579485441,-0.8573819929716101,-0.5276270204129012,-0.1684003800270693
2017-01-06,0.0,-0.5037096340743363,-0.9251302619259981,-0.5021117781007308,-0.15048298477242894
2017-01-07,0.0,-0.556379032130786,-0.936841962208225,-0.4775676775591362,-0.12940552140882838
2017-01-08,1.5,-0.5294627352706173,-0.9484281306358341,-0.44555561925496867,-0.0961682109337503
2017-01-09,0.5,-0.5775811835567072,-0.9933864713556279,-0.4177928968597586,-0.0722089472994164
2017-01-10,0.0,-0.6030816307822445,-1.019615813871032,-0.6226205183571324,-0.05649254028446565
2017-01-11,0.0,-0.5772670022367478,-0.9947150656309186,-0.5979301090857005,-0.03795676567163428
2017-01-12,0.0,-0.5954207381839521,-1.0110789271233231,-1.034587485987617,-0.01894842472726432
2017-01-13,0.0,-0.6491584399135388,-1.0608682779669807,-1.0284466881058294,-0.0008469439813152672
2017-01-14,0.0,-0.6371774349824701,-1.0281235501314916,-1.0060039935604073,0.016621093794486407
2017-01-15,0.0,-0.6632407191719081,-1.0823336369499057,-0.9834771712355321,0.03436809588117802
2017-01-16,0.0,-0.7101140613348115,-1.1321920763063194,-0.9725043717108799,0.03800090017598516
2017-01-17,0.0,-0.7527608486430646,-1.1492006932093786,-0.951324674763789,0.05483330350550897
2017-01-18,0.0,-0.7913509718472744,-1.1720265382740027,-0.9300039272202378,0.0679757013638556
2017-01-19,0.0,-0.8048835239727182,-1.184756604180842,-0.9088319568639179,0.07429978512922553
2017-01-20,24.0,-0.23624337425916267,-0.46770907762185315,-0.7701844158888338,0.27961353884671236
2017-01-21,0.0,-0.4063648870248052,-0.6046513853388723,-0.7487436067566531,0.1300872863165098
2017-01-22,0.0,-0.5195272149338724,-0.6960419100201404,-0.7248250625775811,0.1446558300211766
2017-01-23,0.0,-0.5846500920728349,-0.7221101447616587,-0.7005558609544247,0.10479211118632606
2017-01-24,0.0,-0.6246685620555722,-0.7537776784593255,-0.6764250252009334,0.12063781901469864
2017-01-25,0.0,-0.6501203842660369,-0.7798744513781011,-0.6534323460901126,0.1355377887870877
2017-01-26,0.0,-0.7030574114980077,-0.8242109666064942,-0.6314456120614852,0.13482083988210933
2017-01-27,0.0,-0.7481707058709524,-0.8608407044729983,-0.7045834255986257,-0.004670582006250436
2017-01-28,0.0,-0.7659641056578514,-0.8624257038251856,-0.6891043320617792,0.00818009219398765
2017-01-29,4.5,-0.6337718742098685,-0.7683264919851097,-0.650639775078274,0.06687923240276117
2017-01-30,12.0,-0.41513366273801466,-0.45698998269676255,-0.5661971301604487,0.19867674363877336
2017-01-31,0.0,-0.4916981833635422,-0.5219155709670116,-0.5384879829519817,0.21268091433952876
2017-02-01,0.0,-0.5503878116172146,-0.5673896903662905,-0.5111128135484658,0.22527204157064337
2017-02-02,0.0,-0.6143630165910914,-0.6229142697340728,-0.4836264928938643,0.23744698242615503
2017-02-03,0.0,-0.6678694534917868,-0.6602708233454595,-0.46710929886252245,0.19970577793414837
2017-02-04,0.0,-0.6784580425388317,-0.675221062109387,-0.5538372715853758,-0.0317700954039559
2017-02-05,0.0,-0.7219718877242348,-0.7016637607548776,-0.5248805158986318,-0.02254162167945928
2017-02-06,0.0,-0.760675433024796,-0.748668887584771,-0.4934306526888255,-0.013810660006452558
2017-02-07,0.0,-0.7901316124241026,-0.7737533679934391,-0.46111597334135457,-0.005076079696754146
2017-02-08,0.0,-0.8448481056041168,-0.767737826684124,-0.4277126938582623,0.004626161133264156
2017-02-09,0.0,-0.9070069097627294,-0.795647585207916,-0.3939020155639401,0.013743324217939019
2017-02-10,0.0,-0.9111451481953665,-0.7952088538388672,-0.46057571011808185,0.022973980677124847
2017-02-11,0.0,-0.9638546495689672,-0.7916554289818145,-0.4288464448022944,0.0324831249248668
2017-02-12,0.0,-0.9970512029585075,-0.7839183912834323,-0.39543134122955076,0.04148674422706753
2017-02-13,0.0,-1.050339262280577,-0.8340289391728333,-0.35895020242121195,0.04887144260160832
2017-02-14,0.0,-1.112202946576883,-0.8713260348531431,-0.32045514140133596,0.05458469628217126
2017-02-15,0.0,-1.0895204505050424,-0.8848555219489589,-0.2818735627194469,0.05960210617549097
2017-02-16,0.0,-1.0372786092985926,-0.8983028687075209,-0.2439730664779198,0.05741573278196501
2017-02-17,0.0,-0.9950040610791735,-0.9179883943923832,-0.21059627769770356,0.06045978559872985
2017-02-18,0.0,-1.0027480596328222,-0.9198252229429215,-0.1731067761184983,0.062158781479637965
2017-02-19,0.0,-1.026867747559069,-0.9454932279386022,-0.13529797713319044,0.06354745034581474
2017-02-20,0.0,-1.0099089538805404,-0.9540765060595305,-0.09873252523269602,0.020278417655643897
2017-02-21,0.0,-0.9973101678987245,-0.9444639006164515,-0.09674842345187509,0.015186668276439143
2017-02-22,3.5,-0.8727072608055724,-0.8061520933057545,-0.38421739807776506,0.052704466089540804
2017-02-23,0.0,-0.8403708597705074,-0.8023322277404195,-0.34748617335039295,0.050622800978772836
2017-02-24,0.0,-0.8567444583732108,-0.8280968866175429,-0.8063691400290094,0.048435575669153526
2017-02-25,0.0,-0.873025536493743,-0.8224659774577049,-1.052993782623572,0.045458141953196134
2017-02-26,0.0,-0.9133683150966203,-0.8398518793344084,-1.0370276241005314,0.04210359358266792
2017-02-27,0.0,-0.9797787859975239,-0.8894048262650092,-1.007324651348194,0.03343959106374669
2017-02-28,0.0,-1.0094193342237778,-0.9088476824426682,-0.9696645091695102,0.02915066994913926
2017-03-01,3.0,-0.9797549328454935,-0.8703829493882523,-0.9244107795817839,0.055862947017212915
2017-03-02,16.0,-0.583810294890694,-0.4868421841426119,-0.8303211904960964,0.2158830769448365
2017-03-03,0.0,-0.5991950854952935,-0.5183764344517164,-0.9434633996247317,0.2091327744054448
2017-03-04,0.0,-0.6673588261346872,-0.5854546831280089,-1.0420208653646197,0.202217258234831
2017-03-05,0.0,-0.7104321822143994,-0.6177339218207598,-1.007674672323456,0.19501105716979578
2017-03-06,0.0,-0.7422096541412523,-0.6366672019623228,-0.9738054603141597,0.1882629034702071
2017-03-07,0.0,-0.7683820626444029,-0.6598871248725002,-0.9519865519513074,0.1814242848191466
2017-03-08,0.0,-0.839037978379779,-0.7082256532688773,-0.9406433608678763,0.17389286015699112
2017-03-09,0.0,-0.8717195691848086,-0.7507609378641359,-0.9128469277357073,0.15979294068264727
2017-03-10,0.0,-0.9039849838146168,-0.7892968432195767,-0.8905248599465265,0.15132115927778608
2017-03-11,0.0,-0.9281551972987736,-0.807780063458881,-0.8937753626000888,0.1421486694052075
2017-03-12,0.0,-0.9365709689799196,-0.8141917657629351,-0.8718412647167546,0.13299135334650827
2017-03-13,0.0,-0.9701227936753981,-0.8291220311228638,-0.8497969413865682,0.11781664519919832
2017-03-14,7.5,-0.7685922405683623,-0.6220600171012105,-0.7759813006672985,-0.05568032468793971
2017-03-15,0.0,-0.8407267703749844,-0.6783551681931212,-0.7525087207319686,-0.06958057605225892
2017-03-16,0.0,-0.868236304785228,-0.6820003158010487,-0.8101165235834294,-0.08231419481923151
2017-03-17,0.0,-0.9205107512677063,-0.7094840486882342,-0.8053197430294821,-0.093690971470634
2017-03-18,0.0,-0.9742029740433171,-0.745963744832954,-0.7907412216789053,-0.10523406664912294
2017-03-19,0.0,-0.9896214642384953,-0.7566777801919014,-0.7737152673465714,-0.11751835251447205
2017-03-20,0.0,-1.0333517870915936,-0.7964603612736584,-0.7557706684183169,-0.13015459013886754
2017-03-21,12.0,-0.6431739722601371,-0.4540736560088878,-0.6515994347237971,-0.24232562658027798
2017-03-22,0.0,-0.7496848914349963,-0.5367612859114687,-0.634844722459505,-0.47905191754152493
2017-03-23,0.5,-0.7861152559042647,-0.5707452749768432,-0.6148116231598069,-0.4883757984638847
2017-03-24,0.0,-0.7794329290450625,-0.6124514849147038,-0.5973288464443284,-0.5049101206385631
2017-03-25,2.0,-0.7668372554450666,-0.6015426440967918,-0.5664779160094031,-0.49357005481585986
2017-03-26,1.0,-0.8126070727566078,-0.6322782118816408,-0.5868659971569993,-0.49729647159652024
2017-03-27,0.0,-0.813728823947145,-0.6384611428342378,-0.734794520069315,-0.8762431805189264
2017-03-28,0.0,-0.8159835140583004,-0.6513625122801981,-0.7230400314880312,-0.8994075818530544
2017-03-29,0.0,-0.8044314756229836,-0.6548388591630239,-0.709801787526646,-0.9225081821012822
2017-03-30,0.0,-0.7850401137822954,-0.6498531856999192,-0.6967104780651581,-0.9454809265836006
2017-03-31,6.5,-0.6301930132542821,-0.4872760447288579,-0.6371057531448482,-0.8545710672808443
2017-04-01,8.0,-0.4392169172720274,-0.318327094947252,-0.6059860394877284,-0.7416801780870079
2017-04-02,0.5,-0.5040203253169313,-0.3741821270216477,-0.5912138761067841,-0.7496121340826297
2017-04-03,0.0,-0.5724975580315881,-0.4415142617800762,-0.7564551847005078,-0.7636330644874583
2017-04-04,0.0,-0.5842878090290368,-0.46730876007339517,-0.7487458377020104,-0.7774986488422401
2017-04-05,3.0,-0.5376067788978987,-0.4083126685431421,-0.7440747072953362,-0.8406972742029207
2017-04-06,2.0,-0.4954326595637986,-0.3588676577002378,-0.7226106691625714,-0.821404776126267
2017-04-07,0.0,-0.5387555774862535,-0.3827620643844385,-0.7138312637104338,-0.8355720977351886
2017-04-08,0.0,-0.5712475701751855,-0.38588604109508007,-0.706694272845432,-0.8751714197316297
2017-04-09,6.5,-0.37581419147362405,-0.1868873935820937,-0.6447743629934508,-0.7896333060489668
2017-04-10,0.0,-0.4249092827796945,-0.2382239801904636,-0.6397755041170063,-0.802408625020782
2017-04-11,1.0,-0.45294294080633046,-0.2568458675062671,-0.6245233863407686,-0.7988708282073056
2017-04-12,0.0,-0.4744329338516876,-0.27881015120728986,-0.6175803144298005,-0.8131450707380127
2017-04-13,0.0,-0.5249567750709854,-0.3082112583062542,-0.612235873406146,-0.8291532265248687
2017-04-14,2.5,-0.4822842256458103,-0.2555170799512976,-0.5872519207139422,-0.8041621277626742
2017-04-15,0.0,-0.5212665166945882,-0.2803903546171657,-0.5834191649831019,-0.820953156028498
2017-04-16,0.0,-0.5675465439533384,-0.305931858009412,-0.5787094353293661,-0.8383233836709255
2017-04-17,13.5,-0.1485842661976394,0.09884973466214586,-0.4623664701576219,-0.6455231600847554
2017-04-18,2.5,-0.17077980376408453,0.08484086812425551,-0.44128582373835307,-0.6247470943054846
2017-04-19,0.0,-0.2583897881819658,0.008406282124573835,-0.4450939871174448,-0.6400210499711197
2017-04-20,0.0,-0.3220125968298865,-0.05693911417023844,-0.46226536304005195,-1.0401832631457952
2017-04-21,0.0,-0.38008292993805487,-0.1116604379998845,-0.6171493158076462,-1.0602107586759655
2017-04-22,0.3,-0.3842471915550682,-0.14110801157658245,-0.6129151219754361,-1.0729005056905334
2017-04-23,0.0,-0.42886858148447,-0.18873559487382352,-0.663838151599918,-1.0923160243294439
2017-04-24,0.0,-0.4240909934312022,-0.21510953970055122,-0.6631519889672642,-1.1119347608205423
2017-04-25,0.0,-0.4461820274451264,-0.2262313281541208,-0.6632681621781954,-1.1304554447172306
2017-04-26,0.0,-0.5047495781418528,-0.27770856762491475,-0.6770927789591608,-1.1469791330815824
2017-04-27,0.0,-0.5511532330559991,-0.3264067179073436,-0.820091718873277,-1.1626669781775567
2017-04-28,0.0,-0.5495624947716277,-0.3472520729910499,-0.8221803725328111,-1.1784583826359398
2017-04-29,0.0,-0.5416917518384409,-0.3539205549798359,-0.8234397152621064,-1.2772118227862337
2017-04-30,0.0,-0.6525279129294881,-0.4335012988278326,-0.8241418610274568,-1.5268987879454476
2017-05-01,0.0,-0.7334009368363422,-0.47020851363013005,-0.8254670418253656,-1.5474554451361768
2017-05-02,0.0,-0.7400201517740629,-0.4893477797677697,-0.8288100411614523,-1.5697106331056843
2017-05-03,0.0,-0.7519404415263521,-0.5051450040658545,-0.832472708469139,-1.5946975873783626
2017-05-04,0.0,-0.7824244684131249,-0.5201083964049066,-0.8852467228384079,-1.6196228773942158
2017-05-05,0.0,-0.8332582226061899,-0.5409804138818749,-1.123353663711398,-1.6407195835771964
2017-05-06,0.0,-0.8799547126830851,-0.5553394115248835,-1.126995339031208,-1.6597786450159602
2017-05-07,0.0,-0.7067512478993158,-0.45827709891039164,-1.131118577143555,-1.6818229728577705
2017-05-08,0.0,-0.7708503025212758,-0.5056532713686457,-1.1353328963417906,-1.705535425258463
2017-05-09,1.5,-0.7686294298869304,-0.4937707939109484,-1.122820620448088,-1.6941722780409292
2017-05-10,1.0,-0.7642554957036402,-0.47200834685658616,-1.11576455108122,-1.6935581535073119
2017-05-11,0.0,-0.7938958492721265,-0.5062534283346931,-1.1173755897135698,-1.7143440526399762
2017-05-12,0.0,-0.8593103143061825,-0.5624969758227594,-1.1168605765931612,-1.7346095824457461
2017-05-13,8.5,-0.5267042639862746,-0.32976327707451975,-1.0279835210184305,-1.5780918070203642
2017-05-14,0.0,-0.6363197684312342,-0.42134083881914364,-1.0268364307124092,-1.5898359172341234
2017-05-15,0.0,-0.7259426825554539,-0.485047818150091,-1.0261919705738298,-1.603479680727606
2017-05-16,0.0,-0.781368894124343,-0.49416678968239747,-1.026185396704446,-1.6143030766876152
2017-05-17,0.0,-0.8103380711857927,-0.5324176252005484,-1.0324679176114988,-1.6225960373512305
2017-05-18,0.0,-0.8086767576800574,-0.5433503300414292,-1.0332695391687965,-1.630130212481797
2017-05-19,0.0,-0.8434107865197755,-0.5921225569502854,-1.034607350507379,-1.6365099747188039
2017-05-20,0.0,-0.8752865786581777,-0.6105758402105501,-1.0358452844262918,-1.6451078617658585
2017-05-21,0.0,-0.8869180066926171,-0.606594098358404,-1.0788325978865974,-1.65460114240347
2017-05-22,0.0,-0.9474389061432952,-0.6496418708549592,-1.085337488168268,-1.6598227248160076
2017-05-23,0.0,-0.9628168083031012,-0.6757507990398287,-1.0882096733245064,-1.7357060130233233
2017-05-24,13.5,-0.4198178925921489,-0.2116751055704104,-0.954253019933121,-1.470550619713193
2017-05-25,0.0,-0.5246290322387775,-0.28961415466163015,-0.9580462264839119,-1.4731657253834012
2017-05-26,0.5,-0.5702610019107144,-0.3232916362804896,-0.9566255463481814,-1.4662724976825507
2017-05-27,0.0,-0.6047127818961188,-0.3524905462188586,-0.9605666376012351,-1.4682522818119539
2017-05-28,0.0,-0.6308262329307994,-0.36953626462649336,-0.9705367843937928,-1.471858963049197
2017-05-29,0.0,-0.6515815715407114,-0.3745952343217228,-0.9750754094951372,-1.475473279721704
2017-05-30,0.0,-0.6641117416436769,-0.3803753594707714,-0.9813624608048587,-1.5334532416705264
2017-05-31,0.0,-0.7121351702161022,-0.4134251972466518,-0.9890147190250862,-1.8572875989959203
2017-06-01,11.0,-0.31302447186211435,-0.05398920626037412,-0.8884273249214869,-1.6316988447276248
2017-06-02,0.2,-0.358330669187798,-0.11451761475365654,-0.8941120763928493,-1.6288750629545288
2017-06-03,0.0,-0.4339067761360069,-0.1687602856289764,-0.9029753471442037,-1.6328908650087346
2017-06-04,2.0,-0.39873667432570997,-0.13646660112661652,-0.8920227970244391,-1.5989637983711802
2017-06-05,0.0,-0.41688942541699686,-0.16553280657035538,-0.9010989425464605,-1.6050105242032102
2017-06-06,4.0,-0.31438609950433505,-0.055265515659318844,-0.8732508813039176,-1.5330970567379218
2017-06-07,1.0,-0.3335933214639142,-0.07134628825544828,-0.8797313149247282,-1.5172193877944105
2017-06-08,0.0,-0.35592810631155714,-0.10454976239132868,-0.892095346705962,-1.5207706452752436
2017-06-09,0.0,-0.4011532242004856,-0.1436404600297164,-0.9060738915212954,-1.5281015384775642
2017-06-10,0.0,-0.4262917430173871,-0.1635216997901412,-0.9204425309830564,-1.5383550141332272
2017-06-11,0.0,-0.4659660100908159,-0.19232883350251878,-0.9434854197342584,-1.5517043496438045
2017-06-12,0.0,-0.4685963416414213,-0.20218628837163047,-1.18658683754746,-1.7106548302932807
2017-06-13,1.0,-0.42722786207791325,-0.17793980513925983,-1.197485862581551,-1.7051360896512042
2017-06-14,0.0,-0.4537851523710832,-0.19956279289138523,-1.2197375144411557,-1.7207070203436374
2017-06-15,0.0,-0.4907995730903736,-0.22109216037516943,-1.2429376871390398,-1.7383195607606874
2017-06-16,0.0,-0.5080440528152835,-0.22181438491691907,-1.2664719396679431,-1.7570102516636357
2017-06-17,0.0,-0.5581373217261845,-0.2454210048161012,-1.292708750020173,-1.7801445683336456
2017-06-18,0.0,-0.5950366189426222,-0.2860424208168485,-1.3196569811023142,-1.8026299799451821
2017-06-19,0.0,-0.5958670775516508,-0.3113571634705491,-1.5653984770621725,-2.0703514630835724
2017-06-20,0.0,-0.6161570099022871,-0.3304083307330406,-1.7876241508787685,-2.09151898933696
2017-06-21,0.0,-0.6060121527259401,-0.34576630522371715,-1.8186612829185895,-2.121190263074361
2017-06-22,0.0,-0.6840061072414031,-0.39655432989992906,-1.8491671240848024,-2.141808606342689
2017-06-23,0.0,-0.8030534620333544,-0.4791350022463297,-1.879356814902805,-2.205630372685392
2017-06-24,5.0,-0.6550911750428154,-0.39231716056999866,-1.8512695132434702,-2.144971314481261
2017-06-25,0.0,-0.6960315956390377,-0.4646457692098409,-2.1680012675676634,-2.1671179321554934
2017-06-26,3.0,-0.6257015247012293,-0.42466934111008803,-2.164742143865146,-2.1309585830385647
2017-06-27,0.0,-0.6933210254892329,-0.4818264976884433,-2.2002905847744887,-2.156304439242082
2017-06-28,0.0,-0.7962688177115487,-0.5714969778990802,-2.23731514262964,-2.1780229223844065
2017-06-29,0.0,-0.8716276988368665,-0.6375540390305756,-2.2746911283514435,-2.331381917898773
2017-06-30,0.0,-0.9426344847139047,-0.7285118817344617,-2.3132769308008703,-2.525683001183037
2017-07-01,2.0,-0.8242317361548124,-0.6654464308675033,-2.3259707846986073,-2.518306424585621
2017-07-02,95.5,1.1909674462469273,1.2122327089044116,-1.3220294474649479,-1.0218726144849248
2017-07-03,29.5,1.2955379403932021,1.3892691166234619,-1.0898281834665176,-0.7129698159614295
2017-07-04,6.0,1.1311517747911595,1.3118226537847912,-1.130875796684107,-0.720992150511848
2017-07-05,0.0,0.8517259056256742,1.0921463426346598,-1.1732748240588786,-0.7841340926511908
2017-07-06,0.0,0.6481968225152455,0.9334216472401912,-1.2155465753568628,-0.8249489993724987
2017-07-07,0.5,0.5142989327266928,0.8399672841478636,-1.266338715616399,-0.8608978354212473
2017-07-08,23.5,0.9248728420917823,1.2031415375476902,-1.108217741111607,-0.7243259229801319
2017-07-09,0.2,0.6858945258240262,0.9908947233554034,-1.150370422934685,-0.7686121736478531
2017-07-10,5.5,0.68984243848108,1.022048712199586,-1.1473682390103264,-0.7683145028785722
2017-07-11,14.5,0.8361867742040103,1.1608691115049288,-1.0685815468376485,-0.6656037286997868
2017-07-12,0.0,0.6164265880008255,0.9218169941299429,-1.106894597654133,-0.7062685271168008
2017-07-13,0.0,0.43711656603358734,0.7302576151207786,-1.1448378136210415,-0.7699846750821292
2017-07-14,0.0,0.2782182389451929,0.5424110736173491,-1.1835021128736778,-0.8087433509128591
2017-07-15,2.0,0.19844165157702146,0.4376671575601365,-1.2064257471343292,-0.8270898426677524
2017-07-16,10.0,0.2669122934705297,0.4588819967516585,-1.1634237558756577,-0.8990766754225173
2017-07-17,0.0,0.172608018082646,0.3574826316153241,-1.2021561121857887,-0.9588504389780307
2017-07-18,0.0,0.11023150340600534,0.2760862777762464,-1.2368854910195815,-0.9900209433820012
2017-07-19,0.0,0.08560957970132646,0.2598084955968793,-1.4704008709115668,-1.0201980588891981
2017-07-20,0.0,0.05817884223228121,0.24140595975258342,-1.5028488777701743,-1.0498464849924858
2017-07-21,0.4,0.03154813695557729,0.2231252998546049,-1.5270848051803325,-1.0763656290994372
2017-07-22,21.0,0.4139563328194106,0.5443199076465238,-1.3806083563823988,-0.9009774731422708
2017-07-23,11.5,0.521189139294163,0.6436619703221649,-1.317277092943041,-0.8222476787009471
2017-07-24,4.0,0.4836328152054323,0.6158568523529946,-1.3150866013202012,-0.8156071413000979
2017-07-25,1.0,0.3385179300286363,0.48384756256263056,-1.3357973699481842,-0.8368184904031812
2017-07-26,0.0,0.18805350652107433,0.33142060131826867,-1.3627567249032855,-0.8669781282012038
2017-07-27,0.0,0.09880956059080542,0.23523805879883866,-1.3883022593523018,-0.8944267345410859
2017-07-28,4.0,0.11411437501033102,0.24051011878467202,-1.4163477642521327,-0.8840692148266487
2017-07-29,5.0,0.1633325143473586,0.2832858602370369,-1.4962180259196038,-0.8660452083140842
2017-07-30,0.0,0.1369369944916866,0.2642192766725072,-1.5207879743370678,-0.8923525140780761
2017-07-31,2.0,0.14191791011273902,0.27359131692224087,-1.5277743297389543,-0.8974164455019025
2017-08-01,0.1,0.10134434193030235,0.24485787593767872,-1.549340931164034,-0.9180310515515999
2017-08-02,0.5,0.06362323750997682,0.20311234784464374,-1.5666342946829284,-0.9343151447895007
2017-08-03,0.0,0.026748803499236775,0.15530412608636177,-1.5885007451341924,-0.9561090297353462
2017-08-04,0.0,-0.015721186419416652,0.11967954446637845,-1.6071875972350935,-0.9763415324746635
2017-08-05,0.0,-0.05421941184038021,0.08552951882073243,-1.6254989147136865,-0.9963301348935234
2017-08-06,3.5,-0.030827486693339005,0.09897564821749046,-1.6184993593338155,-0.9869795531083997
2017-08-07,5.5,0.00597217939041923,0.1298066058402691,-1.5967566625420064,-0.9739110752297443
2017-08-08,0.0,-0.12464612971286472,0.013161760183529662,-1.616255059612687,-1.002337406183291
2017-08-09,21.5,0.1842360116004675,0.2638788385765146,-1.481137804809463,-0.853221125045816
2017-08-10,48.0,0.6508493344267288,0.6925938676680551,-1.174515773606097,-0.5241782740460769
2017-08-11,83.5,0.4824437020414312,0.22104311139134442,-0.682026209341009,-0.06128721716390704
2017-08-12,0.0,0.18464240672747548,-0.036833505740213046,-0.7087299847868176,-0.08988170141339508
2017-08-13,0.5,0.02358040865784734,-0.18300869079284512,-0.7337658702677601,-0.11681990225732018
2017-08-14,29.0,0.3818747309417828,0.0791089166594827,-0.596841837846005,0.023914724933754863
2017-08-15,92.5,1.6428510826981642,1.129026415688898,-0.13321110662861768,0.49405173435007227
2017-08-16,57.0,2.0751251775464827,1.495870227910758,0.11437538333404963,0.7366258050336145
2017-08-17,11.5,1.7960692735291677,1.300721315625635,0.13521389710874007,0.751330345945347
2017-08-18,15.5,1.6502337700301482,1.2219501043596661,0.1738110970667366,0.7837784345899911
2017-08-19,9.5,1.3566359085257258,1.0328120943026724,0.1826188428137345,0.786352042216721
2017-08-20,19.5,1.2597100174523383,0.9860081300815832,0.23588867700296148,0.8324865099244045
2017-08-21,3.0,1.2198756217450941,0.8880336088336858,0.198042282210756,0.8046920966901648
2017-08-22,1.0,1.154888774609335,0.7961383982827978,0.16701927519393026,0.7087537782682478
2017-08-23,4.0,1.0980270202183786,0.7384316934059153,0.15009691137102268,0.687011274018799
2017-08-24,29.5,1.3982631730563118,0.9694201924078584,0.24466862806112666,0.7725070041607675
2017-08-25,0.0,1.2098941958571332,0.8047628097707348,0.21067857950039856,0.7337190867611166
2017-08-26,0.0,1.0397697257499006,0.6634977910652611,0.17846980141219673,0.6977533503075428
2017-08-27,0.0,0.8107121027709946,0.5148751545725281,0.14589281956101915,0.6614374366550128
2017-08-28,9.0,0.8393168208841456,0.5173867889674975,0.137936837526964,0.6622166627018768
2017-08-29,0.0,0.6230904582901167,0.3328227209383741,0.03551084851183576,0.6249527079072483
2017-08-30,0.0,0.46749054310284766,0.17620268406260092,0.0016077430412402211,0.5418058278772486
2017-08-31,0.0,0.13338141313886578,0.007859490634812885,-0.031535530366381,0.504568165692994
2017-09-01,0.0,0.09071776455691365,-0.09375823969547421,-0.06417863852602451,0.4692079949796443
2017-09-02,0.0,-0.01933608255503742,-0.20478211135991806,-0.09683072602744142,0.42622785225476967
2017-09-03,0.0,-0.058841712222969064,-0.24610447512108777,-0.12854534938917248,0.39273322223999957
2017-09-04,0.0,-0.1495213784424342,-0.31795498010532625,-0.15934103160800075,0.3445738774583543
2017-09-05,0.0,-0.23940405049213662,-0.3887807292491509,-0.18953185262915334,0.30948839649254783
2017-09-06,0.3,-0.2575074519447332,-0.4202132170162793,-0.21878519291978168,0.28006828256266625
2017-09-07,0.0,-0.32094642785747163,-0.4686930360583852,-0.2503645960234853,0.24904833054099132
2017-09-08,0.0,-0.3105634455498786,-0.46190499548473574,-0.2811245702347915,0.2197296844534117
2017-09-09,0.0,-0.4143372834960107,-0.5319329912661135,-0.31054872630300967,0.1929205246049667
2017-09-10,0.0,-0.5279959397544322,-0.6170143913373488,-0.3710006123922201,0.16789731926313425
2017-09-11,14.0,-0.2906780946575768,-0.4968119492401679,-0.3376480949860064,0.1992591120463428
2017-09-12,0.0,-0.4023637940762138,-0.5753516150537158,-0.3634131921013692,0.17686833243080066
2017-09-13,0.0,-0.4423151612097636,-0.5969235754383253,-0.38842855993751413,0.1563291572670321
2017-09-14,0.0,-0.5439374999762584,-0.6703685420245533,-0.4128745446689021,0.13805993275311018
2017-09-15,0.1,-0.6113919319670917,-0.7256227852167532,-0.4366533083025241,0.12105321460467473
2017-09-16,0.2,-0.6633570909342401,-0.7676957259690256,-0.4571693772931171,0.10888041667553386
2017-09-17,6.0,-0.6057811849778555,-0.7473005802343056,-0.50390060979709,0.12234732606769289
2017-09-18,0.0,-0.5842698089426991,-0.7457783055864334,-0.5236263376042032,0.11230785801366905
2017-09-19,13.5,-0.4882581831428543,-0.6679505604470073,-0.4858608368863987,0.1613691769910369
2017-09-20,0.0,-0.5454777001939197,-0.7169893614571817,-0.5040810727612858,0.15432862611380818
2017-09-21,0.0,-0.6143394212219025,-0.7546724368917898,-0.5308399042779753,0.14738177588392612
2017-09-22,0.0,-0.6615102099032539,-0.7943634068418178,-0.5524667724945956,0.12171777223351277
2017-09-23,0.0,-0.7064381528664859,-0.8294517152289256,-0.56955081229253,0.11782168167097687
2017-09-24,0.0,-0.7276203869672438,-0.8372777197732617,-0.5867019541110683,0.10298492297381548
2017-09-25,0.0,-0.7810305803019695,-0.8801652969845507,-0.6033228288536747,0.10220650211293845
2017-09-26,0.0,-0.81402128853643,-0.9192861797618703,-0.6185697517879573,0.1028003022422157
2017-09-27,7.6,-0.6905107790053733,-0.8521713905924231,-0.6283441303734637,0.13654205071634234
2017-09-28,4.0,-0.6856403109046227,-0.8483026261428249,-0.6586096308362316,0.15814895329349354
2017-09-29,0.0,-0.7552807103293381,-0.9066762704427014,-0.6734812493626244,0.15682471807035014
2017-09-30,0.0,-0.7184187266149443,-0.9155000290779672,-0.685929463659137,-0.24666395895103618
2017-10-01,1.0,-0.7608333448411688,-0.9326066873226871,-0.6935229403742165,-0.3662508391309042
2017-10-02,9.5,-0.6596220929026413,-0.8695663266473342,-0.6761275834126168,-0.3374253493658767
2017-10-03,19.0,-0.30227015468480745,-0.6120977249094249,-0.6128095145890685,-0.23856108162237577
2017-10-04,0.2,-0.44151467229179675,-0.7165714253911355,-0.6216031341817554,-0.22543005748919945
2017-10-05,0.0,-0.5047395125235158,-0.7473138025499833,-0.6316648329992036,-0.21524659411899957
2017-10-06,17.0,-0.26258400746307825,-0.5855896046696372,-0.5969564170234454,-0.23095145181684884
2017-10-07,4.5,-0.2873026662503455,-0.6090074075760801,-0.5866122494516236,-0.19733810804408547
2017-10-08,0.0,-0.3703711043127924,-0.6762795512689151,-0.5984764440957969,-0.20687213219284575
2017-10-09,0.0,-0.4214200016823674,-0.7097445170399483,-0.6057399146149433,-0.256927646620879
2017-10-10,10.5,-0.276712629031526,-0.6077219248030342,-0.5679198353430105,-0.19432102004212196
2017-10-11,24.0,0.11176283304988201,-0.34314750317225595,-0.48393049913472264,-0.07266995479331849
2017-10-12,1.0,0.007964198978663187,-0.3992247437934899,-0.48565010238819406,-0.052403446440723166
2017-10-13,0.1,-0.06773612104266634,-0.4501861359295237,-0.49028088925064667,-0.04469237106451731
2017-10-14,0.0,-0.1209735768370247,-0.474092211559225,-0.5515919230079551,-0.07357250469455512
2017-10-15,0.0,-0.17046982028935048,-0.5298243478116329,-0.5670514080504212,-0.0597036017249738
2017-10-16,0.0,-0.23597891954535546,-0.5892728069287726,-0.5717447229456813,-0.045408323331355416
2017-10-17,0.0,-0.2691013729555151,-0.6140325285725623,-0.5767988211728527,-0.031535807939056255
2017-10-18,2.0,-0.2542200740508081,-0.581668095453103,-0.5738556732585446,-0.009582788895280043
2017-10-19,0.5,-0.3020112400057106,-0.6050924578626029,-0.5779954060569127,0.003725016424720562
2017-10-20,0.0,-0.3515716784855681,-0.6160666056591299,-0.5827623374989842,-0.07615046778792192
2017-10-21,0.0,-0.4075832820284896,-0.6584377229526941,-0.5869695333035926,-0.11425220373718264
2017-10-22,0.2,-0.44800896161244025,-0.69654451620554,-0.5897773067439822,-0.11665383711355731
2017-10-23,0.0,-0.3582559451071478,-0.6310578844196089,-0.5938932883595884,-0.10674928518281934
2017-10-24,0.0,-0.43144798961975717,-0.6728337961880329,-0.5985524905897958,-0.09016329309923814
2017-10-25,0.0,-0.48267730635687445,-0.7096445414900314,-0.6027143698388712,-0.07378494000961286
2017-10-26,0.0,-0.49350391026872226,-0.7228508804613223,-0.6062967888872033,-0.0764989116147483
2017-10-27,0.0,-0.5162501030523284,-0.7572770428535057,-0.6093043801941629,-0.08396358213102062
2017-10-28,0.0,-0.5290051095062155,-0.7779708307816063,-0.6118597819959181,-0.06808072883777325
2017-10-29,25.0,-0.01909420876551769,-0.44302755327968496,-0.508450488707884,0.05360101082854431
2017-10-30,0.0,-0.13656064576295038,-0.5382690479846194,-0.5112074589473713,0.06871180019570262
2017-10-31,0.0,-0.22382512259697698,-0.6065084785637455,-0.5132461918916444,0.08239219589269008
2017-11-01,0.0,-0.26988110580246677,-0.6441464925875787,-0.5148871812973573,0.09945160755046381
2017-11-02,0.0,-0.30702741846009596,-0.6860039046420486,-0.5170497668797,0.1171882813517202
2017-11-03,4.0,-0.24759791001780285,-0.6558297636113649,-0.5024563451677978,0.1548253975622946
2017-11-04,33.0,-0.1648676638511665,-0.14618224088364498,-0.3666200458218281,0.30652379268559654
2017-11-05,0.0,-0.3170897363383383,-0.2428419025498524,-0.3737078166986459,0.30245509012964866
2017-11-06,0.0,-0.39763306558782036,-0.3113127700005995,-0.37837455608534937,0.323720562795097
2017-11-07,0.0,-0.5126443002899462,-0.39368735286569495,-0.3791048429296848,0.25056758438053006
2017-11-08,0.0,-0.5470195909576872,-0.4349531448603765,-0.3797518725429492,0.05395643108350302
2017-11-09,0.0,-0.6166887508322305,-0.49641298629472924,-0.41608376162336014,-0.3327397501140631
2017-11-10,0.3,-0.6915232366790833,-0.5483525893335109,-0.41637413490607367,-0.30214077428883496
2017-11-11,0.0,-0.7238998628039857,-0.5776257113187612,-0.4181975010750363,-0.27506819580927366
2017-11-12,0.0,-0.7914831344190829,-0.6323794210991825,-0.41956577150530877,-0.3948039073540898
2017-11-13,0.0,-0.8351380317421537,-0.6816946896303056,-0.42087718044421324,-0.8845357688374916
2017-11-14,0.0,-0.7834179328235277,-0.6801585243737672,-0.4222447951541353,-1.2129403114026482
2017-11-15,0.0,-0.7258462293483026,-0.6440318644601706,-0.4230895467623838,-1.2505671187717176
2017-11-16,0.0,-0.793710582909434,-0.68264373095155,-0.4234757946045782,-1.314535730928208
2017-11-17,0.0,-0.8589101112351362,-0.7226593322552392,-0.4230715934420459,-1.3318560128688046
2017-11-18,0.0,-0.8920122437169582,-0.7341572896901356,-0.4219545227166083,-1.425179136468381
2017-11-19,0.0,-0.8986961175241952,-0.7342070804967886,-0.4208269915024277,-1.3964263990210048
2017-11-20,0.0,-0.9301849763202629,-0.7441431323351333,-0.47736581028604097,-1.3530885664467895
2017-11-21,0.0,-0.9551637553569262,-0.7646768813485385,-0.4765368867199658,-1.335341558278385
2017-11-22,0.0,-0.9693998450948145,-0.7783479292440368,-0.47774281062966656,-1.5176697441217009
2017-11-23,0.0,-0.9868971446169749,-0.7822438048827001,-0.47633895774949403,-1.4674084005209806
2017-11-24,0.0,-1.0121474744822596,-0.7937704648178129,-0.4739815145030861,-1.418911212004763
2017-11-25,4.0,-0.8951877484336553,-0.7007230637820724,-0.454810583006271,-1.3393540753241737
2017-11-26,0.2,-0.9387456051346005,-0.7254195442149558,-0.4522248457871404,-1.3606386445053473
2017-11-27,0.0,-0.9345118661631406,-0.7024838924553454,-0.4504166423423229,-1.3107751205570115
2017-11-28,0.0,-0.8728906772072813,-0.6780245764159323,-0.49526357382107294,-1.2599229560012342
2017-11-29,0.0,-0.9134998605908617,-0.7084467771792394,-0.49379269933698167,-1.2104919835760701
2017-11-30,0.0,-0.9279397153392138,-0.7280907920157826,-0.49071721770409416,-1.1634356407594917
2017-12-01,0.0,-0.9462927317531252,-0.7349414717594951,-0.49559117115532303,-1.1165276286330768
2017-12-02,0.0,-0.9588639513422071,-0.7398297576047037,-0.49103752842630455,-1.0683937483976842
2017-12-03,0.0,-0.9346918318337255,-0.7307589602915497,-0.5028535424430496,-1.0224135752132018
2017-12-04,0.0,-0.9543185485989396,-0.7387951429713722,-0.5017255123397714,-0.9786328249401838
2017-12-05,0.0,-0.9924097555298415,-0.7450433377023598,-0.4961148426512791,-0.9365080604913201
2017-12-06,0.0,-1.0199099660056807,-0.7705979115123668,-0.4904753715191692,-0.8923404452952651
2017-12-07,0.0,-1.0613700285583862,-0.7780508032316668,-0.4841544355007727,-0.8496133978181923
2017-12-08,0.0,-1.0584881272767184,-0.7613706011766684,-0.4759155728999863,-0.8082775408168695
2017-12-09,0.0,-1.0548727123132646,-0.7635696523757445,-0.46734056171019356,-0.7681858615567067
2017-12-10,0.0,-1.0653605295388529,-0.7872117580707402,-0.4629336996503729,-0.8404206972315693
2017-12-11,0.0,-1.0595349245905912,-0.782286993955759,-0.45353308573795004,-0.802172300039137
2017-12-12,0.0,-1.1016123492818208,-0.8083253959855342,-0.4430928289234887,-0.7644978828962835
2017-12-13,0.0,-1.142497054338521,-0.8285374619405181,-0.43148777596493537,-0.7279658359904554
2017-12-14,0.0,-1.1225948963656653,-0.8220608536890839,-0.41922269893844855,-0.6919096994373498
2017-12-15,0.0,-1.0835867162651076,-0.8003797311207471,-0.4057777487805473,-0.6561920499429587
2017-12-16,0.0,-1.1311045716786732,-0.8185974010469299,-0.39235338501732536,-0.6699187759084176
2017-12-17,0.0,-1.1726615747489602,-0.8365278082728721,-0.38660859024048955,-0.6384299560201947
2017-12-18,0.0,-1.1823151176508364,-0.844674912658092,-0.37215944701377257,-0.7214713831702143
2017-12-19,0.0,-1.1020767752173835,-0.8236050601858314,-0.357158023357912,-0.6888188548044468
2017-12-20,0.0,-1.0370621274645349,-0.7990282581377018,-0.34208779309091053,-0.6565287610698912
2017-12-21,0.0,-1.0781669078250231,-0.8194063464743699,-0.34758782125683946,-0.6233398555013515
2017-12-22,0.0,-1.0993259624309666,-0.8318618526812452,-0.3310627665079095,-0.5899002163896306
2017-12-23,0.0,-1.1152191151975446,-0.8445557026636209,-0.32585715981866076,-0.5576263850457072
2017-12-24,5.5,-0.9460840078163587,-0.7251289231126941,-0.28499813909052263,-0.47828289573316785
2017-12-25,0.0,-0.9592283027126377,-0.7418563106465711,-0.2658609796329023,-0.4476579759151245
2017-12-26,0.0,-0.9727142809743661,-0.7524388942773054,-0.24580023216663355,-0.48374639235102695
2017-12-27,0.0,-0.9744183598792397,-0.7529235693566924,-0.2243936054187647,-0.4899326202788788
2017-12-28,0.0,-1.009771839447562,-0.7666647438312966,-0.20963867307309733,-0.4607628186795596
2017-12-29,0.0,-1.0145193208192897,-0.7783581828728373,-0.5882867463424586,-0.43273279291138944
2017-12-30,0.0,-0.9820761515432376,-0.7832436011574477,-0.6927855714052622,-0.4130273404461219
2017-12-31,0.0,-1.006168479767665,-0.7979742549810886,-0.6935876100800709,-0.4744883689815253
2018-01-01,0.0,-1.002871480690078,-0.7914622938018283,-0.6429691269251734,-0.6154647962755009
2018-01-02,0.0,-1.0286310642267857,-0.7768199387920299,-0.6188750952605704,-0.593183317376754
2018-01-03,0.0,-1.1299695464508748,-0.7814130147427427,-0.5955988244807179,-0.5690056495811145
2018-01-04,0.0,-1.159239891728199,-0.7891843036789525,-0.6754502952878014,-0.732811992873945
2018-01-05,0.0,-1.1920636182743103,-0.8069888903090222,-0.6500761152769778,-0.7616476669567084
2018-01-06,0.0,-1.2017917356582708,-0.8273623079768787,-0.649149661828297,-0.7390537290977168
2018-01-07,0.0,-1.1732774563567907,-0.81126355101621,-0.6905141669278986,-0.7184358357471796
2018-01-08,0.0,-1.1555439237648013,-0.8385765006705092,-0.6646388121836985,-0.8300998207454037
2018-01-09,0.0,-1.1983343545139582,-0.8670709731613,-0.6387130543735734,-1.1526107413826723
2018-01-10,0.0,-1.178853825872657,-0.866992495680115,-0.6130159057067859,-1.1534757508518703
2018-01-11,0.0,-1.0812039999261625,-0.826863772925205,-0.5974726292701182,-1.1412804245857255
2018-01-12,0.0,-1.0584406008341252,-0.8269846700921994,-0.6195234549165477,-1.1269612240093885
2018-01-13,0.0,-1.0977184746986712,-0.8571136174977826,-0.5962390812054721,-1.113200611783883
2018-01-14,0.0,-1.0363260478131846,-0.8216249092293585,-0.5739968562905833,-1.1012401752587782
2018-01-15,0.0,-1.0420314685875522,-0.8558618477680235,-0.5516060499959441,-1.0887665227627645
2018-01-16,0.0,-1.0831876119679276,-0.886400292523431,-0.5373243881907348,-1.119267196695266
2018-01-17,1.0,-1.09267657728852,-0.8576616464908959,-0.5135939861456532,-1.09636481498037
2018-01-18,0.0,-1.1326087918949335,-0.8690342088381158,-0.5896139453388299,-1.0799814064217947
2018-01-19,0.0,-1.131992790338341,-0.8726023003219548,-0.6225208815795102,-1.0641461363385347
2018-01-20,0.0,-1.0876062361285224,-0.8570785849246519,-0.619621617309857,-1.0531279290696327
2018-01-21,0.0,-1.1498168234761277,-0.8851902491773601,-0.6029015427461625,-1.0394293428147259
2018-01-22,1.5,-1.137433609331491,-0.8707176245221221,-0.571953736953398,-1.000821530191426
2018-01-23,0.0,-1.1319377403735902,-0.8537727727685808,-0.5478316194773287,-0.9866299915934749
2018-01-24,0.0,-1.1379376357985154,-0.8540640620802278,-0.5429014862718178,-0.9726805478773071
2018-01-25,0.0,-1.1306457851821288,-0.8536591532525561,-0.543831603191202,-0.9598123408401503
2018-01-26,0.0,-1.1724074386976902,-0.8755504882536993,-0.5214579337887534,-0.947795116798567
2018-01-27,0.0,-1.1976027958638726,-0.890680076107236,-0.508159774489315,-1.4106996039149993
2018-01-28,0.0,-1.1766186227120328,-0.8720026335628912,-0.4860179562185551,-1.4014405974462891
2018-01-29,0.0,-1.1503434322694388,-0.8949923259290622,-0.46522309453657523,-1.3927078662167731
2018-01-30,0.0,-1.123712847617203,-0.889967723572129,-0.4401621332331939,-1.3831683649134443
2018-01-31,0.0,-1.0538955882121714,-0.8587397591558613,-0.4129786270898337,-1.3737183234994887
2018-02-01,0.0,-1.0447911922995494,-0.8586520822755978,-0.3860162597706154,-1.4596897091807874
2018-02-02,0.0,-1.1011616588278015,-0.8932801843128835,-0.3753562462533488,-2.66519166205636
2018-02-03,0.0,-1.146977206167515,-0.9089366015512056,-0.3753600704800706,-2.6611924558978
2018-02-04,0.0,-1.1259435792580275,-0.8991097416981423,-0.34784573798497925,-2.66199050619409
2018-02-05,0.0,-1.1593369329358898,-0.9058886409660774,-0.4214336429387971,-2.661920841247123
2018-02-06,0.0,-1.1916277715916626,-0.9403466001728157,-0.6257994868043564,-2.6567737920805072
2018-02-07,0.0,-1.20731715639631,-0.9489661723419094,-1.0318464142074606,-2.648891376087582
2018-02-08,0.0,-1.260610586516166,-0.9237228659970501,-0.992875614227454,-2.6547693773580883
2018-02-09,0.0,-1.322401294646637,-0.9403362440642883,-0.956097957104996,-2.6418002448610847
2018-02-10,0.0,-1.302207002639572,-0.9233402334984849,-1.0772522395964308,-2.624028328165387
2018-02-11,0.0,-1.3476102825394558,-0.9036473349438756,-1.5939643481745562,-2.6019079116861263
2018-02-12,0.0,-1.370254488878991,-0.8803322350648094,-1.9411511171508522,-2.5812119446468658
2018-02-13,0.0,-1.418604920008753,-0.9199329355560941,-1.9782123035513215,-2.5689984475463046
2018-02-14,0.0,-1.4750887759226066,-0.9439428441217892,-2.0408615169708635,-2.560309422430249
2018-02-15,0.0,-1.417425898047523,-0.9431255893322238,-2.059085704975688,-2.552046074022585
2018-02-16,0.0,-1.3274359792965496,-0.943477389673338,-2.1605681285896665,-2.5463809629280343
2018-02-17,0.0,-1.2544045464832685,-0.9515805392494575,-2.1330586216158713,-2.540996578381535
2018-02-18,0.0,-1.2489024080830353,-0.9424855145669488,-2.0919035950945712,-2.539619565452494
2018-02-19,0.0,-1.2663568746991745,-0.9586459473542783,-2.0720491719443324,-2.536670374420838
2018-02-20,0.0,-1.234012647412018,-0.957796673868879,-2.271556545594566,-2.5346893315677623
2018-02-21,0.0,-1.205342699460169,-0.9392934924813948,-2.224171387663225,-2.53379687541327
2018-02-22,0.0,-1.168011376768477,-0.8903154922415525,-2.1771033565242996,-2.5328061358085705
2018-02-23,0.0,-1.0896569565176373,-0.8613136430499079,-2.1294500374126883,-2.8370910606057755
2018-02-24,0.0,-1.0884279371045422,-0.8731949112607258,-2.1606292332617016,-2.8561833345727345
2018-02-25,0.0,-1.092210883284905,-0.8556785637644434,-2.1136444757340445,-2.8589912131031556
2018-02-26,0.0,-1.1264187991488757,-0.8634099593846621,-2.069161778176377,-2.862474925674562
2018-02-27,0.0,-1.191525485139029,-0.9044023165438395,-2.026900159246781,-2.8652289404849633
2018-02-28,52.0,0.3408987191225292,0.5758034830734462,-1.567769773295564,-1.0256992262817586
2018-03-01,2.0,0.14817758172275064,0.4132472272533123,-1.5118143381185516,-0.9943937787839398
2018-03-02,0.0,-0.007809302857261584,0.27678263491033184,-1.4728112867167538,-1.002661661248707
2018-03-03,0.0,-0.0923315126847432,0.15867364443377704,-1.4366070493814636,-1.0126017770687452
2018-03-04,14.0,0.2367815854425797,0.4845918211216262,-1.3007167755841094,-0.77604340600127
2018-03-05,36.0,-0.24669381334889698,1.3628913744208784,-1.0239111091201438,-0.27213872202159317
2018-03-06,0.0,-0.4803109554319541,1.1360191391925143,-0.9900561382913747,-0.28083517326275415
2018-03-07,2.5,-0.5399885629250796,1.0829728473055305,-0.9422299923807593,-0.2579055674588572
2018-03-08,16.0,-0.2463847158359247,1.454176385469192,-0.8088664206605247,-0.0755984335573032
2018-03-09,1.5,-0.3750951947164159,1.4074488321933405,-0.7711613985904116,-0.06846368061257119
2018-03-10,0.0,-0.5086669069882866,1.3404394085272644,-0.8346328377713791,-0.07823504564316247
2018-03-11,0.0,-0.6142948942444673,1.2681023173191277,-0.8106820093672203,-0.08918342232653508
2018-03-12,0.0,-0.6796599639727104,1.2066774786612497,-0.7881579314362079,-0.10015595538694198
2018-03-13,0.0,-0.7549815746387065,1.1716938984221785,-0.7654975338865494,-0.11211249790098204
2018-03-14,0.0,-0.8387764912439871,1.1509190716125148,-0.7429734075781121,-0.1260500683817492
2018-03-15,6.0,-0.7100229385637725,1.3359993065121127,-0.6806740529131956,-0.06958057605225892
2018-03-16,1.5,-0.733735480907008,1.2879222559628787,-0.6887506162348632,-0.06474572091762698
2018-03-17,0.0,-0.8267920756118806,1.2197827298833792,-0.6691854021429245,-0.07600581526522324
2018-03-18,0.0,-0.9130780081303617,1.1880423674129263,-0.7434480062183375,-0.08741363215985792
2018-03-19,12.0,-0.5372379294743072,1.5061198575096386,-0.6424992517665675,0.03973433506823564
2018-03-20,0.0,-0.6664112026594874,1.433514340768164,-0.6236934132244708,0.02839469396310249
2018-03-21,2.5,-0.6795351717810476,1.4574383990881625,-0.5873048884100903,0.045858405637994745
2018-03-22,0.0,-0.7774748180347313,1.3331412395990436,-0.5701129268681688,0.03385956717761156
2018-03-23,0.0,-0.8416972622530468,1.234007173669843,-0.5531946998370462,0.022160047574181434
2018-03-24,0.0,-0.8412371858679144,1.1490745144783858,-0.5353183293372277,-0.054577567412247015
2018-03-25,0.0,-0.9082011847817241,1.1050761640705764,-0.5178014344021662,-0.06735853716219131
2018-03-26,0.0,-0.9966958029919205,1.0842069955931033,-0.5562024009666042,-0.08120776796278945
2018-03-27,0.0,-0.9961077318407381,1.0327820792798503,-0.5707299372428043,-0.09623049809027605
2018-03-28,0.0,-1.0006177543686094,0.9903178915543778,-0.5565259893224783,-0.11129246276322331
2018-03-29,0.0,-0.9888297368809671,0.9300031329655969,-0.5425160680124953,-0.12637763215339926
2018-03-30,0.0,-0.9687018660050399,0.8733438912725008,-0.5362512864416267,-0.14143685043770327
2018-03-31,0.0,-1.0344976258993603,0.8569660348478221,-0.5953546479035645,-0.15570603841488254
2018-04-01,0.0,-1.0940721479374105,0.860338162721476,-0.7333846088945869,-0.16914468241039202
2018-04-02,0.0,-1.1354269865470252,0.8129996425425725,-0.7237829845662437,-0.18165620142671807
2018-04-03,0.3,-1.191925947975638,0.8278166480274022,-0.7106694859497112,-0.18955583595499728
2018-04-04,27.0,-0.6451080042596461,1.5684559930800928,-0.6198826547584685,0.13129824383140776
2018-04-05,6.5,-0.6302820087961424,1.6958746158377913,-0.5947668547090985,0.1955856988530024
2018-04-06,8.0,-0.4854690303209742,1.8273352661750213,-0.5222164580569303,0.27521254925173577
2018-04-07,0.0,-0.6239613197951811,1.8267823818216333,-0.512808138010135,0.2646336794152272
2018-04-08,1.5,-0.6571053991440835,1.7687819982010053,-0.5765042698540799,0.27074013668981733
2018-04-09,0.0,-0.7356007634207639,1.736970722383486,-0.7672493768375355,0.2611934760234488
2018-04-10,0.0,-0.7711190557658997,1.6443755940357885,-0.768732755860358,0.25079956577931034
2018-04-11,0.5,-0.8368251214559258,1.6479880145453347,-0.7587399818546924,0.24565290152597327
2018-04-12,0.0,-0.8445471053784447,1.5404387540715838,-0.7522931210147983,0.23443504702241666
2018-04-13,0.0,-0.9131144871272705,1.5302928794221289,-0.7475384310607056,0.22200993797253368
2018-04-14,26.5,-0.22021126107702937,-0.5688391732282728,-0.520406306258815,0.49633700041334705
2018-04-15,0.1,-0.4011824244812044,-0.7268172544343238,-0.5154161315765816,0.4863888490530648
2018-04-16,0.0,-0.5318318527146121,-0.82836652098906,-0.526947089031297,0.4752035963705063
2018-04-17,0.0,-0.6627080636738292,-0.9429058736773525,-0.5266910206221135,0.4532502494878731
2018-04-18,0.0,-0.7735387785912186,-1.002838370601418,-0.5229647996113491,0.44144106756810775
2018-04-19,0.0,-0.8477537805435121,-1.0876318481418337,-0.5187289272940794,0.43098382962462034
2018-04-20,0.0,-0.9142293803461413,-1.1313745348903077,-0.517180216513987,0.42181067560866536
2018-04-21,0.0,-0.9976742344582383,-1.2308684155378777,-0.5155918966736461,0.41156392506141953
2018-04-22,4.5,-0.8176267044098205,-1.091265698501577,-0.47582318307070154,0.43299114509143516
2018-04-23,52.5,0.9208032893220672,0.42260112774434433,-0.057456246502424556,0.9473546887227485
2018-04-24,24.0,1.323043353776664,0.8453986794741027,0.12296481002495528,1.1571933352298842
2018-04-25,0.0,0.9773841912656688,0.506380011566268,0.1265508413514218,1.1479662641798813
2018-04-26,0.0,0.7575588779215426,0.3101528940026015,0.12944310736118522,1.1387716640704573
2018-04-27,0.0,0.5480120751007022,0.13357722963898275,-0.05424260175133735,1.1300521879133085
2018-04-28,0.0,0.35705512476300466,-0.006978684437610762,-0.05281922715806055,1.1190067569763165
2018-04-29,0.0,0.19875257554655662,-0.12111100741985713,-0.05111829313339358,1.1084493348536044
2018-04-30,0.0,0.09718665357342215,-0.24631758362943068,-0.049206780902624196,1.0976040699422012
2018-05-01,0.0,0.0021680384159485106,-0.34045794802352675,-0.0477656885436118,1.0870973121038185
2018-05-02,17.5,0.4977967965699632,0.08740410151857538,0.056552881308637504,1.2346387312183156
2018-05-03,0.5,0.37568195180727454,-0.02977140605979369,-0.19968679239297987,1.231556341250906
2018-05-04,0.0,0.2717565024529141,-0.1301464291983357,-0.20112157279765688,1.2242122414035363
2018-05-05,0.0,0.17233043690685934,-0.2199873945499619,-0.20280792684887408,1.2162422236882788
2018-05-06,10.5,0.4440353086024612,0.01965041960950386,-0.11817168877836288,1.3009401096602593
2018-05-07,1.0,0.24662503647796774,-0.06297146442451798,-0.11169105101747795,1.3031191803646538
2018-05-08,6.5,0.3457468057764553,0.007342860219738728,-0.06109362708833987,1.3553817104678192
2018-05-09,0.0,0.2442718433647054,-0.0963851653848847,-0.06509366790503758,1.3475056459783608
2018-05-10,0.0,0.17305382824214444,-0.16962903389956532,-0.06702590906662868,1.3397418476546408
2018-05-11,0.0,0.079822310812077,-0.256356135371437,-0.06854042497069472,1.333307434160694
2018-05-12,1.5,0.033002862642100325,-0.3151620677339557,-0.05745845475636171,1.340812390623216
2018-05-13,0.5,-0.04377715560818904,-0.3643005825135616,-0.05413250235611238,1.339171505988964
2018-05-14,0.0,-0.14082761871768762,-0.4724304164429173,-0.05379320771719305,1.3340035318423924
2018-05-15,0.0,-0.24606898242268152,-0.5665503286284665,-0.05357550576077284,1.332460029919519
2018-05-16,2.0,-0.25898840407946044,-0.5502753932301591,-0.03809081930763926,1.3470536987149433
2018-05-17,50.0,1.2903833279150594,0.8054401332730913,0.3390582821552175,1.771784054888614
2018-05-18,69.0,3.055184024362492,2.4529064027003784,0.8108729879060363,2.3052193483159344
2018-05-19,0.0,2.5967805871915712,2.166723113734564,0.8083848292924904,2.300858070967902
2018-05-20,0.0,2.359332463437778,1.914696760724494,0.8056131361130113,2.2997347428691644
2018-05-21,0.0,2.1469085497285083,1.6779650163297213,0.8022100442805863,2.2985394444223783
2018-05-22,2.5,2.1204327724779137,1.6351850313531382,0.8156124120159461,2.3138634140734813
2018-05-23,0.5,1.928980000931483,1.477793403550565,0.8153805948260864,2.315309010740553
2018-05-24,0.0,1.4394943688877904,1.1100514871873899,0.785801589182668,2.311116795643349
2018-05-25,0.0,1.3989988434586766,0.9998378345545815,0.7805427034894443,2.306650335455724
2018-05-26,0.0,1.335249585773719,0.9148723665907423,0.775861590689392,2.3022388127492004
2018-05-27,0.1,1.3152466755727537,0.8880154613797716,0.7718131804283738,2.2983176238618457
2018-05-28,0.0,1.2872323712860314,0.8507438247188837,0.7670460670747995,2.2940463497719543
2018-05-29,0.5,1.2977675239160058,0.8420893386677335,0.7653577707550604,1.8966991105465005
2018-05-30,0.3,1.244366206237769,0.7912328867784532,0.7620335914115581,1.8796829304935079
2018-05-31,0.0,1.190441246092836,0.7347974392060159,0.7565867301614303,1.8761859693712142
2018-06-01,0.0,1.077419379727572,0.6450000936555143,0.7519430782186295,1.8734879070961714
2018-06-02,0.0,0.9316596950356442,0.5266263999051282,0.7477309578665,1.7594834529445922
2018-06-03,0.0,0.8839540816502164,0.43405442377457387,0.7434200924885638,1.4563259441786478
2018-06-04,0.0,0.8306383516058584,0.3859718086236056,0.7384815895150305,1.4550009890345466
2018-06-05,0.0,0.7381788142915667,0.32289310441657904,0.732735596620932,1.4308127795376597
2018-06-06,0.0,0.690573309090351,0.2697259344824469,0.7256969790797552,1.2830775942083434
2018-06-07,0.0,0.5972043476513637,0.20067984303617908,0.718545274683808,1.2644546718786103
2018-06-08,0.0,0.4957868398334776,0.133063285311693,0.7112480989282438,1.2572471210469303
2018-06-09,0.1,0.43697009486173843,0.07118900725896771,0.7041337472379299,1.2513984894025696
2018-06-10,0.5,0.4005186874099379,0.03183820165545023,0.698019035886331,1.2475620160089265
2018-06-11,0.5,0.36048124088841466,-0.015818098032312503,0.6896157431918017,1.239425818470731
2018-06-12,0.0,0.2909905972338884,-0.06996876375050216,0.6758598922863481,1.224722870389698
2018-06-13,0.0,0.22386107482488432,-0.11721534375738153,0.6611267592645029,1.1554353104642163
2018-06-14,0.0,0.16682850386121803,-0.16924266963713805,0.6450072860227658,1.124259987141937
2018-06-15,0.0,0.1204583394546072,-0.22285254965937715,0.6277806784505442,1.1039828311003672
2018-06-16,0.0,0.07126079079921104,-0.25701446411931206,0.6074197291565973,1.0783402428542985
2018-06-17,0.0,0.0003949832209106851,-0.3153176014263346,0.5860240666781894,0.942046702176423
2018-06-18,0.0,-0.08120110391979309,-0.394987577882415,0.5631483138923383,0.9139794395108419
2018-06-19,0.0,-0.16759011720348824,-0.44567631691149673,0.5395817051525296,0.8616054375219819
2018-06-20,0.0,-0.24376597679740655,-0.4855045244939396,0.5137058938218265,0.8287925127209306
2018-06-21,0.0,-0.3010806428211414,-0.510118645319737,0.4872664635178238,0.7946818514924995
2018-06-22,0.0,-0.39865984095633594,-0.5699233038813258,0.42172440660434213,0.7595113721454625
2018-06-23,0.0,-0.5305370309786642,-0.6688125373704217,0.3939954737000769,0.7249258610252993
2018-06-24,0.0,-0.5636173371610413,-0.7083518384574585,0.36436280096126694,0.6891748862305926
2018-06-25,0.0,-0.6045455198606934,-0.750533909177413,0.33348958418453056,0.6523067877026906
2018-06-26,21.5,-0.18053168968855185,-0.3005269390872528,0.4478468192129693,0.8022921234799629
2018-06-27,0.0,-0.32207116473572,-0.4211563752891873,0.4139264316760956,0.7608236642430359
2018-06-28,16.0,-0.07571985859779308,-0.2785407192744184,0.48601043451974146,0.851498273732914
2018-06-29,0.0,-0.24265361860808202,-0.4373775082332395,0.4508444123580453,0.8076290694739462
2018-06-30,0.0,-0.3813021163989005,-0.5731649887972663,0.413328030944448,0.7607970051519727
2018-07-01,43.5,0.41340625160512745,0.19986434706714798,0.6529079285500576,1.0481243205708632
2018-07-02,23.5,0.7009416401218556,0.41577502823682844,0.7567903674929553,1.1654908411061151
2018-07-03,6.5,0.547431630379154,0.2804114366228494,0.7541897652626955,0.9665319731108188
2018-07-04,47.0,1.4283214243199522,1.0453478050807945,0.9877157587006087,1.2018967179954685
2018-07-05,10.5,1.3178113189601073,0.9580374969620415,1.0079473841527895,1.1705830798047816
2018-07-06,22.5,1.5070602063506628,1.1687289058338,1.0952597221373679,1.2740238803955732
2018-07-07,4.0,1.3442856585248373,1.0379751103063002,1.0790145714367019,1.2456371697806747
2018-07-08,0.0,1.1352910189056737,0.8320809749939763,1.0410641332042199,1.202668442186172
2018-07-09,17.5,1.2551592318012896,0.9715785455870177,1.0995583206221593,1.2748222637925901
2018-07-10,4.5,1.1920236274702058,0.90819131176601,1.085293316902635,1.2585337285773432
2018-07-11,12.0,1.2082352126373388,0.9380748798727084,1.110976443343243,1.2914416248154685
2018-07-12,0.0,0.9394684541993241,0.6842194234048251,1.069776559089612,1.2482232952420091
2018-07-13,0.0,0.7151520253751071,0.4760471897240804,1.0297526686523717,1.0371626598013552
2018-07-14,0.0,0.5061376871623623,0.2853150872354159,0.9907635583473005,0.9946267403986208
2018-07-15,0.0,0.3498744319677103,0.14079861286059608,0.9538542334917081,0.9550799401441802
2018-07-16,0.0,0.2177531941189247,0.019484192059115207,0.9131693318480906,0.9174216165934584
2018-07-17,0.0,0.12691861199603918,-0.0777490297198349,0.8803383137175961,0.8824619240131044
2018-07-18,0.0,0.060545140872520734,-0.12941934107327752,0.8461426165444258,0.8454558761835781
2018-07-19,0.0,0.019635809528144903,-0.18372280959904788,0.8121767772974425,0.808561261873705
2018-07-20,0.0,-0.027743653438049222,-0.23011935880353127,0.778949055001212,0.7738484960592803
2018-07-21,0.0,-0.08265749514489001,-0.27498332220879423,0.7387863300663682,0.7135444970784203
2018-07-22,0.0,-0.1332494033862048,-0.3043718378451401,0.7064255511865919,0.33378146173390394
2018-07-23,0.0,-0.22459402807504605,-0.3723770405563477,0.6742966266927405,0.13460318985837222
2018-07-24,0.0,-0.33554872871931507,-0.46852518141506766,0.6418569917070672,0.10406204788931864
2018-07-25,0.0,-0.4069976638918179,-0.522086534902773,0.6100928968678389,0.07377104925178382
2018-07-26,0.0,-0.4105899044608819,-0.5156599574558277,0.575400988842561,0.04109017273715268
2018-07-27,0.0,-0.4498840300208077,-0.5362227479798803,0.541834555999802,0.010690423983715962
2018-07-28,0.0,-0.47517092918222137,-0.5614656630872655,0.5099581777046377,-0.017705910730431196
2018-07-29,0.5,-0.5007936425495679,-0.5903677029757901,0.4817846479280019,-0.04184431651795753
2018-07-30,3.5,-0.4812323881589331,-0.5766970996042216,0.47045839858698746,-0.044074039578590865
2018-07-31,0.0,-0.5324692291272307,-0.6224862135486764,0.4416343157673782,-0.19372635677385214
2018-08-01,0.0,-0.5850458389913602,-0.6743765503895086,0.413427887167591,-0.22129490404981803
2018-08-02,0.0,-0.5753475314303163,-0.6711340561742755,0.38553985921652484,-0.24468792028185557
2018-08-03,0.0,-0.5446825194249298,-0.6386037080115287,0.35709250247884256,-0.26929860568875497
2018-08-04,0.0,-0.6239655664238632,-0.6996600558626304,0.32790906063597103,-0.3688965388879829
2018-08-05,0.0,-0.6876210678881728,-0.7605165395024481,0.29766844396508774,-0.4004559748910429
2018-08-06,200.0,2.4256793180228327,1.8407515145038498,1.2011618860032502,0.7670560764981866
2018-08-07,0.2,1.3037854973495175,1.4158653196690814,1.168531312470615,0.7372219175762772
2018-08-08,0.0,0.5804530137294444,1.0784276834283963,1.1345765845279083,0.7060408747072062
2018-08-09,0.5,0.18772039255260678,0.8798761786406987,1.102383458876429,0.6760710458994744
2018-08-10,7.0,0.03205489957093173,0.6115014039709856,1.0979479121258815,0.672480290885171
2018-08-11,0.0,-0.11672136922177564,0.5333485320097865,1.0662936881301,0.6386805307402447
2018-08-12,0.0,-0.24018902214689875,0.43444521959131027,1.03516850260155,0.6064201656925537
2018-08-13,0.0,-0.3275190899488414,0.3789487650744418,1.0047842515920076,0.5738695268301648
2018-08-14,1.0,-0.4102470600984321,0.3160929122420511,0.9785842126871692,0.5361411679099397
2018-08-15,0.0,-0.4551857514003439,0.2009092989760139,0.9483271593978405,0.24003904320402492
2018-08-16,26.0,-0.16859618633274,0.4205950367513412,1.0178365454849905,-0.03546637238926955
2018-08-17,0.2,-0.3529860517285004,0.2559825591170425,0.9809983816431698,-0.06941021108151454
2018-08-18,0.0,-0.46664109398364356,0.12401175807599957,0.9443104975949563,-0.10448381937709617
2018-08-19,0.0,-0.5064443127426843,0.014915991809727407,0.9065114807267358,-0.13994808065930658
2018-08-20,0.0,-0.5083872295241401,-0.06023099059415022,0.8690837335902036,-0.18999528913235647
2018-08-21,0.2,-0.6162139545205835,-0.13145833770089113,0.8326184318972539,-0.22876251236550826
2018-08-22,0.0,-0.7380272723306137,-0.21652088208648693,0.7953778281429217,-0.2657788673446911
2018-08-23,2.0,-0.8170370718524884,-0.2752830968522362,0.7669062536352089,-0.29045722110317246
2018-08-24,38.5,-0.2831047529585751,0.12331146257898579,0.8806917865494523,-0.11830446729375843
2018-08-25,0.0,-0.5133592578226791,-0.05399526098091096,0.8451053952545512,-0.15362952148871284
2018-08-26,4.5,-0.611983078145516,-0.13556614770380898,0.8286321299363404,-0.16298435333349537
2018-08-27,64.0,0.2898437715763493,0.6337326680581914,0.839893554469359,0.11743093351715898
2018-08-28,36.0,0.6430209814732022,0.9016848344683787,0.9317978127739832,0.24773103929978416
2018-08-29,36.5,0.9507428658948234,1.154897039249808,1.028898764576303,0.374388268926177
2018-08-30,1.5,0.6755716838091724,0.9134936493137296,0.9988951880653187,0.34391337406021266
2018-08-31,1.0,0.19459526859921628,0.3526053422786719,0.9176702458595272,0.31196779698645066
2018-09-01,0.1,0.1502285078137893,0.2681751964101837,0.7531794605281261,0.2770354256530668
2018-09-02,0.0,0.021152832323832804,0.16024108758811587,0.7203509354361417,0.24230463382666692
2018-09-03,37.0,0.46702573772314027,0.4123957948701614,0.8137296545524685,0.3678863653478448
2018-09-04,29.0,0.7968683589461564,0.5666037358381375,0.8298091505355584,0.45755052813778846
2018-09-05,0.0,0.6661736182611926,0.4587851233234096,0.7950882254439806,0.4269329557802714
2018-09-06,0.0,0.489044968449645,0.36523602520047566,0.7653117214016625,0.3965951760953646
2018-09-07,0.0,0.40483363630511526,0.2978928059986755,0.7354769022736052,0.36565236364768133
2018-09-08,0.0,0.2398040985002936,0.20239865822614225,0.7067247860133522,0.3347325370725154
2018-09-09,8.0,0.30509713877503114,0.22663948306154708,0.7074005842017909,0.3395189405550573
2018-09-10,3.5,0.24344390122906723,0.17765617064533337,0.692718200129801,0.3293239391002571
2018-09-11,0.0,0.08728246650296739,0.0810916124458885,0.6442716195149564,0.30522120801721975
2018-09-12,0.0,-0.012465312874447604,-0.0007925598008198714,0.6124722682308683,0.2828048653295353
2018-09-13,0.0,-0.09092209047191666,-0.06615311863267866,0.5868358824496125,0.2621107572656215
2018-09-14,1.5,-0.14807463541226656,-0.11176681052079018,0.567351617178633,0.2499717958697731
2018-09-15,3.0,-0.1733687821497456,-0.13476978292352687,0.5103461271390923,0.24492124880460875
2018-09-16,1.0,-0.2254321351952499,-0.17440537784989676,0.4933352516611477,0.23614855051473194
2018-09-17,0.0,-0.27823304905658275,-0.21861249867213528,0.4642696338244128,0.22427366751256392
2018-09-18,0.0,-0.29588533719470567,-0.24852383978612794,0.4446103347730533,0.21421589350939405
2018-09-19,0.5,-0.37139619969932014,-0.2970456950629653,0.4287139260706194,0.2086753070111607
2018-09-20,36.0,0.06041242764837962,-0.0005330674031081287,0.5396747880818968,0.3478699721226757
2018-09-21,31.0,0.3935102544451696,0.22197131429958625,0.6306499357194209,0.46319287052198094
2018-09-22,0.0,0.23606819069153642,0.10778396486511489,0.6145699341819608,0.4582510623218408
2018-09-23,0.0,0.14360334511028952,0.03726657166367509,0.5988342487368022,0.45421872316179646
2018-09-24,0.0,0.07476269658757026,-0.010726016960814435,0.5841709446124392,0.3677602968134177
2018-09-25,8.5,0.14805571248803834,0.03554491828921888,0.5992973566289,0.4003720398295911
2018-09-26,2.0,0.10425598396904265,0.0038156311789627594,0.5920834989740255,0.3452401291116254
2018-09-27,0.1,0.04206470980092641,-0.039939051905701885,0.5792313576230308,0.34738998179030073
2018-09-28,0.0,-0.02249670573950179,-0.08813136751367823,0.5668916894638083,0.3519042067525236
2018-09-29,0.0,-0.07620128282811682,-0.13526938316902687,0.5552296425468753,0.1831615761741833
2018-09-30,0.0,-0.10392069804120029,-0.16601827679575185,0.5430449301266499,0.09401766952115341
2018-10-01,0.0,-0.15844918454689205,-0.20166878995409596,0.4375710099711258,0.07653481122974927
2018-10-02,0.0,-0.20387757685897526,-0.24251831526290066,0.4045355008669291,-0.11330500028196418
2018-10-03,0.0,-0.19244483489850073,-0.2510136066535305,0.3663786775640259,-0.14768049054689003
2018-10-04,4.0,-0.20396035034873441,-0.2567244611012135,0.37196525683812276,-0.21780179844569358
2018-10-05,56.5,0.6218040413674065,0.3201421065230857,0.5569782998042516,0.022851658452907726
2018-10-06,144.5,2.7280619199667377,1.8512738947771674,1.0310034886349089,0.6065306343355148
2018-10-07,0.0,2.042078469361132,1.57217288382991,1.024450752357932,0.5531498566055709
2018-10-08,0.0,1.7099882368894666,1.4525382290938247,1.015527838801731,0.5491515521027522
2018-10-09,0.0,1.448667863437963,1.3360277588167455,1.008617883042603,0.5175584982211245
2018-10-10,0.0,1.2614906328343332,1.2455776342421154,1.002962289923611,0.5316069661830586
2018-10-11,0.0,1.1360068305661588,1.1928422933847216,0.9119622353339509,0.5458327177871486
2018-10-12,0.0,0.9627920403480901,1.0586576106119163,0.906970146948973,0.5605412491083035
2018-10-13,0.0,0.852741473658027,0.972247113551346,0.9028028067867321,0.5756147971482468
2018-10-14,0.0,0.762514795128602,0.8755029518775926,0.8982555286071021,0.5903384667614808
2018-10-15,0.0,0.7402196304810826,0.8632653046364135,0.8939536675026742,0.6039031544233783
2018-10-16,10.0,0.939883374136331,0.9830691695601765,0.9223080666658365,0.6554641088680441
2018-10-17,2.0,0.8502359144029124,0.9247549336095721,0.9241348136853273,0.6768925132552943
2018-10-18,27.5,1.2286765350248363,1.1655829852014756,1.0089009621161706,0.7917892592799534
2018-10-19,0.5,1.1187214632305844,1.05090467304007,0.9932897520105846,0.807077714618587
2018-10-20,0.0,1.0167191635182546,0.9382696194490929,0.8190752328046028,0.8212523413330951
2018-10-21,0.0,0.9219282155725818,0.8774965278785839,0.7369707438644442,0.8368667259050317
2018-10-22,0.0,0.8568095191227311,0.8348955758234465,0.7356971471142857,0.8541028381689
2018-10-23,0.5,0.6218910936942158,0.7038551915154848,0.7360989004679804,0.8735292043627766
2018-10-24,0.0,0.6993028771937738,0.7027716406127171,0.7345521153852601,0.8919826965961344
2018-10-25,0.0,0.7118322462509233,0.684731884005888,0.7333831405042217,0.9094721485948531
2018-10-26,0.0,0.7004594373143063,0.6627426793936881,0.7322970314702949,0.9265156198572415
2018-10-27,0.0,0.6505363845381477,0.6405313003694338,0.731163913934852,0.9412424593291291
2018-10-28,2.5,0.6303856333622847,0.6368243993485695,0.7390343003154795,0.9542427423685876
2018-10-29,0.0,0.5506449598896145,0.5947611346455358,0.6787665409568149,0.9711710113588057
2018-10-30,0.0,0.5176249017468603,0.5677218216545463,0.6769762273049018,0.9880464624460165
2018-10-31,0.0,0.4605125315398454,0.522250560300166,0.6764354797485491,1.0038955239071403
2018-11-01,0.0,0.4065851292145557,0.48201305316690596,0.675513033609957,1.0209939781809567
2018-11-02,0.0,0.360737231482249,0.4485611156428138,0.6381149430663059,1.037934239831612
2018-11-03,0.0,0.3309042275693365,0.41788128877906133,0.6341643038659449,1.0560774830080335
2018-11-04,0.0,0.3029653866314203,0.3944612964483977,0.6108743249303368,0.2672435831306547
2018-11-05,0.0,0.2726488879317316,0.37314380952496656,0.6111942747876247,0.286531649785776
2018-11-06,0.0,0.21969866464206467,0.3336075165567727,0.6120045200098188,0.3078302226102134
2018-11-07,5.5,0.3092350224951962,0.39874364780790106,0.6320113342319473,0.3520939031326281
2018-11-08,31.0,0.9407662513302398,0.8536346031093094,0.7364436398828155,0.4779289150922373
2018-11-09,0.1,0.7869069591738924,0.7439627754506043,0.736653199615008,0.4994476994059852
2018-11-10,0.0,0.709738458637444,0.6731360116486446,0.737446466371,0.5206179687304703
2018-11-11,0.0,0.6023331125412835,0.594320795788757,0.7380018442681183,0.5422461093170093
2018-11-12,3.0,0.6267616647790164,0.6087322056028691,0.741622003187843,0.5723309522252922
2018-11-13,5.0,0.6548101132988331,0.6339129383276091,0.5824258832210456,0.614614287862915
2018-11-14,5.0,0.6125125894218322,0.6147007727441682,0.34923022446900887,0.5569526711567246
2018-11-15,0.0,0.4686461021110508,0.48640569797842287,0.34917573282118824,0.5843844901906191
2018-11-16,0.0,0.4481581704986114,0.45158485348674277,0.3494790252857112,0.6127806595091327
2018-11-17,0.0,0.4270123358351683,0.4296005655096022,0.3504179374255102,0.6421505295223817
2018-11-18,0.0,0.4132711956960985,0.410001746963523,0.34216410136307357,0.6727675719364229
2018-11-19,0.0,0.38652813786924595,0.38579647136666206,0.3412593991686487,0.7037636983445364
2018-11-20,0.0,0.36425572271505535,0.37012227563369654,0.3422774888073451,0.7361727054454154
2018-11-21,0.2,0.3406308833524039,0.3612943321257521,0.3441830270162067,0.7615880847309221
2018-11-22,0.0,0.3160778931316998,0.3496284051905573,0.3453498240099044,0.6437125395239006
2018-11-23,0.0,0.27711167288944044,0.3249163973807588,0.3458933548799595,0.6764893766707342
2018-11-24,1.5,0.28542271321097984,0.3382614849682182,0.35288224846393246,0.6964528336555091
2018-11-25,0.0,0.2424997401060196,0.30454993312907036,0.35223914914372806,0.4709416817681367
2018-11-26,0.0,0.19861823544853732,0.2703278675186347,0.3521062904994718,0.353458140627073
2018-11-27,0.0,0.1403894722318986,0.21750233343852485,0.35331911397701,0.22941017021657595
2018-11-28,0.0,0.08820435325119444,0.17525976446150296,0.3545599013988489,0.262448231792217
2018-11-29,0.0,0.05136624277136331,0.14976825684589565,0.35585718513900366,0.2976171729208325
2018-11-30,0.0,0.018912392802745877,0.12628296356179478,0.3574199460535086,0.33679057470895984
2018-12-01,0.0,-0.0018013923941496543,0.11118204182486839,0.3597247537352822,0.37715285479677946
2018-12-02,0.0,-0.014867138355850823,0.10139287060488295,0.36245778407631585,0.24784542095903972
2018-12-03,2.5,0.03825303262324333,0.14195432634770147,0.3751814235170344,0.16100477973837182
2018-12-04,13.5,0.35826300143453504,0.39820292233940124,0.4280357691990204,0.2667076502471085
2018-12-05,0.4,0.29315327473223485,0.33723183146626623,0.43360271776299175,0.30999585409554664
2018-12-06,5.0,0.37032397396232664,0.3998283194754743,0.45569528509252993,0.3762398112811123
2018-12-07,0.0,0.30345102138002644,0.3378103090369877,0.45896481387438176,0.41831351734277883
2018-12-08,0.0,0.22764514706105438,0.27283073630215515,0.4631981669975792,0.4217555997233742
2018-12-09,0.0,0.16555389358767036,0.22330980575540818,0.46983199693800726,0.44574631971922946
2018-12-10,0.0,0.11539633969270059,0.18776239223569668,0.4764378249923256,0.48656548417634743
2018-12-11,1.5,0.11985109032142412,0.18889674193692066,0.4891029741240229,0.5343088689188207
2018-12-12,0.0,0.0795974652227343,0.1582260017702422,0.4966461056220511,0.5742109549283886
2018-12-13,0.0,0.04440181157100441,0.12904036484986986,0.5059039127732333,0.6072689223082056
2018-12-14,0.0,0.02009860737929903,0.10902746848899898,0.5161876460789949,0.6342592069479036
2018-12-15,0.0,-0.00470711568804503,0.08619326912816531,0.5271391497329325,0.665640510571121
2018-12-16,0.0,-0.035623674335290303,0.06293183015268955,0.5385021232560228,0.7016431555541933
2018-12-17,0.0,-0.07166968409738933,0.035748493843649164,0.54642880512198,0.729795243709801
2018-12-18,0.0,-0.09954352838199727,0.013634625042579,0.5589935941059402,0.7618322579701929
2018-12-19,0.0,-0.12034872513824489,-0.010803591077894348,0.5721881333972183,0.6136948965352981
2018-12-20,0.0,-0.13852144282635942,-0.03352279869244326,0.5856658549218656,0.4809062220061864
2018-12-21,0.0,-0.1659665061920694,-0.06172325135986507,0.5991402087454827,0.5147542720910732
2018-12-22,0.0,-0.1893198705525351,-0.08773298290480658,0.613396114583533,0.5492204007236838
2018-12-23,0.0,-0.22040774335522328,-0.12121310430983043,0.5530249016485931,0.5836761569598261
2018-12-24,0.0,-0.24719552121959332,-0.15585682994995803,0.5695853876149936,0.5699195159055833
2018-12-25,0.0,-0.2678930097682068,-0.18350623446887632,0.5303577372746335,0.5914503582077719
2018-12-26,0.0,-0.29450840784923554,-0.20395943661229696,0.5486592242458529,0.6230354257745615
2018-12-27,0.0,-0.3195252082136295,-0.22333207596440197,0.5678995863971275,0.6547536518123944
2018-12-28,0.0,-0.3493236388585265,-0.24297616345964343,0.4322998356818205,0.6853779320638397
2018-12-29,0.0,-0.3707859198644369,-0.2654340851346168,0.36829029423462445,0.7155573262085024
2018-12-30,0.0,-0.3392576321922766,-0.2858802334617501,0.3669703444618093,0.744480489815928
2018-12-31,0.0,-0.37395356808246216,-0.3164015758085358,0.21480121965207596,0.7725110694769708
2019-01-01,0.0,-0.3778852222868086,-0.33409383906136425,0.2215312275140648,0.8252700698124689
2019-01-02,0.0,-0.41374823087866086,-0.3460805197802542,0.15834398344601147,0.8279354834292406
2019-01-03,0.0,-0.5237342966329241,-0.36612349106960485,0.166594999426967,0.5003800487124068
2019-01-04,0.0,-0.5383069616104326,-0.38921938649582805,0.19028801279535837,-0.7050600435034768
2019-01-05,0.0,-0.5616230786087112,-0.4254259346924082,0.14686454884237052,-0.6809388070704209
2019-01-06,0.0,-0.578576754212907,-0.46853102687634757,0.15333276455786354,-0.6583852353836672
2019-01-07,0.0,-0.5742228003599901,-0.4886730392267091,0.13024224126658476,-0.6377153211072227
2019-01-08,0.0,-0.5746556601187139,-0.5345555665188999,0.15445080148926427,-0.6189914225609421
2019-01-09,0.0,-0.6102840598041457,-0.5837784972171552,0.179097299304028,-0.6008428553868527
2019-01-10,0.0,-0.607883049860327,-0.6092690428970128,0.20365571324900697,-0.5842062667040219
2019-01-11,0.0,-0.561293455709337,-0.604145347735816,0.22780890618084448,-0.5680340529535679
2019-01-12,2.0,-0.49759535622736717,-0.5747841114859965,0.2584105506828931,-0.5282157944309552
2019-01-13,0.0,-0.5450215500067597,-0.6352849546237268,0.2806440422478061,-0.5121878498171701
2019-01-14,0.0,-0.5324370942436131,-0.6406012710325122,0.3025418164699838,-0.6169733069698337
2019-01-15,0.0,-0.5512800693841429,-0.6776517183329948,0.3247198184379555,-0.6272493319953706
2019-01-16,0.0,-0.586921225703809,-0.7109902137732191,0.33552722055555584,-1.007046737020802
2019-01-17,0.0,-0.6162447654988303,-0.7183280922519565,0.35616923936044614,-1.0000267254586228
2019-01-18,0.0,-0.6423483643238659,-0.7300187940543142,0.376983549600048,-0.983628323325621
2019-01-19,0.0,-0.6495678690130233,-0.7377679459673352,0.3981723765269298,-0.9678359792613564
2019-01-20,0.0,-0.6309651005082272,-0.7302668031791841,0.42004044971626553,-0.9535400883402905
2019-01-21,0.0,-0.6747294252759989,-0.7601310902454311,0.441790768533579,-0.9476581451635026
2019-01-22,0.0,-0.708033535558245,-0.7956750310319767,0.4650367359248674,-0.9336649311528903
2019-01-23,0.0,-0.7063043461348422,-0.7792037803168287,0.4882346812092674,-0.9193915836219958
2019-01-24,0.0,-0.7111127616389766,-0.7808745103013601,0.5106072879888316,-0.9053402639441305
2019-01-25,1.5,-0.6566416028730163,-0.7376503227099074,0.536361172093555,-0.8688950375539194
2019-01-26,0.1,-0.688770965788513,-0.7637013041545286,0.5447681576485238,-0.8945150700927458
2019-01-27,0.0,-0.7158333654286695,-0.7854624777343334,0.5663436378826047,-0.8838910431539416
2019-01-28,0.0,-0.718531777460571,-0.7772509360328113,0.587251143975147,-0.8733768232362208
2019-01-29,0.0,-0.7188975140708019,-0.8060590862612175,0.6083730219972173,-0.8631372215080579
2019-01-30,0.0,-0.7175791826569149,-0.8091596121541893,0.6308485935603572,-0.8521409629890627
2019-01-31,13.0,-0.31409650305820597,-0.43473094246270677,0.7027987175444316,-0.6431282506183343
2019-02-01,0.0,-0.37514513324886445,-0.49523736965846055,0.7261835576746394,-0.6338916044423748
2019-02-02,0.0,-0.4261136148716516,-0.5454500834404088,-0.059395668577694787,-0.6243967666945262
2019-02-03,9.0,-0.18412982119881158,-0.6977696055467236,0.00439426420120575,-0.4885862974616401
2019-02-04,0.0,-0.23412043725429402,-0.764675501552346,0.030654443474010508,-0.4816974367784636
2019-02-05,0.0,-0.2770325802604661,-0.804517580841313,0.055069313862686174,-0.5513610958268726
2019-02-06,0.0,-0.30573383682653293,-0.8617964548485775,0.05256203935081627,-1.0518560371842147
2019-02-07,2.5,-0.24681197096428803,-0.8142951664786062,0.09104401364775541,-0.9986207077562083
2019-02-08,0.0,-0.291373934525453,-0.8207185051396723,0.11911199776894749,-0.9875097405820275
2019-02-09,0.0,-0.33455181085832814,-0.8566669555744548,0.14746697507991244,-0.9771532837297345
2019-02-10,0.0,-0.35075017628352206,-0.8593101007535233,0.17127717896317474,-1.021074722349821
2019-02-11,0.0,-0.39074531524003,-0.8569987374602313,0.19956363600488922,-1.1043667238543202
2019-02-12,0.0,-0.4154604111598837,-0.8492469103314414,0.123424124441473,-1.193971608087387
2019-02-13,0.0,-0.45100241554372406,-0.9018908653240149,0.15557682757126515,-1.1844757261460646
2019-02-14,0.0,-0.4951072488791538,-0.9389528605787243,0.189402567494162,-1.1774917755596725
2019-02-15,0.0,-0.5066455029955175,-0.9500730169626658,0.2233860643046326,-1.1710567137024162
2019-02-16,0.0,-0.49796486178140953,-0.9609602028467222,0.2572903868003104,-1.1667238589408937
2019-02-17,0.0,-0.49071439589600285,-0.9786656013805958,0.290972759713137,-1.162644927933682
2019-02-18,0.0,-0.5020986813724839,-0.9780025795650686,0.3255713684836455,-1.1611433735266274
2019-02-19,6.0,-0.3183003433087135,-0.8235335784360256,0.37572568623538566,-1.0403678278760027
2019-02-20,0.0,-0.34551513681642015,-0.8589028853182179,0.2544881834952883,-1.0390268816142831
2019-02-21,0.0,-0.3659629678403233,-0.8639543488148612,0.28820751264655675,-1.0383787682075587
2019-02-22,0.0,-0.3801394066192146,-0.834893129772533,0.3017786130584171,-1.0684495762757653
2019-02-23,0.2,-0.3724386018038702,-0.8155130237701568,0.06774017049618423,-1.06537000561501
2019-02-24,0.0,-0.39221665852370213,-0.8388789579584655,-0.05564417249637966,-1.0669779397849715
2019-02-25,0.0,-0.40865293230370087,-0.8318343550483966,-0.18616133951531727,-1.0697961421942594
2019-02-26,0.0,-0.4388077700310934,-0.8485122522845493,-0.15613976989348835,-1.0730963931721582
2019-02-27,0.0,-0.48524389193571515,-0.8977837029557324,-0.12462051992640698,-1.0760120643933124
2019-02-28,0.0,-0.5133256358868199,-0.9167611886471148,-0.0891260370613507,-1.0806720853537999
2019-03-01,0.0,-0.5611368813641286,-0.9632303527452644,-0.052498960861911706,-1.0875921898349947
2019-03-02,0.0,-0.6284316670561255,-1.045090176883404,-0.19292207986665905,-1.095980372887985
2019-03-03,0.0,-0.5658838374505663,-0.9412512450839352,-0.3028347874880318,-1.1571826683428705
2019-03-04,0.0,-0.5956660340641898,-0.9817730072411232,-0.2687445290148074,-1.4783895977740644
2019-03-05,0.0,-0.6128330907593799,-0.9855281985411621,-0.2344045052848591,-1.5028723239717858
2019-03-06,6.0,-0.4549023278297067,-0.826128283065978,-0.1694301299991568,-1.4910434674611244
2019-03-07,5.0,-0.34810109306658804,-0.729099392228449,-0.11122886068885653,-1.3810445056905096
2019-03-08,0.0,-0.4199039979673035,-0.7991879687002584,-0.1186358430521206,-1.3955028276148957
2019-03-09,0.0,-0.4538369855893507,-0.8526413547710965,-0.10575895378298715,-1.4118704397010098
2019-03-10,0.5,-0.46773890245060273,-0.8832958974976886,-0.07320479907023032,-1.4175151830374109
2019-03-11,0.0,-0.49166992390664466,-0.9060250631730741,-0.04423512411127416,-1.475368828861628
2019-03-12,0.5,-0.48574776449877005,-0.8995244524554551,-0.013553378784342268,-1.485056712304798
2019-03-13,0.0,-0.5090150346136986,-0.9183001430842279,0.007032291112901367,-1.5097825329082628
2019-03-14,0.0,-0.5386161034215038,-0.9409147127381879,0.019846581879364163,-1.5382657630083179
2019-03-15,9.5,-0.233008595288634,-0.6800392898472474,0.09079752638195247,-1.3428231242174302
2019-03-16,0.6,-0.26931023231259127,-0.6916609243977492,0.1188601129626389,-1.3521017521375858
2019-03-17,0.0,-0.3260799968526004,-0.7316863129714283,0.14299811800436119,-1.3720438406816502
2019-03-18,0.0,-0.37415919895533084,-0.7753698242086918,0.1639907931075621,-1.3934887459365195
2019-03-19,0.0,-0.40297665790537845,-0.789921002346108,-0.011509121319012683,-1.4168755523769494
2019-03-20,9.5,-0.0939224790052686,-0.5390204632575994,-0.11412654491066891,-1.2362075120108198
2019-03-21,4.5,-0.01764527378468599,-0.4811286189312569,-0.06545975193192133,-1.1677245239237402
2019-03-22,0.0,-0.11697943571162049,-0.5518308337075434,-0.044682990515036415,-1.1913103936288019
2019-03-23,1.0,-0.14784171202796004,-0.5690261110927787,-0.017965143488761444,-1.194552203607709
2019-03-24,0.0,-0.19554038211636562,-0.6132063571093732,-0.04842191944568979,-1.2177682191549648
2019-03-25,0.0,-0.24800967685662306,-0.6650121448576488,-0.04014715611112201,-1.2426374773555176
2019-03-26,0.0,-0.3011809222968985,-0.7210830094309899,-0.021455615652124428,-1.2683636290251887
2019-03-27,0.5,-0.2897405758461789,-0.7023663485649693,-0.00015229781524849187,-1.2857850457860107
2019-03-28,10.0,0.029651509835884084,-0.4140611140217122,0.07970930573526845,-1.116188005965107
2019-03-29,0.0,-0.03932775722294013,-0.46648663287994463,0.09671133154588596,-1.141511061156962
2019-03-30,2.0,-0.013909543387554157,-0.43135520641174574,0.125527391744613,-1.1285898580422007
2019-03-31,0.0,-0.05532476892795802,-0.47521183956218277,0.14083278407746969,-1.150636525647263
2019-04-01,0.0,-0.0907908039690298,-0.5316580897497891,0.15542768074697688,-1.1714347643419543
2019-04-02,0.0,-0.12477034463669848,-0.5607943940515842,0.14444971167550846,-1.1900327863075026
2019-04-03,0.0,-0.15494255750041108,-0.6149337489793154,-0.21992573262627102,-1.2058029184912635
2019-04-04,0.0,-0.1777079477825417,-0.6195927908851234,-1.423947966053445,-1.2210936833645323
2019-04-05,0.0,-0.20431401589069462,-0.6483398937104232,-1.4171205239164522,-1.2367239660718066
2019-04-06,2.5,-0.13052429280759162,-0.560900028889055,-1.3843840485280186,-1.2031592571979002
2019-04-07,0.0,-0.15157798713323348,-0.5837249864812812,-1.3776478255713895,-1.2186174003392796
2019-04-08,0.0,-0.1762304156991084,-0.5740614446522938,-1.3728536963335558,-1.2348152188677877
2019-04-09,11.5,0.20999583185979934,-0.2198489237656521,-1.2501589187174034,-1.035830449058649
2019-04-10,22.0,0.8580414901426412,0.37133151293268013,-1.0325485932528977,-0.6857896360864885
2019-04-11,0.0,0.7062021496297628,0.23015012934822174,-1.0268546812194221,-0.6981380423158684
2019-04-12,0.0,0.5610019678790191,0.1421642041933613,-1.0213937156173984,-0.7432734166902124
2019-04-13,0.0,0.4938973738373101,0.08794796237647558,-1.017812259805369,-0.7590371256841537
2019-04-14,0.0,0.4422898385911465,0.04712082509803715,-1.1116748592161187,-0.7740351661278939
2019-04-15,0.0,0.3939833454029387,0.01506702314689354,-1.1301322964910971,-0.7906889634494061
2019-04-16,0.0,0.35793431016980864,-0.014230461590953985,-1.4127208153242716,-0.8079131060684686
2019-04-17,0.0,0.32665988415923053,-0.06094105560720024,-1.4162802343522296,-0.8249825803128683
2019-04-18,0.0,0.2999050870458673,-0.10016806835355577,-1.415061711683259,-0.8423799289856649
2019-04-19,0.0,0.2560636506947528,-0.14315050115846534,-1.4122919670562297,-0.8586556267418618
2019-04-20,0.0,0.21902482908322327,-0.18550227879897763,-1.4113278906856983,-0.8746733147808549
2019-04-21,0.0,0.19611236841404958,-0.23140399584918142,-1.4184062154803507,-0.8935795661616491
2019-04-22,0.0,0.15526077927233167,-0.25729051907879136,-1.4194879257663073,-0.9106862938218131
2019-04-23,0.0,0.12872338584078097,-0.2992398694554766,-1.4206996792235378,-0.9292930495959305
2019-04-24,5.5,0.28888323988330106,-0.13414395833887607,-1.3626050057915864,-0.8584178442735964
2019-04-25,7.0,0.468197120413064,0.04245661375483039,-1.2899106391615915,-0.7885343239807154
2019-04-26,36.5,-0.43362162415508226,-0.4488337951446472,-0.9451980214987358,-0.2806869313804686
2019-04-27,0.0,-0.7018898746909668,-0.6991203609684614,-0.9464987441474969,-0.29366123186204796
2019-04-28,0.0,-0.7814202147169089,-0.785709860418937,-0.9491656562431146,-0.3075714572140807
2019-04-29,0.5,-0.7932200924141553,-0.7832602853283095,-0.945997789055437,-0.3154697616379908
2019-04-30,0.0,-0.9811135275254731,-0.9461089373240887,-0.9471133108114593,-0.3306786675006724
2019-05-01,0.0,-1.1279046107699189,-1.0280116708904858,-0.9488762681152261,-0.5257144645288792
2019-05-02,0.0,-1.1695269672983755,-1.093800281959564,-0.9527827656535491,-0.542944271959987
2019-05-03,0.0,-1.2183786771410277,-1.1543092843303768,-0.9569871993031607,-0.561411498023374
2019-05-04,0.0,-1.288373578680475,-1.204730988687132,-0.9615747433452401,-0.7123128287219053
2019-05-05,0.0,-1.3826056561466695,-1.263423675644341,-0.9660238632653195,-0.7291151337455294
2019-05-06,2.0,-1.3892368053685478,-1.2316203814700555,-1.0046795756010967,-0.7145662193457644
2019-05-07,0.0,-1.1249892252541758,-1.0197854677590097,-1.340415978435496,-0.7315882652508681
2019-05-08,0.0,-1.231297893813946,-1.113931892952326,-1.3462872315542234,-0.7874769478723296
2019-05-09,0.0,-1.3129964654790622,-1.1777569483268744,-1.3500202096015188,-0.8038092336890592
2019-05-10,0.0,-1.3666136749484012,-1.1814296838926543,-1.3538779843097724,-0.8203037226868882
2019-05-11,0.0,-1.4004644716670545,-1.2182489359262645,-1.3896219485299168,-0.8368591330074375
2019-05-12,0.0,-1.494641346579366,-1.300888701756802,-1.4462919617592362,-0.8528808729668592
2019-05-13,0.0,-1.345049853043715,-1.2654117377265612,-1.5039668680442666,-0.8667880427109018
2019-05-14,0.0,-1.4713945633618186,-1.3827768423325961,-1.5024248067848531,-0.8768761472340002
2019-05-15,0.0,-1.5769230429102346,-1.4625799097247487,-1.501571578853644,-0.8875286937345163
2019-05-16,0.0,-1.6513908913605428,-1.4470294882098844,-1.5013731253891718,-0.8964888332873792
2019-05-17,0.0,-1.6706625539694315,-1.5182114470722712,-1.5024454800851788,-0.9037063467012012
2019-05-18,0.0,-1.625940576157672,-1.5052574821460414,-1.5029281756046657,-0.9105326979074505
2019-05-19,2.0,-1.6114675373368679,-1.5687823835287444,-1.480529394195955,-0.8848447188063107
2019-05-20,0.0,-1.6729601852896399,-1.6128991475788357,-1.4837411755795211,-0.9880230596714341
2019-05-21,0.0,-1.6935721412198481,-1.5980124555917208,-1.485163910104383,-0.9960859239573301
2019-05-22,0.0,-1.7926057234550625,-1.6832930270885067,-1.486177107687005,-1.0009423187440911
2019-05-23,0.0,-1.8035591284023373,-1.7158814516947385,-1.506474370880157,-1.004959699632476
2019-05-24,0.0,-1.4988156260271364,-1.4717061123470676,-1.5095819568083515,-1.0100088260524351
2019-05-25,0.0,-1.6097874943171977,-1.5059827928950482,-1.5133416212138815,-1.0128277861098012
2019-05-26,0.0,-1.6799814278009715,-1.5521639298648722,-1.5165584463624857,-1.0155594495119469
2019-05-27,0.5,-1.724945922946537,-1.6111170236966517,-1.514427324226102,-1.0097112765784455
2019-05-28,0.0,-1.7802592186207502,-1.6646651171413283,-1.519519215234208,-1.0133746922631297
2019-05-29,0.0,-1.8434070832332456,-1.7117057184373752,-1.523955726168722,-1.0167696822578092
2019-05-30,0.0,-1.8618719596649635,-1.725059153717247,-1.530589492199235,-1.0181687260770975
2019-05-31,0.0,-1.9461484962886526,-1.8037866717881115,-1.5389656095539308,-1.0191680026020888
2019-06-01,0.0,-1.932361168448313,-1.8282932031292052,-1.5770834008107457,-1.020003919406838
2019-06-02,0.0,-1.8222624036999195,-1.7242495823552288,-1.7504377339600719,-1.021109919677371
2019-06-03,0.0,-1.9322730139503643,-1.7248315242819066,-1.7667324719095525,-1.0244062733446315
2019-06-04,0.0,-1.9815159384352612,-1.8038219623426517,-1.8406395930465476,-1.1279506748179724
2019-06-05,0.0,-1.9182812139935919,-1.7958414088721932,-1.8517145229306946,-1.2184009145656378
2019-06-06,10.5,-1.615750056885432,-1.4984828813296127,-1.7325669691811314,-1.0477455196320136
2019-06-07,69.0,0.09053927467110356,-0.04748876465833719,-0.9836146181400435,-0.07782492152338667
2019-06-08,0.0,-0.3268399301574542,-0.4340332451481262,-0.9963134477313867,-0.08940745937458236
2019-06-09,2.0,-0.49644143645139627,-0.6009563073628797,-1.00569892762593,-0.0716951365435425
2019-06-10,3.5,-0.5448342397962719,-0.6401160852263076,-0.9854436722137887,-0.044113275158817196
2019-06-11,1.5,-0.6459717007999596,-0.7471906526711432,-0.9889112839818652,-0.03872517360646633
2019-06-12,0.0,-0.7302054783081886,-0.8161355894806119,-1.0088949138572112,-0.05282945289325186
2019-06-13,0.0,-0.7752315474133887,-0.8692571096378054,-1.0296278164277504,-0.18442327147604054
2019-06-14,4.5,-0.700067674597899,-0.7921462414038196,-1.0063815092092967,-0.15244422084683604
2019-06-15,20.5,-0.19029249406474374,-0.31686857291941917,-0.8299535835591563,0.07350501758378912
2019-06-16,4.0,-0.2436310943382864,-0.3548037670169936,-0.8150185002519225,0.09649461539144424
2019-06-17,0.0,-0.4268215779190605,-0.509383108443246,-0.8400420330359955,0.07158612520863993
2019-06-18,7.5,-0.3003761122278018,-0.40857932917080214,-0.7958318563728488,0.022654317097473325
2019-06-19,1.5,-0.3973954341083774,-0.4930726697223793,-0.8077089122529361,-0.03862775182451311
2019-06-20,0.0,-0.5174713584604039,-0.587117615638368,-0.8364554086932127,-0.06763384272867089
2019-06-21,0.0,-0.5683910718316371,-0.6221739370398646,-0.8654802540992048,-0.10831742366033484
2019-06-22,0.0,-0.6891100446876233,-0.7095564482719244,-0.8947000572098579,-0.1387323140084453
2019-06-23,0.0,-0.8488925046185672,-0.8372598659755269,-0.9237430989511516,-0.16898447669360156
2019-06-24,0.2,-0.8605351222088321,-0.8782956584573847,-0.9524542565962726,-0.1984011153708104
2019-06-25,0.0,-0.8914753112292378,-0.9249314861672281,-0.9848048125110891,-0.23601264607368846
2019-06-26,1.5,-0.8524935262407218,-0.8947993731666385,-1.0045114551776917,-0.36609941758896114
2019-06-27,2.5,-0.8766460881066871,-0.9013563415437246,-1.01593981716834,-0.37241655117560024
2019-06-28,0.0,-1.0135782713081305,-1.037535307283922,-1.0516579874562835,-0.4291970511453475
2019-06-29,3.5,-1.0256473931275878,-1.041302083661693,-1.0555311879528455,-0.4245790830399654
2019-06-30,0.0,-1.1245738965260388,-1.1651715116328676,-1.0934260604250214,-0.4622627213810272
2019-07-01,0.0,-1.034390336547286,-1.0935546474597366,-1.1318705084997966,-0.5016949768369745
2019-07-02,0.0,-1.2425506245094984,-1.2182325505628544,-1.1711521668873175,-0.5423541525078933
2019-07-03,0.0,-1.3066258412767744,-1.2530869040722665,-1.2111875944946564,-0.5841705674490242
2019-07-04,0.0,-1.4609890386463265,-1.401353008847747,-1.2522233645055045,-0.6261453010339296
2019-07-05,0.0,-1.5113526890212516,-1.445427057991175,-1.2948225631835446,-0.6944092771988071
2019-07-06,0.2,-1.4854197669273494,-1.451793566184059,-1.3354852635203196,-0.7332880835502438
2019-07-07,0.5,-1.5701479344059754,-1.5287800515703591,-1.3728917627149269,-0.7694913758479607
2019-07-08,5.0,-1.538735726919568,-1.4647324602622578,-1.3714890210657118,-0.8862895083672182
2019-07-09,2.5,-1.5020823639924765,-1.4454913698841152,-1.393299678376748,-1.1552175950224952
2019-07-10,53.5,-0.5140645970246016,-0.5423017000346727,-0.9748333340638861,-0.6236633806464617
2019-07-11,100.5,1.1631195349552517,0.9729606409714721,-0.272050407529718,0.22294319243405342
2019-07-12,0.0,0.47047170727839055,0.4571447671958404,-0.3113102162128942,0.18126216775154275
2019-07-13,0.0,0.07977841481846674,0.14599921709561234,-0.34990819388598743,0.14089042080391664
2019-07-14,1.0,-0.15511410011952848,-0.06222214921894142,-0.3816039690340178,0.10857381618890014
2019-07-15,7.0,-0.20388427505110115,-0.11615416365820559,-0.37140892007589116,0.12459225778983261
2019-07-16,1.5,-0.3141754639006546,-0.23438642102858043,-0.39867515158344113,0.09901668760155528
2019-07-17,0.0,-0.44446097517640965,-0.3541009085290731,-0.4351503466574297,0.06434512128727131
2019-07-18,0.0,-0.4781116042220029,-0.3953279203303381,-0.46960058446315234,0.030037350452586393
2019-07-19,3.0,-0.5180673129727652,-0.43290809588729945,-0.48194503400761624,0.019276849849462124
2019-07-20,17.5,-0.2967710978185115,-0.24651704182003972,-0.3953154307495316,0.1184196923345652
2019-07-21,8.0,-0.2633698877355882,-0.2216899525036901,-0.37152421988359075,0.1470413021675519
2019-07-22,0.0,-0.35819388336490077,-0.3025068243952866,-0.4021442569139379,0.11688223046632024
2019-07-23,0.0,-0.47738891538875267,-0.4032735404266617,-0.43294092353070435,0.046860570578654226
2019-07-24,0.0,-0.6313039688668972,-0.5263831082942702,-0.47373134202972994,-0.035168196889838445
2019-07-25,1.5,-0.6742705367576288,-0.5718656395126862,-0.49437427291610825,-0.3334783800458737
2019-07-26,13.5,-0.4330311202140194,-0.3882888119247762,-0.4364502632520755,-0.25980146153411166
2019-07-27,0.5,-0.5060694029650984,-0.45016102767221805,-0.4625368641404173,-0.28537123741768583
2019-07-28,5.0,-0.48120684976891076,-0.43725985821822466,-0.4583429175872128,-0.2785307471768531
2019-07-29,0.1,-0.5435932988623867,-0.4954962069333694,-0.48545768768286857,-0.3049185288510534
2019-07-30,0.0,-0.6031773478949126,-0.5450000244249066,-0.5956669118645178,-0.3316214133057088
2019-07-31,0.0,-0.6675922980304311,-0.5982791847252007,-0.6211413365846779,-0.3558440446016441
2019-08-01,0.0,-0.7344215220549697,-0.6595035385788044,-0.6461223594936368,-0.37923044809760276
2019-08-02,0.0,-0.7228198332130614,-0.6660980067500103,-0.7281416332481753,-0.40197832415737716
2019-08-03,0.0,-0.6850933704920413,-0.6416079546150316,-0.7527711962385197,-0.42593814903597654
2019-08-04,0.0,-0.7814787528884103,-0.7099692141706755,-0.7759022202437569,-0.4641267499059123
2019-08-05,0.0,-0.8591609172341903,-0.778010368365109,-0.7992710903803577,-0.4878030433611218
2019-08-06,2.5,-0.8468292903030633,-0.7909492408114214,-0.82326995761054,-0.4931984960882612
2019-08-07,58.0,-0.15633440046168476,-0.03295310529394635,-0.4946537266025951,-0.11804084799468258
2019-08-08,0.4,-0.42296703664959134,-0.25828428531517256,-0.5174585896403644,-0.14110344878208303
2019-08-09,0.0,-0.5932147731506686,-0.41699705612267507,-0.5436553822144441,-0.16782169753903495
2019-08-10,0.0,-0.4803217413033324,-0.4056733498416616,-0.5692576203446994,-0.19407404594027916
2019-08-11,17.0,-0.4070813318624598,-0.2994205624643928,-0.4985034466846036,-0.11353537362445669
2019-08-12,0.1,-0.5309412631063165,-0.39518287616506087,-0.5250904067654324,-0.14124504816032948
2019-08-13,0.0,-0.6361107779105455,-0.47399659523200477,-0.5532752212193897,-0.1710223473666837
2019-08-14,0.3,-0.7420701999669885,-0.5583350886770686,-0.5805801657529394,-0.19944890872218524
2019-08-15,161.5,1.846708167445502,1.317498736386142,0.2194661584345159,0.6519014019436578
2019-08-16,4.5,0.9478469407589379,0.9228609855431131,0.20645818426339882,0.6347387834979872
2019-08-17,0.0,0.4081237671216234,0.6571901685876937,0.17235553981118912,0.5860641105506545
2019-08-18,0.0,0.06413559306095672,0.4517975358055385,0.11035741093334639,0.5476376007309526
2019-08-19,0.0,-0.1460976021285227,0.27207837706965127,0.07569047959004505,0.5084338388080125
2019-08-20,0.0,-0.2566291801792123,0.13996463871582793,0.04100183002910002,0.4691323704048854
2019-08-21,0.2,-0.3837445110599636,0.04913681874018742,0.006822378372410316,0.4305338947639021
2019-08-22,0.0,-0.5186322258153523,-0.049503847535665675,-0.029080076999827193,0.39098308535192516
2019-08-23,0.0,-0.6445844748948346,-0.15337921021974354,-0.06326907844830562,0.3528484419777678
2019-08-24,0.0,-0.7393964649522466,-0.24845935760519028,-0.0970023087182498,0.3151613606152787
2019-08-25,19.5,-0.5834297551888052,-0.12379154401223008,-0.04122835251519323,0.3666073035581337
2019-08-26,0.0,-0.7795740354180283,-0.2869536950338278,-0.0728748687706357,0.3320355885572233
2019-08-27,0.5,-0.8420888332382662,-0.38520855058536174,-0.10258592801870313,0.29910590067371473
2019-08-28,0.0,-0.955292368623785,-0.47316817564351793,-0.13573941518024552,0.2627849007180091
2019-08-29,0.0,-1.1639707025799373,-0.6436741263481253,-0.16918554657317386,0.22599509615680674
2019-08-30,0.0,-1.3207392904730377,-0.7938321985722573,-0.20280231360416687,0.1890868131306165
2019-08-31,0.0,-0.621865896984501,-0.4691636631238881,-0.23568599548666763,0.15281574741116055
2019-09-01,0.0,-1.075852558364188,-0.6169603159597036,-0.268143711197048,0.11743082052925283
2019-09-02,0.0,-1.4136674508647318,-0.7479000141432361,-0.3276327531722516,0.08257721061473036
2019-09-03,23.5,-0.9196338426810461,-0.5414804111212845,-0.27686553751961107,0.15454459702000248
2019-09-04,25.5,-0.7457081575555368,-0.40800486604726943,-0.19635311043216505,0.18899101717557545
2019-09-05,23.5,-0.5495864895219398,-0.2949103014254569,-0.1259723665367033,-0.04651065359766732
2019-09-06,1.0,-0.6148832757925595,-0.37489098109291974,-0.15433986395535723,-0.07369074825129467
2019-09-07,2.0,-0.7090748060386982,-0.43203925339319826,-0.17730967842892154,-0.10622338062883242
2019-09-08,0.0,-0.6527487560228457,-0.44898446665768726,-0.21004252359943762,-0.1533423675060487
2019-09-09,0.1,-0.8236169480973639,-0.5316655165436353,-0.23893935022104074,-0.18773209698909255
2019-09-10,1.5,-0.9528130010339463,-0.6122515320479708,-0.2604371743914787,-0.2064451252182625
2019-09-11,41.5,-0.259245293101855,-0.23027182234910354,-0.15308788907059245,-0.04065393942672849
2019-09-12,0.2,-0.4320274514879373,-0.35432545826627865,-0.1806255204979806,-0.08234384741109618
2019-09-13,0.0,-0.5014381252242477,-0.4129806816651763,-0.2057494275109298,-0.19584274220204104
2019-09-14,0.0,-0.6323296518186236,-0.49503969776235873,-0.23026652754383586,-0.2322775898694626
2019-09-15,14.5,-0.49714275818603376,-0.4101010988315218,-0.19482004668311376,-0.18320133585941456
2019-09-16,0.0,-0.5983213676961782,-0.48401809878909796,-0.2550830511970383,-0.2307963995619018
2019-09-17,0.0,-0.6611879206179617,-0.5426931886876059,-0.2944151695664533,-0.2498561294938641
2019-09-18,0.0,-0.6368527173821492,-0.5585962755592367,-0.3141199541353158,-0.2598342730756267
2019-09-19,0.0,-0.751039816296305,-0.6229359279224158,-0.3362844822521247,-0.26744210690671455
2019-09-20,0.0,-0.7751416846238242,-0.6586274927626542,-0.35442533575687446,-0.2744253090532264
2019-09-21,15.0,-0.6212707914457746,-0.5378918474088614,-0.31053443251536256,-0.2128732332815301
2019-09-22,78.5,0.2142165058031385,0.05136728853507248,-0.01400267735725647,0.12297365003597188
2019-09-23,6.5,0.08512157439576865,-0.0451528115178629,-0.007183216796861514,0.14619159501799237
2019-09-24,0.0,-0.054980699513795604,-0.14181854661788762,-0.06204757075349184,0.1377139580113077
2019-09-25,0.0,-0.1636565387623683,-0.21433765566067828,-0.07770621519859669,0.12648736192870658
2019-09-26,0.0,-0.244035327370159,-0.27486924273838637,-0.1003101094547523,0.12704916466662272
2019-09-27,0.0,-0.29782162581783556,-0.3204445290097617,-0.11426142352515042,0.11445095989401387
2019-09-28,0.0,-0.3680678279283423,-0.3705821307205472,-0.1269367817302394,0.1195546259227176
2019-09-29,0.0,-0.4356036291201933,-0.42444031628333917,-0.13917765614178285,0.12659474688678088
2019-09-30,0.0,-0.4359897391949064,-0.4501590408065853,-0.15104789530802018,0.13479794454487004
2019-10-01,0.0,-0.4999038777361855,-0.49065511110101473,-0.16233182294774356,0.14433647536513836
2019-10-02,61.0,0.4338793632319733,0.14951923460068525,0.06281791974487591,0.3992072941207642
2019-10-03,310.0,4.530443995331523,3.4349048730128495,1.1148371889583113,1.4835278006038901
2019-10-04,0.0,3.0834709148477764,2.969106515709144,1.106768946314305,1.4909261225534176
2019-10-05,57.5,2.945413763065433,3.2000789367320337,1.2790006614501221,1.6717212796695269
2019-10-06,0.1,2.169566030934961,2.875761279863192,1.2364422142313392,1.664452318541171
2019-10-07,0.0,1.8411498392005954,2.738714574579068,1.1612738038241184,1.665696147695504
2019-10-08,0.0,1.6439852945840692,2.6782898790101157,1.1539821969607125,1.513033571393784
2019-10-09,0.0,1.4484924746659944,2.5586307275287803,1.1470994677639568,1.2056272304158997
2019-10-10,0.0,1.2933966839642856,2.461992466686941,1.1415240965954685,1.2185937615990696
2019-10-11,0.2,1.1875682159628609,2.4254539832409114,1.1371933520709017,1.2320167659983428
2019-10-12,0.0,1.0168073237920972,2.2146943355468545,1.1327189937588578,1.2421614143736392
2019-10-13,0.0,0.9066062160391893,2.0922730793644333,1.1286910452634593,1.233451826970584
2019-10-14,92.0,2.452256588169609,3.0868656256089917,1.408464069622695,1.5358420089645923
2019-10-15,8.0,2.338404243188816,3.090213166446886,1.4285423298905535,1.5736969513431522
2019-10-16,0.0,2.268850874040016,3.045463234595298,1.4243733284392985,1.587675412033236
2019-10-17,0.0,1.9981333062634257,2.872019252262783,1.4198022692665122,1.5926317722533994
2019-10-18,1.5,1.7509229687381984,2.6069065707913164,1.4205533614494001,1.5573106659644382
2019-10-19,0.0,1.6738577910388222,2.483115527504758,1.4184023368886174,1.5464151419655046
2019-10-20,0.0,1.5761527579990058,2.3131687255441946,1.416578565628844,1.5614573317714502
2019-10-21,0.0,1.4784463695287102,2.2543569418402383,1.3990207909687868,1.578518586037573
2019-10-22,0.0,1.4130968555570478,2.223207910557357,1.3775984536566115,1.5975787276302036
2019-10-23,0.2,1.0361408627048612,1.9137546873399294,1.2656992038463217,1.6134859765999197
2019-10-24,1.0,1.2017546357553701,1.971360576397398,1.268504269876701,1.5936735364255035
2019-10-25,4.5,1.337991423792477,2.0360262304732966,1.2825713554518776,1.6247889351171185
2019-10-26,0.0,1.31782436235905,2.0042747728684502,1.2809459300590598,1.626800488683698
2019-10-27,0.0,1.2524468291154434,1.9970622880474385,1.2805777026899174,1.6436313739061548
2019-10-28,0.0,1.1495755101140401,1.9457791589783653,1.280713114435112,1.6609544863103611
2019-10-29,0.0,1.053782498390673,1.9040966456621662,1.2813730828093093,1.6790371235342472
2019-10-30,0.0,1.043201531301161,1.912485480182344,1.2826723137897087,1.6969798065314683
2019-10-31,0.0,0.9931546439535411,1.8772738212973081,1.2828930343093137,1.7127976981158846
2019-11-01,0.0,0.9263724659931879,1.8269597823114079,1.2823346236660438,1.7299894723015348
2019-11-02,0.0,0.871949841761677,1.8016488214397441,1.2756858550081287,1.7463824202631106
2019-11-03,13.5,1.1662678934088295,1.9916724869303155,1.3187978470392938,1.806797357814971
2019-11-04,0.0,1.0981560307408529,1.9546645983476152,1.3190922560040492,1.81625363190163
2019-11-05,0.0,1.0327586347249507,1.9160674154735573,1.3202879392464775,1.6472920472922603
2019-11-06,0.0,0.9328855902766608,1.8565756008901952,1.32206003301016,1.664576431967476
2019-11-07,0.0,0.9111428620570061,1.8905873049487596,1.32374931303904,1.6810680926244357
2019-11-08,0.0,0.7782867746545413,1.758690790029351,1.3267715042241108,1.6954438858730394
2019-11-09,1.5,0.7627475873310393,1.7735729464511523,1.3343954428174067,1.6563236772382088
2019-11-10,0.0,0.7305588759927183,1.7591159154032354,1.3364035136986034,1.6664106205711862
2019-11-11,0.0,0.6504743907824686,1.6808416774919548,1.3381926770878532,1.6771076757323602
2019-11-12,0.0,0.6191796527831565,1.6851269696928763,1.3391052081750536,1.6870843548104215
2019-11-13,0.0,0.5451301969560879,1.6382208134861314,1.3393635032382116,1.1600589664518317
2019-11-14,0.0,0.43217974019876937,1.4920916997802576,1.3408351736103867,1.1673096035707022
2019-11-15,0.5,0.35118098532766434,1.3096128628502295,1.336996280154183,1.192900619183307
2019-11-16,0.0,0.34230717565341706,1.311055508861636,1.3381819932255825,1.2158967131799876
2019-11-17,5.0,0.4474956230083154,1.4221035641064597,1.3558179171098415,1.2558400691050182
2019-11-18,8.5,0.636759477515792,1.5667562003700835,1.3839543991497996,1.309019378579614
2019-11-19,0.0,0.5816956802807862,1.5159699492987926,1.384690634513042,1.334461860415992
2019-11-20,0.0,0.5522899638835479,1.5044567721734674,1.3858402196696122,1.3616376418180995
2019-11-21,0.0,0.5196650615366416,1.5135851535078448,1.3874227458625048,1.38961058743504
2019-11-22,0.0,0.49369329718151284,1.521045074196986,1.3888879237245397,1.4162710733572554
2019-11-23,0.0,0.4526634621478393,1.4921722928148986,1.3875971461985288,1.3797509744372303
2019-11-24,0.2,0.4262425159515609,1.489854851915065,1.388425761987708,1.406992799549858
2019-11-25,30.5,1.2029463136022283,2.070511411805693,1.48481590292037,1.5316442930136547
2019-11-26,0.0,1.0488344800736975,1.9496191495844997,1.484746581437261,1.5604754902499423
2019-11-27,17.0,1.3448079134960673,2.083974132936397,1.5381386806140884,1.6439399010761713
2019-11-28,28.0,1.760273616607829,2.387247325652277,1.6245666170239468,1.7596108225580758
2019-11-29,0.0,1.5999285816108542,2.2906273798050107,1.624333236747109,1.7908386122189974
2019-11-30,0.0,1.4754575545470003,2.2260684022684583,1.6236458801227647,1.8242524660188248
2019-12-01,0.1,1.415409676957485,2.1818860730513556,1.6242511175428032,1.8596060958407152
2019-12-02,0.0,1.3766814857567893,2.1607154658865024,1.6243062960399246,1.8231296657494196
2019-12-03,0.0,1.298946728774766,2.1088373091159514,1.5933843864313342,1.780582462938186
2019-12-04,0.0,1.2599746571392854,2.075999974851299,1.3809117292459983,1.745564659943184
2019-12-05,0.0,1.2397184858990251,2.0279009059799424,1.3835061172580583,1.781391437438953
2019-12-06,0.0,1.1961940484331062,2.0194676260471174,1.3802831808471447,1.8170140213645807
2019-12-07,0.0,1.1686855692477611,1.9637152906735291,1.3731857963057335,1.8595456138675337
2019-12-08,0.0,1.075004601486587,1.8344155884433617,1.372408041301793,1.902100257389201
2019-12-09,0.0,0.9931738827160327,1.7583790735482245,1.3771831962748116,1.9403092038969714
2019-12-10,0.0,0.9356594252193717,1.7454790230906716,1.3818601101438297,1.8526488538174346
2019-12-11,0.0,0.8868967044380527,1.6959655871317294,1.3731286074691322,1.8959293592940543
2019-12-12,0.0,0.8729763924317584,1.706227436070121,1.3139318267858604,1.9392055006545192
2019-12-13,0.0,0.8616309548179738,1.7049546601732204,1.308635384695227,1.9845574663988348
2019-12-14,0.0,0.8246043618860825,1.6813843861488056,1.317249317873944,1.9844720330332604
2019-12-15,0.0,0.7710636410377375,1.6216779011116826,1.3026318933545629,2.0206786821540024
2019-12-16,0.0,0.7684462637526966,1.6285659749280543,1.307617457877013,2.057614505653795
2019-12-17,0.0,0.7530896819708559,1.6246367286225594,1.3173634787851818,2.0832896880674134
2019-12-18,5.0,0.8848712026839567,1.7378673270470686,1.3440371770362611,2.1367511363850027
2019-12-19,0.0,0.7697270492336253,1.6480196013807171,1.3557418856549042,2.1743288574510826
2019-12-20,0.0,0.683951356210596,1.5629741813855405,1.3679110182758776,2.1629167219941983
2019-12-21,0.0,0.6808005781482344,1.5569813353219517,1.3793529635724595,1.9244152888139636
2019-12-22,0.0,0.6695227205030927,1.5434470369691555,1.3917760943581081,1.937492530160912
2019-12-23,0.0,0.639761349532968,1.5079742327509216,1.4006656685323287,1.9756054886956655
2019-12-24,0.0,0.6051795168733967,1.4930709528338206,1.4079565672425445,2.01508067889124
2019-12-25,0.0,0.5682275966586564,1.4363175821703453,1.4239729170789424,2.0523169708652107
2019-12-26,0.0,0.5342970354124859,1.4200392412810188,1.4295617574847603,2.086689760393698
2019-12-27,0.0,0.4947366551094928,1.3885441294335366,1.4464560725970357,2.1214451467675333
2019-12-28,0.0,0.48954305474166504,1.4027265435896432,1.4638615486408317,2.154908191708119
2019-12-29,0.0,0.46696114756193474,1.404599981751074,1.4818948989105472,2.188802208561003
2019-12-30,0.0,0.5200121372139641,1.3971291269605473,1.5004753562616435,2.2186792013123644
2019-12-31,0.0,0.49605291860789835,1.382300243974364,1.5197137723413117,2.012943249631487
2020-01-01,0.0,0.5094466624557298,1.3527953954419134,1.5602687764356007,0.5360202870149638
2020-01-02,0.0,0.48886425765910546,1.320351558170412,1.580085117167525,0.5616091493435416
2020-01-03,0.0,0.39840744496815506,1.3249652683269202,1.5988710625886389,0.18650997521186305
2020-01-04,0.0,0.38454006802552687,1.3314903002085272,1.6040372805870777,0.2093289059151663
2020-01-05,0.0,0.3532924551862292,1.3160880771722792,1.6167600840919745,0.231414363940716
2020-01-06,0.1,0.3077705048809398,1.28005442013697,1.474812797880378,0.25450265186365806
2020-01-07,50.0,2.131430337022883,2.627914161872322,1.3391058567714995,0.6262183074605037
2020-01-08,9.1,2.0970191088136816,2.6839929250814554,1.3895989252994936,0.7070761551475504
2020-01-09,0.0,1.894432470606645,2.5271741490560773,1.4124536185425134,0.7276060356522113
2020-01-10,0.0,1.699367834366317,2.402290474357655,1.4323027042724978,0.7489207567514717
2020-01-11,0.0,1.4534941961364534,2.215285057571661,1.4338534260082154,0.7713158359922215
2020-01-12,0.0,1.2892734125858518,2.0881534721299304,1.450651001071472,0.11107701656051243
2020-01-13,0.0,1.1976380647562412,2.0211970218895363,1.471580895719915,0.060061995297417604
2020-01-14,0.0,1.02633522151511,1.819367850114034,1.4931325243702491,0.0778490248221912
2020-01-15,0.0,0.9354401823427447,1.7955503192326034,1.5057335906962535,0.09590238854398693
2020-01-16,0.0,0.8846821432340289,1.7704351985779938,1.4569429447695983,0.08615925268670636
2020-01-17,2.9,0.9567699079607566,1.8172865705481995,1.4611421755840441,0.12908873630281517
2020-01-18,3.7,1.0383230086839828,1.88348907782124,1.4933499399859667,0.1787387659308293
2020-01-19,0.0,0.9419807506593394,1.801456212310343,1.5146872032055494,0.1943022542116077
2020-01-20,0.0,0.8308031020767748,1.6839262755247075,1.5366937488746126,0.20852647127549026
2020-01-21,0.0,0.8055534347705443,1.6571980275646805,1.5541241156510583,0.22077011111555694
2020-01-22,0.0,0.7554864600325694,1.6278393878702635,1.5340618955130134,0.22657374031146477
2020-01-23,0.0,0.6851752847666229,1.5174214420289796,1.554839566124348,0.20234062609243098
2020-01-24,7.0,0.8746439515149783,1.678082652695641,1.582115544742834,0.28078301189728594
2020-01-25,0.0,0.7927840821286689,1.612114123687549,1.602874758980044,0.2960183831306065
2020-01-26,7.2,1.0021571426169318,1.807793866497349,1.6463045390802784,0.3725544000330941
2020-01-27,3.2,1.016503419899941,1.8177517557681557,1.6767950108951688,0.4139582678602057
2020-01-28,5.8,1.0628968749681282,1.8073799985189152,1.71427103437131,0.47720062481320286
2020-01-29,1.1,0.9226793638816517,1.7091890977039677,1.7368109434656704,0.5010392440071333
2020-01-30,17.4,1.3042985025425953,2.0368739201892474,1.810772475884436,0.658911824252479
2020-01-31,0.0,1.0484673952147423,1.77093225631207,1.828900119994029,0.6744100931529801
2020-02-01,0.0,0.9368787063950743,1.6586137023813898,1.8488275598828303,0.5781268589089037
2020-02-02,0.0,0.9168906443789213,1.6566345482513478,1.86217964098879,0.5914659043395002
2020-02-03,0.0,0.8971540085582539,1.6344397841233569,1.7034765948923865,0.6038833975974276
2020-02-04,0.0,0.8330301374409579,1.5780048094881223,1.7231004293364587,0.6151728100061901
2020-02-05,0.0,0.801040137815613,1.537260934756135,1.7416216837805836,0.6269737431584107
2020-02-06,0.0,0.7830099865029688,1.5416743925502576,1.7585344106624838,0.6368559625532414
2020-02-07,0.0,0.7444352683375695,1.5125480965256983,1.7196484849103029,0.6332319833404264
2020-02-08,1.6,0.7788005712762094,1.511247825065542,1.7368729417046662,0.6557958646434671
2020-02-09,0.0,0.7471317548723533,1.5239013470688352,1.7493571792434475,0.6642066683852883
2020-02-10,0.0,0.6792888827966314,1.4759077590173233,1.761147772457595,0.6715571134539149
2020-02-11,0.0,0.6302211357778426,1.4214023881476616,1.267389745526839,0.6781719915096716
2020-02-12,4.5,0.7535635822186949,1.5028969969055792,1.2919681681269783,0.7220683450361723
2020-02-13,0.0,0.6904368949624171,1.471795089843667,1.3172832053776315,0.7242534381310957
2020-02-14,0.0,0.6280955614320436,1.3835167222419746,1.340773252389909,0.729354343396514
2020-02-15,0.0,0.5091908018741006,1.2617450425714196,1.3645834696526666,0.6919638556593435
2020-02-16,5.0,0.5749849034476825,1.29921175677373,1.4055285344291706,0.665178153502628
2020-02-17,0.0,0.4516364100200733,1.1769578922017534,1.4317150943345727,0.6677453245872247
2020-02-18,0.0,0.38633322980730267,1.0719509634164281,1.4599654887158786,0.6695673291877535
2020-02-19,0.0,0.34451152961694353,1.0259356903902754,1.4863727819453172,0.6706206540655324
2020-02-20,0.0,0.2942624424483712,0.9665266999043719,1.513080052730359,0.6712836817276562
2020-02-21,0.0,0.2341959860909508,0.8865213103232934,1.4803260975359893,0.6716847460046317
2020-02-22,0.0,0.17218568465250675,0.7766628393889848,1.505513581676479,0.668133036226024
2020-02-23,0.0,0.10769102718714632,0.6858379990413771,1.5301892066837115,0.3928564524194121
2020-02-24,0.0,0.060265560004946754,0.6371221959534243,1.5574033265544807,0.39047583345229675
2020-02-25,43.5,1.1890469283271776,1.7073998247108817,1.7174170795380033,0.6256559127529908
2020-02-26,22.1,1.5912941532739573,2.0884348765660423,1.8132246419187301,0.5711289886014622
2020-02-27,0.8,1.434654569313253,1.96382897044528,1.8466911594740856,0.5747711847069955
2020-02-28,0.0,1.2715225429478134,1.8200554831180933,1.8797217608070254,0.5706165981743748
2020-02-29,0.0,1.155980378198147,1.7342125026796125,1.9114586002952172,0.5641166337393004
2020-03-01,0.0,1.0781046423508673,1.6769466602146657,1.8740568647257638,0.5576371263575605
2020-03-02,0.5,0.8650517168418482,1.395519511516894,1.831662158054617,0.5561207314908223
2020-03-03,0.0,0.7958466492918883,1.3384179752126808,1.7949154289875953,0.5501073354677347
2020-03-04,0.0,0.7252002598459124,1.2466522837584235,1.8271606664649012,0.5442877631667422
2020-03-05,0.0,0.6643684735947586,1.1609206409496944,1.8588502454668734,0.5389787187629492
2020-03-06,0.0,0.6061556321922252,1.098218159567825,1.8967111561480925,0.5333793966702827
2020-03-07,0.0,0.5663994608416153,1.0624942346284143,1.9349344614390964,0.5273596623585773
2020-03-08,0.0,0.5203808239267976,1.045083592936546,1.9693559477871236,0.5200461385920606
2020-03-09,0.0,0.4735674269571929,1.017569289051661,1.8813244135231613,0.5136104881589798
2020-03-10,17.3,0.953263724728282,1.4609651342910774,1.9783864855020725,0.6596998447905491
2020-03-11,0.0,0.8297035553765576,1.339879335565757,2.0219107530202134,0.6545775954021336
2020-03-12,0.0,0.7708456153289673,1.2764423631495874,2.0664699777351325,0.649463897197126
2020-03-13,0.0,0.734580905273751,1.2341374141118093,2.063663729362636,0.6433141739905458
2020-03-14,0.0,0.6907996688894092,1.2060080148864984,2.0962155902562385,0.6361896907062395
2020-03-15,6.9,0.8639335683073885,1.3239795926908755,2.151836144508503,0.6898995105643779
2020-03-16,5.3,0.94995291598216,1.3805078198598146,2.2056031455723693,0.7299925652040298
2020-03-17,0.1,0.8553816611950733,1.3052903603889645,2.242325835869923,0.6815239938509472
2020-03-18,0.0,0.7483278144285336,1.204760673944167,2.2828358300169787,0.675901233972088
2020-03-19,0.3,0.6821475062295209,1.1589177452421984,2.272196609670186,0.6724772160231837
2020-03-20,0.0,0.6035328142540316,1.092840951056357,2.032531254998689,0.6666795200510973
2020-03-21,4.9,0.6753710881429469,1.1262710203082147,2.06246210484231,0.7051536068991697
2020-03-22,0.0,0.5466447225004802,1.0005892765491713,2.098893385853648,0.6995927587084347
2020-03-23,0.0,0.4138692073853075,0.8963218907877103,2.1344500504522683,0.6941413298068673
2020-03-24,0.0,0.33448375069802133,0.8270647337366328,2.1696989983724175,0.6890461079363349
2020-03-25,0.0,0.2701349365228268,0.7757981251743442,2.2031196852765347,0.682731654213867
2020-03-26,0.0,0.21884310988715056,0.7092052899633197,2.2356000089316646,0.6757275573556806
2020-03-27,11.6,0.539335514497549,0.9879665379568873,2.309442036496575,0.7779773627569085
2020-03-28,0.0,0.4137030107068172,0.8553252213041096,2.3373948814792866,0.7718238032698582
2020-03-29,0.2,0.33331587187212514,0.761010533877502,2.363939165786607,0.7674714752388756
2020-03-30,0.0,0.28440668972000993,0.7044369770998787,2.1498154452657374,0.7602348461716801
2020-03-31,0.0,0.23341426390163206,0.6656172821050536,0.742539912664059,0.7534515278207972
2020-04-01,5.2,0.34322042792471014,0.7369974273176128,0.7871649649987663,0.7962483305948947
2020-04-02,0.0,0.27484699269177215,0.6824544269729962,0.4787630805208135,0.788152405687193
2020-04-03,0.0,0.1864778008967138,0.5695375519124588,0.49212706753151464,0.7790589716176199
2020-04-04,0.0,0.13874531928667472,0.5420583549019092,0.5047378044872337,0.7703171799391763
2020-04-05,0.0,0.08602694760843119,0.4985400980860515,0.5175426465721762,0.7601450017838512
2020-04-06,0.0,0.05020589726413566,0.4974204215294073,0.5302833949150979,0.22980295717184085
2020-04-07,0.0,-0.0016587257111934167,0.45031557216145096,0.5419304512649175,0.11410771937331154
2020-04-08,4.1,0.09385124588619159,0.5508484105146823,0.5766388203259266,0.1519549666680637
2020-04-09,0.0,0.015003814596784355,0.4701746819950616,0.5879900994176852,0.14132029222254597
2020-04-10,0.0,-0.05397105507910717,0.4179596803303841,0.599019878203299,0.13038345054661327
2020-04-11,0.0,-0.11413652688678334,0.3513710906729592,0.01617025010335352,0.11883578988212858
2020-04-12,15.8,0.3268645629278416,0.7759241099177944,0.07855942521035741,0.2856852117359024
2020-04-13,0.0,0.2011742825330136,0.6785394960550596,0.08585998710199091,0.27325244075622734
2020-04-14,0.0,0.11431018411976421,0.6054570338006248,0.09309055062210815,0.2612838495613107
2020-04-15,0.0,0.04093610124499338,0.5545306821091703,0.09024524321877572,0.24905101431032275
2020-04-16,0.0,-0.033707918395520495,0.4961302749143504,0.09644896036706997,0.2038978982585631
2020-04-17,1.4,-0.056238385648456325,0.46621092413637333,0.11183473978338636,0.164695635207513
2020-04-18,1.3,-0.0888829814827478,0.4399017844475174,0.12630330743925833,0.16797172035793145
2020-04-19,23.3,0.6969917708227522,1.0954191638779214,0.29240328534677457,0.41645827027896304
2020-04-20,8.7,0.8542200035920405,1.2344135683896564,0.35433230380754904,0.4987818332944968
2020-04-21,0.0,0.6300385037382834,1.0250025299751453,0.3525422168040538,0.4883107045914578
2020-04-22,0.0,0.513986993697863,0.9251752848606329,0.32726580291901264,0.4765177921159303
2020-04-23,0.0,0.37910930340362115,0.7828508777947559,0.33243686495664737,0.3890257759050326
2020-04-24,0.0,0.28417542010720565,0.6475366499405584,0.33701297547710896,0.37672804712402924
2020-04-25,0.0,0.18497281194191767,0.5650847586616105,0.3407742400867517,0.2853400891759546
2020-04-26,5.0,0.24001257871121554,0.60768944641431,0.37955279783092466,0.29426168466853336
2020-04-27,0.8,0.1365719394048553,0.48947885408151154,0.38850296663184614,0.22513224548119987
2020-04-28,0.0,0.029848710336690704,0.3419494835649888,0.3919081596525655,0.1995237555926436
2020-04-29,0.0,-0.06056437527452748,0.28020515143114916,0.3953252242042547,-0.01975732629185532
2020-04-30,0.0,-0.13908189934493714,0.21511162920713814,0.3983585659116736,-0.03442661730200638
2020-05-01,0.0,-0.18365137469979084,0.1757713288651884,0.3048255798335248,-0.04929389574432316
2020-05-02,0.0,-0.22387639856719022,0.14035417639828626,0.3061237398242425,-0.06467988336856609
2020-05-03,0.0,-0.276870364592518,0.09841464035480842,0.30679606499703266,-0.07996076952481504
2020-05-04,0.3,-0.3354112205579783,0.06316027965150209,0.30913352497264945,-0.09008745816720586
2020-05-05,0.0,-0.41157041885811685,0.00723138374006061,0.30972061732416656,-0.10338222568518438
2020-05-06,0.0,-0.3727262984838033,-0.03861949936904455,0.3091970603589469,-0.11721459396765124
2020-05-07,0.0,-0.4478643158543198,-0.09439671894946153,0.2976308393482891,-0.13104490609330005
2020-05-08,0.9,-0.48263313562961296,-0.11906717642897358,0.30323261954643593,-0.15364722304660558
2020-05-09,26.7,0.3215554777286383,0.5512872438879892,0.4937956929063272,0.1593221197521429
2020-05-10,0.0,0.13623954345597195,0.38148777256004346,0.49232793305266237,0.1474125365179288
2020-05-11,0.0,0.008711787215099883,0.267152923612265,0.49065446959252507,0.1360565820478115
2020-05-12,0.0,-0.08578982658122046,0.16333361279639597,0.48940486465222205,0.07192030046776605
2020-05-13,0.0,-0.18590788779383344,0.08049553947200903,0.4857853942423168,0.06396282584912528
2020-05-14,0.0,-0.2917612001190568,-0.002090001333894279,0.4857666716418076,0.057215426463505026
2020-05-15,10.0,-0.04135714039257234,0.2215298323905071,0.5200852447453731,0.17027400253700745
2020-05-16,0.0,-0.16100037873668624,0.1298300980616842,0.45912349643694317,0.1051795183095788
2020-05-17,0.0,-0.24760974441312988,0.04719405794951459,0.4572902576973538,0.09930037459180742
2020-05-18,22.1,0.3790433465493499,0.664923977965923,0.607991062545779,0.350432409421396
2020-05-19,26.0,1.0679949673093365,1.3178747141884255,0.7788455972422869,0.6286635003610557
2020-05-20,5.0,0.9999354666900182,1.2250362744210883,0.8080601246331824,0.6764409254568544
2020-05-21,0.0,0.8449831791405314,1.0849706066684268,0.8052387313603534,0.6724389275419702
2020-05-22,4.1,0.8253093487047592,1.0703708271238905,0.8270115458049021,0.7118855181847572
2020-05-23,0.0,0.550853760974142,0.7750625141993773,0.6222850253061856,0.7088806787719405
2020-05-24,0.4,0.4896276446068862,0.687051790379297,0.6210407825167991,0.7093671778712571
2020-05-25,0.0,0.41459328790323235,0.6092317216284591,0.5005736857787626,0.23218291666109475
2020-05-26,0.0,0.3728481253632476,0.5779122516832848,0.2983686720699936,-0.034385563851395004
2020-05-27,0.0,0.3313204463692174,0.5435413598437061,0.29354931054734373,-0.04807071387123424
2020-05-28,0.0,0.30186087529685995,0.5210611333062592,0.28873241182777304,-0.051021509259173835
2020-05-29,0.0,0.24885733481451514,0.47262563347871595,0.2824716768106102,-0.05308358719469382
2020-05-30,0.0,0.18169459250151293,0.41927074856006225,0.27643112690256233,-0.05489932603054167
2020-05-31,0.0,0.10516957871414026,0.34207524047325844,0.2709659744595879,-0.06251813714464424
2020-06-01,0.0,0.0375703528022522,0.25423133666719705,0.2657625372287662,-0.06360227096717752
2020-06-02,0.0,-0.03535315921971707,0.17541986699535977,0.26012624654948696,-0.06577719245015459
2020-06-03,0.0,-0.09270051322830049,0.12581835709571756,0.25414897093144817,-0.0690667913185484
2020-06-04,0.0,-0.13948260282232872,0.07282706557430772,0.24742653840503423,-0.07323773309757099
2020-06-05,0.0,-0.20527783141596842,0.020882150630443925,0.23923875535682163,-0.07868496698954112
2020-06-06,0.0,-0.2710141574191698,-0.04208210103749156,0.23083549162939154,-0.08277942944556259
2020-06-07,0.0,-0.309598848972114,-0.09360223061274747,0.22200811239887228,-0.08816946643638479
2020-06-08,0.0,-0.3738868461266639,-0.1567124166171223,0.21235467102116343,-0.3156297110755618
2020-06-09,0.0,-0.42200618516200655,-0.20341424278093598,0.2014242130803906,-0.3249796413675069
2020-06-10,3.4,-0.365353378805184,-0.15001647142050833,0.21300290221533183,-0.29350775030010107
2020-06-11,0.6,-0.3942235936569706,-0.1876922623402356,0.20196679170279286,-0.2997344257064427
2020-06-12,0.0,-0.4281634125077792,-0.2361135131346396,0.18557608728191882,-0.3142298685467853
2020-06-13,0.0,-0.4828193995797772,-0.2884094896052639,0.16792461800169464,-0.4209887543341884
2020-06-14,0.0,-0.5512821743576947,-0.34555305279827114,0.1492088135274141,-0.5105618185098425
2020-06-15,0.0,-0.599083343816254,-0.3785377637993777,0.09034926454301091,-0.5334087689109702
2020-06-16,0.0,-0.6606703488794731,-0.43765965575202553,0.0676672035836899,-0.5576294972765373
2020-06-17,0.0,-0.7047038754394542,-0.5218639712134348,0.043720007026175456,-0.5864512383593411
2020-06-18,0.0,-0.7018505578500357,-0.5622830449567702,0.019339184643843176,-0.6118461523100386
2020-06-19,0.3,-0.7137722742531651,-0.5836235748219554,-0.005318785402635837,-0.700573893500324
2020-06-20,0.0,-0.7004594068557055,-0.5777400033634076,-0.032717091877148156,-0.7265238018827325
2020-06-21,0.0,-0.7878254724252939,-0.6318112262356599,-0.060949729942108004,-0.7538032691236629
2020-06-22,0.0,-0.919721933742559,-0.7274284424584047,-0.08912699331938828,-0.7812074311783512
2020-06-23,0.0,-0.9023728562339206,-0.7578073006539269,-0.11906962457166716,-0.8102097123344846
2020-06-24,13.8,-0.5755560657232902,-0.4748997139895227,-0.04565795538557311,-0.6603896805592105
2020-06-25,0.0,-0.6272359770068295,-0.5420331736855513,-0.07846806645612274,-0.8408789981630257
2020-06-26,0.0,-0.7066416936907899,-0.6086011820628616,-0.11260305864199988,-0.872956703515234
2020-06-27,0.1,-0.8191906957466246,-0.7145871896330508,-0.14678126344023443,-0.9048703886916851
2020-06-28,0.0,-0.9047915509602831,-0.7896928373449277,-0.18232085267495535,-0.9359293900827842
2020-06-29,2.2,-0.9319692084049025,-0.8419351627956938,-0.20340433685963746,-0.942013353214942
2020-06-30,250.0,3.8718949053775007,3.7789959986271806,1.346443808854655,1.265446793953254
2020-07-01,6.7,2.256781723435899,3.156430384299141,1.3417557283457273,1.2599842984234129
2020-07-02,0.0,1.1029301993116096,2.5388774813474875,1.2992297536602082,1.2080042215873021
2020-07-03,0.0,0.5186366326079147,2.3598444532412386,1.25725673029114,1.1565752186458003
2020-07-04,0.5,0.11367909031913079,2.083318590238142,1.2203010005773427,1.1118991539602965
2020-07-05,0.0,-0.14221925644552033,1.8404089934770393,0.902712202428968,1.0658608076946843
2020-07-06,0.0,-0.3518766764665495,1.6947335538777146,0.8116398026891187,1.02155001447105
2020-07-07,0.0,-0.5015532030851416,1.5000109258281185,0.7730224263055353,0.9501517380867176
2020-07-08,0.4,-0.5974644179811472,1.296226342593619,0.736896181508041,0.9113808968415581
2020-07-09,0.0,-0.7665131747641951,1.2109481258384631,0.6972840852109997,0.868783821619313
2020-07-10,22.5,-0.38908733489049585,1.4780546616711103,0.7872094186324164,0.9786807296538254
2020-07-11,8.2,-0.3803699756730131,1.333837118944058,0.7930315357912893,0.884863188518775
2020-07-12,0.7,-0.5198937651526319,1.0814601216707125,0.757270841221714,0.8477353533928539
2020-07-13,49.0,0.21760579783970477,1.6434936448794555,0.9880768410227286,1.1245413151053243
2020-07-14,42.2,0.7002825886430956,1.9540577966837938,1.1738394492502962,1.342742544387439
2020-07-15,0.0,0.39604090962633753,1.5186322849547402,1.1238507752383478,1.3048268448074754
2020-07-16,0.0,0.23214292120156127,1.336956157877907,1.0722634042725228,1.2613475849026639
2020-07-17,0.0,0.11116198117428663,1.1123377534361114,1.0380831145532052,1.2153194317906773
2020-07-18,0.0,0.03853858700460975,1.0961434449908714,1.0039697621662145,1.0370293998163
2020-07-19,0.0,-0.03651570375395501,1.070142409590466,0.970641123974949,0.9484751017757275
2020-07-20,0.0,-0.11539861146519804,1.0215834368783283,0.9381622773360545,0.9164652800523353
2020-07-21,0.0,-0.18451014595070042,0.9354769708587604,0.9054710971580084,0.8851907984921413
2020-07-22,0.0,-0.2926036382826656,0.8513929151177959,0.8365957999368139,0.8537588111021135
2020-07-23,30.1,0.1808415964609338,1.2799469462420512,0.9589668400129863,1.0026551766928689
2020-07-24,121.8,2.2987645835940076,2.964998173619588,1.4814574154124354,1.6401218529433987
2020-07-25,54.5,2.1454227561859547,2.929090780314841,1.6750876863864526,1.8503987568409228
2020-07-26,4.8,1.6286791779994805,2.4472859652897045,1.6323161165805011,1.8330617167721992
2020-07-27,1.5,1.3437786475920752,2.2113963069664138,1.597604222491159,1.8051481148481643
2020-07-28,3.9,1.2609597213841954,2.172534905061372,1.5036937302154794,1.7921284398201078
2020-07-29,19.4,1.4867558166742885,2.3886554780985563,1.5562335527404294,1.8556739900106172
2020-07-30,9.7,1.5317408112822766,2.4474459164951545,1.5658374409355003,1.8693481549620543
2020-07-31,0.0,1.4075433900950238,2.371982266770868,1.534073691209918,1.837587948898601
2020-08-01,0.8,1.1929580882928463,2.1356560350089753,1.5055749340321285,1.809097817976002
2020-08-02,3.9,1.0369312141612916,1.8984470938559317,1.4897501356052003,1.7921050735657176
2020-08-03,10.3,1.157673924170002,1.988311897648066,1.4976489129409314,1.801630541799251
2020-08-04,4.7,1.1630656839683622,1.997378548565716,1.4795364055221576,1.782012943881274
2020-08-05,7.9,1.1570111400963314,1.9974263986830405,1.47554850607289,1.7758706226263343
2020-08-06,5.8,1.19221355568667,2.01357280272177,1.4578180667548952,1.7596969926330672
2020-08-07,0.3,0.9729515795043051,1.809288592204597,1.423511527614167,1.6064245177442888
2020-08-08,8.4,0.9906857164205689,1.8256499185614925,1.4215682527831304,1.6041048601625694
2020-08-09,1.7,0.5958697219606501,1.2988299464913184,1.3928405619482005,1.5723034110094418
2020-08-10,9.5,0.7850591124795457,1.4273460777056992,1.3799704238331567,1.5761694170756841
2020-08-11,17.5,1.0087981644761528,1.5638244699406825,1.4167738814230513,1.6123538409543394
2020-08-12,0.0,0.9903508424280658,1.5437736618429112,1.3858041830217935,1.5758868266601191
2020-08-13,0.0,0.9203068442637148,1.5050962380535284,1.3550640399779261,1.4983609225351064
2020-08-14,0.9,0.7220748702175562,1.331511087556677,1.3086792485792325,1.4667497306050907
2020-08-15,37.9,1.1991152287758062,1.6589888168550684,1.4158352691733722,1.576680201961151
2020-08-16,0.0,0.9604561903406832,1.4622570310049756,1.3764154074395343,1.4432740617716988
2020-08-17,0.0,0.7601760637993901,1.2934405684853851,1.338334029494726,1.2943117776828488
2020-08-18,0.0,0.5568545194249135,1.0823094153049717,1.2990189553263918,1.2301684842840912
2020-08-19,0.0,0.4041793590617181,0.893616859154647,1.2602609439322423,1.1870941185495139
2020-08-20,3.7,0.40644402852244416,0.8872898006195187,1.2357243784118075,1.1430936558103615
2020-08-21,0.7,0.34923554568411525,0.8520209163523513,1.1999358466183407,1.1035117576285827
2020-08-22,11.3,0.43756327022987235,0.9380232510759355,1.204048891542464,1.1065448366525676
2020-08-23,2.1,0.3404777170110835,0.8487922774945634,1.012961474748377,1.0735572500621462
2020-08-24,0.0,0.19982473649066154,0.7599830493761348,0.893605869273333,1.03337819093354
2020-08-25,0.0,0.06248430621978335,0.6705528449551775,0.8567909176478906,0.9962516818664536
2020-08-26,0.1,-0.0533805244021594,0.5635056277205549,0.8228828423579211,0.9594027762542362
2020-08-27,0.0,-0.15211773638637216,0.47360925466266635,0.7881342583748948,0.9222322742271345
2020-08-28,0.4,-0.33219096680220134,0.34054797859068314,0.7543561816612837,0.886206365364048
2020-08-29,0.2,-0.456054828515187,0.22046340215156363,0.7182668916150043,0.8493939664481739
2020-08-30,21.9,-0.08048377288727653,0.21136281746060767,0.7659120604336255,0.8977560445664575
2020-08-31,0.4,-0.2624111461654565,0.12479912402221328,0.7339663195033481,0.863925189455239
2020-09-01,0.2,-0.4396127566211763,0.02756397103141081,0.7018829999660504,0.8303632098354871
2020-09-02,154.4,1.7010770212655044,1.3536239759959134,1.2137884398161907,1.3563541401082266
2020-09-03,77.0,2.3067017255680193,1.841959205361063,1.437110894734575,1.5840560281574718
2020-09-04,0.0,1.8786213249000672,1.6618162280913562,1.4082155955853677,1.5556433525781075
2020-09-05,0.0,1.3869882112436178,1.4802189871121403,1.378854469680527,1.5285986556496125
2020-09-06,31.7,1.7571445446463694,1.7099616759800107,1.396512278751419,1.6060351031185411
2020-09-07,236.2,4.484374673064607,3.5828448030363127,2.087741689718385,2.298981893613429
2020-09-08,0.0,3.55562262865116,3.3364832919962124,2.0613779226640645,2.2677447121961203
2020-09-09,6.5,3.010486128908982,3.2569759098211937,2.0536725803153755,2.2632167003736683
2020-09-10,0.0,1.9232857033457589,2.833255169618755,2.0268989730021394,2.241065898895145
2020-09-11,0.2,1.6805894149839675,2.6481460154803287,1.9801138755785253,2.21850452534888
2020-09-12,52.5,2.0509548694157913,2.8375644263639903,2.0881164669287164,2.342774245320394
2020-09-13,11.1,2.151878231022441,2.87494813767563,2.0934085647909706,2.3533294475648674
2020-09-14,0.0,2.0263567040978177,2.797382188345192,2.0678736780694194,2.3352604659942635
2020-09-15,0.0,1.8702728151378742,2.686697576871322,2.047501526528644,2.3242016057012096
2020-09-16,0.2,1.7221245576125652,2.613319712410038,2.0292552391104355,2.3140085299480075
2020-09-17,0.0,1.3861337307003954,2.3438675522005865,1.9957586973950325,2.302616546638674
2020-09-18,0.0,1.3749974902085293,2.2838692086454926,1.9785636073948516,2.2949080876279546
2020-09-19,0.0,1.2164596934870227,2.15000836173607,1.9614494418551836,2.2874730058138772
2020-09-20,0.0,1.1822169248694514,2.0666997433276153,1.9443475338033602,2.279913954221624
2020-09-21,0.0,1.0994245534648708,1.9927113147639646,1.929583646429439,2.2739793262933237
2020-09-22,0.0,1.0545917021877032,1.9491107894126845,1.9152669536081166,2.23089305245782
2020-09-23,2.7,1.0414308815825797,1.910044005625214,1.8780577466118877,2.2378892889839728
2020-09-24,20.4,1.3426669042499557,2.1305569950226997,1.9236609302910594,2.292158551278076
2020-09-25,8.7,1.392979735940546,2.194507066888842,1.934565559059146,2.3134730307201874
2020-09-26,5.2,1.3487992047289128,2.189540803225983,1.9373954357726975,2.3272056024959036
2020-09-27,1.7,1.30352789569795,2.147194540898517,1.9304314599585894,2.3254069047414143
2020-09-28,0.0,1.2804673950148993,2.132081904203966,1.9051978026301948,1.6038383272741843
2020-09-29,0.0,1.1380757029419861,2.0512244984880454,1.895424071017181,1.5869175818165333
2020-09-30,5.1,1.1973084379595578,2.047426545180206,1.9009628530188218,1.6071604848321168
2020-10-01,0.5,1.1830598977990694,2.033702130746941,1.8935871823097505,1.6141084266685037
2020-10-02,0.0,0.8956701246668368,1.7683403587750819,1.8843043653412246,1.6185339288919203
2020-10-03,0.1,0.9576933866921763,1.7936722553226316,1.8771919822978407,1.6265366336341767
2020-10-04,0.0,0.882842552988111,1.6765572198936116,1.8702500104957773,1.632821066339583
2020-10-05,0.0,0.8135237447272712,1.626758304021571,1.8523187770092537,1.6403700851126
2020-10-06,0.0,0.8043172142450448,1.6325733703436354,1.846862537768685,1.6479727436872431
2020-10-07,0.0,0.805676409028821,1.6660112307143475,1.8396776191965922,1.6578390896609756
2020-10-08,0.0,0.7727144687006788,1.6492377222119987,1.8329231073861616,1.6014203677927645
2020-10-09,0.0,0.7299670047360938,1.6339606795624346,1.782672182463277,1.588886030632167
2020-10-10,0.0,0.6970792550396593,1.6493907782042305,1.778060541975926,1.5987622112000135
2020-10-11,0.0,0.6150329838132912,1.5381859121309471,1.7741243297103633,1.4607077519520772
2020-10-12,0.0,0.5603778235222094,1.4804805431140762,1.7704881743978693,1.3412216458188413
2020-10-13,0.0,0.5128960267185154,1.3928835582255408,1.7661870303932667,1.3559362124586323
2020-10-14,0.0,0.5088483642167412,1.4313786480138613,1.7582422175248396,1.3691992198562537
2020-10-15,0.0,0.5095265185970723,1.4606371702637702,1.7504196281378794,1.3832043324870522
2020-10-16,0.0,0.449506128255405,1.409315789655471,1.6786295002560079,1.3973416325562658
2020-10-17,0.0,0.37614555722355425,1.2892459134131196,1.6497525315855242,1.4114436624036757
2020-10-18,0.0,0.33973166001141314,1.2424711791840342,1.647923410059989,1.4254085079135752
2020-10-19,0.0,0.29542842135261405,1.1674084143433532,1.646434820969673,1.4403056404598205
2020-10-20,0.0,0.24154524388507975,1.1420346134154438,1.645942757798027,1.4571267939561046
2020-10-21,0.0,0.20279162478777105,1.131421858753543,1.646295397867383,1.3778982815991183
2020-10-22,0.0,0.13648467642186712,0.9798914372973796,1.6469431481668424,0.978176902209903
2020-10-23,0.0,0.14922518974690682,1.0113091208608425,1.632767381104065,0.7963926983338123
2020-10-24,0.0,0.13923834427302895,1.0195314606599883,1.6312383569610305,0.7956742302625418
2020-10-25,0.0,0.13520365479336263,1.0157625994737403,1.6318224894057625,0.8068939206205541
2020-10-26,0.0,0.10388201824722376,1.0159139824002315,1.6319424645940563,0.808570932627318
2020-10-27,0.0,0.06367207584047438,0.9905414684546128,1.6325762643753488,0.7507443980915997
2020-10-28,0.0,0.02063621272025732,0.9675619873480038,1.6338658952722958,0.7296247329830355
2020-10-29,0.0,-0.024648564387315858,0.9669744746720219,1.6359624593965636,0.7461472714609104
2020-10-30,0.0,-0.08030987672414383,0.9394824774274391,1.6366266980301885,0.7588888599335355
2020-10-31,0.0,-0.11408783330715767,0.9098523670245485,1.6353822191571477,0.7606794744475077
2020-11-01,0.0,-0.1452785984970284,0.8918767908073334,1.6354012645144804,0.7372443798667686
2020-11-02,0.0,-0.17597345546352178,0.875408853323156,1.6365345647768985,0.7371789512546136
2020-11-03,0.0,-0.20117475414111047,0.8686536077148228,1.6372182764924148,0.7248507439336159
2020-11-04,0.0,-0.21791143516553713,0.8573694910814879,1.636099600592307,0.7214858261152147
2020-11-05,0.0,-0.24475664857042437,0.8246768941403607,1.5573836020582865,0.7406938641632197
2020-11-06,0.0,-0.312776662160843,0.8263194762060243,1.5594077643878832,0.7275225975291363
2020-11-07,0.0,-0.323204703873914,0.7537006819290892,1.5629381337769568,0.7410323784526771
2020-11-08,0.0,-0.35772557856058407,0.733175039051509,1.5663134035129975,0.7221840553420195
2020-11-09,0.0,-0.4004850352109563,0.7129602497165437,1.5687926976467046,0.6713998137627464
2020-11-10,0.0,-0.4158257415953968,0.6680953931377176,1.5710603732044908,0.6915764596196861
2020-11-11,0.0,-0.45046497757177345,0.6553588320266953,1.541384377310067,0.7120288764856821
2020-11-12,0.0,-0.47895166649483395,0.615356076141949,1.5418227263808255,0.7292612829814685
2020-11-13,0.0,-0.4510417939835192,0.5406611684318493,1.5436207059211653,0.6055973821225175
2020-11-14,0.0,-0.4185222770171623,0.45403327511078506,1.4757913819047714,0.6334849725646319
2020-11-15,0.0,-0.45323035215979,0.4427532260098683,1.3949729536432312,0.6614418800210691
2020-11-16,0.0,-0.4860532477563349,0.440718824963129,1.3807209993052096,0.6902799012862836
2020-11-17,0.0,-0.4938428316427951,0.43865276881541027,1.3817240075879682,0.7204145659070248
2020-11-18,0.0,-0.4878645688579909,0.4295394222061773,1.369385376649281,0.7375017478429273
2020-11-19,7.7,-0.3007405005855961,0.5747411810318268,1.3950719922901722,0.7963342474378602
2020-11-20,0.0,-0.3354288131362955,0.5575553437166882,1.3953851444990162,0.7853341956303564
2020-11-21,0.0,-0.34796932457802493,0.551128704081637,1.3968526139700514,0.8089716187268564
2020-11-22,0.0,-0.3650155180668989,0.5300821900841792,1.397150258547598,0.8404893748911834
2020-11-23,0.0,-0.3808640741617275,0.5194813027806507,1.3973312755414355,0.870988015572427
2020-11-24,0.0,-0.38090606930904264,0.4925515114502284,1.3974181672562698,0.9026086442707841
2020-11-25,0.0,-0.4041813173631053,0.466643901701162,1.3974298580645885,0.9356125463507362
2020-11-26,0.0,-0.41074195231861643,0.4077512123718888,1.3978731620780744,0.9686277800491045
2020-11-27,0.0,-0.3890390179001133,0.3602086274063652,1.3980738740612826,1.0028784344134192
2020-11-28,0.0,-0.4124236591179426,0.3446425162304514,1.3981129203521623,0.9579777316170215
2020-11-29,0.0,-0.42114818949748783,0.3292010146502629,1.3978261628342434,0.9932548393259827
2020-11-30,0.0,-0.42554711656127936,0.32108457360493853,1.3984828134611962,1.0304132449100092
2020-12-01,0.0,-0.4228972302245423,0.31910655998974913,1.3990149562152236,0.44882704676168683
2020-12-02,0.0,-0.40334001082177245,0.31178248707860967,1.4005172856396666,0.12948258040977334
2020-12-03,0.0,-0.40982419242958046,0.29840167238060644,1.4019347304479275,0.17002349756696833
2020-12-04,0.0,-0.42628237457415546,0.27879801164412443,1.4044957307612411,0.21160674843225524
2020-12-05,0.0,-0.441149509291262,0.26030614514057854,1.407513667307167,0.0936827147379805
2020-12-06,0.0,-0.46248065238357533,0.23458947225781063,1.411352517718618,-1.570348002880917
2020-12-07,0.0,-0.46995737150067013,0.19601446074604828,1.4045927201126904,-1.5285601920190486
2020-12-08,0.0,-0.4750832701284215,0.16445477831603506,1.4074355790175743,-1.5614645069285387
2020-12-09,0.0,-0.48445811440437375,0.14186737747243144,1.4120485103994702,-1.523134297679674
2020-12-10,0.0,-0.4804634195592517,0.12329311686719849,1.4172703863841374,-1.4878178080708757
2020-12-11,0.0,-0.4999273988779853,0.10627045127099255,1.4219863458019844,-2.195177832721669
2020-12-12,0.0,-0.5173032564932661,0.08803026249453592,1.4289630372212798,-2.3764816180768378
2020-12-13,0.9,-0.4742737223194552,0.09862784155043805,1.4400957065396385,-2.3247769493009853
2020-12-14,0.0,-0.4558380411096766,0.08178191680479235,1.4486201925594926,-2.284346202047883
2020-12-15,0.0,-0.47562844686425493,0.06495598289770743,1.4579836934085508,-2.2505806940983284
2020-12-16,0.0,-0.49464298526550693,0.044225678777593945,1.467167028678098,-2.2138857243449435
2020-12-17,0.0,-0.4957212214611495,0.028336316581025162,1.4779124981740706,-2.1807717635491297
2020-12-18,0.0,-0.46084148526351854,0.009159940451823834,1.4893660148223833,-2.148562819657398
2020-12-19,0.0,-0.4323068627038786,-0.00904845001689593,1.5013149057682502,-2.117534071714136
2020-12-20,0.0,-0.44530336797637854,-0.0318823082215868,1.5131405156015236,-2.0838110631364444
2020-12-21,0.0,-0.44826674945276646,-0.052884383871587,1.4831997221035673,-2.0502761451780698
2020-12-22,0.0,-0.454735198034231,-0.08190207783278784,1.4965188400891023,-2.0759016302781674
2020-12-23,0.0,-0.45415689970918466,-0.1117617690711939,1.5113656930645623,-2.575367618585771
2020-12-24,0.0,-0.4458738209838059,-0.13624467746836874,1.5268935708403557,-2.864596689761011
2020-12-25,0.0,-0.4458118268514395,-0.15283935488856995,1.5430563781978355,-3.0761771937105657
2020-12-26,0.0,-0.44322712892785243,-0.169088552707517,1.5529944312036608,-3.090232306167813
2020-12-27,0.0,-0.45081176880167406,-0.18421203707594053,0.7668303801310772,-3.090232306167813
2020-12-28,0.0,-0.44598769270325417,-0.2025573934576197,0.7643543909973455,-3.08377484448435
2020-12-29,0.0,-0.3893424405116994,-0.2194263070490133,0.7854599905764588,-3.090232306167813
2020-12-30,0.0,-0.39705911039579317,-0.24638352968751817,0.8068769961127302,-3.090232306167813
2020-12-31,0.0,-0.8023972466155028,-0.6821026456787466,0.8269622396870836,-3.090232306167813
2021-01-01,0.0,-0.40163754532647616,-0.3114216058424174,0.8488772220289947,-3.090232306167813
2021-01-02,0.0,-0.4088104266245597,-0.32116527151706425,0.8704354706862527,-3.090232306167813
2021-01-03,0.0,-0.4887513318011829,-0.33843310745976224,0.8923590621974243,-3.090232306167813
2021-01-04,0.0,-0.4940598897482543,-0.35874055910435787,0.9129168860315816,-3.090232306167813
2021-01-05,0.0,-0.5082502750668557,-0.39238859361587847,0.9349354894416493,-3.090232306167813
2021-01-06,0.0,-0.5175516128241767,-0.43335538792748707,0.8809262228869705,-3.090232306167813
2021-01-07,0.0,-0.5076971002281102,-0.4523255602198777,0.8755153787865954,-3.090232306167813
2021-01-08,0.0,-0.5025890436397795,-0.49512626999924725,0.8958876964895268,-3.090232306167813
2021-01-09,0.0,-0.5297428554862936,-0.5414673126688202,0.7502022140010473,-3.090232306167813
2021-01-10,0.0,-0.5223747844713653,-0.5648165708273223,0.624290018510729,-3.090232306167813
2021-01-11,0.0,-0.4768297021494493,-0.5595445582850764,0.6481987521288898,-3.090232306167813
2021-01-12,0.0,-0.4763494060905581,-0.5862930968344242,0.67056373948074,-3.090232306167813
2021-01-13,0.0,-0.5079986018549631,-0.6364643995970922,0.6923312766387578,-3.090232306167813
2021-01-14,0.0,-0.48853368118856,-0.636137845391849,0.7140943223125371,-3.090232306167813
2021-01-15,0.0,-0.5001343084106904,-0.667054226319184,0.7361997809370544,-3.090232306167813
2021-01-16,0.0,-0.5274911043939104,-0.694793869834381,0.7453897375804863,-3.090232306167813
2021-01-17,0.0,-0.5477753522044005,-0.6971508708256502,0.7658981125537139,-3.090232306167813
2021-01-18,0.0,-0.5653325910976712,-0.7040638052302458,0.7865889103523641,-3.090232306167813
2021-01-19,0.0,-0.567281598406896,-0.7076261502095234,0.6993556309815512,-3.084716224528162
2021-01-20,0.0,-0.5470165972667982,-0.6970563997111333,0.25861856814651074,-3.0689077432524927
2021-01-21,0.0,-0.5811918479266251,-0.7223804319106,0.05922080165965601,-3.05438058304976
2021-01-22,1.2,-0.565077628318713,-0.7166113281775293,0.06772483344948461,-2.9412089351154247
2021-01-23,8.8,-0.2644472281885514,-0.6388205846962756,0.12148512932314387,-2.4065614359311613
2021-01-24,1.2,-0.2696568466009201,-0.6656659617918922,0.1332419957449864,-2.3396165426452114
2021-01-25,0.0,-0.2934272612900276,-0.7125032556638654,0.07477211402308648,-2.328541132814503
2021-01-26,0.1,-0.32041055716323563,-0.7676621278483494,0.05620667912903399,-2.313269399931962
2021-01-27,0.0,-0.34982085433382004,-0.7956468736833773,0.07834118505651677,-2.3055829727737707
2021-01-28,0.1,-0.36739645601381604,-0.7885782431543154,0.09705997877443691,-2.2937374280532716
2021-01-29,0.0,-0.38827485938224837,-0.8212488997865296,0.10266565843944199,-2.2872636552427568
2021-01-30,0.0,-0.40563866414005467,-0.8265874131945712,0.08277162531844817,-2.2798855793100854
2021-01-31,0.0,-0.39809090443967565,-0.8053142030560365,0.08786780546747512,-2.272533513858266
2021-02-01,0.0,-0.4037871255867343,-0.8114212606804022,0.07963031431700432,-2.2689018502256513
2021-02-02,0.0,-0.4281942953125375,-0.8494870250348564,0.0807014005792923,-2.263766312806225
2021-02-03,0.0,-0.44625606468794143,-0.8692949102002386,0.10442750962917444,-2.2589375505453435
2021-02-04,0.0,-0.43683739511232705,-0.8644176703525633,0.0945006110661043,-2.2584363288616514
2021-02-05,0.0,-0.45243191399232136,-0.8755186046400261,0.11351140624850928,-2.257120019238218
2021-02-06,0.0,-0.462211136899194,-0.913392267709764,0.10031007038530781,-2.2515553172197653
2021-02-07,0.0,-0.469097834585216,-0.9261030360322551,0.05281233647551625,-2.2436649181561554
2021-02-08,0.0,-0.4924165902616438,-0.9053240759481996,0.08124818510062329,-2.230443115453244
2021-02-09,0.0,-0.5217461640287262,-0.9255065223391803,0.10997934688260921,-2.218206565503298
2021-02-10,0.0,-0.516468859406319,-0.9126597582940402,0.1345363503164886,-2.2019005632258803
2021-02-11,0.0,-0.544268756401152,-0.896991304787622,0.002857411261135201,-2.181884927856938
2021-02-12,0.0,-0.55661460349791,-0.8775286681013356,0.035737572570419554,-2.1631429180699504
2021-02-13,0.0,-0.5826750035647994,-0.9208143937520386,0.06931012863913681,-2.1517894392322208
2021-02-14,0.0,-0.6176049939351406,-0.9484990742606119,0.10391460073240968,-2.1436472775601647
2021-02-15,0.0,-0.6109033261487974,-0.9510278093066655,0.13866485408089074,-2.1359628601616842
2021-02-16,0.0,-0.5845647288324919,-0.954441280610851,0.15788379562200727,-2.130717088943355
2021-02-17,0.0,-0.5630588924960925,-0.9654902582712189,0.19016062929618183,-2.5344723416188746
2021-02-18,0.0,-0.565873283962532,-0.9590226783390724,0.17865942587445802,-2.5330950052197405
2021-02-19,0.0,-0.5743405089568419,-0.978340348060071,0.20528589826838914,-2.530150004883171
2021-02-20,0.0,-0.5594877760374646,-0.9802771474984225,0.23972712045461345,-2.5281718532902406
2021-02-21,0.0,-0.5528951344986132,-0.9639220464122092,0.27352093067262745,-2.527280524177317
2021-02-22,0.0,-0.5443888570818812,-0.9158998425580339,0.3050311679955812,-2.5262949803368095
2021-02-23,0.0,-0.5176727918789897,-0.8880206130602963,0.337821617293589,-2.525864253686093
2021-02-24,0.0,-0.5250381525129387,-0.9022471756209479,0.36963373118355797,-2.5268572321318294
2021-02-25,0.0,-0.5319406008847078,-0.8865611895649208,0.4031806101714919,-2.5296426222698987
2021-02-26,0.0,-0.5562036056836768,-0.8968407452125288,0.3498064257919493,-2.5330656983606645
2021-02-27,5.1,-0.44763526867430026,-0.8026078552347593,0.4036657506402132,-2.2493460060801134
2021-02-28,0.0,-0.490580441512266,-0.8361446824061948,0.4379228165381736,-2.2545635862539246
2021-03-01,79.7,0.12244506443480756,0.6732703266101144,0.15935812071320227,-0.43426118375957584
2021-03-02,8.6,-0.037623761540651564,0.5379282488296564,-0.1177968182943045,-0.3270376750408019
2021-03-03,0.0,-0.26037278571363454,0.24672273363473782,-0.08388379687681774,-0.3351811368207961
2021-03-04,0.0,-0.42323764844499956,0.0936605426363828,-0.04988007105641345,-0.3435460462242898
2021-03-05,0.0,-0.5444881712021897,-0.02740723742686075,-0.16964682289769356,-0.35296094121511584
2021-03-06,4.8,-0.4934516327527706,4.019186406847186e-05,-1.56883413330618,-0.2998686650425391
2021-03-07,0.3,-0.572412400544505,-0.09300515075823744,-1.5358124866445126,-0.30462371913667186
2021-03-08,0.0,-0.6816812686554594,-0.18914194916252267,-1.5588652909458895,-0.31427062571826964
2021-03-09,0.0,-0.7510659006065877,-0.270475476368149,-1.5331256342488664,-0.32546620699414247
2021-03-10,0.0,-0.8150122472372683,-0.3488575583975744,-1.512318110545286,-0.33671001571404624
2021-03-11,0.0,-0.8675671400336189,-0.413864551557135,-1.9724013332354495,-0.349667110769493
2021-03-12,18.1,-0.46463318261792796,0.04700539660737896,-1.8879115019454185,-0.13665510068382916
2021-03-13,0.0,-0.6116918142877122,-0.08014385534209494,-1.87314355579784,-0.15975038544387463
2021-03-14,0.0,-0.711523726940076,-0.16775744255814656,-1.8575669455790795,-0.1741781964275824
2021-03-15,0.0,-0.7938625093353223,-0.24573848074183022,-1.838991449613039,-0.18923555234725015
2021-03-16,0.0,-0.8432910261807081,-0.3021602423021738,-1.8209087670548103,-0.2028800360932568
2021-03-17,0.0,-0.9176576742557132,-0.3724077718055353,-1.807450174509835,-0.21505883946072057
2021-03-18,0.0,-0.9929889136791944,-0.4445798073010249,-1.7949052304755246,-0.22753151215103107
2021-03-19,0.0,-1.0279929426035466,-0.4993790220347582,-1.7851524182446274,-0.24085904467266503
2021-03-20,0.3,-1.0801943289623372,-0.5642174963854882,-1.7705951859450257,-0.25068950404829304
2021-03-21,0.0,-1.1531099385090136,-0.6417317798162869,-1.7576319962508675,-0.2640664664937044
2021-03-22,0.0,-1.2055600080035267,-0.7019880289800922,-1.7764876468526085,-0.2790027466966024
2021-03-23,0.0,-1.2325810055807656,-0.7564365695472298,-1.9936072077264737,-0.2935842426055951
2021-03-24,0.0,-1.1807180034940392,-0.8091080572443418,-2.0879425290683615,-0.3082882062460573
2021-03-25,0.0,-1.2330805298258862,-0.8590554464560466,-2.1442319197606805,-0.3236899445505201
2021-03-26,0.0,-1.318404531149017,-0.9189133579068453,-2.1589357190200653,-0.3401112674159765
2021-03-27,9.4,-0.9857347400241352,-0.696666419361401,-2.036485613156018,-0.23287657171892429
2021-03-28,0.8,-0.9997630202791258,-0.745632283692407,-2.020263937484614,-0.23887737418604532
2021-03-29,0.0,-1.004217497186437,-0.789659926339613,-2.076114899204817,-0.2552534929503814
2021-03-30,0.0,-0.9907818411890561,-0.8147743659375224,-2.074555437776414,-0.27158710762792854
2021-03-31,0.0,-1.0615705985894763,-0.8529245686524568,-2.0662628187126497,-0.2868729973248414
2021-04-01,0.0,-1.124223413811141,-0.9204460845885938,-2.061045028456203,-0.30127375710041243
2021-04-02,0.0,-1.1669446286007499,-0.9419618575505432,-2.0542239172861745,-0.3145797177872207
2021-04-03,43.3,-0.15398732829482586,0.19601591805030105,-1.5438478003472837,0.21137176488947515
2021-04-04,31.1,0.5817032821442256,0.8241940169607357,-1.2215313110694308,0.537071067653787
2021-04-05,0.0,0.30589642869335504,0.5863331566282912,-1.2141130464315826,0.5275243937374247
2021-04-06,0.0,0.11953226908203299,0.425462493913506,-1.206496345080784,0.5176650804324021
2021-04-07,0.0,-0.005658180989875537,0.3384316242573462,-1.1992161614036816,0.5078576996659675
2021-04-08,0.3,-0.114546142035833,0.24398743148734892,-1.1908839499220183,0.5011850510414635
2021-04-09,0.5,-0.1977766547560964,0.18704931045594955,-1.1793935376286457,0.49747870876118666
2021-04-10,0.0,-0.28906198896521973,0.09061693185328179,-1.1735650883579862,0.48760056099641425
2021-04-11,0.0,-0.3925876237833464,0.0027532353648583043,-1.168323990170125,0.47722746832227964
2021-04-12,3.6,-0.3425522043894819,0.03391506269676032,-1.1282509793180582,0.5042030796008249
2021-04-13,2.8,-0.3579743783440291,0.03375524275542999,-1.097962249589642,0.5216822171461571
2021-04-14,0.0,-0.4572968587204397,-0.047845512503252884,-1.096105952969845,0.5098061933779646
2021-04-15,0.0,-0.5342362969497534,-0.11448775123997676,-1.0948194089735832,0.4988743833728651
2021-04-16,0.0,-0.6209240759155715,-0.1806320720323231,-1.0923285965737708,0.48774703795523
2021-04-17,0.0,-0.7276911868965881,-0.2681580547146172,-1.0895332716897597,0.476380518706347
2021-04-18,0.0,-0.8196939514531802,-0.33967765151945994,-1.087398953186642,0.46467030361248174
2021-04-19,0.0,-0.8777530263260843,-0.42203189212330033,-1.0840955701247812,0.45431643484787976
2021-04-20,0.0,-0.931795889020411,-0.49230861845063595,-1.0823056339430275,0.4452654274713644
2021-04-21,0.0,-1.005475704821289,-0.5840137014319385,-1.082714263335426,0.4351734505422023
2021-04-22,0.0,-0.979629512637772,-0.6302785088150487,-1.0826637297603652,0.4114856626528725
2021-04-23,0.0,-1.0320481441295166,-0.715820833338393,-1.0826467218345697,0.3026651985881833
2021-04-24,0.0,-0.9799072388914348,-0.743790466195061,-1.0838432081105993,0.2762848744209992
2021-04-25,0.0,-0.9909575755639638,-0.7419562618859097,-1.085931174552317,0.2635304329165304
2021-04-26,0.0,-1.058464565938396,-0.8078261153595077,-1.0880207985387393,0.25043493318460697
2021-04-27,0.0,-1.0933773815092291,-0.8519938548384391,-1.0899292510258758,0.23907857227153886
2021-04-28,0.0,-1.0476293683725313,-0.8436249486273638,-1.0932517790336047,0.22513224548120042
2021-04-29,3.2,-0.9059795106311342,-0.7176711403027642,-1.0628748647763169,0.2484158944470919
2021-04-30,23.3,-0.37591230844381657,-0.3120285481750497,-0.8346246766353687,0.48983760783080954
2021-05-01,21.7,-0.11188444855946669,0.12600634820796944,-0.6339362555677515,0.7007119540600255
2021-05-02,13.0,0.1124383071408302,0.32145505927170975,-0.5199736856245498,0.8180110749450882
2021-05-03,0.0,-0.06766521928555067,0.15942258162793968,-0.5222860453555211,0.8079632355909253
2021-05-04,0.0,-0.2036559516103033,0.03929768406126111,-0.5250641806533863,0.798046544002275
2021-05-05,3.5,-0.21038839837756024,0.04459033910515768,-0.49681483073807525,0.8226911625084027
2021-05-06,0.0,-0.35147791924512795,-0.06975713520195297,-0.4986078948826158,0.8126587071347738
2021-05-07,0.9,-0.3386353487223689,-0.11186928099411887,-0.4931524881654471,0.8124378650326777
2021-05-08,0.0,-0.4476224225941468,-0.20376349100660746,-0.495753965230124,0.8043547291613945
2021-05-09,0.0,-0.5396785300175906,-0.28244494747860216,-0.49807373049636744,0.7943486203032497
2021-05-10,0.0,-0.5917481164095013,-0.33719598022361036,-0.5006528134523534,0.7843842546566605
2021-05-11,0.0,-0.64683349418032,-0.41309653006591707,-0.502205739586801,0.775389405825566
2021-05-12,0.0,-0.733653419470782,-0.5095516295811751,-0.5025239743041295,0.7669633909171084
2021-05-13,0.0,-0.6940720770864843,-0.5497231629827122,-0.5027044216262534,0.7588583207261637
2021-05-14,0.0,-0.7958268610466386,-0.6590623266105702,-0.5019930991437599,0.7524243946434355
2021-05-15,2.2,-0.8216528419438951,-0.6686063967301971,-0.48204532059014976,0.7709284208670055
2021-05-16,63.5,1.057853500090658,1.0280605711163173,0.04348666866033231,1.3702838831838218
2021-05-17,9.9,0.9887035723480048,1.017484198819711,0.11833471184972923,1.4538434285684654
2021-05-18,0.0,0.675961380728179,0.7591712189513574,0.05764107166337569,1.449157355016535
2021-05-19,0.0,0.5134085515760769,0.658557158316594,0.055629052820196666,1.4444094497559177
2021-05-20,5.2,0.5610284130123,0.69710050953302,0.09343357069173107,1.487200457558548
2021-05-21,15.7,0.9387145614161952,1.0309650360227245,0.20891032426346845,1.6194395905115595
2021-05-22,0.0,0.7652519521991273,0.8677961766039172,0.2065701615384458,1.6158795920191362
2021-05-23,0.0,0.600344136333282,0.7144332647146977,0.20330242511054628,1.6132672221986484
2021-05-24,0.0,0.3789076456748108,0.48602460080903687,0.19981993408664897,1.6096003111923831
2021-05-25,0.3,0.30799042629672685,0.3955306289606613,0.19815140440182194,1.6080487102823158
2021-05-26,0.0,0.2277283866570165,0.31215308832074135,0.1938578106022971,1.6040123501578343
2021-05-27,0.5,0.1931846138230664,0.27855361074440255,0.1931256587287389,1.604105555890794
2021-05-28,11.2,0.5103621361674099,0.5670078805726435,0.27038039993515656,1.6513264182018044
2021-05-29,2.6,0.5165348100548236,0.5694972952786193,0.28439872381188946,1.6708380568105
2021-05-30,0.0,0.4193914545335008,0.4780877560012519,0.27885792059282904,0.9527339410426136
2021-05-31,7.3,0.5931502275195851,0.6382354399080563,0.32534300052802967,0.9374383642117218
2021-06-01,0.1,0.4511111284223156,0.5057726853024126,0.3206783587923921,0.9363261574594559
2021-06-02,0.0,0.3257953544842993,0.37294097884964417,0.3155777514475591,0.9352561770295988
2021-06-03,14.2,0.7392028539416602,0.7041824748103598,0.4111325554959288,1.0701588290847621
2021-06-04,0.6,0.6191534708770784,0.6045978196967745,0.40970956891175203,1.0285102452013544
2021-06-05,0.0,0.48888671679626666,0.4928472145158932,0.4033018658988584,1.0227782398112628
2021-06-06,0.0,0.4020565173942013,0.4107404630131124,0.3954845308857229,1.0171159111525516
2021-06-07,0.0,0.2919068187825187,0.316332576694962,0.3874846376288876,1.0122149031595604
2021-06-08,0.0,0.19260764686795728,0.2239030702882101,0.37915019520539883,1.0053534872842125
2021-06-09,0.0,0.11239328567409214,0.1427324369253651,0.37010036104882876,0.9985678876341345
2021-06-10,0.0,0.046075274579056635,0.07142704123355885,0.3596475316879631,0.8142400202339983
2021-06-11,0.6,-0.005574565330658491,0.016186907504716203,0.3444256681915421,0.8074832407492019
2021-06-12,0.0,-0.0697445758007661,-0.05057984871708752,0.32941197627367486,0.793001453004132
2021-06-13,0.0,-0.12475821426659518,-0.10870820322837045,0.3134692311205677,0.7781631970257396
2021-06-14,0.0,-0.18701795862473308,-0.1705215829227153,0.29623211757579443,0.7609636376944461
2021-06-15,0.2,-0.24539289407913745,-0.22730095620646926,0.27937792210291984,0.7430689524636205
2021-06-16,14.2,0.19746899199234672,0.1806446879962233,0.3610319711398532,0.8559387476584854
2021-06-17,0.0,0.04815079076756982,0.05031249219874058,0.339027716209845,0.8300984254744609
2021-06-18,0.0,-0.07558026175122579,-0.0574118065058312,0.3156460500471639,0.7994393139075154
2021-06-19,0.0,-0.18777785075701753,-0.16248169476324256,0.2916961896247243,0.7705444619385697
2021-06-20,0.0,-0.2807925579382627,-0.2456258449617506,0.26531384672973324,0.7381246955963312
2021-06-21,0.0,-0.3470775032801349,-0.31470940595075475,0.2384207298965919,0.7045130966237904
2021-06-22,0.2,-0.45144976003787063,-0.4020473889883069,0.2119287997738003,0.6716940755562316
2021-06-23,0.0,-0.5797674315539595,-0.5263218415496932,0.1840095482968752,0.6375407028567582
2021-06-24,0.0,-0.6144859274540403,-0.5840317067583908,0.15424699046157112,0.6021973310176213
2021-06-25,0.0,-0.656541219953263,-0.64063092999333,0.1231591320741345,0.4784767375034271
2021-06-26,2.1,-0.617989578560508,-0.6137176678023522,0.10568265026677078,0.4529274663904856
2021-06-27,0.0,-0.6898583782581302,-0.6718867478535258,0.0716286764043543,0.41352317676809847
2021-06-28,0.0,-0.7996320679863851,-0.7800367396521376,0.036838560883205966,0.37339666411974287
2021-06-29,0.0,-0.883013290971669,-0.8528621871084143,0.0014153320254878478,0.333109897025257
2021-06-30,0.3,-0.9551285559980837,-0.9480788900591938,-0.033992932772237375,0.29257450238522553
2021-07-01,0.0,-0.8839175628880689,-0.8999075700318944,-0.07302668596958029,0.2474567141168576
2021-07-02,0.0,-1.0676627204050284,-1.0120018440257286,-0.11300681750651313,-0.20447060919805396
2021-07-03,57.7,-0.04392104324516114,-0.11128012863827882,0.2453196033719451,0.005161174975846759
2021-07-04,35.6,0.47275957861515744,0.33607706771654644,0.4348488255731297,0.2735760731065013
2021-07-05,0.0,0.17000235967372807,0.07134146070259727,0.3947267752212433,0.22894392237464006
2021-07-06,0.0,-0.010908024398229743,-0.08695900047485464,0.35519281282435183,0.18549149062060685
2021-07-07,0.0,-0.17502386713168427,-0.22858439264830666,0.3158447167204948,0.14013539681915238
2021-07-08,0.1,-0.3139074017155055,-0.3466702022152609,0.2765932776662963,0.09222964317773961
2021-07-09,2.3,-0.37308753992328975,-0.3969933194872461,0.25147913784316817,0.06770729243288258
2021-07-10,20.6,-0.10553655591035227,-0.15560708664587655,0.3408828456724449,0.19308919749844142
2021-07-11,0.0,-0.3166485351717515,-0.34746834080073496,0.3002198328648259,0.11994215112908879
2021-07-12,0.0,-0.4499275396321752,-0.4680356672860351,0.26020046548189446,0.05554125858836069
2021-07-13,0.0,-0.5694763207943528,-0.5838573929683913,0.22105463955545562,0.01541800046365409
2021-07-14,0.0,-0.6401532140478998,-0.653172212890334,0.1822892964153675,-0.02458287786578267
2021-07-15,0.0,-0.6939565098159564,-0.7120246309839399,0.14450344394666023,-0.06332132206845734
2021-07-16,0.0,-0.7270762640803987,-0.7335098173350488,0.10780528506269943,-0.10047916681678808
2021-07-17,25.9,-0.38212019917957224,-0.43297799160989525,0.23268797949448486,0.07054585937239495
2021-07-18,0.0,-0.4465105412476902,-0.48828871583979455,0.19840050176228644,0.03621824134306042
2021-07-19,0.0,-0.5372294629664908,-0.5751757988512362,0.1648936955624865,0.0023893902623866236
2021-07-20,0.0,-0.6237124577196367,-0.651422697195398,0.13196852288483762,-0.029991763105319428
2021-07-21,0.0,-0.6957379573119366,-0.7141155279955637,0.09394228527904024,-0.059694089353612576
2021-07-22,0.0,-0.7310219321135555,-0.7399324103137105,0.0089864846434903,-0.08957433729186809
2021-07-23,0.0,-0.8206347165817947,-0.8161205330576553,-0.029630950588189937,-0.11909790921403333
2021-07-24,0.0,-0.9676885864724147,-0.931519370469517,-0.06103569329349987,-0.14941355196994136
2021-07-25,0.0,-0.995966562139635,-0.9574146405559532,-0.09222383794450933,-0.1796765394940841
2021-07-26,0.0,-0.8992161717958483,-0.8891243221265991,-0.12405795968701062,-0.21163542007317204
2021-07-27,0.0,-0.9068973750348105,-0.879937992815372,-0.1552709980709618,-0.24119490668611943
2021-07-28,0.0,-0.9194776254693056,-0.8966698742984558,-0.18428832857484015,-0.29293394576860926
2021-07-29,0.0,-0.9638364376087811,-0.9396767423462002,-0.21289221382925333,-0.5007045790038186
2021-07-30,0.0,-1.0190948564624887,-0.9837767225148495,-0.24073703320730808,-0.7033086445704376
2021-07-31,0.0,-1.0799240597741184,-1.0334503192842797,-0.2673103818758729,-0.835529008851162
2021-08-01,0.5,-1.1327402972800058,-1.0855705742560544,-0.29036853210156083,-0.8529779781106878
2021-08-02,2.3,-1.0417517260454927,-1.025488192675029,-0.3021540713375752,-0.8544345340842515
2021-08-03,0.0,-0.9670344546941539,-0.9635140709283094,-0.3282249507015632,-0.905969666347738
2021-08-04,0.0,-1.0754444272479011,-1.0355349528312405,-0.35365181591658146,-0.9264978010016083
2021-08-05,0.0,-1.1582716704567944,-1.106939166735082,-0.3796293300822587,-0.9543474086984167
2021-08-06,0.7,-1.1629637001863622,-1.138977183391766,-0.40183190095269966,-0.9687325652183847
2021-08-07,0.0,-1.2927900453320953,-1.228218672619888,-0.4272640036189858,-0.9886799123784605
2021-08-08,135.9,0.7159536226844857,0.3968941582165103,0.272007654188805,-0.0380439267111766
2021-08-09,35.8,0.5872402927679803,0.5449301979709203,0.4162881320341803,0.15329658042988423
2021-08-10,5.2,0.1286615333027453,0.2440485357075514,0.41063435116619795,0.15537059316984464
2021-08-11,0.0,-0.08588022720303908,0.09516156340177932,0.38141408990738906,0.127251050833944
2021-08-12,0.0,-0.2636581422640675,-0.03246485481118635,0.35206934434645126,0.09767958994288893
2021-08-13,0.0,-0.3942116640903557,-0.129038764534212,0.3226880629642535,0.054294686546930294
2021-08-14,36.8,0.12633510614677665,0.27789152513043347,0.46335412819185395,-0.13400254573194478
2021-08-15,2.1,-0.05763994462040294,0.11537346736773393,0.4428127863623834,-0.21233751368132572
2021-08-16,0.0,-0.2378532228999983,-0.040789332871614487,0.4077281936068545,-0.2462830333861374
2021-08-17,23.8,-0.014273483336367077,0.1246523279183083,0.4790545529311091,-0.13996512039425296
2021-08-18,124.1,1.7659818216181482,1.5514284457238565,0.9656218030825796,0.45814202821144645
2021-08-19,9.9,1.113665620528655,1.2099118309838854,0.9671872880843114,0.39087152113930096
2021-08-20,0.0,0.6737646799959248,0.8916475640827621,0.9295553675969271,0.3521719935317505
2021-08-21,2.7,0.5506777725300797,0.7979545696397244,0.902777278453371,0.32627870055502795
2021-08-22,0.0,0.4045105802837785,0.6935118416617863,0.8653393038515222,0.2871368463005222
2021-08-23,2.1,0.2878213415164238,0.6126896763220288,0.8369692771355235,0.25810184221514704
2021-08-24,25.3,0.5377365773171437,0.7992371431000911,0.8983518243805888,0.34098639436821326
2021-08-25,2.0,0.3610174584963288,0.6666921193652653,0.8703619183125743,0.3111386776896402
2021-08-26,0.0,0.17550929008998437,0.5245867211607156,0.8171764838514484,0.22453782845563214
2021-08-27,0.4,0.022247984492107697,0.3878353434683631,0.7845162896857102,0.17933973077131313
2021-08-28,0.0,-0.10354354125136984,0.26962183929702566,0.4380193856617499,0.1431610947424026
2021-08-29,0.0,-0.312644105800724,0.09872269943136505,0.3687852542625102,0.07219849433541924
2021-08-30,0.0,-0.4608396115673863,-0.053184662648012054,0.3344019288553594,0.03496275931514697
2021-08-31,28.5,-0.035356276944348036,0.11339114247508003,0.414524849046291,0.13095414619595264
2021-09-01,76.9,0.7666580831598255,0.6616951422979088,0.6766795990174029,0.3726803722487162
2021-09-02,0.0,0.6089422671090289,0.4801095709838484,0.6259008978490279,0.3354492908959253
2021-09-03,0.0,0.4042079517774005,0.34235712479186836,0.5925158564355725,0.3019334983618966
2021-09-04,0.2,0.31697520313786176,0.2493371238028985,0.5626366339278939,0.2713417619906844
2021-09-05,0.5,0.2348149852669611,0.17795566457279097,0.5349463762578607,0.24248676955259243
2021-09-06,0.1,0.13239286980562778,0.10954767500699629,0.5053550499224054,0.21201901441504872
2021-09-07,10.8,0.23757424771147587,0.15915207184778007,0.5155196803048524,0.2272433837776651
2021-09-08,3.0,0.13829985228815456,0.09935360217425339,0.4295828144538024,0.21072671894274844
2021-09-09,0.0,0.05504819078831257,0.03381572955097857,0.4011446616158244,0.1813105525218435
2021-09-10,0.0,-0.06341678132490207,-0.049293294293644575,0.37371876670391985,0.15626544813048418
2021-09-11,0.0,-0.13863937817407887,-0.12127557383692864,0.34672546799523807,0.13196292479090768
2021-09-12,0.0,-0.23678511813463696,-0.19667618083877753,0.3205210186310568,0.10958757047902515
2021-09-13,0.0,-0.28649203111728777,-0.24114290146169143,0.29508094292216386,0.08828365835633227
2021-09-14,0.0,-0.3731225069665176,-0.30078377033616566,0.2703508146288316,0.008453774482531488
2021-09-15,0.0,-0.43772223897208146,-0.34933440018703393,0.2458411162682727,-0.008954941204756386
2021-09-16,0.2,-0.49147943388970805,-0.3914259982165682,0.22464224034725744,-0.021228938966837373
2021-09-17,5.6,-0.4451314016083048,-0.3734452397887212,0.22552064028852858,-0.00883160135744786
2021-09-18,1.2,-0.43011635623025024,-0.3860232958798983,0.2103735753533073,-0.013631569467682911
2021-09-19,0.0,-0.5264858723063591,-0.4452201974810007,0.19257901339527544,-0.021236676374413305
2021-09-20,0.0,-0.5572543265358864,-0.4816396012161581,0.1747053256290624,-0.029120754281804065
2021-09-21,0.8,-0.6035199173817353,-0.5050951876937719,0.15987072915957004,-0.03254933254431572
2021-09-22,0.0,-0.6458602430990809,-0.5421071926945986,0.14329331672953305,-0.03723547333272371
2021-09-23,0.0,-0.6869024809991467,-0.5731210707769231,0.0913984068399235,-0.04106815275336
2021-09-24,2.1,-0.6735134066669992,-0.5603516332149864,0.08061607289085274,-0.04345410128556713
2021-09-25,4.5,-0.6560887123922163,-0.5489942314256446,0.08235127738022559,-0.024662041860995385
2021-09-26,0.0,-0.6991853343145543,-0.5885998122828332,0.06772944304375926,-0.02390103004520786
2021-09-27,0.1,-0.7035177262640732,-0.6094366926606221,0.05434374337713497,-0.021294858921046867
2021-09-28,0.0,-0.7497626070391539,-0.6403371500837662,0.04175215274147475,-0.01713611300630413
2021-09-29,5.6,-0.7099260548409377,-0.6154293179169151,0.05097419428433054,0.014249803242972994
2021-09-30,0.0,-0.6812714665297043,-0.6320506521530236,-0.12787445049350968,0.02279936475937922
2021-10-01,0.0,-0.740031416544031,-0.6626017540369498,-0.2625453074058908,-0.21871623319196268
2021-10-02,1.1,-0.7831551660413917,-0.6959367711226715,-0.26860368177524013,-0.3638093196729037
2021-10-03,0.0,-0.6524691269487348,-0.6555860455988691,-0.27831871710285755,-0.3513171134516749
2021-10-04,0.0,-0.7905731092236928,-0.7246584235071742,-0.28765352397523536,-0.33880150174821816
2021-10-05,1.4,-0.7983208059534107,-0.7187332426801193,-0.2928624123300319,-0.3195601285636472
2021-10-06,48.8,-0.023967255105409348,-0.1766625308713262,-0.1113329737351585,-0.08865976223352828
2021-10-07,1.8,-0.14722739777468025,-0.26720645004854887,-0.11243371655272127,-0.07687414263018358
2021-10-08,5.5,-0.1440455198289187,-0.26622546598128316,-0.09859464544043542,-0.12798083747567446
2021-10-09,4.7,-0.13398013287097674,-0.2557743463508673,-0.10147773664318525,-0.09239856661754743
2021-10-10,0.0,-0.21387635623806533,-0.3073965406166689,-0.118656855920528,-0.07735419423430645
2021-10-11,7.0,-0.14224368850731395,-0.25872784887237205,-0.09718812360377621,-0.031516028674802896
2021-10-12,0.0,-0.20404080202006353,-0.29836422100231724,-0.10272004413566205,-0.01567425009537129
2021-10-13,0.0,-0.2537705018709308,-0.3349084567853257,-0.10752100546151022,0.00022569438335454898
2021-10-14,0.0,-0.28887723103986296,-0.35305097015252646,-0.11237045416657107,0.01499323082296725
2021-10-15,34.6,0.03362385957830881,-0.1539694043755743,0.015450583610086497,0.06600269509714508
2021-10-16,8.9,0.06270027057822723,-0.14557764200526835,0.044537239323296174,0.11795328917347353
2021-10-17,0.0,-0.06180439183606784,-0.23134136190889057,0.039639794213082113,0.13184640672370906
2021-10-18,0.0,-0.14625171139311105,-0.27513946884012164,0.03469853835585544,0.14512772716060784
2021-10-19,6.9,-0.09728352660942662,-0.23151313988759142,0.05658296090722935,0.18713803006932445
2021-10-20,1.0,-0.171798859886861,-0.26570723259568735,0.056520733767395824,0.20481717230682703
2021-10-21,0.0,-0.263453705729591,-0.3213819462031273,0.05338426316056745,0.21926561162681282
2021-10-22,9.2,-0.14734845391424953,-0.2450144097414349,0.08551377311229674,0.27359062693270647
2021-10-23,0.0,-0.16935469166077607,-0.25699084118907356,0.08284103647593688,0.289323286311564
2021-10-24,0.0,-0.23234069842267482,-0.29663569080521623,0.07976778819519434,0.3066500774239215
2021-10-25,0.0,-0.28744009598886666,-0.33457793835404875,0.07713070923047295,0.3234639800214735
2021-10-26,0.0,-0.3108079586029674,-0.35463884655152605,0.06269455361331396,0.3397640748149387
2021-10-27,0.0,-0.34821021246575634,-0.38920357017542445,-0.028551766001834546,0.355892695960611
2021-10-28,0.0,-0.3784496230043964,-0.41712870108713984,-0.11469361564593877,0.37211186492041676
2021-10-29,0.0,-0.4115974214295004,-0.44853628102541293,-0.16779342873302097,0.38812677698452197
2021-10-30,0.0,-0.48129607682150916,-0.4966587671985006,-0.16977735167603536,0.4020488411743077
2021-10-31,0.0,-0.5474511444678782,-0.543834278406808,-0.17138503414357412,0.4082349609055802
2021-11-01,0.0,-0.5730807287036043,-0.5698689370189741,-0.18675438736941952,0.4252968664464536
2021-11-02,5.2,-0.4796308884893161,-0.5216952069627049,-0.16786942760173076,0.46468171465737834
2021-11-03,0.6,-0.5175665052038123,-0.5519885524763868,-0.17082036961937655,0.48613509618547984
2021-11-04,0.0,-0.5537167006238056,-0.5857226337289794,-0.1723559143482198,0.502699693481778
2021-11-05,0.0,-0.5681931555940621,-0.602359820745326,-0.1730048777919264,0.5226896749881917
2021-11-06,0.0,-0.58051892924524,-0.6306057740189227,-0.17325793582412904,-0.06744668097647352
2021-11-07,0.0,-0.6649693454579153,-0.7031236623322695,-0.17369639254897554,-0.22026477028047223
2021-11-08,2.7,-0.5959153942900568,-0.6673517034704285,-0.16307608802575022,-0.20650826300913971
2021-11-09,0.0,-0.6526306888542138,-0.7271894271250836,-0.16341387165401106,-0.17980060661766056
2021-11-10,0.0,-0.7214943038584379,-0.7820595486877875,-0.1644506031666041,-0.15220614565440257
2021-11-11,0.0,-0.7385465735567762,-0.7993621621437899,-0.1746284441158075,-0.12404878310155018
2021-11-12,0.0,-0.7936532732789223,-0.8541769342433405,-0.43813956269798776,-0.278617900136856
2021-11-13,0.0,-0.8259215625078798,-0.8990249432878997,-0.4815171464054366,-0.2587162669355194
2021-11-14,0.0,-0.7661669233924859,-0.8800389147031292,-0.4829826484489722,-0.22507862088215588
2021-11-15,0.0,-0.7032879520729982,-0.8203682312216859,-0.48388963659172574,-0.3119295721715183
2021-11-16,0.0,-0.7625586079904929,-0.8604865155893524,-0.5066195143460585,-0.9830516426580974
2021-11-17,0.0,-0.8190319136273079,-0.9040933167570137,-0.5741476288214206,-0.9992084810055324
2021-11-18,0.0,-0.8440987256562357,-0.9151197756254571,-0.5730204731247336,-0.9516797037089287
2021-11-19,0.0,-0.8444468295978129,-0.9122612094014301,-0.5718597175265271,-0.9219858688464917
2021-11-20,0.2,-0.863479284034224,-0.9184913736942582,-0.5700842002755441,-0.8741702741498353
2021-11-21,0.0,-0.8826051426118446,-0.9419982958211001,-0.5705974128782267,-0.843194948287246
2021-11-22,0.0,-0.891138076170402,-0.9577358855295514,-0.5696889924654721,-0.9603594893176267
2021-11-23,0.0,-0.9037685927495617,-0.9600955385695669,-0.5704055018029969,-0.9279855877824629
2021-11-24,0.0,-0.9233758797197795,-0.9724954844953619,-0.6168188057420138,-0.8839034583485477
2021-11-25,0.0,-0.9118926370118073,-0.9608852133810247,-0.625942895241523,-0.8428416348667978
2021-11-26,0.0,-0.940814397808773,-0.9777089000514655,-0.624047897168955,-0.7973952154319732
2021-11-27,0.0,-0.9243338179950719,-0.9319450744564932,-0.6541765197788014,-0.7515575696908293
2021-11-28,0.0,-0.8555021479488005,-0.8900192630424097,-0.6523677917989411,-0.7048591893760885
2021-11-29,0.0,-0.8889060828851688,-0.9221157579885921,-0.6498512245067788,-0.8463650327118007
2021-11-30,4.4,-0.7867702033710758,-0.8534213648862061,-0.6896628191771448,-1.353537806605077
2021-12-01,0.0,-0.8140352588117906,-0.8721944485776926,-0.6883392700470012,-1.3056976645675136
2021-12-02,0.0,-0.827410064182216,-0.8834839432366475,-0.6833742330794974,-1.256454616343133
2021-12-03,0.0,-0.8064076431973541,-0.8763637411065918,-0.677783384100542,-1.2112549074693741
2021-12-04,0.0,-0.8237465591803261,-0.8870758988221648,-0.6720325415315012,-1.1711001282933666
2021-12-05,0.0,-0.8568995644740064,-0.894456476518315,-0.6661462654534286,-1.1269236307415056
2021-12-06,0.0,-0.8812272640436094,-0.9239518812372747,-0.6602693773439382,-1.1757721998227295
2021-12-07,11.4,-0.587060516713401,-0.6783640734169006,-0.6041250521464118,-1.059846594836895
2021-12-08,0.0,-0.6415544752024966,-0.7014991436517722,-0.5981976024480296,-1.018422919238604
2021-12-09,0.0,-0.6680341662036716,-0.7219445065398046,-0.5893681282705818,-0.9783436429016743
2021-12-10,0.0,-0.6934522639629603,-0.7564210263577701,-0.5804846722002547,-0.9396098814767123
2021-12-11,0.0,-0.7002636522363523,-0.7602341660549654,-0.5708187560369891,-0.9014773534644454
2021-12-12,0.0,-0.7376152246243326,-0.7925286844711253,-0.5608725010767613,-0.8639168214128498
2021-12-13,0.0,-0.7721317440290966,-0.8181860941407111,-0.609968189193433,-0.8276158209617087
2021-12-14,0.0,-0.7608661639892303,-0.8165955720571442,-0.5973217754506651,-0.7910431370552141
2021-12-15,0.0,-0.7365331589509457,-0.7991803130625582,-0.5833976670970139,-0.7552749958522624
2021-12-16,0.0,-0.772473615761344,-0.8211185785670067,-0.5695763064648525,-0.7677916089874414
2021-12-17,0.0,-0.8053579616293282,-0.8425079540997199,-0.5642442549613017,-0.7465633602443843
2021-12-18,0.0,-0.8137610834679708,-0.85385939716034,-0.5494313889331724,-0.7135298775599578
2021-12-19,0.0,-0.760754490049774,-0.835347696199116,-0.5349372253262884,-0.6808704164464171
2021-12-20,0.0,-0.7176301981971468,-0.812913358898303,-0.5195570278446334,-0.6556428579396067
2021-12-21,0.0,-0.7462441300032976,-0.8359328963040017,-0.5040352055380899,-0.6224537744233554
2021-12-22,0.5,-0.7448167431892574,-0.83849314336868,-0.4850021435789521,-0.5845865002685966
2021-12-23,0.0,-0.7599473529249715,-0.855113080166083,-0.47595493639319436,-0.5709891456355174
2021-12-24,14.4,-0.31508452621521466,-0.5139036235744517,-0.39669869898334154,-0.45317760980076044
2021-12-25,17.6,0.16728365321039237,-0.12304174349667656,-0.30414513295422185,-0.27566249917728897
2021-12-26,0.0,0.05179777117767756,-0.21285393941223824,-0.2839985924832137,-0.24509482581985836
2021-12-27,0.0,-0.013174051148322671,-0.25941929604541536,-0.2637198288405814,-0.21465584136310303
2021-12-28,0.0,-0.04976442938124468,-0.2919167350099461,-0.24069089671511923,-0.23104799593164269
2021-12-29,0.0,-0.07766880881327912,-0.3188848712325684,-0.21661259942096397,-0.20264985417782566
2021-12-30,0.0,-0.03839815033971459,-0.33819677095814493,-0.4320750326294711,-0.17379752823818828
2021-12-31,0.0,-0.06464359416799777,-0.3638962752301331,-0.5602065744823906,-0.1549748661993395
2022-01-01,0.0,-0.054269535044719,-0.3732385760566026,-0.5102214004252098,-0.10398512290904607
2022-01-02,0.0,-0.07363517764480733,-0.3747265151554104,-0.4863618357500605,-0.07914647620221192
2022-01-03,0.0,-0.16294731077805388,-0.38330834171099987,-0.46118752445523936,-0.06657697957077027
2022-01-04,0.0,-0.17548583382385896,-0.3931718955130871,-0.4363396050942241,-0.4941739294651418
2022-01-05,0.0,-0.1987417244334246,-0.4144961974514455,-0.42064546318955015,-0.4891663451067421
2022-01-06,0.0,-0.2242121195417792,-0.4415440092353351,-0.48496967286250076,-0.5246196095433616
2022-01-07,0.0,-0.23692140876479556,-0.4463322152888413,-0.46045199691331,-0.5547673484069832
2022-01-08,0.0,-0.2500989744396682,-0.4741153466184558,-0.4350515002352836,-0.5358717170183506
2022-01-09,0.0,-0.2836586911599125,-0.504257872002005,-0.4094921388654831,-0.5962463048096152
2022-01-10,0.0,-0.29210567709823293,-0.5110767277624025,-0.38412198779800927,-0.57959497093501
2022-01-11,0.0,-0.2745856349576693,-0.49153654105234157,-0.3595946937601013,-0.5634027307090517
2022-01-12,0.0,-0.2903459303173177,-0.5026441584512392,-0.3360354860902435,-0.5467106410877657
2022-01-13,0.0,-0.3279079754771372,-0.5344455251945975,-0.42695696795222704,-0.9846756811532814
2022-01-14,0.0,-0.32854556626218484,-0.5236394647115199,-0.4047875937651761,-1.1109681552481503
2022-01-15,0.0,-0.34867809478028383,-0.5549556244176931,-0.38244431345620405,-1.0985374944241584
2022-01-16,0.0,-0.37877995748374466,-0.5832357495546457,-0.36883657109340273,-1.096218725143465
2022-01-17,0.0,-0.39956159969857574,-0.5877777917693616,-0.34792695081082475,-1.1985871439256681
2022-01-18,0.0,-0.4188006757514719,-0.5962735574232564,-0.3268620780583345,-1.199890946024306
2022-01-19,2.8,-0.3323944706536436,-0.5164584107694447,-0.2933350510488742,-1.1350041144509397
2022-01-20,2.6,-0.257041801217103,-0.44765219322355443,-0.260032211049588,-1.2385678459190905
2022-01-21,0.0,-0.3026656753089341,-0.487438217995529,-0.2384775671892553,-1.224864873958019
2022-01-22,0.0,-0.3389052103605766,-0.525189650120616,-0.21486760500214766,-1.2109467377598544
2022-01-23,0.8,-0.32367849874219795,-0.4984787059648609,-0.1875621307124065,-1.1822172860463644
2022-01-24,1.2,-0.29564771667330575,-0.47061843942113196,-0.15894881980675,-1.1466036749400004
2022-01-25,0.0,-0.30644705684005236,-0.4808941069668042,-0.13644377003949856,-1.1340127881508701
2022-01-26,0.0,-0.33075549780519353,-0.5028783589654648,-0.11443450212380997,-1.1221905332849866
2022-01-27,0.0,-0.3561098642775043,-0.5233585934840401,-0.09209861053606458,-1.1120968910067857
2022-01-28,0.0,-0.3748406758823369,-0.5273748183732155,-0.07233926954614019,-1.1021406671280831
2022-01-29,0.0,-0.39394978234158096,-0.5582516031547335,-0.060000291684889774,-1.0925685589777836
2022-01-30,0.0,-0.4105729075203104,-0.5711480211334572,-0.03593152579130047,-1.0822187487311818
2022-01-31,0.0,-0.40268184298274395,-0.5626114659266179,-0.010419643709305603,-1.1708738655317914
2022-02-01,0.0,-0.40866582840006715,-0.569462548206959,0.015233257327800813,-1.17542789557254
2022-02-02,0.0,-0.43395938633985126,-0.5957627282858666,0.038196539852708246,-1.167493592564379
2022-02-03,0.0,-0.4531059281992856,-0.608195557718127,0.06328819170958175,-1.1600785172020642
2022-02-04,0.0,-0.4445362667727371,-0.6026370052307485,-0.5336363627433421,-1.155733625022488
2022-02-05,0.0,-0.4614162889916499,-0.6101277795275248,-0.6830358302154809,-1.1507041294481053
2022-02-06,0.0,-0.47267922305614546,-0.6365590425094176,-0.6769616135569557,-1.198970002775753
2022-02-07,0.0,-0.48096143874918,-0.6444267150960395,-0.6431103160414373,-1.1908427147551421
2022-02-08,0.0,-0.5061258497062194,-0.6253737934968177,-0.6079376559221484,-1.1794322771484698
2022-02-09,0.0,-0.5374880988561193,-0.6343459012199363,-0.5723177930103203,-1.1688105727262637
2022-02-10,0.0,-0.5333647032179729,-0.6218473991728696,-0.7220440491885135,-1.1559623629329967
2022-02-11,0.0,-0.5630357293245147,-0.6080848078848274,-0.696195993017487,-1.1410059479381487
2022-02-12,0.0,-0.5771402287280987,-0.5919822456676416,-0.6585906826757293,-1.1269565239174428
2022-02-13,0.0,-0.6053234698598062,-0.6248787207639471,-0.7419887692054682,-1.1175822282694434
2022-02-14,0.5,-0.6218186804005809,-0.6354810054412006,-1.399080666245317,-1.1004853998715873
2022-02-15,0.0,-0.6191644807492389,-0.6490326138406332,-1.4125116510894693,-1.0941444594823484
2022-02-16,0.0,-0.59481169721396,-0.6620533722485439,-1.3654329501307185,-1.0898808761122776
2022-02-17,0.0,-0.5746344643737519,-0.6790550377344459,-1.3363750697352428,-1.0858701440970302
2022-02-18,0.0,-0.5791133408761376,-0.6804816246206643,-1.2921457351800094,-1.088413876798124
2022-02-19,0.0,-0.5894483712531857,-0.6967423918404348,-1.2590911679100922,-1.0863617981086355
2022-02-20,0.0,-0.5757725681485595,-0.7002362573777774,-1.3748131398173236,-1.0850018711590153
2022-02-21,0.0,-0.5700867364405167,-0.6914670553800045,-1.3453977666121684,-1.0843466678418696
2022-02-22,0.0,-0.562144584798662,-0.6608372947953558,-1.3038730794633817,-1.0845760887790463
2022-02-23,0.0,-0.5351316364319088,-0.6452717297994643,-1.2642221029767122,-1.0854825363721854
2022-02-24,0.0,-0.5433554781227923,-0.6592171892006458,-1.2218439184665968,-1.0870808347798815
2022-02-25,0.0,-0.5512401068341923,-0.646943861043575,-1.1798042490978795,-1.0898971609774983
2022-02-26,0.7,-0.5568389172373173,-0.6357233442415102,-1.1347055546838214,-1.0790997985428592
2022-02-27,0.0,-0.6041902824227422,-0.6731140341292104,-1.2796110385787558,-1.0820143524216124
2022-02-28,0.0,-0.627619679778576,-0.686399388786832,-1.8054605982922651,-1.1775095135603943
2022-03-01,0.0,-0.6728901892838925,-0.7222050421605373,-1.7635351549763716,-1.1845184104340731
2022-03-02,0.0,-0.7403435875001606,-0.788463012074183,-1.7237980753928137,-1.1930334660388207
2022-03-03,0.0,-0.6590654228800953,-0.7110634530433747,-1.6887120644387785,-1.2034933688919676
2022-03-04,0.0,-0.6862802402778372,-0.7422586346220164,-1.6577173187804477,-1.214266493126536
2022-03-05,0.0,-0.6996915692289961,-0.7447550520922691,-1.6240102724995586,-1.2272975617222535
2022-03-06,0.0,-0.7079995997245411,-0.7401207004515628,-1.6795582803178557,-1.2400689376233056
2022-03-07,0.0,-0.7145825863948726,-0.7453066787206772,-1.674411761486311,-1.522128199348318
2022-03-08,0.0,-0.7649684673378613,-0.7802154407980447,-1.6448745071684687,-1.537230889282916
2022-03-09,0.0,-0.7806127849226143,-0.8108028773445656,-1.6194090241140153,-1.5542932304869226
2022-03-10,0.0,-0.7970241053192848,-0.8375710852886354,-1.5973743027072125,-1.5727215925011475
2022-03-11,0.0,-0.8069405096471898,-0.8440106481009982,-1.5782431441986617,-1.5954247872296297
2022-03-12,0.0,-0.8031065822525659,-0.8390563126695673,-1.5610743703906547,-1.6184067143096634
2022-03-13,4.4,-0.6758438182229085,-0.7104497161055822,-1.5058564777470025,-1.5297336037381364
2022-03-14,1.8,-0.6603785433366113,-0.6817356098890325,-1.4722473415344417,-1.5134233298281545
2022-03-15,0.0,-0.6997847454274767,-0.713672593146073,-1.4524081903984243,-1.5417423527321272
2022-03-16,0.0,-0.7097294706908748,-0.7012008039800322,-1.482071197679498,-1.5658671352189037
2022-03-17,12.4,-0.2933098242982138,-0.3303985033300575,-1.3691295459535502,-1.300284810802306
2022-03-18,17.6,0.2695537645892714,0.15291703637480808,-1.2064594448058787,-0.977788909274981
2022-03-19,36.7,1.4731053967867784,1.1838649637255367,-0.9047056601129659,-0.42512226204674475
2022-03-20,0.0,1.2061703603750948,0.9636088398267291,-0.8936419772977316,-0.44030552237202863
2022-03-21,0.0,1.0526986591647252,0.8298076404442174,-0.8760617589919545,-0.45525383829395094
2022-03-22,0.0,0.9012316166819758,0.6922891432275918,-0.8608256191711704,-0.47905191754152493
2022-03-23,0.0,0.7720441428001291,0.5862567343525226,-0.862154207145692,-0.49548354530325334
2022-03-24,0.0,0.6243721769366815,0.4987202004555475,-0.8814214296406284,-0.7288368352754517
2022-03-25,4.8,0.7175202229995492,0.5869946940484655,-0.8283509169263272,-0.9628107130149755
2022-03-26,8.3,0.947523589712722,0.7884110167146328,-0.7500058186999558,-0.8430142353226544
2022-03-27,0.0,0.8378837474419032,0.6908656729078841,-0.7363454470685437,-0.8661245267922904
2022-03-28,0.0,0.7566699568265995,0.6242721325576466,-0.7670064868956961,-0.8891831801362549
2022-03-29,0.0,0.6736431474609362,0.5559373701277692,-0.7539711722401633,-0.9121791525217019
2022-03-30,6.7,0.8132502136886224,0.6932813402264449,-0.6880698728797199,-0.8215890053825851
2022-03-31,10.2,1.1103644191188249,0.9363226418048505,-0.6045878642988614,-0.6768391937404997
2022-04-01,0.4,1.0573902350331201,0.8866958225306967,-0.5897210380051813,-0.6878399690803823
2022-04-02,0.0,0.9937171569294885,0.798720480845919,-0.5780078071668643,-0.7034837311198421
2022-04-03,0.0,0.9736497846383931,0.77393973106908,-0.5777483231935933,-0.7173231417445053
2022-04-04,0.0,0.859436421811258,0.6760716749659694,-0.9727836122905504,-0.7310412704284374
2022-04-05,0.0,0.8578518707918036,0.6721794453973732,-0.9806606195244746,-0.7449307782421561
2022-04-06,0.0,0.8035602608937927,0.6464911717474946,-1.0219886761631085,-0.7583270654605587
2022-04-07,0.0,0.8065325095636278,0.6734579199381476,-1.0573105208277076,-0.772283277237985
2022-04-08,0.0,0.7703864734778605,0.6434640396088054,-1.0513917716345151,-0.7867846423918757
2022-04-09,0.0,0.7567452493243277,0.6452998045667883,-1.110211785378533,-0.7992971005479104
2022-04-10,0.0,0.68826424903247,0.6031426719354792,-1.1041714222713672,-0.8120950321653018
2022-04-11,0.0,0.6637769380236666,0.5865965575738179,-1.0987077462117365,-0.8246676558008795
2022-04-12,0.0,0.5827191428269951,0.5416236880790468,-1.093509754338957,-0.8390194107154693
2022-04-13,19.0,1.1971251647316223,1.125394028084641,-1.2443186901062342,-0.5619232227816181
2022-04-14,3.1,1.1978422533022415,1.1483815419559515,-1.3026913559800513,-0.5313170817597266
2022-04-15,0.0,1.1094660826583018,1.0818136709002812,-1.3024325992604788,-0.5468704784385482
2022-04-16,0.0,1.0692038197087481,1.0569391906283523,-1.3008364899456644,-0.5629229895601106
2022-04-17,0.0,1.0569558278053763,1.0367601901889136,-1.371903240179229,-0.5788949882380309
2022-04-18,0.0,1.0573443852878288,0.9790706439181083,-1.3813553963543872,-0.595197317036896
2022-04-19,0.0,1.0077563143268224,0.9511079888156526,-1.3785310279393637,-0.6519818796532879
2022-04-20,0.0,0.9683907552267047,0.8823405680197259,-1.4790372437453883,-0.7063232628906014
2022-04-21,0.0,0.9658557714377544,0.872303117465823,-1.4808397240567057,-0.7240928709410003
2022-04-22,0.0,0.8714101154735842,0.803954285031441,-1.4821314374613224,-0.7403782286725713
2022-04-23,0.0,0.8510044636750991,0.7876636698930108,-1.4835711003437453,-0.7705877116962229
2022-04-24,0.0,0.7559788245069821,0.7204823919236323,-1.486562154704572,-0.8075016862052611
2022-04-25,0.0,0.7077532653573773,0.6450053266277885,-1.4905309320870122,-0.8247339337809462
2022-04-26,23.5,1.498912339095994,1.3717822263815143,-1.235114196682604,-0.4884960377917532
2022-04-27,0.0,1.2832233964769797,1.191412167374095,-1.237647775576035,-0.5021125406660552
2022-04-28,0.0,1.0721041315830797,1.0263209835446359,-1.2416449303146158,-0.5164640810528851
2022-04-29,22.8,1.5350944707595633,1.4415097320973496,-1.008436383525832,-0.22227046410505766
2022-04-30,0.0,1.5244187205339854,1.403345907890541,-1.0097623511690812,-0.23718565286558502
2022-05-01,0.0,1.529176320787878,1.3330171102971424,-1.0645184340299019,-0.2526836908362322
2022-05-02,0.9,1.5040537789306452,1.3449439955848295,-1.0658721822028239,-0.2568311477145886
2022-05-03,0.0,1.4835933372464571,1.3407955020144657,-1.0705706795336682,-0.273508545595498
2022-05-04,0.0,1.4780091462839464,1.3249143817632154,-1.0756308478924006,-0.2900869463992197
2022-05-05,0.0,1.4802279356854713,1.31877674019464,-1.0804943017981914,-0.3049271256440626
2022-05-06,0.0,1.4481398838657111,1.2705135439993638,-1.0840095745081044,-0.3190029629435838
2022-05-07,4.6,1.2138520271559217,1.103808935773372,-1.0682333686682004,-0.27289839835977053
2022-05-08,0.0,1.2165533737415413,1.104116821017186,-1.0722886175823965,-0.28769968798192896
2022-05-09,0.0,1.2241170312496523,1.0974983236497668,-1.0755656854692965,-0.3020158881296138
2022-05-10,0.0,1.2396908521576702,1.0550626079328105,-1.07901064061512,-0.31643022657466563
2022-05-11,0.0,1.1931548069231415,1.0053505881841567,-1.0806180822240814,-0.3305835890131515
2022-05-12,0.0,1.1804793140121013,0.9780468499799703,-1.080152739929809,-0.34419363873294506
2022-05-13,0.3,0.9984024596400021,0.8931954236374304,-1.0765894616938383,-0.35220014353693996
2022-05-14,0.0,1.0048641311279518,0.8949027303895724,-1.0754020421833703,-0.3611129416392676
2022-05-15,0.0,0.9781023287075566,0.8742976597020213,-1.0747362687302588,-0.37642225051519673
2022-05-16,0.0,0.9740849309590357,0.8385883953999327,-1.0747100550667055,-0.38406993931892014
2022-05-17,0.0,0.9296465520226549,0.8480888667737377,-1.0758544560844736,-0.3905361482097682
2022-05-18,0.0,0.8433476678190045,0.8019821990457803,-1.0766265038524812,-0.3968743263169899
2022-05-19,0.0,0.834611028165043,0.8556777274786004,-1.0800146461716151,-0.40254900899871426
2022-05-20,0.0,0.8399629138263187,0.8557958828755557,-1.0812155409225759,-0.40873796813798574
2022-05-21,0.0,0.8299627544032906,0.8308454132870912,-1.0829778962292391,-0.41555765814272194
2022-05-22,0.0,0.8360063964573146,0.8374188852805516,-1.084301201569193,-0.4201062555424847
2022-05-23,0.0,0.7974319471392439,0.8098670978728402,-1.087173686919207,-0.423795976123724
2022-05-24,0.0,0.6247655729393727,0.6540268937295721,-1.0903657228190105,-0.42598964922095445
2022-05-25,0.0,0.6373903797922879,0.6338514098670746,-1.094149784669957,-0.42907690750054933
2022-05-26,0.0,0.6416539137686867,0.6272488866611672,-1.0976210245203986,-0.4320830289920057
2022-05-27,0.0,0.6780905132095714,0.6645726219664939,-1.1015049487476556,-0.4443881419075333
2022-05-28,0.0,0.712478082127827,0.6978697061937741,-1.1065237957299323,-0.44813195572996395
2022-05-29,0.0,0.7630157769598023,0.7438144135706343,-1.156852510907024,-0.4512640776186552
2022-05-30,0.0,0.7747851747598812,0.7572221037414364,-1.163252854142222,-0.45304908527140736
2022-05-31,0.0,0.7846418344644993,0.7733912153670157,-1.1711431702662503,-0.45452435628228
2022-06-01,0.0,0.7525567728995877,0.7529672266621099,-1.1791392294845489,-0.45571467595542564
2022-06-02,0.0,0.6930518994415488,0.688925592340681,-1.187382971831296,-0.4568067398452008
2022-06-03,0.0,0.6999515968092883,0.651608484049473,-1.197071188926552,-0.4594404784984803
2022-06-04,0.0,0.7070761614878307,0.6701190918115121,-1.2062394719064842,-0.46324653038285357
2022-06-05,8.7,1.0052594300199964,0.9591117560119052,-1.2447603017244033,-0.3498232283981677
2022-06-06,64.5,-0.1680760199887899,-0.4264425146080689,-0.6230852611041201,0.42151884352125524
2022-06-07,1.7,-0.5194607124346895,-0.7504095415111837,-0.6183698517296444,0.43560777677276435
2022-06-08,0.0,-0.7060365741805782,-0.9095613279907226,-0.629894670797849,0.4295277719692138
2022-06-09,7.7,-0.597797021337839,-0.8141834313263464,-0.5734915921260955,0.5055408132027499
2022-06-10,0.0,-0.7438063857476643,-0.9385932045061446,-0.5868279830488433,0.49673871967703626
2022-06-11,0.0,-0.87609139896534,-1.0531678461901774,-0.6036289036360414,0.43678147185959854
2022-06-12,0.0,-0.929591752699048,-1.0892337387982811,-0.6221572444380673,0.4030179515355839
2022-06-13,0.0,-0.9511349303749863,-1.1223840757482566,-0.6414856821469004,0.3883173813205461
2022-06-14,4.9,-0.8527754465767676,-1.0216406234858333,-0.6175724252355992,0.4241248653580513
2022-06-15,9.0,-0.6543341703304957,-0.8381155140119795,-0.5584338461483795,0.36816499712605244
2022-06-16,0.0,-0.7665826288354836,-0.9227164987233438,-0.58075132430398,0.15092527213131068
2022-06-17,0.0,-0.8879832345759524,-1.0153668721677402,-0.6051575774195329,-0.31031253637632056
2022-06-18,0.0,-0.9701370043038458,-1.1406024155702532,-0.6305531204928984,-0.3356083366446531
2022-06-19,0.0,-0.9704402331928726,-1.1431896345178998,-0.6560495590133395,-0.36160575666914474
2022-06-20,0.0,-1.0000493037958438,-1.1324638849817457,-0.6889278167227111,-0.3892919754036631
2022-06-21,0.0,-0.9734591902312282,-1.080819250375632,-0.7176553573010983,-0.4168559879184057
2022-06-22,0.0,-1.084688442436898,-1.1422876269605449,-0.877986822921096,-0.44569306677980197
2022-06-23,21.7,-0.6004470975545643,-0.6831628437477667,-0.8691553880385916,-0.2723445066330588
2022-06-24,27.5,-0.1857708869159231,-0.3384665283558194,-0.6541902611247983,-0.08730547726605667
2022-06-25,0.0,-0.41690508056024184,-0.5567852157745526,-0.686177727530893,-0.11990438538891252
2022-06-26,4.0,-0.4273984647496871,-0.562436954581591,-0.6849582374703835,-0.11131552412203458
2022-06-27,10.3,-0.32427937433025056,-0.45779881158698427,-0.6315062999543917,-0.03927460273019207
2022-06-28,0.0,-0.48791113997663926,-0.6257511023595641,-0.6668684537724195,-0.1455000678992376
2022-06-29,0.2,-0.6145636145874956,-0.7419320905085908,-0.7010827936271051,-0.28736930730497634
2022-06-30,25.8,-0.18049874254090953,-0.3017950106950714,-0.5258823170225897,-0.06579133419596996
2022-07-01,0.0,-0.35324061240981014,-0.4506369719296229,-0.5646105262881838,-0.10818371635790319
2022-07-02,0.0,-0.5474925787070998,-0.6106072437040962,-0.6042337434594812,-0.15137574176662788
2022-07-03,0.0,-0.6737885984224307,-0.7091235937594885,-0.6447061832497699,-0.19529593936477657
2022-07-04,0.0,-0.8240316806839353,-0.8532703012129758,-0.6858285676231893,-0.2392213909724002
2022-07-05,0.0,-0.9115618833067315,-0.9281537319092428,-0.7275238826519457,-0.2819554075693258
2022-07-06,0.1,-0.938037364069751,-0.9679007302243351,-0.768155416252918,-0.3230706898869687
2022-07-07,0.0,-1.0448132923673172,-1.0617073926433442,-0.8092103780752956,-0.3651720974774995
2022-07-08,0.0,-1.1355683495100313,-1.1171885466011466,-0.8521733752778246,-0.4105649285611897
2022-07-09,0.0,-1.169776989772,-1.1560471214707762,-0.895267630517676,-0.45596959116629193
2022-07-10,5.5,-1.2256966619402745,-1.2078864971400647,-0.8942700440623167,-0.4491716636862894
2022-07-11,32.7,-0.6153640716040621,-0.646295878291766,-0.6805643569756833,-0.19428496012591104
2022-07-12,0.1,-0.7934068004840112,-0.8030567459442896,-0.7185593346740868,-0.4055383297584432
2022-07-13,27.0,-0.37526726705833746,-0.42754536287823913,-0.555527140339349,-0.2313330188106183
2022-07-14,2.6,-0.49527074703765206,-0.5404700736539102,-0.5752584610892846,-0.2484321300219458
2022-07-15,22.2,-0.21395653738646483,-0.2934284878209991,-0.45512861234017427,-0.10015736003462758
2022-07-16,22.6,-0.10880588986658607,-0.09384022035852485,-0.33615003928936926,0.04434742334567471
2022-07-17,0.0,-0.29364593371033554,-0.25778954840834906,-0.3724452141828795,0.009689383275644965
2022-07-18,0.0,-0.36005979896353024,-0.3229785890687378,-0.4260912961295893,-0.024443862325437993
2022-07-19,0.0,-0.4545476536925575,-0.4073335756767208,-0.4771147798781977,-0.0580492134833898
2022-07-20,0.1,-0.5463136801206552,-0.4834481854607719,-0.509111779873801,-0.08948323301870732
2022-07-21,69.9,0.6575244325097933,0.33880777191091915,-0.07953963542767059,0.39115742418690463
2022-07-22,14.8,0.6683398036804834,0.35022076749067477,-0.02357959831670298,0.46117484636208234
2022-07-23,12.3,0.6740965758570115,0.35578829141351376,0.013080883159112449,0.5122706902806962
2022-07-24,6.1,0.5952674257671939,0.27227205246551905,0.018500254920451584,0.5212858227161825
2022-07-25,0.0,0.34970353906233126,0.08186152533924729,-0.012207952038513159,0.3351629008771566
2022-07-26,0.0,0.15000820416531746,-0.055866748504375625,-0.044364036197207836,0.30172189435258745
2022-07-27,0.1,0.025106253792560616,-0.15533005297718566,-0.07470825000453013,0.2711114017587996
2022-07-28,0.0,-0.05558170852466349,-0.21931610925560224,-0.1040526126990398,0.08675665493165698
2022-07-29,0.0,-0.11619816485462636,-0.2722891198674853,-0.13290842827684754,0.05885906161652377
2022-07-30,0.0,-0.1708737152166361,-0.31767717919126004,-0.16096501920242462,0.03186618343329661
2022-07-31,11.8,-0.03739092609848981,-0.2026103003684752,-0.11877396653292244,0.08080587506981016
2022-08-01,1.9,-0.10128751557991854,-0.2546502788658001,-0.13426929505852842,0.06862116091634897
2022-08-02,5.5,-0.08201087209951538,-0.22692610764061896,-0.12865874384403284,0.08065892849036593
2022-08-03,0.6,-0.13527974311080618,-0.2573225384699,-0.15190216008553334,0.05864668285580568
2022-08-04,2.8,-0.17982974908972407,-0.29272637463190315,-0.16244065006263703,0.05064572495604302
2022-08-05,0.0,-0.2642303821265499,-0.36620986808674727,-0.18960778868008743,-0.006707824123366935
2022-08-06,0.0,-0.3213343189124162,-0.4270080588943618,-0.21690403592483767,-0.0339241498577587
2022-08-07,0.0,-0.4182574760999457,-0.5101569627987553,-0.2432484773780019,-0.05969767026783571
2022-08-08,21.6,-0.19575621474111957,-0.307480690583842,-0.15167297202193564,0.05012146721674588
2022-08-09,45.8,0.44013794449797855,0.1081150020024837,0.06067390445382592,0.2943547970015207
2022-08-10,61.9,0.8782429580262392,0.6194008207522305,0.3385120556754934,0.6048141745363205
2022-08-11,62.7,1.7535168898771014,1.2184423123787507,0.6018750248286395,0.8904265738992138
2022-08-12,0.0,1.5516066526516352,0.9721622435830546,0.571963628952547,0.8568227781867523
2022-08-13,0.3,1.5073616559431533,0.8679800224815394,0.5413618262006583,0.8247720886780616
2022-08-14,1.5,1.4223543107904264,0.7770538835002189,0.5182188869542226,0.7985900914954971
2022-08-15,0.1,1.1069910155380218,0.599077420595676,0.48855425565581373,0.7655307180673376
2022-08-16,0.3,0.9279220148698443,0.4427306804106151,0.45463991041464624,0.7270665715204674
2022-08-17,0.0,0.7513583178157655,0.30137050432593454,0.4194636612944268,0.6875710080792148
2022-08-18,0.0,0.577827724951122,0.1734934841186263,0.3847162117151404,0.6486153646262726
2022-08-19,0.0,0.40186226728534563,0.06043618241893722,0.3490307989693376,0.6088224769872512
2022-08-20,0.0,0.27077891441726587,-0.020970296372155785,0.31345291631433675,0.5690041144489058
2022-08-21,0.0,0.21092347059700828,-0.09571732960893486,0.2776469986056485,0.529067873690881
2022-08-22,0.0,0.13572486553036714,-0.18154054201512496,0.24194094286362228,0.489127829618223
2022-08-23,0.0,0.041472328452914355,-0.26718853220485067,0.20703735747541063,0.4506312549251842
2022-08-24,0.0,-0.05782546392300216,-0.34040728239223794,0.17250647128744503,0.41247728572049314
2022-08-25,0.4,-0.19245869829610263,-0.454425467286064,0.1373836212048153,0.37715701379892763
2022-08-26,0.0,-0.3233415884205334,-0.5730821454675844,0.10533941024705387,0.3425456837797748
2022-08-27,0.0,-0.4000000159628917,-0.6464390278025238,0.07294275498644295,0.3073044715369298
2022-08-28,0.0,-0.48946278434925145,-0.7115422811300895,0.039496728665144296,0.2709735902978704
2022-08-29,0.5,-0.6635521276659737,-0.8656341381403495,0.007876789847757531,0.23644372009284756
2022-08-30,58.9,0.24267737609434298,-0.1258442258973822,0.22262154890825017,0.4585136946002621
2022-08-31,42.7,0.3274520868261175,0.10191311491577433,0.362159773596731,0.6006751343740085
2022-09-01,0.0,0.28813190048891685,-0.061054335449252324,0.32914146488683577,0.5653165583742679
2022-09-02,0.0,0.15859504277829034,-0.20664687246052135,0.2964164596531182,0.5307922858485846
2022-09-03,0.0,0.06287804957501797,-0.26872410237898925,0.2644137269703961,0.4614892155567678
2022-09-04,3.0,0.010296376525357092,-0.327453605086335,0.24564262366377088,0.1679362108306659
2022-09-05,63.4,1.0109319228883415,0.19990370246892572,0.4621049603436213,0.40045475438492384
2022-09-06,99.4,2.302957242475265,1.0335837868682864,0.7978366431598081,0.7660657199212838
2022-09-07,0.0,1.9177852435130234,0.8140319043746442,0.7680573373688365,0.707459797663467
2022-09-08,0.0,1.3118957434371203,0.5946856726023143,0.7393695051604416,0.680035775065752
2022-09-09,0.0,1.2948547372196888,0.5139504371494032,0.6955601408787004,0.6544560644659676
2022-09-10,0.0,1.1810652005104425,0.4168293529644096,0.661857436043785,0.6302865540102455
2022-09-11,0.0,0.7960129271665519,0.2895454674162789,0.6349225324571389,0.6065207188629096
2022-09-12,0.3,0.7010025306270828,0.1953187301643379,0.609596597280814,0.566070818139728
2022-09-13,0.0,0.5528983479158104,0.10543498601613203,0.5392356086905902,0.5096864673258726
2022-09-14,1.6,0.5467387313863687,0.05721608389868354,0.45618813004625214,0.49741521693121543
2022-09-15,0.0,0.48768674274973317,-0.0017380706631529004,0.2958518708815669,0.4799129652885693
2022-09-16,0.0,0.4085394372151492,-0.06114662849526759,0.2750700027472495,0.46723288888067477
2022-09-17,0.0,0.33432622199355694,-0.11422246227971083,0.25484421663842444,0.4554968199098954
2022-09-18,6.6,0.31202139877908364,-0.09535321778615774,0.2598711594944226,0.47125779968863707
2022-09-19,28.2,0.6576514644101645,0.12211889419298622,0.3464467152714654,0.572591640170342
2022-09-20,0.0,0.49544963979012513,0.019325222434388674,0.32864691565800086,0.5654886603045917
2022-09-21,0.0,0.42738459292271375,-0.04678757720977568,0.29322564917431476,0.4748632699022544
2022-09-22,0.0,0.34732904161510936,-0.10724297119617246,0.24611993107149363,0.3618963855756275
2022-09-23,0.0,0.29314149444754944,-0.15458520569373033,0.22996814446424127,0.3579033285614787
2022-09-24,0.0,0.245819504216978,-0.17989344876873178,0.21452858599538394,0.339921894142228
2022-09-25,0.0,0.2063768642678722,-0.21368357207791425,0.19937032632189075,0.2977501453341562
2022-09-26,0.0,0.16242850017656132,-0.2457499865407735,0.1598242069424451,0.29808629900982475
2022-09-27,0.0,0.11966227404824505,-0.26963202499609124,0.10780029739582755,0.2990904930390753
2022-09-28,0.0,0.07179937785662736,-0.302245372280415,0.09372469425035596,0.19928357976173
2022-09-29,0.0,0.03394546130096325,-0.3399642548123402,0.08167032639825623,0.20608095388165623
2022-09-30,0.0,0.007032423304451603,-0.3549092120363448,0.07003511832186148,0.21403946481758832
2022-10-01,0.0,-0.036194571986257654,-0.38543970295856894,0.059021263086192814,0.22330503100339874
2022-10-02,3.1,-0.025707931142653198,-0.3885171958144014,0.06054845185677233,0.24627550359167397
2022-10-03,0.3,-0.05534164601035998,-0.38080440742461885,0.05204493884992175,0.25792702969681786
2022-10-04,116.9,1.7735778379458607,0.8628788546754342,0.4695357366278727,0.7142943146734535
2022-10-05,41.0,1.8894707745000876,1.0640820607747976,0.6036061363161661,0.8699173561836833
2022-10-06,30.2,1.9682767054364456,1.2119998501283515,0.6985750238457079,0.9845544813075714
2022-10-07,40.0,2.4484374080664892,1.545549599233185,0.8258029246017208,1.1302022731135364
2022-10-08,0.0,2.2846411547867165,1.4157487696049387,0.8184548504780912,1.1231979988345382
2022-10-09,0.7,2.1233483999501304,1.308968223897557,0.8138295040943093,1.028132665220028
2022-10-10,0.0,1.9820074936488483,1.2181967110562826,0.7446278767548854,1.0410350721006045
2022-10-11,0.0,1.8880459562870644,1.1647671676868432,0.729029095989149,0.9619017205418697
2022-10-12,0.0,1.6807400384178877,1.0316662755201045,0.7242082163558246,0.9668513994387458
2022-10-13,0.0,1.5572309874319017,0.9452907333731604,0.7199274356284905,0.9042449641551735
2022-10-14,0.0,1.4495600232312338,0.8491483871703948,0.7153267500713518,0.8391381590386938
2022-10-15,0.0,1.4590016916997186,0.8351402531533246,0.7109442881468117,0.8525992836310351
2022-10-16,0.0,1.5082639868922771,0.8139271488794031,0.7065940716110393,0.8666875845133913
2022-10-17,0.0,1.379485716236212,0.7499152404826345,0.7018572495765085,0.8807078734728735
2022-10-18,0.0,1.2174628873884523,0.652663090118069,0.6974796990442403,0.8941018856561832
2022-10-19,0.0,1.1824663669641264,0.5962481598138332,0.6943087194934889,0.6514202740439031
2022-10-20,0.0,1.1243094079503546,0.52967263563235,0.6914233894966512,0.6092081500926455
2022-10-21,0.0,1.0580775928399737,0.4847433427130078,0.6893459546089719,0.5770714316197889
2022-10-22,0.0,1.015318800313121,0.4500585903843267,0.6879869795646854,0.5699573322087795
2022-10-23,29.6,1.2167719616020598,0.7226267725224049,0.707327732374135,0.7009672627991936
2022-10-24,19.3,1.7006893909142078,0.9221692755824746,0.7710041585947127,0.7922570357157614
2022-10-25,1.9,1.7452467587364893,0.8800420333295902,0.7763222515553545,0.8164021991526688
2022-10-26,0.0,1.7042412386095624,0.8275866364098107,0.697874690224318,0.8333251623073326
2022-10-27,0.0,1.6199078009860082,0.7887084025729338,0.6966935200489828,0.849826029124092
2022-10-28,10.2,1.7089692605758646,0.8780285090257014,0.7308597171974891,0.9047574550658832
2022-10-29,0.0,1.5599045792341857,0.8105550916137861,0.7274609793133121,0.8771892818938898
2022-10-30,0.0,1.5563011250339003,0.7738887123510007,0.7275063003952031,0.8867245310236603
2022-10-31,0.0,1.504983190280353,0.7187472674389793,0.7270291317996711,0.8816725399699427
2022-11-01,0.0,1.4217188578578817,0.6683540847613718,0.726137111174581,0.8964733303142994
2022-11-02,0.0,1.357358949785945,0.628925969569049,0.7252363940907652,0.9028369842140984
2022-11-03,0.0,1.3398072887541164,0.5931600679313079,0.7090733694196848,0.921162434370072
2022-11-04,0.0,1.3173622672477245,0.5665514221160065,0.7086197354409249,0.9399521065159211
2022-11-05,0.0,1.269484658376908,0.5403375320772528,0.7090605720529768,0.9596204065133374
2022-11-06,0.0,1.1727097426361983,0.4956271685832708,0.7100035473925468,0.89680882469487
2022-11-07,0.0,1.1742987319298575,0.46760568812482767,0.7108218631083476,0.7367458418039998
2022-11-08,0.0,1.0288874612956438,0.39769597676581486,0.7125227496898507,0.5033310130660598
2022-11-09,0.0,0.9859514703956508,0.3575875033265621,0.7130238167743271,0.25306061622424536
2022-11-10,0.0,0.973411909982657,0.3181066945518428,0.7137690526843554,0.2765514178423274
2022-11-11,3.0,0.9670276116246475,0.3252628966699448,0.7247538112311507,0.3123622802595987
2022-11-12,0.2,0.9452916929115011,0.2883247230383873,0.7255692767488361,0.33089301779983804
2022-11-13,28.7,1.5990306181248408,0.7873419074433065,0.8248830955166371,0.47629345733504164
2022-11-14,0.0,1.2714799796471914,0.6160815267648192,0.8255253277304063,0.5031625088705244
2022-11-15,0.0,1.0429177416086168,0.4807110218006011,0.8259585003031592,0.5317963818565586
2022-11-16,0.0,1.0532359723904408,0.4406341847982699,0.8266876490739353,0.5606637258944143
2022-11-17,0.0,1.061969404101772,0.4147481093125343,0.8279574890670582,0.5906039708109176
2022-11-18,0.0,1.066627636123666,0.39254665950442247,0.8289942617707107,0.6217384271740217
2022-11-19,0.0,1.0388198365535999,0.36668337973228005,0.8298496381293515,0.653973433798212
2022-11-20,0.0,1.030516154914018,0.3495049638340682,0.8309288806086658,0.6868011043467055
2022-11-21,0.0,1.0092116055797251,0.3352723745977254,0.8322856988373893,0.7194748899657187
2022-11-22,4.2,1.1012365876559143,0.4080430683465104,0.8481099368936756,0.7677657674880092
2022-11-23,19.6,1.567463805265318,0.7706331223615032,0.9160236842784534,0.8719881061958533
2022-11-24,0.0,1.4619459029971145,0.6921103659224366,0.9167619124189557,0.9022557548495092
2022-11-25,0.0,1.3584666926769557,0.6248644456549686,0.917368321488461,0.9340512151386572
2022-11-26,0.0,1.3002792250385833,0.572528920811689,0.9178254620535599,0.9668430251209573
2022-11-27,0.0,1.1747980073385036,0.4870969410388323,0.9186212576929883,0.9993147571892566
2022-11-28,3.4,1.0941236023933594,0.4831667729717531,0.9308458289803061,0.827695651638692
2022-11-29,3.2,1.1317171249216096,0.5087800913223305,0.9422841322190194,0.7103478035098229
2022-11-30,0.0,1.0686988708810143,0.46901075487095883,0.942805463269821,0.7481532061731112
2022-12-01,0.0,1.0445990939292413,0.44321311836013677,0.9441818411386159,0.7869440110049184
2022-12-02,0.0,1.034633584425073,0.42724293001757124,0.9163329926725721,0.8251786533729716
2022-12-03,0.0,0.9911617534301713,0.4060699281248416,0.6974490467009626,0.8513827309852404
2022-12-04,0.0,0.9710182622081853,0.38143301358447357,0.6944008211136924,0.6318664818579699
2022-12-05,0.0,0.9623299522792028,0.35111978287795914,0.6980889282866123,0.21997495100207773
2022-12-06,0.0,0.9328259713881337,0.3242077111390789,0.6752475498410281,0.26258677513353207
2022-12-07,0.0,0.9142849834159924,0.2892268167751865,0.680036229825043,0.30467443573683733
2022-12-08,0.0,0.8407939937786603,0.24057745946030637,0.685558190086437,0.34611067041738514
2022-12-09,0.0,0.7762498990753328,0.20118455812418093,0.6917356448224063,0.38684756362445416
2022-12-10,0.0,0.7306923886104466,0.1725160157041393,0.697867920423896,0.42755306638353346
2022-12-11,0.0,0.6936780509414419,0.14749475326008554,0.6877103277627059,0.4664404268672851
2022-12-12,0.0,0.6826349961275268,0.1252455679313069,0.6634711499484344,0.5062008803905887
2022-12-13,0.0,0.6736990726947396,0.10179605721939694,0.6723155747213934,0.538369650130032
2022-12-14,0.0,0.6466850922932021,0.08673577167027577,0.6822511815960872,0.5797723168951152
2022-12-15,0.0,0.605681576165168,0.06836728847199627,0.6927639278342701,0.6160870356916021
2022-12-16,0.0,0.6028952134386927,0.04819477372438528,0.7037649350316817,0.6520729523072364
2022-12-17,0.0,0.5888236645261111,0.023850352588595275,0.7120813309516868,0.6472279323019501
2022-12-18,0.0,0.5685986568164028,0.004377096239158371,0.7243159648876135,0.5356184457640606
2022-12-19,0.0,0.5025449801097676,-0.017379021413602674,0.7371943055277997,0.5698890933201144
2022-12-20,0.0,0.4475886973817735,-0.03773581709682004,0.6755304674907939,0.6045208353644497
2022-12-21,0.0,0.4457454238351912,-0.0639869791213727,0.5928077169674316,0.6384881603813048
2022-12-22,0.0,0.4381167139630196,-0.08811192735895525,0.6070786315969428,0.673114591850387
2022-12-23,0.0,0.41409481209159127,-0.11978982803320289,0.6084093174996583,0.7078564110568665
2022-12-24,0.0,0.38693574368768546,-0.1526812648915233,0.5886573211878984,0.742602502756682
2022-12-25,0.0,0.3590807657591255,-0.17866328067848156,0.6061598302182661,0.7760491282827139
2022-12-26,0.0,0.3316925383910248,-0.1972518254428242,0.6235937892297575,0.8084320156206095
2022-12-27,0.0,0.2999881576492505,-0.21488424378587467,0.5515585885192295,0.8404788100785999
2022-12-28,0.0,0.293049121684277,-0.23256414247527066,0.571877009955536,0.8714081899694529
2022-12-29,0.0,0.27460843212334346,-0.2530893378115208,0.5930425250064987,0.9020044466165101
2022-12-30,0.0,0.3264639003458005,-0.27167569980647416,0.614757544626054,0.9309960168045258
2022-12-31,0.0,0.3036676798397066,-0.3003079987336432,0.6367012502191186,0.9422153101193512
2023-01-01,0.0,0.31668690839869185,-0.3163868080663133,0.6811622329553213,0.9937443717364676
2023-01-02,0.0,0.29611856585630913,-0.3268986708410367,0.702646334864011,0.2933208486722091
2023-01-03,0.0,0.20472506820046113,-0.3449549298710641,0.7249622127921096,0.0059946141603883195
2023-01-04,0.0,0.18913164743319488,-0.365956096840731,0.7472769634146171,-0.2291911758675271
2023-01-05,0.0,0.15769442671963493,-0.40014273908323944,0.7697279413102349,-0.604603713770835
2023-01-06,0.0,0.11313273579432168,-0.4414489836997808,0.7731126842446698,-0.5820849619395281
2023-01-07,0.3,0.0829720289554495,-0.4523153340458276,0.6825258869702752,-0.5657717257860628
2023-01-08,0.0,0.04229366596123505,-0.4972025335041856,0.7053014443486773,-0.5468990905976958
2023-01-09,0.0,-0.0058254792645833645,-0.5448945346852092,0.6333147557323536,-0.5285730111554217
2023-01-10,0.0,-0.040593973999068785,-0.569220340838318,0.6479714571141205,-0.511703319965819
2023-01-11,0.0,-0.062817114428963,-0.5644921243300122,0.5918516817444868,-0.4952149097470899
2023-01-12,0.0,-0.10561770787278095,-0.5917079714679648,0.531710674462092,-0.47823038485396524
2023-01-13,8.1,0.10707228231332515,-0.4068974429667027,0.5833364548174309,-0.37276927166769697
2023-01-14,43.4,1.3493558482057317,0.7348092506332733,0.7615661577674981,0.06805366982766448
2023-01-15,26.1,1.861652388091862,1.2539339420608469,0.8756560838734306,0.3093388635783778
2023-01-16,0.0,1.6261666232947207,1.0310187340660875,0.8839515390660226,0.3133097566965458
2023-01-17,0.0,1.518973168570219,0.8916830674059955,0.6555959737869851,0.33075090424672415
2023-01-18,0.0,1.430926813452536,0.7888189885883927,0.6221788648903448,0.347764431633105
2023-01-19,0.0,1.3003167667417972,0.6891072368598901,0.5979775770889459,0.3633350413628147
2023-01-20,0.0,1.1445336054569277,0.5835497172953268,0.5971957595095845,0.37758595691523084
2023-01-21,0.0,1.1094918309825503,0.5166986729912725,0.6190048671531995,0.13557307508592414
2023-01-22,0.0,1.0445058360995696,0.4489170775268658,0.6421644478702403,-0.03335342020811721
2023-01-23,0.0,0.9508701570482296,0.36895873954065106,0.6648446932275303,-0.03672171429750962
2023-01-24,0.0,0.8907825885479469,0.3158578600215312,0.6869694865667463,-0.021149307640508472
2023-01-25,0.0,0.8309330775709131,0.2707497164981621,0.7087417440987505,-0.0065388058457292635
2023-01-26,0.0,0.798708985696425,0.22614348004891321,0.7300527924032666,-0.09829286971509613
2023-01-27,0.0,0.7387784228562586,0.16964806991275963,0.7075252028127244,-0.08565683629202951
2023-01-28,0.0,0.6347413596721931,0.09711330197283963,0.7211259422801259,-0.07303289288865875
2023-01-29,0.0,0.5264116651566558,0.025726509000212117,0.7214586312451627,-0.0602953843510607
2023-01-30,0.0,0.4268046887384655,-0.04384187886799496,0.7414292179583329,-0.04686741469843283
2023-01-31,0.0,0.33425258267713504,-0.09718519365675504,0.7533583764942041,-0.033632398853201816
2023-02-01,0.0,0.2841422900768174,-0.13920882453488326,0.7765848410269433,-0.022031495348294617
2023-02-02,0.0,0.2643792517053469,-0.17853910949705473,0.8004546247085645,-0.010651539663917551
2023-02-03,0.0,0.24376753843992569,-0.2125780158729765,0.8240464942360174,-4.808821531326017e-05
2023-02-04,0.0,0.21103631095511072,-0.23879808849652526,0.7674228411790557,0.008772231307454567
2023-02-05,0.0,0.18062904724191248,-0.27366053828128867,0.6169080388629088,0.01815888942182964
2023-02-06,0.0,0.15847176198780838,-0.3185799602288257,0.39807963967747173,0.02695941029214573
2023-02-07,0.0,0.12619719377167823,-0.3537495115813184,0.16615485170680938,0.035720501081106575
2023-02-08,0.0,0.09291937411625209,-0.36851546922631884,0.19350077703997043,0.04536952631620426
2023-02-09,0.0,0.05285811358153841,-0.39993728296923065,0.21987885565067863,0.02149929038213229
2023-02-10,4.6,0.17681165597074353,-0.27337681839518035,0.25980518611867276,0.07871644779871954
2023-02-11,0.0,0.10393291131536353,-0.315819945543295,0.28687654066357343,-0.24441660352110361
2023-02-12,1.1,0.09260296308860452,-0.31045292751063774,0.32107574340581874,-0.2205604162542077
2023-02-13,15.1,0.6131845404601676,0.11208463457005041,0.412511556533895,-0.03370742693309848
2023-02-14,0.4,0.4880402589775909,-0.01707543048756491,0.4455858754519475,-0.023375512758165615
2023-02-15,15.0,0.9037831671087494,0.3538262060950722,0.5348174845426449,0.14537623286481627
2023-02-16,0.0,0.6690854495670139,0.1848729371335528,0.566288467054378,0.14858830099172893
2023-02-17,0.0,0.5159994998819513,0.06891117100740213,0.598682973509091,0.1515593847378249
2023-02-18,0.0,0.4300667421386275,-0.01793400052082438,0.6315393334639079,0.1532758821928411
2023-02-19,0.0,0.37274801181842465,-0.08424882235544763,0.6636498741481495,0.15461363837839007
2023-02-20,0.0,0.3089596043372051,-0.1428426019099615,0.6952791924176854,0.11095905517165199
2023-02-21,0.0,0.23807671241199785,-0.19581274355260528,0.725332296025202,-0.1090874249777501
2023-02-22,0.0,0.16750185909056475,-0.23788518038857487,0.7546904641144782,-0.1102036055779261
2023-02-23,0.0,0.09674642170149794,-0.27986305603985145,0.7849775261261998,-0.1121113815183396
2023-02-24,0.0,0.04374861568080413,-0.3289581175993117,0.816028779762738,-0.11420904437450946
2023-02-25,2.3,0.06055848101724609,-0.29631917008257624,0.8548184302838693,-0.0901508491504274
2023-02-26,0.0,0.002790538848159844,-0.342430579338774,0.6722217639622091,-0.1335353782079279
2023-02-27,0.0,-0.05872556607833495,-0.4036301630849504,0.5425324098808433,-0.17506000505001057
2023-02-28,0.0,-0.11693530424023152,-0.4498720726743916,0.5773773534313376,-0.17940832051502506
2023-03-01,0.0,-0.18636524111494773,-0.5136161753357263,0.6122235601777426,-0.18557400884863448
2023-03-02,0.0,-0.26662627525928384,-0.6050413387104375,0.6459526572039882,-0.19286407102302305
2023-03-03,0.0,-0.27679967390664,-0.5790605743843109,0.6671813284421361,-0.20065923321777024
2023-03-04,0.0,-0.3274952352481843,-0.6367777918278111,0.446185460536588,-0.20866185698749667
2023-03-05,0.0,-0.3694153603176363,-0.6518599255519345,0.04299289537803318,-0.2175269218760826
2023-03-06,0.0,-0.405836653223633,-0.6593431443377419,0.07799759265905698,-0.22599416184367535
2023-03-07,0.0,-0.44079070772646445,-0.6748149657134106,0.11160860244258954,-0.23431682616257188
2023-03-08,0.0,-0.5077498670786059,-0.7177610474369739,0.14511576005179033,-0.24365564439997964
2023-03-09,0.0,-0.5302387308273042,-0.7561302374661885,0.17686034765861253,-0.254520944711555
2023-03-10,0.0,-0.5535725234624604,-0.7913140669254156,0.20841377057667826,-0.2653572946535359
2023-03-11,0.0,-0.5717656597173608,-0.8071417802061452,0.23785215448050095,-0.27775889789827807
2023-03-12,3.2,-0.4802306013750293,-0.7204897982978322,0.2834100522405951,-0.24987140277384204
2023-03-13,0.0,-0.514327941825863,-0.7467354819103784,0.3064129986523756,-0.26319473941123517
2023-03-14,0.0,-0.5499429852628249,-0.770836964027148,0.337377366755456,-0.2786883940883612
2023-03-15,0.0,-0.5808269295724028,-0.8007765052195843,0.3641826102874475,-0.2947683795416929
2023-03-16,0.0,-0.5926246681939471,-0.7877019635174498,0.39011329589342353,-0.3092183188530833
2023-03-17,0.0,-0.6303742433543892,-0.8065072549414769,0.3830346063135394,-0.3221063801531986
2023-03-18,0.0,-0.6704297386747564,-0.8386681251157605,0.2638842145490175,-0.33540071040449404
2023-03-19,0.0,-0.6850088917751611,-0.8436290688007572,0.2888462780409162,-0.3496502165383954
2023-03-20,0.0,-0.7203703119241862,-0.8816612819885578,0.31389041880277324,-0.36420721650859617
2023-03-21,0.0,-0.7646326987639455,-0.9205878227600733,0.3381525410181581,-0.3785242797935943
2023-03-22,0.1,-0.7979822013710639,-0.9311591561268667,0.36227918279125537,-0.39318870701397723
2023-03-23,5.5,-0.6234959239870108,-0.779720046526962,0.4155218604498852,-0.33449715017994064
2023-03-24,0.0,-0.6340548927121752,-0.8212380666376196,0.43969824271621843,-0.34958510815437804
2023-03-25,0.0,-0.6838385586170143,-0.8704332073866091,0.4635360718942673,-0.36541424961221824
2023-03-26,0.0,-0.7464621422552111,-0.9263783443058075,0.4859938374831139,-0.38225518053049146
2023-03-27,0.0,-0.735118978572595,-0.912658486489294,0.5073573285182146,-0.40046253971733187
2023-03-28,0.0,-0.729874695160485,-0.9132781808267444,0.5275292149447358,-0.4186730483064001
2023-03-29,0.0,-0.7148389628901785,-0.9023767605704112,0.5466760507044472,-0.43687267504656146
2023-03-30,0.0,-0.6938280850575179,-0.8837240285871709,0.5648500268535798,-0.45500650529172826
2023-03-31,0.0,-0.7352229715616774,-0.9064183117607038,0.5642621363290344,-0.47172958569796664
2023-04-01,0.0,-0.7726134776549528,-0.9617659299078811,0.5787993108480584,-0.48749035315198674
2023-04-02,0.0,-0.7984474958038162,-0.9702551764858709,-0.12981404899918866,-0.5019199253073028
2023-04-03,0.0,-0.8406716729399558,-1.029638257888581,-0.40947094107817883,-0.5149697968228248
2023-04-04,0.0,-0.8120117598582721,-1.0031383156835398,-0.631032071123686,-0.5280475022636099
2023-04-05,14.0,-0.38863495723925884,-0.6191106484699234,-0.8366507553351938,-0.342300529461683
2023-04-06,0.0,-0.4547461347794184,-0.6603195457388196,-0.8279235101840837,-0.35455311300179654
2023-04-07,0.0,-0.5004946320026862,-0.7008345540697282,-0.8254899506620261,-0.37131288984740374
2023-04-08,0.0,-0.5343449197717045,-0.6969659272560045,-0.8187503550680841,-0.38431578381463105
2023-04-09,0.0,-0.5640574801619005,-0.7002599489276047,-0.8111130828509797,-0.3956830450531319
2023-04-10,0.0,-0.5719027189847234,-0.7113875748212293,-0.8041508127548961,-0.40754797649636504
2023-04-11,4.6,-0.46440820639523744,-0.6172928847706143,-0.7578789258793193,-0.3559109989878882
2023-04-12,0.0,-0.4905830903042298,-0.6300775769946108,-0.7514288872545873,-0.3688699885649
2023-04-13,0.0,-0.5406412614318044,-0.6647745116317718,-0.7466704189103777,-0.49684297894114793
2023-04-14,0.0,-0.5791344287521976,-0.6967648516096324,-0.7431995711103501,-1.2183246476441014
2023-04-15,2.2,-0.5308753093813511,-0.6407241632836932,-0.7209255956083387,-1.7368155199683946
2023-04-16,4.0,-0.4449027423737092,-0.5501421754313753,-0.6819858361749629,-1.666612728413274
2023-04-17,0.0,-0.5224905567141268,-0.6247215772196687,-0.678017390982846,-1.6876067544921765
2023-04-18,8.3,-0.2830596111902306,-0.38769459690299973,-0.6031432372127398,-1.5273876000771551
2023-04-19,0.0,-0.37099638464181095,-0.4737995465828222,-0.5990408080028945,-1.5468611873310154
2023-04-20,0.0,-0.4296024989507978,-0.5251030189386545,-0.5960204287741191,-1.5666135494257554
2023-04-21,0.0,-0.4853613209717081,-0.5924611530286084,-0.8591024803268634,-1.590233062696569
2023-04-22,0.0,-0.48869383522660237,-0.6105899651122635,-1.0430541458451965,-1.6107595010169504
2023-04-23,0.0,-0.5282282020973417,-0.6652714415773456,-1.0617159868257162,-1.6328871232327007
2023-04-24,0.0,-0.5105074491358794,-0.6656463967764744,-1.0628185746947256,-1.6551789734131814
2023-04-25,0.0,-0.5262764429447672,-0.641114634190235,-1.0648081650165648,-1.6760351389512933
2023-04-26,0.0,-0.5818292159703957,-0.6979844434191013,-1.1711197810908787,-1.694417481807667
2023-04-27,0.0,-0.6226960344270009,-0.7370177906101735,-1.1733814905330242,-1.7118722172122807
2023-04-28,0.0,-0.6119121263158968,-0.7294256590642243,-1.1770852172794952,-1.728911893636488
2023-04-29,0.3,-0.5870409600679174,-0.683011959722924,-1.1765502389552844,-1.7411262268137557
2023-04-30,0.0,-0.7017045811506191,-0.790753916443946,-1.1784423013029461,-1.7609906663363653
2023-05-01,0.3,-0.7745677778066883,-0.8238390188356313,-1.1778541471511934,-1.7758453154026304
2023-05-02,0.0,-0.7808196566199446,-0.8528810279373139,-1.1828055607698493,-1.7992460625855728
2023-05-03,0.0,-0.7922428314642306,-0.8785279586024201,-1.1880147686847158,-1.8257124773568143
2023-05-04,0.0,-0.8224250427664266,-0.8991396437490338,-1.1935635515496463,-1.8521235102767815
2023-05-05,7.2,-0.6133309567982604,-0.700038213945715,-1.1223019859381238,-1.7162913623136593
2023-05-06,66.4,0.47682418287195116,0.14225442383748882,-0.48619696906135446,-0.5850400969353236
2023-05-07,0.0,0.031521726743449635,-0.17750268597813315,-0.4887135268617059,-0.6013825442217163
2023-05-08,0.0,-0.1659835265231664,-0.3641326644060389,-0.491303788884904,-0.6182410892355784
2023-05-09,0.0,-0.31354415712348466,-0.5012637377992879,-0.493616175206403,-0.6338874145728199
2023-05-10,0.0,-0.42316347161240264,-0.5869832092504766,-0.5230516209575814,-0.6496742460663046
2023-05-11,0.0,-0.5299757650592373,-0.6682146601829644,-0.526404284952953,-0.7341297393203883
2023-05-12,0.0,-0.637200376324355,-0.7708450118980334,-0.7935321524188048,-0.7496600245045856
2023-05-13,0.0,-0.6260277984251611,-0.7915361608243884,-0.7934007107335833,-0.7799773190793712
2023-05-14,0.1,-0.7341695289798764,-0.903160416406247,-0.7914864995314569,-1.0283708455556024
2023-05-15,0.0,-0.839643856018452,-0.991452155863133,-0.7909453063952481,-1.046292241353519
2023-05-16,0.0,-0.9146294961171345,-1.0039844470260693,-0.7910340494223438,-1.3158604650473933
2023-05-17,0.0,-0.9591634973958867,-1.0757067199321033,-0.7922274982943733,-1.323702908077486
2023-05-18,0.1,-0.9625756611268256,-1.085016764686087,-0.7922334899199618,-1.3291258244228619
2023-05-19,0.4,-1.0029335463981695,-1.1792258925236916,-0.7898840074948641,-1.3280790207086979
2023-05-20,0.0,-1.0556699501637352,-1.2229609427293635,-0.7913222323556214,-1.336068182859007
2023-05-21,0.0,-1.0830562885695734,-1.222755843258819,-0.833728020817379,-1.3448859291821864
2023-05-22,0.0,-1.166292399983857,-1.3025414136720048,-1.0298107369075993,-1.3499335483915282
2023-05-23,0.0,-1.1928936679550797,-1.342711962772772,-1.0326990479527471,-1.35415275000402
2023-05-24,0.0,-1.0072165066081353,-1.164274667070588,-1.0359024317859418,-1.3557041863839276
2023-05-25,0.0,-1.0965200700345727,-1.2028013704163971,-1.0396900821678896,-1.3583694638270916
2023-05-26,0.7,-1.135037827749899,-1.2299335104180287,-1.0360689758019554,-1.3901446421505659
2023-05-27,2.4,-1.10646596882551,-1.2259249473375362,-1.0501578614916052,-1.348505768807665
2023-05-28,5.3,-0.9809896215431784,-1.119792479218483,-1.033820148290085,-1.2578331501810531
2023-05-29,7.9,-0.7733562967552844,-0.9315171135402265,-0.9591838838825922,-1.125784049035466
2023-05-30,0.3,-0.8352589388397796,-0.9871052020479835,-0.9624874418216134,-1.1220770189601499
2023-05-31,0.0,-0.9249859442946696,-1.0759422275428248,-0.9701150888936179,-1.1229894549291441
2023-06-01,0.0,-0.9583478082379514,-1.1270825354708458,-0.9777544438746782,-1.1237607437951307
2023-06-02,0.0,-0.9322250257745474,-1.0894355729896785,-0.9855709944519947,-1.1248696506142677
2023-06-03,0.0,-1.0206115748447357,-1.1168304474457789,-0.9946911222904304,-1.1282883950358265
2023-06-04,0.0,-1.0678233410191575,-1.1863484386631151,-1.003410546631016,-1.1329806965453733
2023-06-05,0.0,-1.0507008315071535,-1.1964674679992597,-1.0127188932785804,-1.1384475977534874
2023-06-06,0.0,-1.1177708217082993,-1.246670464927864,-1.0239520754802527,-1.1437375191070647
2023-06-07,0.0,-1.1371806778520575,-1.2803066460692945,-1.0356681834858597,-1.147088962276512
2023-06-08,0.0,-1.0970087092313785,-1.2538647147697533,-1.0485350413069454,-1.1511039980767803
2023-06-09,33.8,0.03288427719080548,-0.19184412286418107,-0.7347996721073665,-0.6351722393548811
2023-06-10,8.8,-0.4892437318733537,-0.08340559596269513,-0.6673526970168809,-0.5652500948222036
2023-06-11,4.5,-0.5250937895117657,-0.08502038778313847,-0.6433912589267977,-0.5156216623129636
2023-06-12,0.0,-0.6485988321199442,-0.19182676476382743,-0.6620690401891205,-0.5295486908953311
2023-06-13,0.0,-0.6980437353479828,-0.26122616691391,-0.6815416289623003,-0.5439898468817225
2023-06-14,0.0,-0.7695129162640678,-0.3236889046392214,-0.7020506237020642,-0.5602121897639014
2023-06-15,0.0,-0.8589982867266682,-0.38528073011779407,-0.7235497465630798,-0.5787529179283146
2023-06-16,0.0,-0.9126214060622868,-0.41666045674692215,-0.7461545291704288,-0.6000875310992112
2023-06-17,0.0,-1.0046733816325415,-0.4710694727220068,-0.7709957543422119,-0.6242403005110564
2023-06-18,0.0,-1.061821483796821,-0.5481802226059365,-0.7967588622440755,-0.648892778967698
2023-06-19,0.0,-1.0362612918946628,-0.5764967009361489,-0.8225410681636448,-0.6741399926731136
2023-06-20,0.0,-1.0491325580754518,-0.5944819687532787,-0.8513208473831372,-0.7019349108555492
2023-06-21,40.6,-0.04829492386076328,-0.20969359500516976,-0.5181598245940706,-0.2815202807739722
2023-06-22,1.2,-0.28133685740241104,-0.4207030886029317,-0.5366985165893684,-0.29677813590119073
2023-06-23,0.0,-0.50497187599772,-0.6195656336833993,-0.5653550677435961,-0.32628875044899847
2023-06-24,0.0,-0.5964853685244684,-0.7148927751766921,-0.5956429834065856,-0.35726452080078
2023-06-25,0.0,-0.6713374224253129,-0.7919825613090686,-0.6275612106951273,-0.38841735346212625
2023-06-26,31.9,-0.04343761678073426,-0.185115846338817,-0.3958576807147534,-0.06763753319155841
2023-06-27,1.9,-0.1990931493060764,-0.3343047571102226,-0.41485005210858167,-0.08407081312955317
2023-06-28,0.0,-0.36516701343695235,-0.49135444740950684,-0.4500252973365419,-0.12045732883988469
2023-06-29,31.6,0.24073409475699833,0.05507340361900278,-0.23835949170173523,0.15607604475008394
2023-06-30,5.7,0.12271426925080109,-0.06516514557195195,-0.2327536134422838,0.16767498078241994
2023-07-01,0.0,-0.09015086022055188,-0.24848772596687288,-0.2716574634507231,0.12351226310803771
2023-07-02,0.0,-0.2707130669218026,-0.4162597473729416,-0.3114867961677157,0.07880137946822632
2023-07-03,0.0,-0.40871501213522743,-0.5263702042134778,-0.3522152718589937,0.03361490637474766
2023-07-04,6.1,-0.4095544434533748,-0.5409672255128467,-0.3477080152526585,-0.08403788570141067
2023-07-05,8.6,-0.33637781283395496,-0.4712733576480265,-0.3251336651109652,-0.04871206070102361
2023-07-06,0.0,-0.4317334854148329,-0.559185918842722,-0.3680713306963004,-0.09140456318970867
2023-07-07,0.0,-0.5533270302198449,-0.6643403350853435,-0.40848775350633687,-0.13382960707037692
2023-07-08,0.0,-0.6573050502045334,-0.7402463560032291,-0.45032515802916273,-0.17881985939153403
2023-07-09,32.7,-0.13986173709383845,-0.18320012210832667,-0.25521371592434566,0.06181904332668358
2023-07-10,1.3,-0.35631160830086933,-0.366784406654416,-0.28796600492827773,-0.010729064243345954
2023-07-11,3.6,-0.444636367831909,-0.4449072383609362,-0.3043751259744043,-0.02436725441017892
2023-07-12,4.7,-0.47697954888510735,-0.47303504592552537,-0.3675954993203412,-0.026297993082513443
2023-07-13,11.0,-0.3899376086000012,-0.4011718183266126,-0.6409375361875543,0.024392648339390463
2023-07-14,11.5,-0.2988834311498812,-0.3257100760268826,-0.7893698266411092,0.05934566473487316
2023-07-15,7.3,-0.2945870918602201,-0.33220260095090515,-0.7730770207524646,0.04680879890379124
2023-07-16,0.0,-0.3981492815220933,-0.42542593169207815,-0.8115010162574912,0.009609886032969172
2023-07-17,2.0,-0.47311433814772635,-0.49532256407958913,-0.8340756673753346,-0.07528419145756204
2023-07-18,13.0,-0.29048213857686167,-0.33790213273556313,-0.7716093310806488,-0.006463295274460813
2023-07-19,0.0,-0.38737495601431143,-0.4302549828827253,-0.8045486538880969,-0.0401347973631847
2023-07-20,0.0,-0.47319715321040273,-0.5068700029915203,-0.8371382908403437,-0.07239710287480432
2023-07-21,0.0,-0.5471744029703969,-0.5713045213063389,-0.8660008459367003,-0.10200395600008111
2023-07-22,0.0,-0.5904606846861938,-0.6041476503129419,-0.8959036161097865,-0.1318282835940772
2023-07-23,2.3,-0.6394087120158671,-0.6453275232515107,-0.9092883812837537,-0.14358317116513405
2023-07-24,0.2,-0.7835626779931584,-0.7598478038915292,-0.938038130950315,-0.17234445091148828
2023-07-25,0.0,-0.8323435523603315,-0.8024471785118492,-0.9672328745822435,-0.20260558909612977
2023-07-26,0.4,-0.7620316117754993,-0.7547584978200359,-0.9927024560137266,-0.23144381340762946
2023-07-27,0.0,-0.7833464062863226,-0.7601470236063391,-1.0197347145168651,-0.2609380402254009
2023-07-28,0.0,-0.8030203467892818,-0.7827896934529179,-1.0453018541804757,-0.2906563070247913
2023-07-29,0.0,-0.8476819938369408,-0.8257671698774676,-1.0712598168593659,-0.3177745932399005
2023-07-30,0.0,-0.9009763727508032,-0.8685335227154255,-1.0968876850040188,-0.34673899799563485
2023-07-31,0.0,-0.9604307842347888,-0.917045399872352,-1.120839480863378,-0.3709128180436376
2023-08-01,0.0,-1.0215730429310144,-0.9752218058187127,-1.1443550889413496,-0.39424536989221837
2023-08-02,0.0,-0.9776172310029583,-0.9542936156630007,-1.1668817380806673,-0.41693215292544833
2023-08-03,0.0,-0.9058391530393685,-0.895562863088733,-1.1900529005588347,-0.4949179092064801
2023-08-04,0.0,-1.0091279439997516,-0.9644442534061272,-1.2108457464520235,-1.0537370020399663
2023-08-05,0.0,-1.0889982504966904,-1.0333690647527463,-1.2315550900796566,-1.073173627569973
2023-08-06,27.7,-0.6495780993531666,-0.6842818305142823,-1.0644218676991268,-0.8627724832728978
2023-08-07,39.5,-0.11842292050094823,-0.23689309415110701,-0.8315405886579289,-0.5809585326452462
2023-08-08,0.9,-0.3458905584521363,-0.4324053386328635,-0.849310462553736,-0.5971176740391861
2023-08-09,76.4,0.5227333234259585,0.19269063914417872,-0.44794105704464793,-0.1039436928367282
2023-08-10,270.5,3.361295061382433,2.9855852890951877,0.8616289427538038,1.3028696422601551
2023-08-11,0.0,2.4524703617537558,2.595941817611579,0.8260250263128105,1.2678195160669559
2023-08-12,0.6,1.7214122865927766,2.282697989380121,0.7321294803778083,1.2344285488974438
2023-08-13,0.0,1.3291816714747822,2.160999054648849,0.7004408214454293,1.1994561255411067
2023-08-14,0.0,0.9992777931648331,2.033280993090484,0.6041594483412783,1.1647770204395982
2023-08-15,2.3,0.6650565046120425,1.7635345610579989,0.5842217735696877,1.1405328946340598
2023-08-16,0.0,0.4246830276152899,1.5145057400236004,0.5485880809661124,1.0978444727749106
2023-08-17,0.0,0.21824348461479437,1.333500461894121,0.5130029750305489,1.0543931844228522
2023-08-18,0.3,0.0538321454829577,1.1584982807173927,0.4792494028588782,1.014815044767364
2023-08-19,0.0,-0.07213141419758297,0.9411502538582961,0.44321030241663945,0.9728642185700879
2023-08-20,21.0,0.11512053089799856,0.978785103046692,0.4978728612700454,1.0209839824877984
2023-08-21,0.0,-0.0031386068924359194,0.883494457133253,0.4615886587642797,0.9792774390875881
2023-08-22,0.0,-0.11861272409483303,0.8134099820605665,0.42537933039464254,0.9375263619706978
2023-08-23,8.6,-0.10257512812488792,0.8420126667054905,0.4263413473175126,0.9332132525911568
2023-08-24,23.0,0.13373148921704148,1.0026934629829038,0.4774133772781717,0.9840110088910059
2023-08-25,11.0,0.11284545342102556,1.011729923405894,0.48801893648261085,0.9788222220557403
2023-08-26,0.0,-0.08539647181311938,0.8747282936122098,0.45518038490670854,0.9207142607542061
2023-08-27,0.0,-0.2252050358458817,0.72613289150395,0.42191393441988534,0.8520353179504374
2023-08-28,7.8,-0.20607331972733878,0.7147260238808822,0.41947052988915806,0.8450444310491545
2023-08-29,1.9,-0.3889664025766592,0.5702066793337364,0.39258779595554044,0.8151181838377975
2023-08-30,29.3,-0.041885579536108095,0.858839102034674,0.4746807861102845,0.8926396215297561
2023-08-31,0.0,-0.11523061588533627,0.32247992640059003,0.44091233262542845,0.8560807906744179
2023-09-01,0.0,-0.3114937241399407,0.24488369700071647,0.40781624686843754,0.8207160254320346
2023-09-02,0.0,-0.5112394032946235,0.1454469155768606,0.37507395260678383,0.7863587784909964
2023-09-03,0.0,-0.48262820160528425,0.07437734071039791,0.3430109584589601,0.7529301864547185
2023-09-04,0.1,-0.6192687654087161,0.0037322645617134573,0.3127244932965772,0.7225895510150823
2023-09-05,0.0,-0.7464693101849328,-0.060689536107126595,0.28295031754384375,0.6925123851433445
2023-09-06,0.0,-0.7247928200156789,-0.10782149013646349,0.2527914709413635,0.6629709294172914
2023-09-07,0.0,-0.8089285495661419,-0.15687949940859022,0.22206407325717284,0.49913549121815576
2023-09-08,0.0,-0.7036937718131848,-0.18206961328549284,0.17964931561519046,0.4350586790190485
2023-09-09,0.0,-0.8599872697434321,-0.23667847138376383,0.15087151956479775,0.39036638213740593
2023-09-10,0.0,-0.9985695770569946,-0.30960369489678036,0.12327124806775118,0.36571237936274575
2023-09-11,0.0,-0.8474059211021041,-0.34747800933753464,0.0962197123071181,0.3416510872435156
2023-09-12,0.0,-0.9467686354279709,-0.4067114060426692,0.07018209834176872,0.3192255990371052
2023-09-13,41.5,-0.38141497859383544,-0.07525458199367525,0.20667252494587132,0.4662185174135291
2023-09-14,19.3,-0.268828045003286,0.004419221642793916,0.2555935997668523,0.5236393976244392
2023-09-15,10.0,-0.25061506926091703,0.00873591734768322,0.2688339507517075,0.5449951688261028
2023-09-16,28.3,-0.06400100976417923,0.21181848137571552,0.3535677584320418,0.6407751874647121
2023-09-17,0.2,-0.2149911864670415,0.10508777041194056,0.3341493343533444,0.6298987742493956
2023-09-18,0.1,-0.28309648975880963,0.01613283269000379,0.3144855154135863,0.6201407633142773
2023-09-19,0.0,-0.3968039775458872,-0.06245040949492892,0.276351782869154,0.4562190594897523
2023-09-20,92.1,0.8191280602592718,0.80464460867447,0.5907256016347636,0.7922845908969266
2023-09-21,10.8,0.6844115169032662,0.7216298330393829,0.6108216900836491,0.8243735720620885
2023-09-22,0.0,0.46882891273782223,0.5861623785960469,0.5947210261876015,0.8192411022446148
2023-09-23,1.4,0.35822611579939634,0.5132994927803674,0.5838499737239431,0.8201139167725575
2023-09-24,0.0,0.2547507369674789,0.440588876767727,0.5691552945433933,0.7018798991992344
2023-09-25,5.3,0.2585154029224058,0.4485421549463947,0.5731670949465094,0.7132624736603216
2023-09-26,17.0,0.4450404490261252,0.5843617424473919,0.6180914049948809,0.7752318661197423
2023-09-27,10.3,0.4879837618937776,0.6238955368536737,0.6404907084172194,0.6985488670001224
2023-09-28,0.0,0.3781706891654413,0.541830477463408,0.6281795912559348,0.6811593578855005
2023-09-29,0.0,0.3068636343624551,0.48534214806632153,0.6165676212200124,0.686495016943909
2023-09-30,0.4,0.23391208270579414,0.4316962159091426,0.6068730484875069,0.6944499884174137
2023-10-01,0.0,0.17021159891458207,0.37105384182917134,0.5965064946790635,0.7020681885661897
2023-10-02,0.0,0.11101553589051794,0.3220057884041421,0.5381233918551793,0.6884808817917526
2023-10-03,0.0,0.03940657545226488,0.2378225567371943,0.5285885473248432,0.6659593534538744
2023-10-04,0.0,-0.02490088106786274,0.19109715936805283,0.5199951105098579,0.675955357295574
2023-10-05,0.0,-0.08882519884533781,0.13118620146555188,0.5113841119251114,0.6853621243850523
2023-10-06,0.0,-0.134603294269774,0.08784831944772867,0.5030280747247203,0.6958869018079435
2023-10-07,0.0,-0.19572640826842852,0.051804912339670765,0.49576112015617296,0.5871872411929104
2023-10-08,0.0,-0.24205120620336001,0.025172639674631767,0.4722124363807537,0.5951380946646511
2023-10-09,0.1,-0.2733000209277478,0.0015893274796505775,0.46554253822693525,0.5956602983310244
2023-10-10,2.7,-0.26517430765422273,0.006822984193468902,0.4690554935224937,0.6021436950217625
2023-10-11,0.0,-0.31321466281723964,-0.02746362840832688,0.4637192796704021,0.5751675720032751
2023-10-12,0.0,-0.33502499799479285,-0.06347824427106076,0.45093142073937936,0.5465862593642694
2023-10-13,0.0,-0.36450345655621225,-0.09840623392739431,0.4323726737652216,0.5340580291515626
2023-10-14,0.9,-0.369092262090142,-0.11338435347166466,0.4308648689819456,0.5521981578950781
2023-10-15,0.0,-0.4142503007552053,-0.14762299297709405,0.3969707020958949,0.5581914027617256
2023-10-16,0.4,-0.4774068356744379,-0.18270653506310233,0.3939585379096594,0.5242466568126668
2023-10-17,0.0,-0.49032091157953694,-0.20548226753780152,0.38914682402536843,0.5382022894561451
2023-10-18,0.0,-0.48995070160582793,-0.21910890600034397,0.38450403041295583,0.5517318686262332
2023-10-19,0.0,-0.5413863689708741,-0.24396853469613625,0.380889401072396,0.5650133136309909
2023-10-20,0.0,-0.5824523514853084,-0.26059930572658974,0.37754255596021247,0.5789140463300478
2023-10-21,0.0,-0.6325106393401321,-0.29396655197500543,0.37494208493465575,0.5851903471790811
2023-10-22,0.0,-0.6745186443029164,-0.32370221227293805,0.3730190195302924,0.6010454685904574
2023-10-23,0.0,-0.5274863017397065,-0.2982378086773697,0.37095948912954196,0.6178208089799596
2023-10-24,0.0,-0.6280097428638037,-0.320929660038218,0.368560011357748,0.6342190635794415
2023-10-25,0.0,-0.6920320301728304,-0.34456401027341776,0.3665708847479094,0.6514063320494062
2023-10-26,0.0,-0.7048017460400228,-0.35221470666339216,0.3637187394426896,0.6681178894400913
2023-10-27,22.0,-0.24732635758860724,-0.15941203604368032,0.44102550998779777,0.769628578799352
2023-10-28,0.0,-0.33356676508294736,-0.2306908379208812,0.4388963929002731,0.7861838328016523
2023-10-29,0.0,-0.3871328163754715,-0.27464833624185386,0.4380477789521745,0.802844788015105
2023-10-30,0.0,-0.4653096160142033,-0.3239180261451691,0.43743745907261755,0.8194736733250928
2023-10-31,0.0,-0.5363007995324064,-0.3725262396386134,0.43659517806058085,0.8353374241723128
2023-11-01,0.0,-0.5646805231924352,-0.400909243443239,0.4096065660553202,0.8524214902926414
2023-11-02,0.0,-0.5913651079187061,-0.4333554613428634,0.16375876178660306,0.8694999476428856
2023-11-03,8.5,-0.4262735806283299,-0.32550182051934023,0.19445644113744845,0.9203997891078106
2023-11-04,30.0,-0.08677640322037149,0.055259857037232796,0.3048466769620198,0.9479394754951261
2023-11-05,0.7,-0.21433952625086022,-0.03435869902643237,0.3073682451981835,0.8178482712968951
2023-11-06,1.8,-0.2655573797301455,-0.08279625249580785,0.3144051403680753,0.8415858524336789
2023-11-07,0.0,-0.3762244176230395,-0.1676858786685891,0.31466054805987975,0.5535140194750133
2023-11-08,0.0,-0.42077703922786525,-0.22952796199374512,0.31550776550775117,-0.742181181497885
2023-11-09,0.0,-0.48815173006680396,-0.2974754258193415,0.3161991473260687,-0.7110229595527057
2023-11-10,0.0,-0.5641005418058376,-0.36210023450490636,0.3157661759490748,-0.6817834065744743
2023-11-11,0.0,-0.5979377814788179,-0.3946145252581691,0.3154525189099578,-0.6484230156237043
2023-11-12,0.0,-0.6596439875611333,-0.44413195959242824,0.3150376844221607,-0.6147252106297152
2023-11-13,0.0,-0.7036711734790934,-0.49285326166591026,0.3143829097553171,-0.5936622919958908
2023-11-14,0.0,-0.6654380328903533,-0.5029777688487336,0.31382807652849043,-0.5574570715101955
2023-11-15,0.0,-0.6203461594725302,-0.48504544264465727,0.3122407660657449,-0.5209300558427907
2023-11-16,0.0,-0.6801716515798483,-0.5199752279934909,0.31251107315308213,-0.4841024423906855
2023-11-17,0.0,-0.7377025427363842,-0.5546821295521878,0.3134243743020353,-0.4425532544104005
2023-11-18,0.0,-0.7654674797623306,-0.5649133310540052,0.3144934979333982,-0.514980873422686
2023-11-19,0.0,-0.770738531995322,-0.566290963009676,0.31546018449140756,-0.4722668382480913
2023-11-20,0.0,-0.7979829411368304,-0.5749467686866473,0.3164750663831232,-0.42973080286278753
2023-11-21,0.0,-0.8200618771032798,-0.5922023966743939,0.3176235651142084,-0.43566098501764206
2023-11-22,0.0,-0.8320342266908306,-0.6034136773455582,0.31615741253043705,-0.5212327025397404
2023-11-23,0.0,-0.8485637669064868,-0.6084782291076496,0.3080869144559928,-0.5417845225068713
2023-11-24,0.0,-0.8713388560490861,-0.6189670390679903,0.28962304405772665,-0.5007799629472186
2023-11-25,0.0,-0.8644163675925809,-0.6150680861814906,0.26114852805558814,-0.4597779737100125
2023-11-26,0.0,-0.8962457359777258,-0.6326537670774114,0.2610840272419322,-0.4613493422845338
2023-11-27,0.0,-0.8848443174865357,-0.6105098978565232,0.26236407940231593,-0.4286201536021047
2023-11-28,0.0,-0.8224113126937419,-0.5886925600693408,0.26369566669745553,-0.5550301011830416
2023-11-29,0.0,-0.8578347140134459,-0.6153709369189699,0.26510276246008535,-0.5102775787911626
2023-11-30,0.0,-0.869022427497966,-0.6326762077349297,0.26682688225801815,-0.46683818253629317
2023-12-01,0.0,-0.8836086852219422,-0.6379982005951357,0.26927563195127197,-0.4231400662740086
2023-12-02,0.0,-0.8925346611911669,-0.6411900104628415,0.2722008201298198,-0.3788652207834957
2023-12-03,0.0,-0.8674249311995313,-0.6323896748963276,0.27590845929462526,-0.3366397653349313
2023-12-04,0.0,-0.8840684081632605,-0.6397869244590743,0.279663614716271,-0.2948911582442106
2023-12-05,0.0,-0.9181822256769833,-0.6462574668498309,0.28401581414554816,-0.2522541398809863
2023-12-06,5.7,-0.7838105674599589,-0.5451416178746893,0.18326250718619413,-0.1760987540563876
2023-12-07,0.0,-0.8415069581516043,-0.5721273837443488,0.1553781320789249,-0.13387870605487495
2023-12-08,0.0,-0.8541140313433393,-0.5728246170449987,0.1450518908691677,-0.0925902959814518
2023-12-09,0.0,-0.8610228061490804,-0.5840184881216588,0.1523408104896714,-0.05220717717247911
2023-12-10,31.4,-0.002870288891082153,-0.2931650562698631,0.2772323162956816,0.16301404905928665
2023-12-11,91.2,1.892881782245059,1.5313880144860321,0.6134481934749926,0.658660677493435
2023-12-12,17.2,1.8604719070720608,1.5831684608924828,0.6804636667969193,0.583870166929277
2023-12-13,0.0,1.5328527914261227,1.354940744803651,0.6892660390562781,0.5293941917489616
2023-12-14,16.2,1.7585874924678937,1.5638383524240502,0.7547648089226349,0.6016862044046385
2023-12-15,52.4,2.9651625973151283,2.5326168586939244,0.9411621614152582,0.7552262748413852
2023-12-16,0.1,2.686781160632088,2.2838804538832944,0.9519531210166676,0.7907851341988182
2023-12-17,0.0,2.5078023458049548,2.1256296489377404,0.9608560461543821,0.8182753404300559
2023-12-18,0.0,2.33743261562941,2.0037922752183928,0.836855800413478,0.8528978821415036
2023-12-19,0.0,2.0261409353770783,1.8323659380733814,0.8454704062022217,0.41133845223997195
2023-12-20,0.0,1.7847852118572003,1.676783999079665,0.858488330151646,0.38407249507175073
2023-12-21,0.0,1.7566500464976693,1.6156495411258542,0.8714671384440238,0.4178331568678956
2023-12-22,0.0,1.7080205829680597,1.5522120258635494,0.8850796626217745,0.44408330675404434
2023-12-23,0.0,1.6322767196747505,1.4720769775364393,0.7920547611990059,0.4783032483661854
2023-12-24,0.0,1.5460163988005973,1.4162866152316458,0.8017112947254645,0.481243281230848
2023-12-25,0.0,1.4530925325194706,1.3250480675780185,0.8188231444598422,0.41176866977202253
2023-12-26,0.0,1.3769289046937658,1.2758609118305,0.7283969359883808,0.37979257921928816
2023-12-27,0.0,1.291419535122616,1.2158760616216824,0.7275002862436212,0.41110788703560913
2023-12-28,0.0,1.2806369318331652,1.1987300082049672,0.7472410385126885,0.441359208719746
2023-12-29,0.0,1.2295128539687445,1.1716680236236965,0.767785560726605,0.46849180874538254
2023-12-30,0.3,1.2857165124132637,1.1462565347563665,0.7899042950895425,0.4992466972173983
2023-12-31,14.7,1.737083283706793,1.5066794777961112,0.8405350339145676,0.6185428045836951
2024-01-01,1.3,1.7221224154219092,1.4317033108865298,0.8593929232919494,0.678900157834404
2024-01-02,0.0,1.656466313513956,1.3453491363580452,0.8809340337219643,0.7046840118231377
2024-01-03,0.0,1.5418515133907762,1.310642872731016,0.9028331665567702,0.7293539917181038
2024-01-04,0.0,1.5151902257157828,1.2836829937436338,0.9247151603146401,0.7522788007584333
2024-01-05,0.0,1.466150843254951,1.2386433501806569,0.835827442666002,0.7733356398013407
2024-01-06,0.0,1.3735094904692648,1.173612688595666,0.8536479943673155,0.7957329467713826
2024-01-07,0.0,1.254647929951434,1.0707248056409693,0.8638981161571816,0.8172888949549019
2024-01-08,0.0,1.1548006244764442,1.028974314593851,0.8706110148373208,0.8229124376605276
2024-01-09,0.0,1.0977070279580805,0.9787223599853349,0.8564745302951842,0.845089873711063
2024-01-10,0.0,1.0102874264698751,0.9293565145281845,0.8404894717561979,0.8668542228547927
2024-01-11,0.0,0.8765400572945068,0.8508687938197145,0.8389765106178763,0.889837049672311
2024-01-12,0.0,0.7737188104519734,0.7804569162500078,0.8611270707895861,0.9076022551718294
2024-01-13,0.0,0.7062698624270295,0.725743249613635,0.875748028090407,0.9297694792868633
2024-01-14,0.0,0.5926451343268849,0.6242563661610533,0.8521726975329011,0.9497385480369115
2024-01-15,0.0,0.5251540394792726,0.5877466447909179,0.8742575258631499,0.9723220983230513
2024-01-16,0.0,0.4802169465418994,0.5509234466158055,0.8829066934283339,0.9771340986396613
2024-01-17,0.0,0.4564850929081438,0.5190389589680875,0.9033736929922306,0.9961539627992616
2024-01-18,1.4,0.473065145441989,0.5289744789265209,0.9288980888567544,1.0226921602193748
2024-01-19,2.3,0.48786952719173554,0.5472169303746459,0.9501459666111307,1.0530614100683782
2024-01-20,38.8,1.630436568237684,1.5994073336956256,1.1047947734318275,1.305059744769025
2024-01-21,3.0,1.5562925578026487,1.496827330186866,1.13698065752314,1.3373686721926177
2024-01-22,0.0,1.4165404011755158,1.3727754316883536,1.1585494491706467,1.3530290124469009
2024-01-23,0.0,1.2699325178233507,1.2180527216337238,1.1811959002010242,1.3711445578459702
2024-01-24,0.0,1.180076426807628,1.1346387589233233,1.202614622144738,1.38973869708094
2024-01-25,0.0,1.0967580811079793,1.070422574659021,1.2239765817960944,1.2747406633176213
2024-01-26,0.0,1.0560088571546762,1.0264634086605204,1.244897679418154,1.2901856961983378
2024-01-27,0.0,0.9845488514263465,0.9592581767298125,1.2657150635020111,1.3068195772939937
2024-01-28,0.0,0.8598154277568347,0.8389433292815566,1.2855735871430611,1.3236150474347026
2024-01-29,0.0,0.7314453228783115,0.7518217159157428,1.3054269315000897,1.3412163306100267
2024-01-30,0.0,0.6141468251405573,0.6449844212299948,1.3262945427976252,1.359416054797598
2024-01-31,0.0,0.5005286625824341,0.5440255577584258,1.3463220786373908,1.3773048326576793
2024-02-01,9.0,0.6915441769224644,0.7289011124307795,1.3976551721788129,1.3979601630287313
2024-02-02,0.4,0.6608794412916714,0.6926153296168955,1.328784145055993,1.2210535062336993
2024-02-03,0.1,0.6341370945251797,0.6544623699387021,1.217531498292599,1.231406679760935
2024-02-04,0.0,0.5772373260378358,0.6062042153873326,1.2368300166909034,1.233097499191707
2024-02-05,29.9,1.4785611083358687,1.4332187992000915,1.0965511893221978,1.4457023499927737
2024-02-06,0.1,1.3444124894894256,1.3064921400937808,0.07326966457579494,1.4577910172105166
2024-02-07,0.1,1.2470036308202344,1.214811596102744,0.1012998616526495,1.4683205619707342
2024-02-08,0.0,1.1998122199853956,1.1280260217443172,0.12673200413437827,1.4762955201645678
2024-02-09,0.0,1.159259066695414,1.105585594251781,0.15501130305924202,1.483917031656179
2024-02-10,0.0,1.0608493630782923,1.041503582514479,0.1829048649832148,1.4889909617886996
2024-02-11,0.0,1.000606782102382,0.9767004300289144,0.2016231495382081,1.4920465584312952
2024-02-12,0.0,0.9439585249383384,0.9121221543857945,0.23317824114496022,1.4950806878566048
2024-02-13,0.0,0.8967451995804798,0.8731966074810154,0.26543217579060513,1.5002817698960838
2024-02-14,0.0,0.8392742648764391,0.7888323969667697,0.2970603528433309,1.5047389837600575
2024-02-15,31.9,1.896521277405635,1.6922905212804085,0.455609235978197,1.7045062107632274
2024-02-16,0.0,1.510479277746809,1.41440298247238,0.40610773703424363,1.70654074283695
2024-02-17,0.0,1.266649450829887,1.2401147252104805,0.43958510868381306,1.7083373604314975
2024-02-18,0.2,1.156467676044474,1.10339255137087,0.47411394354295167,1.7115931699981253
2024-02-19,7.6,1.3379330545805752,1.2552593860220806,0.503479495093206,1.757074414112036
2024-02-20,33.6,2.268042169345606,2.1342992355101913,0.5764402543140149,1.949309566208599
2024-02-21,35.6,3.0464282854195437,2.868356774494063,0.7003087791048876,2.1420919143691903
2024-02-22,18.6,3.14832543124599,2.894217305248033,0.7975329451900766,2.2353775153864275
2024-02-23,4.1,2.7330467526736237,2.600252403656049,0.8422903273290253,2.2517649953190535
2024-02-24,0.7,2.51214734700994,2.4230274209262825,0.8476764116235352,2.2517963439709856
2024-02-25,2.0,2.3993173330556896,2.2988593733271303,0.8802181088770161,2.258403781148526
2024-02-26,1.4,2.3366474392924586,2.2287981133800074,0.8132716436075471,2.2617489647661984
2024-02-27,0.0,2.2852371945071717,2.183572739496788,0.8468346390009218,2.2577631276865264
2024-02-28,0.0,2.160785172504439,2.079177402607078,0.8812152239692455,2.2538748058426377
2024-02-29,0.0,2.078653707825927,2.0164414539641298,0.9152944305605165,2.2492276665307247
2024-03-01,0.0,2.0479842096623675,1.9782671951313018,0.9483889008498243,2.244304859122433
2024-03-02,0.0,1.6945574464593351,1.6490036555647354,0.9805586965174745,2.242435353264301
2024-03-03,0.0,1.6372271790478645,1.5977303347153735,1.0143563035482492,2.2406034447329506
2024-03-04,0.0,1.5639221583715228,1.500560264454399,1.0491324656436278,2.241321241601465
2024-03-05,6.3,1.6733579914211998,1.5679439448054278,1.1082803024566228,2.2458942368796584
2024-03-06,2.9,1.6628832472768864,1.5499298753946777,1.1546746090056543,2.261006693750289
2024-03-07,0.7,1.6593030930911978,1.5165651313175403,1.1935291177568192,2.2657930868395515
2024-03-08,0.0,1.602638443655162,1.4927591128323499,1.2294377082828838,2.2661755402618917
2024-03-09,0.0,1.549880158393549,1.4600930441329654,1.2670562546727082,2.103026740363614
2024-03-10,0.0,1.4928234344678284,1.4010814823987656,1.3052921501818275,1.5735009764896537
2024-03-11,0.0,1.4324760337913516,1.3418485850934563,1.1875901488147342,1.4636985984694002
2024-03-12,0.0,1.4157897914998698,1.3042497462996905,1.1503354335190434,1.465839324482719
2024-03-13,0.0,1.4207605285393083,1.2769079660244693,1.1479190587560515,1.3570787200318037
2024-03-14,0.0,1.4053691136979256,1.2590241181275967,1.0624793305662992,0.9659598548940336
2024-03-15,0.0,1.3462969205275108,1.1772453763983635,1.0903289143376558,0.9602098857013306
2024-03-16,0.0,1.2936667578012866,1.1120143298420166,1.1197564943018667,0.9556796868839537
2024-03-17,0.0,1.2494953891192657,1.0713483579018859,1.149347944081259,0.9520903310983684
2024-03-18,0.0,1.1613932180534046,0.9981068274177108,0.7741430417923091,0.9487396069144991
2024-03-19,2.7,1.2024219740754931,1.0379933819219391,0.7644780762947503,0.9670256513241625
2024-03-20,9.4,1.4712056562326914,1.2623969999881843,0.8356845288993322,1.0403413724811945
2024-03-21,0.0,1.3077892083919738,1.1044270504228009,0.8561659592768238,1.0376763864470455
2024-03-22,0.7,1.1914178152535373,1.005171324375647,0.8868312571908893,1.0408800200220703
2024-03-23,1.4,1.0456198122279856,0.9393008030454315,0.8953857880187176,1.0501452708363885
2024-03-24,0.0,0.9578726154643042,0.8628463448019101,0.8389392624744703,1.0486805968782345
2024-03-25,9.8,1.2380782212217243,1.1052886129873631,0.861278261444402,1.12739784198663
2024-03-26,32.1,2.1630485531652934,1.93415887299365,1.0430771200548352,1.3820268673357108
2024-03-27,0.0,1.8761308105122307,1.6895256575334172,1.0662842001143795,1.382070429794064
2024-03-28,0.0,1.65403613720159,1.5012391497272581,1.0860953799958606,1.3819229999613802
2024-03-29,0.0,1.4753736127408679,1.3476920618271706,1.1065212870552061,1.3792175073402744
2024-03-30,0.0,1.442677884123623,1.2714673011355666,1.125181908828912,1.2567853672092393
2024-03-31,0.0,1.4006938415317383,1.2324378549043848,1.1436105108718313,1.242703363662764
2024-04-01,0.0,1.3303145145993267,1.1268734121159463,1.1614764733772556,1.2385470093355906
2024-04-02,0.0,1.302593542472697,1.0947360611853811,1.1787121451154317,1.2320923732516214
2024-04-03,2.9,1.2375611234492059,1.0390265036040267,1.2093419830229033,1.2488009636975543
2024-04-04,0.0,1.2121419959525706,1.0080534977164197,1.2242143349658976,1.2416021511865958
2024-04-05,0.0,1.1155262570374445,0.9434110085780703,1.2392805075536375,1.2336367314777255
2024-04-06,0.0,1.0949178319112107,0.9504078971001428,1.2538930011575755,1.2260664228842677
2024-04-07,0.0,1.025807019184029,0.8817623557936468,1.2545730354559357,1.218820760509438
2024-04-08,0.0,0.9836052041681763,0.853511319532678,1.2680732618111499,1.2118239019798915
2024-04-09,0.0,0.8748588783951939,0.7766082565523926,1.2816718028897147,1.2034658002121503
2024-04-10,0.0,0.823511481328042,0.7334350833889376,1.295051031065953,1.1942125100925534
2024-04-11,0.0,0.7034355774146024,0.6529325318002012,1.3046430782599079,1.1856455460595976
2024-04-12,0.0,0.6499352159482183,0.6148759539073306,1.3185588584929755,1.17633655158409
2024-04-13,0.0,0.6005586474282556,0.5833313392002345,1.3296248700997002,1.1659656864736823
2024-04-14,0.0,0.5452359666787469,0.5428539168279164,1.3432117341371437,1.1578724319935685
2024-04-15,1.6,0.554209432527767,0.5610514672200553,1.3648217383903216,1.1637091657505085
2024-04-16,0.0,0.5082554746466454,0.5102802739849203,1.3747840385385706,1.1552273277026734
2024-04-17,0.0,0.467812205644748,0.44293156968392416,1.3840051302026644,1.1340971426491069
2024-04-18,0.0,0.4010744403048309,0.3871350013430758,1.3914995587525956,1.1063268168238567
2024-04-19,0.0,0.34055396196819315,0.3105873918746471,1.3996763773958714,0.7380278505917488
2024-04-20,20.5,1.0838024921428724,0.942510449652691,1.5156063361276684,0.8987593632410961
2024-04-21,6.6,1.0870682316012457,0.9626197347323057,1.5587977025189415,0.9522584815660329
2024-04-22,0.0,0.9546267471342462,0.8428749121882388,1.5686175857100821,0.9426674369562313
2024-04-23,1.0,0.8129842477043655,0.7339437575964828,1.5846647532656488,0.9421290278693109
2024-04-24,9.3,1.0086322888157258,0.8744601624668336,1.5283170164958717,1.01887801132561
2024-04-25,0.0,0.8674479223833114,0.7541336806173145,1.537017411303701,1.009284495751197
2024-04-26,0.0,0.716556547092024,0.6242512278950182,1.5463806477740258,1.0001856920507508
2024-04-27,0.0,0.5553257837724993,0.4921505618373807,1.5551850705681884,0.9888889077945631
2024-04-28,0.0,0.40933262988250024,0.34939149852788964,1.5631144614714734,0.9779762174055382
2024-04-29,0.0,0.3609880508428813,0.2906396563062293,1.5705308692209443,0.9667414703210785
2024-04-30,0.0,0.31294254119640696,0.22705174940900258,1.5777900659078987,0.9557550426748436
2024-05-01,0.0,0.2678798766588614,0.18893664737832688,1.538884270051569,0.8596857109645373
2024-05-02,0.0,0.2337334449857394,0.15455780486353707,1.3769581086103182,0.8460099054455736
2024-05-03,0.0,0.19175643522733818,0.11337765179724094,1.3780740900335946,0.8353480332612022
2024-05-04,0.0,0.13841315090703463,0.0696198058714589,1.3717359345100122,0.8256368836378976
2024-05-05,0.6,0.0923762682414084,0.03398777193312001,1.3789397772098495,0.5162549970172604
2024-05-06,0.0,0.014753305166925303,-0.017974554246279,1.381089125684338,0.5045478295612623
2024-05-07,20.4,0.5629078665228467,0.45876440146672154,1.5005772813696312,0.7067336974303621
2024-05-08,0.0,0.4443392005317895,0.3436045730737397,1.5015529982334312,0.6963472507056053
2024-05-09,0.0,0.3789522072664629,0.26156920085539903,1.5019458362458242,0.685990049058614
2024-05-10,0.0,0.2913126359571557,0.1760678385629933,1.5005545661550133,0.6765387635214313
2024-05-11,0.0,0.2104218153005862,0.09243481101691836,1.4974983195557647,0.6676538003031202
2024-05-12,0.0,0.11128010127796828,0.018617468778299562,1.495158284601605,0.6591992059986198
2024-05-13,0.0,0.03733608699974181,-0.05754072694719088,1.4942135145362094,0.6525459840357235
2024-05-14,0.0,-0.05020620102668788,-0.13230547601155485,1.4937533658663893,0.6482193013536452
2024-05-15,29.1,0.8423218091245535,0.632131947723859,1.6554910949613102,0.6136924359078879
2024-05-16,26.2,1.481471996532761,1.2334420453770492,1.7961551136437814,0.8771498216481827
2024-05-17,0.0,1.1503736078435791,0.9782223506539252,1.7933757478039796,0.8719629633056643
2024-05-18,0.0,1.0129068149604892,0.9139895291134208,1.790255174002621,0.864949401630514
2024-05-19,0.0,0.9191216924038237,0.8135069676170291,1.7866452695997859,0.7847052995773743
2024-05-20,0.5,0.840184418393337,0.7218016022780334,1.785032735467384,0.42979029969696475
2024-05-21,0.0,0.7669236107473206,0.6471714071376359,1.781415303146947,0.01175997148742743
2024-05-22,0.0,0.6596247390974813,0.5508637042779456,1.7776147419422514,-0.2268644326841589
2024-05-23,0.0,0.46073706462281766,0.3835176208706379,1.7737240470437374,-0.28303366742808955
2024-05-24,0.0,0.41337629176184776,0.312429293814374,1.7696377414118647,-0.2954541987612483
2024-05-25,0.0,0.3613799175606921,0.25282979132390404,1.7642775191602647,-0.32511526537979707
2024-05-26,0.0,0.33790365100798453,0.2241504061482441,1.759107821986014,-0.34658474293842323
2024-05-27,0.0,0.3124085601159455,0.1945704071340557,1.7544280173388345,-0.350343578845974
2024-05-28,0.0,0.29732914423189793,0.17455687681772167,1.7492248528694996,-0.3534310276572964
2024-05-29,0.0,0.2575884542017465,0.13674317075764145,1.744477030003853,-0.3552834721337666
2024-05-30,0.0,0.2027550780803439,0.08384314160871809,1.7402192592304644,-0.3568417005862652
2024-05-31,0.0,0.13630154726878568,0.01811882791252467,1.7372338836531516,-0.35809381290924885
2024-06-01,5.1,0.2469423514907316,0.12072127149917183,1.7622605263114903,-0.2915848583700302
2024-06-02,3.6,0.29154239349930244,0.14014049178798418,1.7799040169109284,-0.24699009356913634
2024-06-03,0.0,0.21513748178575218,0.0680670815255553,1.7466829767604501,-0.3333348909630302
2024-06-04,0.0,0.14619836197259384,0.006974046516780829,1.7429387370246765,-0.3766288893067233
2024-06-05,0.0,0.08383957049720935,-0.050808736551506715,1.7382547284139789,-0.3914528561276212
2024-06-06,0.0,0.008852335350239259,-0.11604923941446005,1.7336698002786792,-0.39532464420866315
2024-06-07,0.0,-0.04980614660264638,-0.166381339393954,1.5567121670925914,-0.4003048573879822
2024-06-08,0.8,-0.08498583893921607,-0.2056324603560097,1.0180470150384178,-0.3965954027416156
2024-06-09,0.0,-0.13703686568134973,-0.2555531811940752,0.9008724117122648,-0.40600200774132056
2024-06-10,0.0,-0.19840687219173736,-0.31555394540295284,0.8899115034634414,-0.41896338217712253
2024-06-11,0.0,-0.23799239573209874,-0.34997096561784974,0.7714942427289209,-0.4329241432415529
2024-06-12,0.0,-0.26978042173423494,-0.3833547843584745,0.39821164310255536,-0.4473873247363391
2024-06-13,0.0,-0.3185173127145138,-0.4275615223654031,0.3805341594189744,-0.46367307147675957
2024-06-14,0.0,-0.3760868544038944,-0.4833144896647513,0.36248511063015126,-0.4823016008134788
2024-06-15,13.1,0.04070718046801346,-0.09443305106765612,0.43475216855122184,-0.33275949346253425
2024-06-16,0.0,-0.09452240166254461,-0.20949131946601707,0.41293083158598926,-0.35719043138555917
2024-06-17,0.0,-0.20183948366890045,-0.31260154937805945,0.38970140866464703,-0.4169023287851612
2024-06-18,0.0,-0.2897447694632355,-0.38534839687035355,0.3658671074353794,-0.565166531324697
2024-06-19,0.0,-0.36707416962459427,-0.4399963432998368,0.33963729936216086,-0.5920342379383511
2024-06-20,0.0,-0.4160519093790112,-0.4766734768563177,0.3128809214207164,-0.6277465862173955
2024-06-21,0.0,-0.5026608513663187,-0.5566941805822537,0.2850236615489949,-0.6739042997487396
2024-06-22,15.8,-0.19103270332270028,-0.25316244035051827,0.3683311092609901,-0.5004281963823025
2024-06-23,14.8,0.047032892895305434,-0.036856244795110536,0.44059802602202497,-0.4695027394243756
2024-06-24,8.2,0.05071579226644235,-0.03258161385145479,0.46542037317182294,-0.80068021457197
2024-06-25,0.0,-0.09942619748214654,-0.17714263567259508,0.43301957890393444,-0.8317182806069711
2024-06-26,0.0,-0.21063196952266341,-0.2855814551432197,0.3990938497783894,-0.8638459562102747
2024-06-27,0.0,-0.32724367031303364,-0.40788225332625005,0.3625096866421971,-0.8945308528408296
2024-06-28,0.0,-0.4246547032064666,-0.4993675728457538,0.22683407671114242,-0.9256622652637849
2024-06-29,19.6,-0.08635094423576413,-0.203427475392121,0.3140381727771547,-0.7192145830226327
2024-06-30,12.8,0.009281241618660096,-0.10352942627766261,0.3601072855027411,-0.6093833475086026
2024-07-01,0.0,-0.17714681137666624,-0.2835869388015759,0.31976849508232025,-0.6493600193070861
2024-07-02,43.8,0.5965172049643723,0.40547974030760925,0.5594193362562263,-0.26191502966346975
2024-07-03,0.0,0.36163693793056356,0.18694687037046787,0.517864053125912,-0.30550204164971206
2024-07-04,0.0,0.1737614858732339,0.024957541584028763,0.47784793615110116,-0.3479977651377709
2024-07-05,0.0,0.040358879529092354,-0.08840833638344678,0.43844457998926656,-0.3899018123486549
2024-07-06,0.0,-0.09436232121116422,-0.20329043054423443,0.3992126752665783,-0.43191344009137467
2024-07-07,2.9,-0.15262424918282352,-0.24922199407140938,0.37772270483603987,-0.4491761661674962
2024-07-08,14.1,0.016362410005095265,-0.0886349367438319,0.4259351839952221,-0.35994212300835826
2024-07-09,3.4,-0.09051770523215404,-0.18969030393667585,0.4065972186093747,-0.3737661965977004
2024-07-10,9.2,-0.059790097093218975,-0.15758270771252741,0.42253232339199254,-0.3333651939914547
2024-07-11,0.0,-0.22639300939540435,-0.31037847459632706,0.3823424882125847,-0.3743799028131318
2024-07-12,0.0,-0.36846715147450093,-0.4338378078106776,0.3430716398935871,-0.41368978285353564
2024-07-13,0.0,-0.45437677836038387,-0.5150389946329735,0.30427990277484623,-0.4529877689012716
2024-07-14,2.4,-0.4769075124240226,-0.5435134711507107,0.2812453629834463,-0.4842074504740953
2024-07-15,4.2,-0.4614192353794998,-0.5235549304258291,0.27031064870802035,-0.48332945374921304
2024-07-16,4.7,-0.4782209684283876,-0.5419742552819402,0.25574779755422306,-0.4759205108041902
2024-07-17,6.7,-0.3870978700972087,-0.46067912571270736,0.24804596512678329,-0.449664490099818
2024-07-18,17.6,-0.1704691546701884,-0.2869715065720458,0.08527159957410886,-0.33176127525228605
2024-07-19,0.0,-0.2715445130457887,-0.3816239882222299,0.03383984910771315,-0.5379965498640735
2024-07-20,0.0,-0.34816451689587313,-0.4508103036507516,0.003292115467309546,-0.6244714716821332
2024-07-21,0.1,-0.39591764654822553,-0.4871443964666497,-0.027279208544498845,-0.6527556916379438
2024-07-22,1.2,-0.4651317133279284,-0.5457967248146526,-0.0511190434628528,-0.6795073751171611
2024-07-23,2.0,-0.5586855083601509,-0.6230550654732542,-0.07022092870153346,-0.7741804910047044
2024-07-24,0.0,-0.6255583987261164,-0.6762404422356506,-0.10078317364398978,-0.8044353518601131
2024-07-25,0.0,-0.5969248008577145,-0.6522009478196485,-0.13258291167452424,-0.8346810957715618
2024-07-26,0.2,-0.6242208105545122,-0.6619090357761355,-0.16194077790604808,-0.8604509913844749
2024-07-27,1.3,-0.6278167016852334,-0.6696497153724797,-0.18308148572772742,-0.8743302331404484
2024-07-28,0.0,-0.6694833130116642,-0.7113815151335552,-0.2116891537620145,-0.9003015810404627
2024-07-29,0.2,-0.7117041335203,-0.7476764732996056,-0.23833755518189156,-0.9248234103828109
2024-07-30,1.7,-0.7353641430168144,-0.7684392184301991,-0.3087520496049448,-0.9322559051881057
2024-07-31,0.0,-0.7941092243995044,-0.8253148448437483,-0.33707191793128816,-0.9536134718305506
2024-08-01,0.0,-0.7683079195611768,-0.813532525420375,-0.36293758697960105,-0.9740550364906727
2024-08-02,0.0,-0.7177097360560762,-0.7676971873909019,-0.3888013264793188,-0.9956895871974291
2024-08-03,0.0,-0.8079955654278427,-0.832316635016163,-0.594894477819983,-1.02085353152004
2024-08-04,0.0,-0.878699477241205,-0.896681706141816,-0.6199914432888947,-1.0405245067268427
2024-08-05,0.0,-0.8997130893938201,-0.9377993781071818,-0.645564129825654,-1.2377408287900575
2024-08-06,0.0,-1.0107014267654402,-1.0188536584507746,-0.6698010281658416,-1.2560472102011409
2024-08-07,0.4,-1.0882295182487252,-1.097288645899172,-0.6916116205390449,-1.2710607350822363
2024-08-08,0.3,-1.1824576361563028,-1.2014955424899285,-0.7151739924676432,-1.287540949677367
2024-08-09,0.0,-0.8416685211879856,-0.9676784893972118,-0.7399362685908518,-1.3059929223695081
2024-08-10,0.0,-1.067199253806603,-1.0904711694209537,-0.7652205213449365,-1.3256875640372845
2024-08-11,0.0,-1.164142132455543,-1.1422904706991917,-0.7917244906654718,-1.347948704318724
2024-08-12,0.0,-1.2786334068311647,-1.225086967312896,-0.8195674509491808,-1.373535307678916
2024-08-13,0.0,-1.381419330151405,-1.315558027921167,-1.0414582543078947,-1.6593939400461002
2024-08-14,0.0,-1.2887559140819214,-1.2929939128108152,-1.0713134318869466,-1.9403378513062244
2024-08-15,0.0,-1.3603780332049271,-1.3159244474465175,-1.1007192942067605,-1.9644412562188531
2024-08-16,0.0,-1.4520807909438542,-1.3945340930156025,-1.1305598382786657,-1.9891082855093631
2024-08-17,0.0,-1.4763935165905244,-1.4400033201626157,-1.2069589988164686,-2.0150868805896
2024-08-18,0.0,-1.3736373585680124,-1.3846737708726637,-1.4490723600774058,-2.0452721604147293
2024-08-19,0.0,-1.2489032020016775,-1.2887941603304522,-1.7152908386745067,-2.072431823452411
2024-08-20,0.0,-1.4077336223679962,-1.3745199785829778,-1.8749596812765912,-2.1032345837851683
2024-08-21,3.7,-1.5192304817286861,-1.4522584151409152,-1.9080205584835013,-2.0978256296702535
2024-08-22,1.0,-1.6397418478016905,-1.56127670174601,-1.9355053476968953,-2.1181214388400957
2024-08-23,0.0,-1.7029836133860148,-1.6073740647537225,-1.9780505573973541,-2.144946200156003
2024-08-24,0.0,-1.9034619862375213,-1.7692735811898264,-2.016783974606739,-2.171547473351519
2024-08-25,19.7,-1.7194195285641205,-1.6425623510694072,-1.9088626993309736,-2.016223267655782
2024-08-26,4.1,-1.6660827994232692,-1.6651350954712443,-1.9090539946687155,-2.0089502826707495
2024-08-27,10.8,-1.6041914578742271,-1.5813585847622074,-1.8678363383958059,-1.9499076978450427
2024-08-28,0.2,-1.848020447189369,-1.7911946534929268,-1.8969000533992337,-1.9831917099485015
2024-08-29,40.4,-1.2682976116073925,-1.353661252286603,-1.671684881140271,-1.6936000864026401
2024-08-30,6.6,-0.5910728153842969,-0.7419867733055309,-1.6624789383340555,-1.7183266962248749
2024-08-31,0.0,-1.0717696205614256,-0.9516253320546058,-1.6938293433348317,-1.7819316897045159
2024-09-01,0.0,-1.4386260823996908,-1.1191461321121263,-1.7649990176276582,-1.8187632758905776
2024-09-02,6.4,-1.1940375562253496,-1.0540700741286588,-1.7742989273961771,-1.8045004971884502
2024-09-03,0.0,-1.4314767332267189,-1.1581447542282195,-1.8100439989735606,-1.8399363941439881
2024-09-04,0.0,-1.6376919442677524,-1.2711202513362947,-1.8419413813282213,-1.8758914122612087
2024-09-05,0.0,-1.5371527035292678,-1.2919760711029245,-1.8740750183774686,-1.913781188295885
2024-09-06,29.8,-1.1405844924305328,-1.0454277639619223,-1.7294715142102848,-1.7393595182313522
2024-09-07,0.0,-1.0282873470699103,-1.017000830718336,-1.7634933009566822,-1.7773874152004139
2024-09-08,0.0,-1.2579787184506934,-1.13472679441912,-1.795189027839727,-1.8099777035257194
2024-09-09,0.0,-1.4382854510555088,-1.2543249649287256,-1.8244106206847546,-1.8391214919467107
2024-09-10,0.0,-1.200592303863756,-1.2356352704366933,-1.8521748590920244,-1.8660841099564152
2024-09-11,43.7,-0.6861100612729151,-0.8518700216709524,-1.6256553790921981,-1.5849053342258614
2024-09-12,16.4,-0.5558836043259683,-0.7500940889374739,-1.5592669363695497,-1.4959340051322494
2024-09-13,6.0,-0.6491154599287606,-0.8165370916117781,-1.550604798931436,-1.559028447421827
2024-09-14,1.9,-0.7449287050555915,-0.8917109735002259,-1.5641075930503192,-1.5639639110583892
2024-09-15,44.0,-0.13448607586879646,-0.49322217468785623,-1.3676666954686671,-1.3036375052665345
2024-09-16,5.0,-0.22036712558119434,-0.5625678277574315,-1.41228028081501,-1.2865453932970699
2024-09-17,0.2,-0.3019043424232385,-0.6109535497464106,-1.4311005943121224,-1.2952068432225703
2024-09-18,3.4,-0.3739457226526312,-0.6623577083597456,-1.4356097392753417,-1.282608422502004
2024-09-19,0.0,-0.4443424771014392,-0.7169528294622171,-1.4616539151024408,-1.289490009541181
2024-09-20,84.6,0.12249863471348166,0.12078233483049208,-1.0594084012289762,-0.9083249649082872
2024-09-21,137.4,1.8691368211898087,0.8767231029436575,-0.5033130000161229,-0.30424769711773064
2024-09-22,57.4,2.0160299393623884,1.168378333559662,-0.41367836994215895,-0.08684098950637757
2024-09-23,0.0,1.4924515863726933,0.8987886332501052,-0.43049259542497703,-0.08926521789465812
2024-09-24,0.0,1.2233114304086283,0.7513994325297674,-0.4468251559664247,-0.08991987146971428
2024-09-25,0.0,1.0091741749138459,0.6350669159940234,-0.46192692787000067,-0.0890728346729353
2024-09-26,0.5,0.8292213691057991,0.5369448713321118,-0.47418207835237924,-0.0846371293029028
2024-09-27,36.5,1.290020788898084,0.8579013604087354,-0.33593952667223537,-0.0059759784040263764
2024-09-28,6.2,1.2418128860594575,0.7990496734591408,-0.3230887108444562,-0.02685145858266422
2024-09-29,0.1,1.0175638959024373,0.6768423488213876,-0.33474931854575424,-0.017746226489596267
2024-09-30,0.0,0.9264175147777326,0.5732193018422326,-0.35809102725165026,-0.19901365348060931
2024-10-01,0.0,0.8552349320215478,0.49417437520953866,-0.3686444460152052,-0.18699065462480954
2024-10-02,0.0,0.6064698226692603,0.3662224807227014,-0.3783835244261813,-0.17509388391605732
2024-10-03,5.8,0.6908541546088297,0.37025439946901056,-0.3641267362010513,-0.13743403361801168
2024-10-04,0.2,0.5842348110121504,0.27637361587538073,-0.37304128414953563,-0.12443223746908187
2024-10-05,0.0,0.49376022513371554,0.20920886718924178,-0.382760320298883,-0.12399933568809728
2024-10-06,0.0,0.4419800417362974,0.1561167346744526,-0.39124326299552425,-0.17198849824810383
2024-10-07,0.0,0.399555700992519,0.11459841334630062,-0.39882163929155684,-0.1721156788585738
2024-10-08,25.0,0.7998319032362288,0.3916150592759683,-0.30465323405087535,-0.08760638893663694
2024-10-09,0.0,0.6702526918233023,0.3028507210459504,-0.31109047732978706,-0.07256998378228162
2024-10-10,0.0,0.5851462635579132,0.2439928505514431,-0.3168729408748759,-0.057026635967942656
2024-10-11,0.0,0.47321344175160646,0.17053202934561673,-0.32259619395065725,-0.04113397742765529
2024-10-12,0.0,0.3926023441001594,0.11139612660392968,-0.33398770689414226,-0.03558292000936045
2024-10-13,0.0,0.3246675021264802,0.05952190543788808,-0.3389073585747719,-0.03904861894737886
2024-10-14,0.0,0.28795549333174036,0.01880416275624856,-0.34376517447389404,-0.04569107659714604
2024-10-15,1.0,0.2680419590717384,-0.015236291771685912,-0.34436003183414,-0.0563860977913719
2024-10-16,0.0,0.19554612569137672,-0.06305654399993879,-0.3493555014850078,-0.12065631188998428
2024-10-17,0.0,0.12222666619588467,-0.10555396490009832,-0.4380703087895207,-0.10752143231119479
2024-10-18,50.7,1.0500558253562877,0.5153692201272537,-0.2646396232716949,0.12674994938288625
2024-10-19,61.5,2.064857466624998,1.1475470010787239,-0.029137482294971574,0.39387805416896243
2024-10-20,0.0,1.756439998699659,0.949185110120192,-0.036243258878806466,0.4038533748220282
2024-10-21,0.0,1.591388369354737,0.8375957528906033,-0.07467456474863786,0.4119744660300566
2024-10-22,14.3,1.3465840492772114,0.831068848015222,-0.02266320219159623,0.4857450447868159
2024-10-23,0.0,1.470216449448067,0.7800523041742062,-0.02598338661256048,0.5034462587558476
2024-10-24,0.0,1.4844075443487206,0.7270572462869734,-0.0288579155828186,0.5196801550797243
2024-10-25,0.0,1.4423909947926803,0.676944312913941,-0.03136649846998359,0.530996323121322
2024-10-26,0.0,1.3526071249679785,0.6314641073232198,-0.03356749769011433,0.5472660635407124
2024-10-27,0.0,1.226283858090076,0.5731450296059297,-0.03530126399332354,0.5628321637600935
2024-10-28,8.9,1.2953305756561801,0.6447014097723484,-0.0026379200718148676,0.608119891866507
2024-10-29,0.0,1.2536342325340408,0.5870920628750328,-0.004247238350290027,0.6244671879492725
2024-10-30,0.0,1.1801724534915043,0.5199487258585722,-0.005646118211234978,0.6403516055843083
2024-10-31,0.0,1.0890573646601593,0.4619821031189807,-0.006979782529266037,0.657422966372823
2024-11-01,0.0,1.015571655188681,0.4128335239312807,-0.01094720597351711,0.6746653539363526
2024-11-02,1.0,1.002932684505766,0.3837994295950828,-0.008575208659764442,0.6973101378729847
2024-11-03,0.0,0.9617249192694313,0.34472404021163344,-0.08958913090311775,0.7164626898447847
2024-11-04,0.0,0.9058907991436925,0.3103486485764337,-0.09013568443152555,0.7362921373563591
2024-11-05,21.8,1.3237352393078574,0.6218857951909231,-0.004948552033914138,0.8411945704854933
2024-11-06,0.0,1.2451677859992523,0.5379504392036334,-0.005147538334859379,0.8600132497411219
2024-11-07,0.0,1.0504229950925257,0.4332701971399533,-0.0049892477088772525,0.8794786273972456
2024-11-08,0.0,0.9760634324446957,0.3707976949101168,-0.004987110282267303,0.8973220791893133
2024-11-09,0.0,0.9369356391954963,0.3127718661050386,-0.005701663597061489,0.9147673745497904
2024-11-10,0.0,0.8360919274836954,0.24965554750580868,-0.006678068230662255,0.932609867978944
2024-11-11,0.0,0.7969949037390165,0.20075093310432973,-0.1229658890882587,0.9507175418687538
2024-11-12,0.3,0.715532462827044,0.14246234630262883,-0.22878500431703036,0.9702531488236016
2024-11-13,0.1,0.5744595692512348,0.07802420854387933,-0.22943378556400815,0.9950893038596326
2024-11-14,2.0,0.49853537887979127,0.05471089070185424,-0.2219028770766365,1.0274404264208439
2024-11-15,0.0,0.48559526104386436,0.012314969260182418,-0.22210951936634243,1.0518955952495481
2024-11-16,0.0,0.4707662379891223,-0.022913004758709173,-0.22361288316122951,1.076490189603978
2024-11-17,0.0,0.4610048315203643,-0.04628877960004608,-0.222508994757726,1.1027791124774025
2024-11-18,0.0,0.4354848158618192,-0.06838006063519968,-0.22142520591213297,1.1307110442952641
2024-11-19,0.0,0.41452219015402303,-0.08984520226105253,-0.2204765748861669,1.1467083279028962
2024-11-20,0.0,0.38570703011844354,-0.11457905029750723,-0.21954449423896272,1.172705293511801
2024-11-21,0.0,0.3610416559671265,-0.13612225731409072,-0.21853730046801415,1.2011240976178117
2024-11-22,0.0,0.32066791135008,-0.1614181647043943,-0.21728710965338535,1.229692112425482
2024-11-23,1.0,0.3139435266255888,-0.16573819208641222,-0.21114407086583198,1.193636066616652
2024-11-24,0.0,0.27017233326678564,-0.19168810169509531,-0.20931427660186305,1.2095929115366926
2024-11-25,0.0,0.22494590072956697,-0.2289526026699959,-0.20780834989912006,1.2036070298934463
2024-11-26,4.0,0.2686759877651191,-0.1726915938939135,-0.1899040634204944,1.249410986215464
2024-11-27,2.7,0.2530486373820613,-0.1544474014897745,-0.17716950257344,1.1528956706043267
2024-11-28,0.0,0.20010011664573066,-0.20259516705958258,-0.19590606138030237,1.1643868996588962
2024-11-29,0.0,0.15527410530251118,-0.24028420222398444,-0.2079748325746456,1.2002857891046812
2024-11-30,0.0,0.12715956531422787,-0.2659897833541277,-0.2047704965797423,1.23744506738349
2024-12-01,0.0,0.1082451417140746,-0.2871341705699227,-0.20083678252727696,1.2514118659042714
2024-12-02,0.0,0.08798866430345252,-0.30202209388295553,-0.19619846898512808,1.287850325755885
2024-12-03,0.0,0.05925821697829339,-0.32903169424086554,-0.19145698308519407,1.3259177417265247
2024-12-04,0.0,0.02712188232899427,-0.35717905721921533,-0.18634718865246433,1.365427855443102
2024-12-05,0.0,-0.011460884311140918,-0.39696729618670584,-0.18435640107994886,1.3028409321103873
2024-12-06,0.0,-0.05167830084370888,-0.41309897558874326,-0.17844036202395797,1.3450836659132142
2024-12-07,0.0,-0.0985508826096849,-0.4180144457363014,-0.17091805868632723,1.3873357604630816
2024-12-08,0.0,-0.14017038111319333,-0.4321376234615048,-0.1629759898244669,1.4293723364386
2024-12-09,0.0,-0.1791915801066093,-0.45657728283555304,-0.15501294083079722,1.4723855112016517
2024-12-10,0.0,-0.20531925950310004,-0.46095369290543414,-0.14630532714686764,1.3550136737716867
2024-12-11,16.9,0.23642235919368565,-0.20021095246284432,-0.0701071629570227,1.3987152038587682
2024-12-12,0.0,0.14148285262724153,-0.2853721410474104,-0.1109471620612867,1.4192669449914406
2024-12-13,0.0,0.08721564362283711,-0.3269989827020351,-0.09936359617692078,1.4571784647399522
2024-12-14,0.0,0.04329421104569206,-0.3533142576989203,-0.08677557997554332,1.3210763444234672
2024-12-15,0.0,0.0025636500673397317,-0.3947636895596276,-0.07406050856336754,1.337287888989382
2024-12-16,0.0,-0.041405021290840435,-0.436188750285606,-0.06757224312462716,1.3633848833596036
2024-12-17,0.0,-0.0762405595279322,-0.46886529325082327,-0.05377227818308075,1.385122265326161
2024-12-18,0.0,-0.10416401900084735,-0.48472948675423677,-0.03939376702259872,1.42099987423261
2024-12-19,0.0,-0.12765196009465848,-0.4822898165238451,-0.0869737273707967,1.094265624024351
2024-12-20,0.0,-0.15851335233926814,-0.5076739460601648,-0.1309487670708075,0.4304934208191681
2024-12-21,0.0,-0.18515016199030668,-0.5269169466199276,-0.14765136541540919,0.11291449350057267
2024-12-22,0.0,-0.2192958678026092,-0.5488485781839827,-0.13049660435344115,0.14643508523703047
2024-12-23,0.0,-0.2488589702100904,-0.576845365718118,-0.11265970731647507,0.17935731716541414
2024-12-24,0.0,-0.27208477740299675,-0.5849385982959778,-0.0938492972086924,0.2113887714864739
2024-12-25,0.0,-0.30101561387746945,-0.5937564646662689,-0.07417262823492672,0.2398392817496638
2024-12-26,0.0,-0.3280725989382827,-0.5971821033088999,-0.13131996656398884,0.016427474593143806
2024-12-27,0.0,-0.36020872361651096,-0.6109258153490761,-0.16016284316814663,0.0001357288272845702
2024-12-28,0.0,-0.38361020793759293,-0.6244622442861062,-0.13637589039398645,0.028186989944585523
2024-12-29,0.0,-0.35430337120693006,-0.632832467188208,-0.29052003871162563,0.05701272206096267
2024-12-30,0.0,-0.39099706538003626,-0.651208089800652,-0.2657378725669044,0.08493828636276692
2024-12-31,0.0,-0.8493849248148605,-1.6959655236168765,-0.2409563877863736,0.11104389720188772
2025-01-01,0.0,-0.45486762000388364,-0.6840050446994489,-0.2171379043297958,0.0922910884083653
2025-01-02,0.0,-0.4933317096926542,-0.6756967014761421,-0.19378966351386107,0.11580374941415458
2025-01-03,0.0,-0.6062652419040127,-0.6840058017240128,-0.18122002881117888,0.1401440122529257
2025-01-04,0.0,-0.6253399631845366,-0.6954488843973571,-0.21469576921182792,0.16377642274785417
2025-01-05,0.0,-0.6525099689775676,-0.7176135698727463,-0.20373555359266032,0.18595390835270587
2025-01-06,0.7,-0.6438199057930668,-0.7224990332883183,-0.21423356870583965,0.014789960140955403
2025-01-07,0.0,-0.6430803108157466,-0.7185270712979946,-0.19012895698574425,0.036028318442212555
2025-01-08,0.0,-0.6454594231637328,-0.7512376129460817,-0.16527871959709592,0.05624988143540898
2025-01-09,0.0,-0.6853930022770425,-0.7851551514963219,-0.14014200738802138,0.07616544543454451
2025-01-10,0.0,-0.6838235805248133,-0.7915548541171736,-0.12507303002203995,0.09508697109336905
2025-01-11,0.0,-0.6330096956989127,-0.760484163804312,-0.11811937112678941,0.11432708002327913
2025-01-12,0.0,-0.6337340666181168,-0.7674032962072519,-0.1143791784450073,0.1340324633440156
2025-01-13,0.0,-0.6742364932482238,-0.8025323600711309,-0.1196377553841909,0.1442685222757153
2025-01-14,0.0,-0.6490440297880452,-0.7756423484904333,-0.17167427341570504,0.16249925329304846
2025-01-15,0.0,-0.6647502980091248,-0.8139859402150903,-0.1493913276142761,0.18097888876887064
2025-01-16,0.0,-0.7020995415449685,-0.8488912876960482,-0.1367094382324072,-0.3003139941291533
2025-01-17,0.0,-0.7353001970636204,-0.8559264994210573,-0.1163155954300724,-1.0881238327363505
2025-01-18,0.0,-0.7646684955702224,-0.8680901295997664,-0.10040491022272038,-1.0717393114236773
2025-01-19,0.0,-0.7704953636635258,-0.8746530047526612,-0.08769855281033917,-1.05590786762199
2025-01-20,0.0,-0.74624428720605,-0.8626381076794393,-0.06585214923952593,-1.295186946975121
2025-01-21,0.0,-0.7956828128127276,-0.8948172729601247,-0.04424661738812271,-1.2814798882716603
2025-01-22,0.0,-0.8318442193260001,-0.93284105773255,-0.021592077184987957,-1.2675731044628284
2025-01-23,0.0,-0.8281441866332064,-0.9112263456045152,-0.0034743709173696434,-1.2536857748656456
2025-01-24,6.8,-0.6037576157437521,-0.7077914893345048,0.048257811797482654,-1.1142308557333505
2025-01-25,8.9,-0.33547901046083844,-0.4698173343241669,0.10696331226512547,-0.9500125406197726
2025-01-26,0.1,-0.4139239576504706,-0.5388267953069902,0.12209728390099639,-1.0879473156922446
2025-01-27,0.0,-0.4700045354863538,-0.5861741159749602,0.14415489152167404,-1.0777752611192246
2025-01-28,0.0,-0.5034789626053885,-0.6044750397152715,0.16571958541524895,-1.067736482436113
2025-01-29,0.0,-0.5299330053561442,-0.647664994695627,0.187631593038447,-1.0580653972477134
2025-01-30,0.0,-0.5501106661652645,-0.6670665650203772,0.21110394943752164,-1.0476198388498201
2025-01-31,0.0,-0.53896164592122,-0.6609080998025221,0.23560465037177256,-1.0554570090148123
2025-02-01,0.0,-0.5494127951986593,-0.6735869376370616,0.26046787434972907,-1.0477432161049145
2025-02-02,0.0,-0.5887780042001028,-0.7106047243685757,0.2857606365429398,-1.0394507448721209
2025-02-03,0.0,-0.6209542239789757,-0.7315902417703278,0.30872060955064884,-1.4946357950626021
2025-02-04,0.0,-0.6155884195681663,-0.7311063871092974,0.3327666078088387,-1.4915052993415325
2025-02-05,0.0,-0.6425683513741558,-0.7447986351572936,0.3578776647740759,-1.4876524931342014
2025-02-06,0.0,-0.6650697712902827,-0.7813231076517909,0.3835800563752537,-1.4811553130025459
2025-02-07,0.0,-0.6808739523381749,-0.795799868998626,0.40862405905107024,-1.473121385478467
2025-02-08,0.0,-0.7192686775330505,-0.7796288301163005,0.4336449224955576,-1.4612541359437698
2025-02-09,0.0,-0.7646980495196635,-0.7985220038179016,0.45888376217507076,-1.4502267826957556
2025-02-10,0.0,-0.7610775414189855,-0.7893759525401685,0.48385160563487056,-1.4439556409564864
2025-02-11,0.0,-0.8004850324776319,-0.7778731078895179,0.5092803219770412,-1.4301183001758673
2025-02-12,0.0,-0.8221413966365595,-0.7629660129951763,0.5387997346319426,-1.4652854978259164
2025-02-13,0.0,-0.8614967129468746,-0.8052302258927556,0.5690283534103692,-1.455288479478516
2025-02-14,0.0,-0.9096299630942043,-0.8358808582777792,0.5991440860526385,-1.4479954667173973
2025-02-15,0.0,-0.8910877766432375,-0.8443290803945305,0.6294751402055699,-1.441223523493565
2025-02-16,0.0,-0.8475943227440662,-0.8533688972110348,0.6602108503937134,-1.436643329251439
2025-02-17,0.0,-0.8123516756118956,-0.8687192914309175,0.678343195789941,-1.43232116509005
2025-02-18,0.0,-0.816520596889785,-0.8670917009406791,0.7070820193530144,-1.4308526948351707
2025-02-19,0.0,-0.8326013722885679,-0.8875646491477869,0.738665905547578,-1.4285952444938017
2025-02-20,0.0,-0.8153393940687834,-0.8921132352112418,0.7698399457821856,-1.4270927266128228
2025-02-21,0.0,-0.8042756938572219,-0.880153682237927,0.7293666785285052,-1.4521344833445144
2025-02-22,0.0,-0.7883204841824071,-0.8393141577970847,0.7437303285019126,-1.4520423980347956
2025-02-23,0.0,-0.7446957640014877,-0.8168368930384776,0.7346077420988117,-1.4525905015274563
2025-02-24,0.0,-0.7518297275183005,-0.8326460298525744,0.7651927385333551,-1.5618366733044216
2025-02-25,0.0,-0.7605807934537276,-0.8195387855051475,0.6482005666630414,-1.6425717555243537
2025-02-26,0.0,-0.7920052598727548,-0.8306846337531518,0.6575092636786947,-1.64589213900808
2025-02-27,0.0,-0.8474437970883797,-0.8742825388605668,0.6914740891539514,-1.6487180319559664
2025-02-28,0.0,-0.8714039518613936,-0.8886269620329197,0.7260884359562784,-1.6536274958863075
2025-03-01,0.0,-0.9226127298753725,-0.9301504179630767,0.7364588503191604,-1.6610963651778452
2025-03-02,16.9,-0.47125318163442736,-0.5029805778986924,0.8331192262615306,-1.2406531745263674
2025-03-03,17.5,-0.014289296737699322,-0.06689364982178275,0.9301406433165482,-0.9062595607090844
2025-03-04,10.1,0.14381108765592077,0.08354940613419265,1.0006337442491877,-0.7451189012962969
2025-03-05,14.4,-0.4312943934203116,0.35790685386163135,0.9792952917280623,-0.5366581487343344
2025-03-06,0.0,-0.5758593365948823,0.23057027742408673,1.0156323692077485,-0.5464704324884732
2025-03-07,0.0,-0.6583894764865166,0.15348369054884972,1.0513685086115718,-0.5559571474323322
2025-03-08,0.0,-0.7651701688030981,0.09040671151784035,1.0874069259982821,-0.5667113882264215
2025-03-09,0.0,-0.8287853458750364,0.046391442786534835,1.1228800250574411,-0.5790949387442522
2025-03-10,0.0,-0.8865339079105926,0.005034988101159084,0.9936440590049895,-0.5918017371534989
2025-03-11,0.0,-0.9323948797349431,-0.029875072026013094,0.9653649251273836,-0.8753743117781495
2025-03-12,0.0,-0.9593429787731078,-0.054846212099160775,0.9769553021457387,-0.8925729906803261
2025-03-13,0.0,-1.0100130389988433,-0.07603120606119244,1.0054141360687763,-0.9118008489422915
2025-03-14,0.0,-1.0759812121243841,-0.09531648214002564,0.8575611733570085,-0.9340190169084217
2025-03-15,0.0,-1.1328267517186277,-0.11541020428656688,0.8645162227456819,-0.9565579634012964
2025-03-16,6.6,-0.9277618622725822,0.07380763680460468,0.9200304067324054,-0.8615383126383069
2025-03-17,17.7,-0.5892843338008873,0.5568505922446491,1.0102950919356557,-0.5981658576650651
2025-03-18,10.4,-0.3982787745796425,-0.6790475868288648,1.083608212236306,-0.46385497202857995
2025-03-19,0.0,-0.5552104505301918,-0.8045975827930028,0.7363643921677164,-0.4792046332572334
2025-03-20,0.0,-0.6810114314569168,-0.9051375609979951,0.05600962205907583,-0.4948372064692371
2025-03-21,0.0,-0.7797204411531538,-0.991402088756763,-0.2644896703620536,-0.5102383941215625
2025-03-22,0.0,-0.8597544065121941,-1.0395741027149645,-0.24508751972353854,-0.5275182169964338
2025-03-23,0.0,-0.912650077373971,-1.078957013539859,-0.22583582696821605,-0.5443989607747637
2025-03-24,0.0,-0.8997913171538137,-1.1151049833436937,-0.20585357651196548,-0.5614607022126846
2025-03-25,0.0,-0.9613321940028504,-1.1767048300977483,-0.18945218670722463,-0.5794863104842574
2025-03-26,0.0,-1.0463178777322104,-1.251991445621935,-0.41669262690886627,-0.598484299050734
2025-03-27,2.5,-0.9570293972681111,-1.1671227337766719,-0.42704337163613615,-0.5814375367794654
2025-03-28,23.7,-0.33588985983146896,-0.6306581065989687,-0.24820546792405665,-0.267779615002234
2025-03-29,0.0,-0.4804407216517333,-0.7606339321020948,-0.23275398590118704,-0.2844485243009349
2025-03-30,0.0,-0.5504434369363231,-0.8224153660732222,-0.21776170534315797,-0.3010711824721784
2025-03-31,0.0,-0.6495434030246467,-0.8879711699329748,-0.2036003338381209,-0.31658774909250287
2025-04-01,0.0,-0.7391498940601747,-0.9780168943973985,-0.23051182809865567,-0.3312067991815823
2025-04-02,0.0,-0.7972672425990689,-1.0151570947632722,-0.2189538640362116,-0.34469305767124414
2025-04-03,0.0,-0.8684810512438187,-1.1022529410879207,-0.2065633963622804,-0.35713108707645935
2025-04-04,0.0,-0.8621073788776904,-1.093466314263414,-0.1947221736356863,-0.3697135601701081
2025-04-05,3.1,-0.8292857753951494,-1.0578234914761897,-0.16240235768808395,-0.33956003838184207
2025-04-06,0.0,-0.8505214700850154,-1.060925959107593,-0.3321080445657006,-0.36143539885144327
2025-04-07,0.0,-0.8991708479915149,-1.1109181569576727,-0.32209892694584114,-0.37407687723863486
2025-04-08,0.0,-0.9306672959776371,-1.095464597512103,-0.31355771160796064,-0.3870900210108558
2025-04-09,0.0,-0.968176009220344,-1.102805530111689,-0.3045279476901707,-0.39846510443269934
2025-04-10,2.0,-0.8971894958061163,-1.0503609888265824,-0.2810207419618474,-0.38257479254802285
2025-04-11,0.0,-0.9670110551127931,-1.118633508210677,-0.27288119190328053,-0.39439455955776614
2025-04-12,0.2,-0.9426535272081964,-1.0943039676185728,-0.2631264871881575,-0.40469246185090957
2025-04-13,2.0,-0.934578378864935,-1.075881188769901,-0.24868189728769055,-0.3915929684150485
2025-04-14,0.6,-0.9696504261594222,-1.1088966140412861,-0.2383677680728133,-0.39739322597858334
2025-04-15,0.0,-1.0026967251913756,-1.1302200756182221,-0.23277790404645507,-0.41234334446379156
2025-04-16,0.0,-1.0583954436522398,-1.1729491182037468,-0.6355168719519929,-0.4277533511853349
2025-04-17,0.0,-1.1441201065853601,-1.2515230937162054,-1.204559832764067,-0.44312382738150896
2025-04-18,0.0,-1.2368546246553083,-1.27155272286689,-1.2027486299493808,-0.4588261012934799
2025-04-19,5.4,-1.0771536323865487,-1.1528190353809746,-1.144863477602179,-0.3982201998184719
2025-04-20,0.0,-1.1451562818283323,-1.1957231057103335,-1.2907507864101218,-0.4117723127791562
2025-04-21,0.0,-1.225004684667382,-1.2877558148990285,-1.2918926153667747,-0.4275622913664856
2025-04-22,12.9,-0.7109133333962314,-0.8599883149277551,-1.1582492851654669,-0.2672776909402178
2025-04-23,0.0,-0.8246129041448824,-0.9858499845759123,-1.1585085000594075,-0.2827161717986688
2025-04-24,0.0,-0.8151981109813272,-1.0021195993245602,-1.160045141228034,-0.3903894336169516
2025-04-25,0.0,-0.8445512123088051,-0.9724805549019797,-1.162489511959393,-0.5310208726156094
2025-04-26,0.0,-0.9194902646589642,-1.0508248243069487,-1.2585056474646983,-0.5469922692698261
2025-04-27,0.0,-0.9638149857179398,-1.095810456853818,-1.261138563015046,-0.5607905120927804
2025-04-28,0.0,-0.9327937094056323,-1.0747780517757768,-1.2652429434358714,-0.5752673781615687
2025-04-29,0.0,-0.8910407729507092,-1.0039364226872969,-1.268200217362858,-0.5906111535986271
2025-04-30,0.0,-1.0453252442714291,-1.1456312694718684,-1.270400567972021,-0.6066943757592769
2025-05-01,1.2,-1.121146974431953,-1.16544180278023,-1.2711372429680288,-0.6061155618935863
2025-05-02,0.0,-1.138744764457215,-1.213688953992411,-1.2765141064543575,-0.6237351973904357
2025-05-03,1.4,-1.1178474372988618,-1.21543506515962,-1.2668079256261229,-0.6221891637398757
2025-05-04,0.0,-1.1717084399239055,-1.254960460633113,-1.5208101419249416,-0.6409467382791001
2025-05-05,0.0,-1.246351081968381,-1.3014026710367166,-1.5272906577098564,-0.6574158447710658
2025-05-06,0.0,-1.308142717026728,-1.3186030736992327,-1.5321232070824304,-0.6727849003754287
2025-05-07,0.0,-1.0432189266259975,-1.0723933682909788,-1.5372631958150405,-0.6895875096449442
2025-05-08,0.0,-1.1304127772181813,-1.1563139740294384,-1.5425053467860177,-0.707000495230036
2025-05-09,15.8,-0.6997907011944406,-0.778524750814081,-1.3624669035352082,-0.49328847386701186
2025-05-10,0.1,-0.7963275762177245,-0.8390001945160002,-1.3652082953811377,-0.5070816992060161
2025-05-11,0.9,-0.8302128690915782,-0.8757196846957771,-1.360040746403958,-0.5094111728512534
2025-05-12,0.0,-0.926000186412568,-0.9661481423556633,-1.3603296344013815,-0.5238701545779911
2025-05-13,0.0,-0.8589959823675725,-0.9587229521583025,-1.38227719800799,-0.5365804559066868
2025-05-14,0.0,-0.9645848896765702,-1.0654027019645778,-1.380836122782994,-0.5459122759924053
2025-05-15,0.1,-1.0556927879560127,-1.138575120000968,-1.378899855289109,-0.5537533320646826
2025-05-16,7.2,-0.8794601341928288,-0.9305535943138913,-1.2979524441741321,-0.45996859500373133
2025-05-17,7.0,-0.7118843756703264,-0.8120512969005634,-1.2223191273381802,-0.3700834545309571
2025-05-18,0.0,-0.7667334734015238,-0.8632448585611179,-1.2229915351164546,-0.3764024556906676
2025-05-19,0.0,-0.8309882171243796,-0.9663267274587966,-1.2242141381351161,-0.3820660647256956
2025-05-20,0.0,-0.8850508697627653,-1.0120673911240363,-1.2252976701758223,-0.388215610241363
2025-05-21,0.0,-0.9147158071527888,-1.0181361565568576,-1.226937999696486,-0.3949915503269559
2025-05-22,3.0,-0.8877008939044113,-0.9942936792146103,-1.2066163665029008,-0.3587229314969992
2025-05-23,0.0,-0.9326474204391524,-1.0483946333255436,-1.2094536207448459,-0.36237860049006
2025-05-24,17.0,-0.319903346149291,-0.45608249661871286,-1.0348828733772992,-0.1415829227915405
2025-05-25,0.0,-0.44818773580922916,-0.5628012381143269,-1.0796819811874012,-0.14480456134284786
2025-05-26,0.0,-0.5272467397716643,-0.634534744892462,-1.111100866238453,-0.14794798167921297
2025-05-27,0.0,-0.5741900553143703,-0.6928820890016897,-1.1149793630608078,-0.1508251595593105
2025-05-28,0.1,-0.60932038700088,-0.7320644751574219,-1.1189619684632537,-0.15334399345464478
2025-05-29,0.0,-0.6423328507351209,-0.7634859409925092,-1.1234717978191036,-0.15634213865035632
2025-05-30,0.0,-0.6667061116947938,-0.784483305840653,-1.1298512246849244,-0.15833100770743222
2025-05-31,0.0,-0.7261168171709168,-0.8434252786644103,-1.1376977030020465,-0.3810166423845215
2025-06-01,0.0,-0.7482663123953194,-0.8806978889288224,-1.1456342929308216,-0.6260285464486378
2025-06-02,0.2,-0.7190150009410867,-0.8439051053072837,-1.1517189898426126,-0.7729315463456257
2025-06-03,0.0,-0.7910557695870878,-0.8694494114100128,-1.1613066822734128,-1.0001541770500475
2025-06-04,0.0,-0.8277995554233901,-0.9239095720929725,-1.1703955023986512,-1.0046758071430895
2025-06-05,0.0,-0.8143450083846182,-0.9318461687100208,-1.1800531639359266,-1.009984413016907
2025-06-06,0.0,-0.8687622146672026,-0.9716464922918744,-1.1916979678534063,-1.0152903318428987
2025-06-07,0.0,-0.8887848256779937,-1.0010193299352967,-1.2038613939320526,-1.0187290269677758
2025-06-08,0.0,-0.8601023537614761,-0.9821993110749856,-1.2172724181686574,-1.022906710506782
2025-06-09,0.0,-0.9024008138084954,-1.0283475938568492,-1.417092552852051,-1.030099834984162
2025-06-10,0.0,-0.9231838948038069,-1.0319974844742077,-1.4330645835912046,-1.0399675757977336
2025-06-11,0.0,-0.9696121969883615,-1.0646688421904444,-1.4532789716385066,-1.0531275390939197
2025-06-12,0.0,-0.9515985485132789,-1.037933880940681,-1.4750388325763684,-1.0668883089976449
2025-06-13,0.0,-0.9183881587602347,-1.0223635683571166,-1.4974880225486442,-1.0812288972025974
2025-06-14,0.1,-0.9347078953056279,-1.0283546950652387,-1.5196267004294435,-1.2036419598477266
2025-06-15,0.0,-0.9875756575734672,-1.0716718038970474,-1.54382859536551,-1.5309870530535619
2025-06-16,4.5,-0.8421756273181883,-0.9202844721286022,-1.5166501781839714,-1.660322784418705
2025-06-17,0.0,-0.9239876720048567,-0.9755526122798016,-1.5435732834435723,-1.6835300070251684
2025-06-18,0.0,-0.9657704073950399,-1.0609927797645615,-1.5711075057549486,-1.7061836593358044
2025-06-19,0.0,-0.9343416150261021,-1.0375287684501309,-1.5982809699753302,-1.7290767980663708
2025-06-20,0.0,-0.9387795330538837,-1.0080153613354115,-1.6288569399611335,-1.7514790665576403
2025-06-21,6.5,-0.7143311919447255,-0.7734225451540148,-1.5859229867861528,-1.6525936444027889
2025-06-22,0.0,-0.825325834510667,-0.8458205532122113,-1.6160985140378508,-1.6753819299732884
2025-06-23,0.0,-0.9692473174350592,-0.9558798821961516,-1.6459919717407763,-1.698722560022941
2025-06-24,0.0,-0.950509789965036,-0.9722499953191257,-1.6772223133535715,-1.7239361290671282
2025-06-25,1.3,-0.9213222411815613,-0.9624956249631672,-1.6959101620067027,-1.7694406141414851
2025-06-26,0.0,-0.8998927884975992,-0.9488169931245768,-1.7303906093351509,-2.2516714583568103
2025-06-27,0.0,-0.9609338971718,-0.9888248581220773,-1.765564336763826,-2.276420306101734
2025-06-28,5.9,-0.9344814730564536,-0.9716141434332156,-1.7362366761738497,-2.1780229223844065
2025-06-29,0.1,-1.028002281392277,-1.051756901189521,-1.7719740994382547,-2.198513832853126
2025-06-30,0.0,-1.1078160928411938,-1.1576793869386282,-1.8102298303575872,-2.224032591909109
2025-07-01,0.0,-1.008164452980882,-1.0752620589174664,-1.8484285838480095,-2.2511010581888256
2025-07-02,0.0,-1.2013389147008884,-1.1884740374297442,-1.8873939629236673,-2.281298192261124
2025-07-03,0.0,-1.2557227146772958,-1.2149674170719738,-1.9269949571363705,-2.3145607934552235
2025-07-04,0.0,-1.3960891214978683,-1.3511274837188545,-1.9680389065067618,-2.4085715053124983
2025-07-05,0.0,-1.4372238364101895,-1.3866856600955442,-2.019660813905706,-2.444456433074586
2025-07-06,0.0,-1.4097362073293094,-1.3897168445838581,-2.063648282902229,-2.4818488837603305
2025-07-07,0.0,-1.4945407554865995,-1.4663778067308122,-2.107025522931453,-2.5219547080773435
2025-07-08,0.0,-1.5614679901450648,-1.4920054811384222,-2.1538914096859823,-2.5721450156479317
2025-07-09,0.0,-1.5512870841770332,-1.4970352423983553,-2.2011215869928202,-2.6646177109913283
2025-07-10,0.0,-1.730825497726955,-1.6618622711914866,-2.2483017526196667,-2.717450935370725
2025-07-11,0.0,-1.7829024720996611,-1.7153572477746544,-2.294442901290497,-2.7701840611217987
2025-07-12,0.0,-1.7822952719094218,-1.6972880036011888,-2.331575114628066,-2.84999533509699
2025-07-13,5.5,-1.6814952918146027,-1.6103894557590266,-2.3073074386437713,-2.78808049094964
2025-07-14,34.1,-0.9858451945160548,-0.9801104138689434,-1.9857631199566477,-2.2299673539845655
2025-07-15,39.7,-0.36417042088540846,-0.42585371917244036,-1.6441900908492995,-1.704183224264424
2025-07-16,4.7,-0.45582832437116894,-0.5044321830187792,-1.6413379763421023,-1.680859940489194
2025-07-17,15.8,-0.33019271052165955,-0.3994277839383904,-1.5395096689476577,-1.5208232313577743
2025-07-18,0.0,-0.41023655095806877,-0.46745428038213244,-1.5743950753471823,-1.6154255590954139
2025-07-19,20.1,-0.15819267952295696,-0.2622343026764418,-1.4328894364201124,-1.4085743131866346
2025-07-20,8.3,-0.12482469758896395,-0.24292239777039806,-1.3954655515559102,-1.34517618845939
2025-07-21,0.0,-0.23535910131567833,-0.3406629559290171,-1.4233088077216731,-1.5160793484680877
2025-07-22,0.0,-0.3092444641538161,-0.3990985502395735,-1.4524494844256814,-1.5442756707566927
2025-07-23,0.0,-0.4163922682451679,-0.48899130920398953,-1.539088064773801,-1.571344674369925
2025-07-24,0.0,-0.5571739624555496,-0.6051267602438144,-1.644105886916277,-1.6006586777141787
2025-07-25,0.0,-0.6260190271109355,-0.6608438408853298,-1.673129305349114,-1.6310462287276586
2025-07-26,0.0,-0.6001063307657396,-0.641310958410782,-1.6988107156396655,-1.6591823902190561
2025-07-27,0.0,-0.6326590239931287,-0.6564310340971342,-1.7230259402987163,-1.6842205383804287
2025-07-28,0.0,-0.6569054986795153,-0.6820195733520474,-1.7458706561608026,-1.706931419524333
2025-07-29,0.0,-0.6977981836743935,-0.7226677843650376,-1.7697581965311997,-1.7313991492235912
2025-07-30,0.0,-0.7441351451005249,-0.7616902093433982,-1.7936618349528435,-1.7707661759671416
2025-07-31,0.0,-0.797055680553909,-0.8063464400696537,-1.815557057740389,-1.7905502278192165
2025-08-01,0.0,-0.8526624788530404,-0.8602649963912278,-1.837094240566838,-1.8247806266611888
2025-08-02,0.0,-0.820066893999356,-0.8444636153462506,-1.8573424962001917,-1.8418525217972466
2025-08-03,0.4,-0.7565523119247147,-0.789057772094402,-1.874951127927523,-1.8556155267469387
2025-08-04,1.9,-0.8176663251250702,-0.8274770928755584,-1.8764686768072896,-1.8495742231466692
2025-08-05,0.0,-0.8924216732418658,-0.8946400974810799,-1.8931651340857394,-1.8634196489619341
2025-08-06,22.7,-0.5266085292137757,-0.6059518848314142,-1.7306788152391825,-1.639068357802805
2025-08-07,6.0,-0.5627784673995374,-0.6337898449588537,-1.7034526939491563,-1.7548868857684028
2025-08-08,0.0,-0.7019764910382105,-0.7595239974834963,-1.7224156681597067,-1.7714379276763823
2025-08-09,0.0,-0.8192241772249931,-0.8808576149723959,-1.7429437144069089,-1.7965031435038759
2025-08-10,0.0,-0.6069984967856774,-0.7339208990227857,-1.7627681492317224,-1.811512886312255
2025-08-11,0.0,-0.7891238768578993,-0.8459104553052873,-1.7847157087925167,-1.828414040205764
2025-08-12,0.0,-0.877326204102075,-0.9013633178350587,-1.8088579502507134,-1.8482724949717353
2025-08-13,4.9,-0.8838801638126054,-0.907871090702265,-1.7988826321426132,-1.824320610432181
2025-08-14,4.4,-0.9028710462372305,-0.9350854331826891,-1.7944461583099194,-1.8776444551794882
2025-08-15,0.0,-0.8831395638004673,-0.9505484355172409,-1.8243095268036684,-1.975791083214992
2025-08-16,0.0,-0.9717526253042208,-0.9957608907375677,-1.851040868733114,-1.999702806477773
2025-08-17,0.0,-1.0743208113874232,-1.0820932540949892,-1.8766395621323153,-2.0241907906166468
2025-08-18,0.0,-1.1202972686305621,-1.1387537260680414,-1.9039864765454566,-2.0500144400327014
2025-08-19,0.0,-1.062195419206353,-1.1111161961188498,-1.9315755455339831,-2.0750853221153633
2025-08-20,0.0,-0.9789869604513852,-1.0453342686409905,-1.9601338342080856,-2.132111590032432
2025-08-21,0.0,-1.1164787894604626,-1.125305203118688,-1.9905303279473863,-2.162735492416953
2025-08-22,0.0,-1.2637313333357165,-1.2370408695674704,-2.020516019656328,-2.3683285537408754
2025-08-23,0.0,-1.3832037302760587,-1.3448852079292903,-2.049847188212414,-2.3974736116614572
2025-08-24,0.0,-1.4431639121452715,-1.3891362059973797,-2.0781068684422355,-2.4231985463032144
2025-08-25,0.0,-1.6272397622443238,-1.5387667445377333,-2.1068314368219085,-2.448780676054602
2025-08-26,0.8,-1.7705386519529414,-1.6694089955896116,-2.1285312519168427,-2.4665363363442356
2025-08-27,0.0,-1.736599334886849,-1.710314573838988,-2.1558393255709505,-2.49451516705048
2025-08-28,0.0,-1.8303503453933463,-1.7512716200611553,-2.1859592977262463,-2.5286162885818557
2025-08-29,0.0,-2.035911189902636,-1.9296525695702744,-2.337950575685142,-2.563391263955998
2025-08-30,0.0,-2.1903080858285837,-2.087337036883447,-2.4995539341951702,-2.598786874769025
2025-08-31,0.0,-0.9876638275725105,-1.1118546356296595,-2.607420703049365,-2.6373830509912555
2025-09-01,1.2,-1.6224071339941286,-1.3175507557448816,-2.74186311976526,-2.661655320140726
2025-09-02,4.6,-1.9901893746335086,-1.4377930325745458,-2.738234758341541,-2.6521953420375732
2025-09-03,0.0,-1.7434226006728397,-1.4020040912276992,-2.768651876527388,-2.6875941618058508
2025-09-04,2.1,-1.980315910711132,-1.4757301789443982,-2.784197704425436,-2.7035319259828112
2025-09-05,0.0,-2.2172384955378783,-1.5919192871473926,-2.817304607112828,-2.741841575226856
2025-09-06,0.2,-2.0454431821857977,-1.5954749332544906,-2.8490075668408266,-2.7808620409538753
2025-09-07,4.8,-2.0890676347064154,-1.6042327542584345,-2.84828087505635,-2.776860504714451
2025-09-08,0.1,-1.7330397659002268,-1.4780607350941015,-2.884211338551597,-2.818778004615604
2025-09-09,0.0,-2.022061601221404,-1.5982356866875649,-2.9178399155696506,-2.8547136381943408
2025-09-10,0.0,-2.219602163273925,-1.719546047944894,-2.9482360665688896,-2.886314731662955
2025-09-11,0.0,-1.794379889257682,-1.6574102866491018,-2.976645764620239,-2.914971046652848
2025-09-12,8.6,-1.7864618493809543,-1.6131893324385482,-2.985585486457196,-2.8515177733038684
2025-09-13,103.7,-0.26996508157622134,-0.5385650023879824,-2.390186328847663,-1.9832477628348208
2025-09-14,0.0,-0.6851702960235194,-0.7482590069714445,-2.4839841571755894,-2.0337029631023515
2025-09-15,0.0,-0.9179252951649357,-0.8702766847091297,-2.5075994372578694,-2.0510255834577187
2025-09-16,1.0,-1.046068430303135,-0.9422871868449825,-2.5241509055324935,-2.0588513860572406
2025-09-17,88.0,0.3131402990479949,-0.02779375142253687,-1.9901681949245678,-1.469726958074098
2025-09-18,12.3,0.15983083498763884,-0.07890893439139855,-1.9378468457819034,-1.4030927642501925
2025-09-19,5.1,0.03948620938862445,-0.16286285212338836,-1.9270241729615973,-1.4193774315668926
2025-09-20,83.8,-0.12635834677367097,0.6356906818750104,-1.4851265932449373,-0.9425738247717916
2025-09-21,10.1,-0.2947344156484342,0.5442698927841134,-1.451329212381095,-0.8949472289240717
2025-09-22,0.0,-0.5042170923040559,0.4036385062559414,-1.4697250259328374,-0.8992065419149884
2025-09-23,0.0,-0.6541494788956733,0.3118576407202653,-1.5009184524017325,-0.9096512876485976
2025-09-24,0.0,-0.7549377861014283,0.24291987024594217,-1.6453301786813899,-0.912768595891172
2025-09-25,0.0,-0.8743175594888539,0.19062577940520312,-1.6639478693796774,-0.9128954516958623
2025-09-26,0.0,-0.9621007034833674,0.143464082680654,-1.6802195271407854,-0.9426025828353856
2025-09-27,0.0,-1.0001015126445956,0.1016071713977609,-1.6959864104969102,-0.9399061132884925
2025-09-28,14.2,-0.856054748714773,0.2281806903438731,-1.6337356487314691,-0.8566654948780196
2025-09-29,0.0,-0.9845284511302111,0.16570882791680536,-1.6473151175175835,-0.8466311414035439
2025-09-30,0.0,-0.9663037002240867,0.12100981173233323,-1.6608528434572496,-0.8354061078358773
2025-10-01,0.0,-1.0648837081016118,0.07259802501702589,-1.6740400256314245,-0.8224952177741589
2025-10-02,0.0,-1.1693361887309168,0.02857118776023351,-1.702224475630489,-0.8081439926514432
2025-10-03,0.9,-0.9673057620553157,-0.003973399338399134,-1.7075223250030431,-0.7894920125661844
2025-10-04,0.3,-1.1688316292817493,-0.04851929249188623,-1.716627547450723,-0.774321616976982
2025-10-05,13.4,-0.9981040956148225,0.07263008606812749,-1.6570942374931361,-0.6918390354098853
2025-10-06,77.5,0.08882386125342222,0.968069378009149,-1.2770219933953182,-0.305349785843649
2025-10-07,33.0,0.38806083905240973,-0.06505396046388723,-1.1382392136865405,-0.1428290313134898
2025-10-08,1.5,0.19485136633804573,-0.21555737382598794,-1.1389034663450301,-0.12140103480381842
2025-10-09,3.8,0.10549711617714382,-0.2718504205813458,-1.1293532228445895,-0.08978396582998399
2025-10-10,6.7,0.08656823546134507,-0.27808525501374964,-1.1142472071355558,-0.04570703797184693
2025-10-11,4.2,0.03254714176852354,-0.31618897698586235,-1.1036645868485055,-0.03582883889478317
2025-10-12,24.1,0.3519004847536039,-0.09389614654170896,-0.9986783216537447,-0.06326857002069558
2025-10-13,48.6,1.0606165273829342,0.41611409374916497,-0.7863469382663532,-0.008805065152979331
2025-10-14,30.9,1.3530383935597796,0.6174973375026952,-0.657512335441486,0.11724373168345986
2025-10-15,16.7,1.4994512868194698,0.6951381752310819,-0.5914984848623652,0.13478970560107204
2025-10-16,44.8,2.3200040006724425,1.1873703014422103,-0.43221346284270196,0.33249023211592305
2025-10-17,10.8,2.14512189284379,1.112475780004357,-0.39311808829873274,0.3089660371631337
2025-10-18,46.4,2.644887542053987,1.4958863121680084,-0.21265041301163495,0.47385988709033755
2025-10-19,4.6,2.496788871857249,1.3317912906046647,-0.24994335122449335,0.50503862659558
2025-10-20,49.8,3.2700428311806964,1.7750158820906454,-0.05976647991024396,0.7089917388742091
2025-10-21,1.2,2.978297079445151,1.590792372296364,-0.05848490620440286,0.7288834820399361
2025-10-22,16.3,3.1296987179072855,1.6874322530432322,0.0012148603864445126,0.8065949822202586
2025-10-23,17.4,2.5079085208533693,1.5704960780766481,0.06438288176960368,0.8882037049353597
2025-10-24,33.3,3.415776025288445,1.936639657544394,0.1858711396225055,1.027344297162995
2025-10-25,0.0,3.4400068072409464,1.823505331937176,0.18347220391656255,1.0449952918270105
2025-10-26,0.0,3.350833828594812,1.7259511456948256,0.1813603003628775,1.0622158336695184
2025-10-27,0.0,3.1911879398586853,1.6616000326305105,0.17945716211992363,1.0788979978767252
2025-10-28,0.0,2.954694681650605,1.569063527007038,0.17355109671106037,1.095716294288261
2025-10-29,0.0,2.7491683893599848,1.4908023660542868,0.17222631628935228,1.1128717953583138
2025-10-30,0.0,2.7762701841223167,1.4547032851510175,0.16576615901688901,1.1299570207642637
2025-10-31,0.0,2.718695799353977,1.3860086224024595,0.1645816191662981,1.1457959440686567
2025-11-01,0.0,2.5848155094433656,1.3124821703865794,0.16335076654582262,1.1614670742983675
2025-11-02,0.0,2.4812609037381153,1.259451365307612,0.1618787808868165,1.17144550183211
2025-11-03,0.0,2.4584729624664803,1.2098512176010128,0.1606520654343213,1.1894108783201647
2025-11-04,0.0,2.4227258294729763,1.1739144244971818,0.1595244421124973,1.1254211546181174
2025-11-05,0.0,2.337097584856082,1.1315118755998645,0.09933002055033913,1.122968845009781
2025-11-06,0.0,2.176064459054979,1.0685749571085381,0.09906427488334126,1.1425798626825934
2025-11-07,3.7,2.305124005734641,1.1193814256643948,0.10971239073112765,1.1747659395427235
2025-11-08,11.6,2.315188669713373,1.1993097581690269,0.15433701986365722,1.2340509268286288
2025-11-09,0.0,2.2218427213251246,1.1306832499854949,0.15468177871002645,1.2490422831942285
2025-11-10,0.0,2.2166034122684546,1.0783354574471657,0.15429190004982204,1.2632166059625527
2025-11-11,0.0,2.0653620056801865,0.9935958970427023,0.1532631700568377,1.260598156816903
2025-11-12,0.0,2.05466122835898,0.960632007757281,0.12502036698636726,1.2602383894810767
2025-11-13,0.0,1.9367751787860867,0.8950643106696253,0.09720115859083443,1.2756660499493662
2025-11-14,0.0,1.6487618194294273,0.7803596820240228,0.09666963958103146,1.2979131115775377
2025-11-15,0.0,1.4023778930423056,0.6502653227697143,0.09635648850694892,1.3208243339902523
2025-11-16,0.0,1.4489880484085065,0.6255457830676606,0.09643401001028594,1.3426969161722
2025-11-17,0.0,1.4867274399323844,0.6120624819897218,0.09719768924871008,1.3641578999214807
2025-11-18,0.0,1.5084463481918058,0.5947221191233418,0.08662644046027751,1.3876102082431019
2025-11-19,0.0,1.4815681258721887,0.5687761478721882,0.0876426992199205,1.413027497861377
2025-11-20,0.0,1.4823675182452432,0.5534528729804136,0.022170392382156238,1.4395600977037546
2025-11-21,0.0,1.464375373582699,0.5426702148922716,0.023200140248593147,1.466999523010645
2025-11-22,0.0,1.4456144953639705,0.5322293461536515,0.024275913377228595,1.4930362569426918
2025-11-23,0.0,1.4012602848607771,0.5044249043430875,0.025382373083236032,1.5194415884643202
2025-11-24,0.0,1.37551446501054,0.4854766355589931,0.026762488662588797,1.542514120553743
2025-11-25,1.7,1.356963387139263,0.4858667216445901,0.03499848656044039,1.5756814519884417
2025-11-26,0.3,1.3234740872250939,0.45223519633601783,0.037450855573054324,1.605158320042008
2025-11-27,0.0,1.2079125979470664,0.38289551363693053,0.03889623990771693,1.6356066851915416
2025-11-28,0.0,1.050089714738192,0.32731562385804813,0.04045108018920403,1.6664062244858444
2025-11-29,0.0,1.0261068604198462,0.3018138832101252,0.04134763338920455,1.6981329483506156
2025-11-30,0.0,0.9854833588300277,0.27703984050473174,0.043469805801919184,1.7282523026405099
2025-12-01,0.0,0.9732781711871209,0.26008438913929244,0.046273750416090685,1.7496374966191655
2025-12-02,0.0,0.9714496399860976,0.24920935583001794,0.04967307144831171,1.783596703988044
2025-12-03,0.0,0.9361174600596686,0.23453448380578742,0.0538181463234573,1.8118859104075298
2025-12-04,0.0,0.9206627229448336,0.21329452275451508,0.05803691372712645,1.8490487817481402
2025-12-05,0.0,0.9149761763915318,0.18675016897971863,0.06274506928170986,1.8872388252850696
2025-12-06,0.0,0.8885468719764649,0.15962627159334036,0.0676076838583078,1.9145404176206304
2025-12-07,0.0,0.8719602511375173,0.12791487355148487,0.07319183159549889,1.9568376349579548
2025-12-08,0.0,0.8019001820356629,0.0878648904039928,0.08012602905252199,1.9998332887380004
2025-12-09,0.0,0.7401231460292977,0.05259273250907311,0.08754894928685442,2.042895037015637
2025-12-10,0.0,0.6963124041075959,0.022870507920094856,0.09497345849728792,2.087527589931626
2025-12-11,6.2,0.8303136211821627,0.13239097770953814,0.12634847317980813,2.124791130583177
2025-12-12,0.3,0.8072625184952262,0.09744502037184306,0.1361397969849358,1.837692771081083
2025-12-13,0.1,0.7918683860188,0.06581748487162287,0.12964509335089935,1.8829758584447938
2025-12-14,0.0,0.7547562170499841,0.044409223052297414,0.14071988763137275,1.9302860441754837
2025-12-15,0.0,0.7044118075786902,0.02264549893148034,0.15266767665449668,1.9631099824346834
2025-12-16,0.0,0.7009573942458063,-0.0018347753529220697,0.1648534073495263,1.690968226100787
2025-12-17,1.8,0.7415224188865779,0.012785059405380987,0.1786866841284088,1.6786930541103322
2025-12-18,0.0,0.7108909350811967,-0.015398029437536974,0.16749935812376185,1.6958522030930974
2025-12-19,0.0,0.6284187743038498,-0.04145902792030283,0.18144811471146666,1.4059318145383646
2025-12-20,0.3,0.5695871966723227,-0.05755433756394897,0.19671827066854178,1.4022883637854089
2025-12-21,0.0,0.5678015312357164,-0.08794881851041472,0.21090568737377738,1.4372185010829148
2025-12-22,0.0,0.5592571548866406,-0.11513691430242227,0.2212151295851525,1.4730768889886592
2025-12-23,0.0,0.5332212974323801,-0.14912998237079902,0.23748838955124144,1.5098627295278022
2025-12-24,0.0,0.5031185799890481,-0.1843845341154458,0.25463429870959026,1.547512430171393
2025-12-25,0.0,0.47128561707651706,-0.21165385294375982,0.25073314401014907,1.5832707136500908
2025-12-26,0.0,0.44113553333533695,-0.23214322130789772,0.2692739645153627,1.6168278310619655
2025-12-27,0.0,0.40591734966156207,-0.25113645280953195,0.2892704549830379,1.5902169825935697
2025-12-28,0.0,0.40067750024488147,-0.27107337387615144,0.3104547488879748,1.622544918030516
2025-12-29,0.0,0.3807177611122565,-0.2935442610097646,0.3325509337790928,1.6549883185510912
2025-12-30,0.0,0.43400406122452484,-0.31370378144242506,0.35519765595348235,1.6844167813575064
2025-12-31,0.0,0.41134755525122646,-0.3438809595415874,0.3779472979316262,1.7129530464384726
