date,precip_mm,CEDI,EDI,SPI6,SPI3
2010-01-01,0.0,0.8039690692099886,-0.8603036913201301,0.7016479355324349,-0.7267480625064391
2010-01-02,0.0,0.7722328082244965,-0.9192078784885309,0.7377186609239438,-0.7173644565560213
2010-01-03,0.0,0.7311691982412332,-0.9526639410559521,0.10744315945964066,-0.7063450881962151
2010-01-04,5.1,0.9160729584589814,-0.8402385286999049,0.1566641306555261,-0.5818369016484527
2010-01-05,3.6,0.9870521508484789,-0.7820455445762624,0.18402518179858407,-0.4922590686100619
2010-01-06,0.3,0.9610066209345586,-0.8503506806313299,0.21959637965032608,-0.4749916522458644
2010-01-07,0.1,0.9237795928952259,-0.893628873460038,0.02478043529327785,-0.46272099523094773
2010-01-08,0.0,0.9115340461931427,-0.9430708010956763,0.0005596692105776346,-0.4540188134944008
2010-01-09,0.0,0.8838094052310836,-0.9764322414409016,0.02579035074527808,-0.44485823858056117
2010-01-10,0.0,0.8818230486828742,-1.013368624978453,0.04680818935569848,-0.4356279928380854
2010-01-11,0.0,0.8454207790661029,-1.0113880674812656,-0.21675899502125714,-0.5629460031699831
2010-01-12,2.3,0.9227213551271236,-0.9956500832085566,-0.8024422740521769,-0.5102649592911253
2010-01-13,1.8,0.9652632737844272,-0.9786590565062911,-0.7699981948354998,-0.45844638047403186
2010-01-14,0.2,0.9737411089752417,-1.0389711409391982,-0.7411235669250965,-0.44445512052416114
2010-01-15,0.0,0.9731554762947909,-1.0710292179793346,-0.7570407940635802,-0.6289103422777234
2010-01-16,0.0,0.9706649901314587,-1.0778994358915701,-0.7960155550239294,-0.6286222050086423
2010-01-17,0.0,0.9388765392441257,-1.0625044290867331,-1.0602790037731362,-0.624558570180033
2010-01-18,0.0,0.8865228873605882,-1.0541709820924081,-1.0343786603207659,-0.6211008805157451
2010-01-19,0.0,0.8443666247196234,-1.0573392591377397,-1.006926901507265,-0.6187313375907312
2010-01-20,10.0,1.1737741780377025,-0.8571719563264819,-0.9695520217224943,-0.3716779193245577
2010-01-21,0.1,1.0924500663078474,-0.9445632102710837,-0.9580028886197318,-0.36632332150218544
2010-01-22,0.0,1.034490207472088,-1.0129457435544427,-0.9239889873635267,-0.3607712065003039
2010-01-23,1.8,1.0371067975607928,-0.9767553148161096,-0.9033551754483763,-0.3089387574347617
2010-01-24,0.0,1.0007701750085565,-1.0226038184736785,-0.9189010610358418,-0.29918081909309424
2010-01-25,0.0,1.0064083120612692,-1.0603344918230195,-0.8883560619367288,-0.2901522610375874
2010-01-26,0.0,1.0226681569569254,-1.0804305583249387,-0.8737366414344766,-0.28218137020198436
2010-01-27,11.5,-0.9388892791584706,-0.7615571307991446,-0.8353458017877043,-0.010430090254149234
2010-01-28,0.0,-0.9706104049340204,-0.8230387405697372,-0.8032016874234064,-0.0016342357974602764
2010-01-29,0.0,-1.0793792574699819,-0.8737507001739542,-0.7711979873562902,-0.02695424365418804
2010-01-30,0.2,-1.0771316758288467,-0.9058319396586851,-0.7388797009842092,-0.07128354692701253
2010-01-31,0.1,-1.095416463604839,-0.9530283692817562,-0.7052702622354112,-0.07168153939526739
2010-02-01,0.0,-1.085286076224762,-0.9742850755008444,-0.6698952947469891,-0.06245736627677377
2010-02-02,0.0,-1.0767061644846598,-0.9982149123967624,-0.6383437415606474,-0.05227539854463448
2010-02-03,0.0,-1.0770512549778497,-1.0321046949614767,-1.0052797442047516,-0.04190646293527786
2010-02-04,0.0,-1.079626489139941,-1.0336258019397604,-1.145905314134117,-0.03299400585937722
2010-02-05,0.0,-1.0565597023528766,-1.0252396505188204,-1.1089915887849227,-0.023682497446463547
2010-02-06,0.0,-1.0692040128422684,-1.0413572661960768,-1.0687847254159286,-0.2268206584741708
2010-02-07,0.1,-1.0688857103682985,-1.0503053129614959,-1.247647839077257,-0.2148025444224249
2010-02-08,7.5,-0.8012232939212074,-0.9158413009245271,-1.2116169445728662,-0.12084064273258778
2010-02-09,5.0,-0.8957240041498103,-0.8030994718367575,-1.1337968940198726,0.005707073361843933
2010-02-10,9.0,-0.6444833504156441,-0.5560362132945081,-1.0235186597508696,0.21464799351940594
2010-02-11,25.5,0.16214109066142912,0.20378552477739997,-0.7947601514314032,0.6435417018171419
2010-02-12,4.5,0.08979444198208006,0.15575319890098216,-0.7180027647013753,0.735684955448392
2010-02-13,0.0,-0.08333010392819658,0.005451312006048975,-0.6773741361229944,0.737398729884717
2010-02-14,0.0,-0.2208900058972912,-0.11056108457933554,-0.6324224913573199,0.7373704756567316
2010-02-15,0.0,-0.3350038525656824,-0.21368256892836818,-0.5881292093968377,0.7362155635365897
2010-02-16,0.0,-0.4000593929805544,-0.2823974144521992,-1.2017026866812426,0.7356186886537384
2010-02-17,1.5,-0.43036812908818145,-0.3118781144598459,-1.155204590032897,0.7641784251925264
2010-02-18,0.9,-0.45701069586579984,-0.3421326132503137,-1.1050391905371306,0.7814253087802532
2010-02-19,0.3,-0.5046138346980813,-0.38550483069083197,-1.062345492181471,0.7834848919955236
2010-02-20,0.0,-0.5553313427534526,-0.43967344345863,-1.0252885389252873,0.7813036709175257
2010-02-21,0.0,-0.6689796944410699,-0.5359741801878433,-0.9889967777247386,0.7782360510198472
2010-02-22,0.0,-0.6963607252580227,-0.5668634589000533,-0.955053055047951,0.7737652234073493
2010-02-23,0.0,-0.7046620748053493,-0.5869309609020767,-1.2195347670609258,0.7674235470824127
2010-02-24,0.0,-0.7539661214934493,-0.6372160826639168,-1.3307643992239775,0.7604032805082942
2010-02-25,68.5,1.5163158920180955,1.4849325440679704,-0.6569700458656905,1.7838115088959134
2010-02-26,8.5,1.444961177349329,1.416595747498048,-0.5484324248588133,1.8856130584682864
2010-02-27,4.5,1.329024178034958,1.3183912205348722,-0.4693533426981418,1.8630707870011325
2010-02-28,0.0,1.102361636551181,1.0864773975658588,-0.4284939446042072,1.853008261239271
2010-03-01,7.5,1.1856798533642374,1.1493195676229082,-0.321658031222877,1.9404539446248243
2010-03-02,0.2,1.0230568154857032,1.0036918315879102,-0.2781148295477587,1.9335981338561592
2010-03-03,0.0,0.8923044288595351,0.8792562575841063,-0.23692322282342093,1.917233953735349
2010-03-04,4.5,0.9309326869647375,0.8968098941170454,-0.15636432813886156,1.9640734472692911
2010-03-05,6.5,1.0547637651016635,1.0043494539038362,-0.058181947160993994,1.9363946932859335
2010-03-06,8.5,1.2707068343281842,1.2028947838563027,0.05912723187989007,2.035703182845473
2010-03-07,0.5,1.1568951713190252,1.091497498855062,0.10578027721279346,2.0318011451590867
2010-03-08,0.0,1.0301731779805239,0.9722086197462162,0.14817526394664837,2.0220948469840714
2010-03-09,1.9,0.9732600701744095,0.9376671160048632,0.20505264651152247,1.9475567506278846
2010-03-10,1.9,0.9555663517393573,0.9221460615461498,0.2570123963988039,1.8466152063337082
2010-03-11,0.0,0.8451790058894354,0.8180511991350132,0.2608159373917813,1.8158272064854333
2010-03-12,0.0,0.7488342845868102,0.7303892452690852,0.29634629848798366,1.799216707867635
2010-03-13,0.0,0.6418515429642664,0.6493135856528814,0.3306198994695726,1.788701039863585
2010-03-14,1.0,0.6082878153745872,0.6229747941589899,0.37284137854361227,1.790556517012226
2010-03-15,15.0,1.0768015710956123,1.12945004093102,0.5582490587249997,1.9685662458954234
2010-03-16,0.0,0.891153808544153,0.9643548196329769,0.59343417213841,1.963031038638491
2010-03-17,1.0,0.765270016945047,0.8523393898842652,0.6367315166543469,1.928076338937296
2010-03-18,3.0,0.7527034916663152,0.8384303597653776,0.7002643352084129,1.9227674350700257
2010-03-19,0.0,0.6618268217323383,0.74265756710619,0.7329979138300838,1.881643458059398
2010-03-20,0.0,0.5666481596932808,0.6467265303221063,0.7523599767469532,1.7769919702338834
2010-03-21,0.0,0.4870086547705422,0.5443784527231016,0.781622812578813,1.7663353916344038
2010-03-22,0.0,0.4125224213215443,0.4544492514357167,0.8092718748531073,1.749789988800552
2010-03-23,2.0,0.4599474209324783,0.4254933978251293,0.8574344899070468,1.75891944527418
2010-03-24,0.0,0.4008777359480226,0.424755748462935,0.8590164984161485,1.7415115393637541
2010-03-25,0.0,0.3324722786560529,0.3545678704569084,0.8772734608950794,1.7196548729904646
2010-03-26,0.0,0.26479484309681117,0.2972562397181592,0.7494020865776558,1.7042499145565364
2010-03-27,0.0,0.1997110477843024,0.2265126041885279,0.7455819095104589,1.689441660432653
2010-03-28,0.0,0.15549256846733914,0.18232737796727724,0.7630805135398807,1.6702921803624373
2010-03-29,0.0,0.09476035852129294,0.12713778943470108,0.7758360097144561,1.6447538485015987
2010-03-30,0.0,0.046009552401133844,0.0830065040541345,0.711450282103314,1.5676558005236643
2010-03-31,22.5,0.8270524277757801,0.8598153416390014,0.8228596775846231,1.7836198931743938
2010-04-01,17.5,1.2638915442327405,1.298212630850033,1.0361584266002621,1.9842323191574585
2010-04-02,0.0,1.0695273470639006,1.1346466263423167,1.0331270553555396,1.9511613082970167
2010-04-03,0.0,0.8981294884571472,0.9630810644840186,1.0299625925835763,1.9184903679738587
2010-04-04,0.0,0.7225423731184302,0.7980845756144311,1.0271222085792822,1.8227373027436995
2010-04-05,0.0,0.5751607382909096,0.6438063671982054,1.0216731422959302,1.7443398795302663
2010-04-06,0.0,0.4440315219884905,0.5056221345369415,1.014152377362584,1.709750523705194
2010-04-07,0.0,0.38794477142084927,0.43530951288446146,1.0037537153012608,1.6764406118005328
2010-04-08,0.0,0.3280232805145713,0.36602478130593813,0.9902161823932961,1.6433669612915178
2010-04-09,0.0,0.27486611057093807,0.3079472510472943,0.9760560088752395,1.6096964992353127
2010-04-10,0.0,0.23118780705218697,0.2647866430754939,0.9640374827876721,1.5746194482214055
2010-04-11,3.5,0.3074709400163896,0.34004265467934397,0.9223291286500493,1.5826475517593925
2010-04-12,4.5,0.3874280676929859,0.413353337431714,0.9583115365526528,1.5763961655212544
2010-04-13,2.5,0.3797432478438735,0.41039695190567044,0.9723833400813802,1.5496583381884377
2010-04-14,1.0,0.31879242094641685,0.3565325003047743,0.9639399926961228,1.5235189839636758
2010-04-15,0.0,0.20741172168725075,0.25025508669686874,0.8489971504644768,1.4869372472771452
2010-04-16,0.0,0.10280746935320342,0.14656666361881865,0.8235114666977614,1.4487866676847103
2010-04-17,0.0,0.018825185167156453,0.05439923651446671,0.7978427619408329,1.4118647642531423
2010-04-18,0.5,-0.04148264390402265,-0.008602638559261874,0.7781311913366971,1.3811885709544853
2010-04-19,19.5,0.6005986992940161,0.5746760029153792,0.9670661491839596,1.5784486265615607
2010-04-20,0.0,0.43095418486645193,0.4086048274813265,0.9404361747526387,1.425319067912379
2010-04-21,12.5,0.7052559142605099,0.6718994855973244,1.0448158142827983,1.5299420047337136
2010-04-22,21.0,1.4902776285541854,1.3713883882218592,1.2313859125620172,1.7229698883374835
2010-04-23,0.0,1.16140789699721,1.1012779343660162,1.2038314585348293,1.6611534431379427
2010-04-24,0.0,0.8974805675866292,0.8694047270396623,1.1776440854698156,1.6209641391356469
2010-04-25,0.0,0.7588767559812352,0.7389194389977015,1.1509211044717582,1.5801825824713456
2010-04-26,37.0,1.9516684695660862,1.8860057066637625,1.476952125894545,1.9197491271689333
2010-04-27,0.0,1.7076613778226402,1.6665099133134271,1.4475256877307985,1.7597226911974118
2010-04-28,13.5,1.8857889237464345,1.840920286343485,1.5404776574629655,1.8477191505637152
2010-04-29,0.0,1.5346877139582362,1.5226437649485258,1.4982363548815574,1.8038621212846895
2010-04-30,0.0,1.396551980549023,1.3794825472356678,1.4483152479000263,1.7604602203153017
2010-05-01,0.0,1.1215314455034318,1.120145485273605,1.4165970616386159,1.7180806798337713
2010-05-02,0.0,0.995342060079506,0.9930654035664048,1.3913185684851075,1.6784845736297505
2010-05-03,0.0,0.8892191135327276,0.8807263168116355,1.3677275260987745,1.641112522787747
2010-05-04,0.0,0.7909470629475844,0.7897099606057408,1.3420342666400884,1.6031686078906606
2010-05-05,0.0,0.6724894119629466,0.6737230855161909,1.3151873040916264,1.564246421668423
2010-05-06,6.0,0.7792144457788093,0.7833873986587621,1.342059261885669,1.5832719553156285
2010-05-07,0.0,0.5882659083840173,0.5916293109543578,1.2372170716044293,1.5479779624142076
2010-05-08,0.0,0.5044925080013953,0.5062570477783462,1.2139769177389228,1.5158757765583482
2010-05-09,0.0,0.42765897655946195,0.42878665580975306,1.157331480184594,1.4170900389688985
2010-05-10,0.0,0.35863733961623045,0.36164078785692383,1.137797901903689,1.3432196344993783
2010-05-11,0.0,0.21956200831411418,0.21784764646383017,1.1177698713095503,1.2327269225287163
2010-05-12,0.0,0.10728300632690188,0.10180930142910487,1.0549413080991323,0.9578578210388616
2010-05-13,0.0,0.0013943152258493175,-0.007767596272529796,1.037648134847945,0.8904433574594065
2010-05-14,0.0,-0.08885849322651151,-0.10167529101529718,1.0206589358135305,0.8687446218510384
2010-05-15,0.0,-0.18855702295192853,-0.20565787234397112,1.003636631048172,0.8474978455554999
2010-05-16,0.0,-0.2480735366021571,-0.26368612032981975,0.9877709588091491,0.8278944660572277
2010-05-17,10.0,-0.007485865586672951,-0.024558083979352496,1.0594635625991757,0.9083526756045855
2010-05-18,51.5,1.5652303622109918,1.5459934575465564,1.4725335458855766,1.358106430472629
2010-05-19,4.0,1.2510217931143155,1.245851944127724,1.488634190578721,1.3639446577070946
2010-05-20,0.0,1.0887481514938606,1.0775591355716272,1.4714009317011354,1.34158373669361
2010-05-21,0.0,1.0414833870754223,1.0267642669426837,1.4556859273495255,1.3231820575261901
2010-05-22,20.0,1.6408123118118827,1.6362461820599408,1.5970617262617597,1.4798980476111723
2010-05-23,3.5,1.6606653447925033,1.6586253821897405,1.6112610846178268,1.4933080089556903
2010-05-24,1.5,1.6320402142590946,1.6207370149878237,1.607471493922477,1.489099701308922
2010-05-25,1.5,1.5577614498015506,1.5383938138921562,1.6018041678888053,1.4850533243221227
2010-05-26,0.0,1.4600245388871504,1.419520604718638,1.583740968732468,0.8605314065575398
2010-05-27,0.0,1.4031762139453425,1.364560393290251,1.5659337301680278,0.7653195565468505
2010-05-28,0.0,1.3225255866502594,1.2805046460981582,1.5079984312027328,0.7085371261061214
2010-05-29,0.0,1.1377086610624598,1.1007675384819422,1.4933482040640889,0.6974466617842526
2010-05-30,1.0,0.9410448673037642,0.9068128388859693,1.4839985671529667,0.6221977910468296
2010-05-31,0.0,0.8650098853649874,0.8255190070517119,1.4674152102713063,0.6086065391247382
2010-06-01,0.0,0.7445736278544102,0.6967803761740281,1.4475240137583147,0.598107521409573
2010-06-02,0.0,0.6283717910260339,0.5657273588954584,1.43046372446974,0.5438024309406795
2010-06-03,0.0,0.5594520173055814,0.49522589612151097,1.3530743178385962,0.46934737744366156
2010-06-04,0.1,0.49949210623728113,0.43405294921654347,1.3358984842772061,0.37352769801164937
2010-06-05,1.5,0.5228084134052338,0.45690027450810716,1.3255038578739482,0.36971175698570063
2010-06-06,34.0,1.691487865555203,1.6192030431827948,1.553344927914104,0.6864343995804226
2010-06-07,4.0,1.5019762365099432,1.4464951599417126,1.5081770864000261,0.6905089740295309
2010-06-08,0.0,1.2077726152362445,1.1645481861416893,1.4162398754704304,0.6538379979385676
2010-06-09,0.0,0.8020207144437376,0.7496012362913196,1.3737819642217457,0.6315287562549278
2010-06-10,0.0,0.7286674901486132,0.6626869639456118,1.334326785154823,0.6046537773473238
2010-06-11,1.0,0.6830631050940866,0.6074128418828961,1.3012574157242687,0.5836372502810838
2010-06-12,2.5,0.6846277391512536,0.5996658537375578,1.275403553691012,0.5643424796657859
2010-06-13,2.0,0.6871694982886553,0.6006859955996965,1.2425251899916274,0.4113473139196366
2010-06-14,0.0,0.5799126711783222,0.5070232793324032,1.1959731040778172,0.3761865215893392
2010-06-15,1.0,0.534897070308628,0.46015742781453123,1.1348145702937271,0.34035349897291217
2010-06-16,0.0,0.43218299034622965,0.3622147298169641,1.066106150491262,0.2751381029121306
2010-06-17,0.0,0.3140018482859226,0.2494285953737745,1.0007376740108151,0.23743640245484485
2010-06-18,8.0,0.46397717759958074,0.38438722813544457,0.9571097302515479,0.2695023801991579
2010-06-19,0.1,0.24891717600169813,0.18313080265910467,0.9073035439263352,0.2311680014542893
2010-06-20,0.0,0.07691017290427529,0.02535427763929864,0.8560032249427497,0.1919756199106713
2010-06-21,0.0,-0.046089326989414224,-0.10451669281883742,0.8037716183135126,0.13542461984631968
2010-06-22,0.0,-0.18388458983151082,-0.24071848813060853,0.7513933903749915,0.09454098011192885
2010-06-23,0.0,-0.3023532058023404,-0.347256314499826,0.6982237943872267,0.05376429592463464
2010-06-24,0.0,-0.37151592847990195,-0.4092611993372709,0.6474859440454754,0.013037477874442297
2010-06-25,0.0,-0.4549753958226214,-0.48459369575496825,0.5979891257767864,-0.025899136871915168
2010-06-26,5.0,-0.498386949018216,-0.5288166497633969,0.5745700981742552,-0.027225613953765635
2010-06-27,0.4,-0.5515277848402255,-0.5847185332593863,0.5230052410985019,-0.06645700581795365
2010-06-28,3.0,-0.5417780781072783,-0.5729808957353627,0.4654734842105366,-0.08663827984043368
2010-06-29,0.0,-0.6700424596042471,-0.6751462996412793,0.3848389058164202,-0.3038704519063667
2010-06-30,8.0,-0.640656936242882,-0.6467150987122863,0.3762064762799968,-0.42149640985881864
2010-07-01,53.5,0.1051415647197727,-0.02660548128436398,0.6113137045935408,-0.06647658664641208
2010-07-02,26.5,0.3169907061123369,0.1554203161605537,0.6899231340505659,0.06497813204766953
2010-07-03,2.0,0.09643254540204564,-0.03155081789100073,0.6167909557213722,0.028000899499096718
2010-07-04,0.2,-0.07440244829205887,-0.18496679209217698,0.544379089604783,-0.01905757982172218
2010-07-05,0.0,-0.22672157670626328,-0.31380208789370145,0.4897540522260057,-0.06586479302282809
2010-07-06,0.0,-0.33028158479591524,-0.4131454967006143,0.4382820022549533,-0.1107015085850534
2010-07-07,0.0,-0.410833187525995,-0.4850406827801649,0.38790309324039396,-0.15643559925140346
2010-07-08,0.0,-0.5375633726942293,-0.5989708780556366,0.338334398103909,-0.2021717560482575
2010-07-09,0.0,-0.6117305375734711,-0.6767373571483276,0.2894963754175946,-0.24744770565326168
2010-07-10,2.5,-0.6775435481030722,-0.7417394070368534,0.25353345327712323,-0.2983082115086374
2010-07-11,191.0,1.7600828922621115,1.4643701147090413,1.0586244084530756,0.696957130887341
2010-07-12,0.0,0.818817324736364,1.0425805209202128,1.0056247472520903,0.6436364932393748
2010-07-13,5.5,0.3180857382462445,0.8041301643490508,0.9834169684146626,0.62648094067671
2010-07-14,0.0,-0.03584459862951168,0.5916802119749427,0.9406585072796758,0.5892767798530265
2010-07-15,0.5,-0.26319460727676564,0.3869686387864014,0.9006810192631423,0.5555773601724958
2010-07-16,73.5,0.5319490385876732,1.050912533289766,1.1554819045214793,0.8639695345923664
2010-07-17,25.0,0.5946114334098263,1.089638693932776,1.2129386132624307,0.9387794091376601
2010-07-18,0.0,0.37671821886377765,0.8785463233209857,1.1740258745949932,0.8194315042885876
2010-07-19,0.0,0.2670237496388361,0.8003578838022187,1.0977568857713171,0.788026493505188
2010-07-20,0.3,0.17125161867437647,0.7167079956467287,1.0616663340733559,0.7030793248866063
2010-07-21,0.0,0.08373919040071222,0.633049414662558,1.0262887301672596,0.5776419225868722
2010-07-22,0.0,-0.007610995135763371,0.5554456238481612,0.9849842571812109,0.5494591383099705
2010-07-23,0.0,-0.10371461807744191,0.4431472573404869,0.9503662178476978,0.5211660352782455
2010-07-24,36.5,0.3037851320181522,0.7487635089748247,1.0557276085321012,0.6589252813105075
2010-07-25,15.5,0.3212526740004279,0.7156014274272978,1.0786861595455532,0.53260057665985
2010-07-26,2.0,0.23887807788491464,0.605741519207996,1.0063049367408323,0.5124806576907942
2010-07-27,2.0,0.19050825712815744,0.5545579391143226,0.9805028125624561,0.4344630850331616
2010-07-28,12.5,0.2915627110400524,0.6278582337614425,0.9955581662235087,0.4682251378039527
2010-07-29,4.0,0.2610495152042312,0.5922004800324739,0.977610216703888,0.46290337281217464
2010-07-30,0.0,0.160418985617796,0.49508262874430525,0.9447569531098085,0.4396975689802519
2010-07-31,0.0,0.08064971875673746,0.4267018066040843,0.9137587885390882,0.4188182248552692
2010-08-01,0.0,-0.001364168310868124,0.3569923456541524,0.8842976287918812,0.39919386327823375
2010-08-02,8.0,0.035258233589971884,0.38102799018600986,0.8846945463273848,0.41580677525061616
2010-08-03,0.0,-0.04685031587957156,0.30558408145420285,0.8553306578047082,0.39648816930948305
2010-08-04,0.0,-0.09920431354608332,0.2331860015204332,0.8243417984171366,0.3492369153992444
2010-08-05,0.0,-0.18114586368987748,0.17676230824585626,0.7927789706665915,0.32767457155845253
2010-08-06,9.5,-0.13130018573527336,0.223414552525997,0.7950362191779529,0.34584975767739623
2010-08-07,9.0,-0.10134725054172647,0.23034446300729128,0.7686948014380065,0.3609990750155259
2010-08-08,0.0,-0.19472564634973144,0.09489119683752632,0.7188386345793402,0.33722756017905614
2010-08-09,0.0,-0.2383577955353036,0.0010838779859754192,0.6561946224926716,0.3141529041589286
2010-08-10,42.5,0.15818700670391392,0.319180747763936,0.686642215634815,0.4633553238166321
2010-08-11,14.5,0.19702118294174228,0.329780011951926,0.6919415331614382,0.4957339419555347
2010-08-12,0.0,0.07841344387723773,0.23491617801074943,0.6615447074799021,0.47056690521948535
2010-08-13,32.0,0.3907582086813374,0.4607625256919889,0.7418829833631275,0.5670178279713795
2010-08-14,0.0,0.2415897983681736,0.3425219413827636,0.7114076555025233,0.5406651040432681
2010-08-15,20.0,0.3753177928723881,0.44034203729187243,0.7473548314975353,0.5507236693601243
2010-08-16,32.5,0.6533670924785425,0.6500750406703356,0.8170663206779893,0.4535747617116923
2010-08-17,87.0,1.638630104281397,1.3973286477454407,1.0571703047482401,0.7218332829301631
2010-08-18,0.1,1.1729212807018865,1.0892195348547513,1.0244069040449695,0.6943257383682839
2010-08-19,0.0,0.8471190090296279,0.8579215862889763,0.9931967624041668,0.6667082616675187
2010-08-20,0.0,0.7227315831122211,0.7228200624407959,0.9631473467719657,0.5714480496425225
2010-08-21,0.0,0.583201240706008,0.5994885464967725,0.9331002301178252,0.5319743395430429
2010-08-22,0.0,0.48923505898822406,0.5107253233874538,0.9036448211819875,0.5000248283370917
2010-08-23,0.0,0.391931946611659,0.41894341854177636,0.8756936458535738,0.4701763796103242
2010-08-24,4.0,0.3646658401691424,0.3913407363672747,0.6501902709224834,0.46071591477587803
2010-08-25,7.5,0.3518050284026924,0.3820640757220827,0.6218670711260382,0.4635245367514002
2010-08-26,14.5,0.4315647642346009,0.43939527031492986,0.629249411000616,0.490528042781664
2010-08-27,2.0,0.3026185139699297,0.3373884921172897,0.6118855668803623,0.4754626440953554
2010-08-28,40.0,0.713989402042696,0.6466477841984503,0.6886965218801155,0.5810859516441829
2010-08-29,6.5,0.6143544462381457,0.567057634935061,0.6851892728168041,0.5815474878991683
2010-08-30,4.5,0.47745789482622997,0.4666177444875178,0.676419159158293,0.5753609849500928
2010-08-31,3.5,0.3778825798365149,0.3790602936010297,0.6510760228048964,0.5660868066115086
2010-09-01,14.0,0.4845777339818966,0.44334440741207237,0.6517231874983016,0.5901905018768122
2010-09-02,1.5,0.42460415090692144,0.3864639422039324,0.6089674306791446,0.5756087708895343
2010-09-03,0.0,0.3572288772270007,0.3236548394345861,0.586473660990746,0.5535456455369042
2010-09-04,0.0,0.28695580835018714,0.2677573839243832,0.5669779022217889,0.43021237309856575
2010-09-05,0.0,0.22282180962193984,0.22123932901863091,0.5429339716463183,0.4031554245623649
2010-09-06,4.0,0.22815296291467385,0.22374601886484868,0.5317012485108457,0.40361625904455606
2010-09-07,1.5,0.19458927756881378,0.19393291735707346,0.519037858324311,0.3974325334457328
2010-09-08,1.0,0.16137921790880924,0.16448419873255174,0.5058715549727709,0.3919463377836365
2010-09-09,0.3,0.11875578519927997,0.1306838526562784,0.4907282765524249,0.3823253931548241
2010-09-10,0.0,0.06124330807789453,0.08411969882732052,0.4730177149437621,0.3693653915962966
2010-09-11,74.5,1.089869385639476,0.877777814499891,0.6348112056193405,0.5924631149754248
2010-09-12,19.5,1.0853097895511534,0.8663485073129752,0.6780082734606013,0.6498326802482981
2010-09-13,0.0,0.8875910961093326,0.713023165951248,0.6628048326859185,0.6464739012842055
2010-09-14,0.5,0.7626948363622229,0.6252814572209138,0.6442197882798737,0.6500151009089369
2010-09-15,0.0,0.626657307864307,0.5287054780575428,0.6337789675871256,0.6532245093407515
2010-09-16,0.0,0.5167694992419181,0.44829365113841196,0.6246084815322415,0.6339321287444986
2010-09-17,0.0,0.4575289842315378,0.40151176176896125,0.615899373302647,0.639860239103533
2010-09-18,0.0,0.3944885388837752,0.3540068082529538,0.6080860744935936,0.647370063787356
2010-09-19,0.0,0.3394378168583129,0.3066632403873939,0.5955006160705911,0.6565221043824783
2010-09-20,0.0,0.3034181440769713,0.2750780650908302,0.5888229314456866,0.6669689370556281
2010-09-21,0.4,0.27905010971331085,0.25215728757811606,0.5839613669950517,0.6798392659359923
2010-09-22,22.5,0.5484513687872996,0.47350562290838977,0.6416361667738542,0.7591850428104587
2010-09-23,0.0,0.46722508750814834,0.4106169297709753,0.6360141621785711,0.7718218714188262
2010-09-24,0.0,0.4378854279802224,0.38411694822920156,0.6307203752081579,0.7723783578150344
2010-09-25,0.0,0.4119142515425064,0.36134089356002597,0.625917631480772,0.7880442875443439
2010-09-26,0.0,0.397098570797063,0.3473731031222103,0.6212270578844571,0.7972933932675588
2010-09-27,0.0,0.3805192177901868,0.33176952879061133,0.5539621613191738,0.8166869842045179
2010-09-28,0.0,0.3502388740250688,0.30669075427789194,0.500979802158951,0.814513374275152
2010-09-29,0.0,0.30177198083397094,0.26745631218482924,0.49798789787574405,0.6758005331279235
2010-09-30,0.0,0.22225856005840455,0.2072132904790878,0.4958136659466783,0.6188292242111102
2010-10-01,0.0,0.19791288553634612,0.17405078317559655,0.49437937297114787,0.6397677855141124
2010-10-02,18.0,0.440640426905287,0.36257085688916885,0.5443345010558125,0.7238538499158339
2010-10-03,4.5,0.4443144647567413,0.36184650925552514,0.5567633394498182,0.766992182700889
2010-10-04,3.5,0.45777871928357067,0.36893319182718115,0.5671142531125921,0.8074281016183785
2010-10-05,0.0,0.39858268331039937,0.32371990167019116,0.5681113494869356,0.8385884737039349
2010-10-06,0.0,0.35392983765646974,0.2893891537107239,0.5692168519573397,0.870309969241713
2010-10-07,0.0,0.31143714668345224,0.2575419766516896,0.57072587563219,0.9030538184791075
2010-10-08,3.5,0.3416540334369252,0.2814587651816172,0.572614823328418,0.9401658339976445
2010-10-09,0.0,0.30103501345927663,0.24939044154733772,0.5619697525593127,0.32568105573745554
2010-10-10,0.0,0.2643979714110164,0.2218084655801321,0.5574018783248822,0.35785884866201534
2010-10-11,1.5,0.251798871842065,0.21467079964537486,0.5613597681197041,0.3748647243647585
2010-10-12,0.0,0.21642161146564123,0.18533837447010568,0.5640158123584541,0.406063514932722
2010-10-13,0.0,0.1845694339470872,0.16029440501080489,0.5667877943155246,0.43581558005401866
2010-10-14,0.0,0.1663414701830862,0.14409439103587424,0.5694506617819358,0.18178390223947719
2010-10-15,0.0,0.1555860057552417,0.13418517979514794,0.5709212710506565,0.10959222667660438
2010-10-16,0.0,0.14084462370156337,0.12127648028134672,0.5202139177384114,0.14055462065050045
2010-10-17,0.0,0.12560462221605526,0.10872427020913168,0.5244357008607642,0.1722975037310973
2010-10-18,0.0,0.11413662323787281,0.09867404467248861,0.49426176862360577,0.20325942039186298
2010-10-19,0.0,0.09642004682337768,0.08465295959594775,0.4397577472477422,0.23519340219488338
2010-10-20,0.0,0.07870249825828611,0.07078730622617521,0.44431180107844026,0.2665699976963889
2010-10-21,0.0,0.05486232177432127,0.05307554902153078,0.449162981874628,0.29877637078216895
2010-10-22,0.0,0.027295359276849115,0.0322017399428886,0.45415324782270644,0.17466788068373984
2010-10-23,0.5,0.010743144983609027,0.02040097490545456,0.35570782023101866,0.1420288718653709
2010-10-24,10.5,0.2053615099206369,0.17787167374859625,0.3913110045977484,0.21511496763704302
2010-10-25,0.0,0.14263360249108498,0.1285817819886076,0.3585539336170314,0.23856168294783425
2010-10-26,0.0,0.10049725539524154,0.09450851689607384,0.36463572244399145,0.21436923411504497
2010-10-27,0.0,0.06278305995886463,0.06401673404108295,0.37077488605609626,0.22810808899185
2010-10-28,0.0,0.021673597471517026,0.03117127500001224,0.37717752337246857,0.259815570002228
2010-10-29,0.0,-0.017159253215089945,-0.00047202472107629116,0.3835301563871371,0.28939873392289683
2010-10-30,0.0,-0.05023114382846226,-0.027437010249627445,0.38994996637901896,0.3182131315741764
2010-10-31,0.0,-0.08073640453909554,-0.054058885663434725,0.3966277992001669,0.31154618979831683
2010-11-01,0.0,-0.10483189425008395,-0.07573807693504706,0.4029411894178114,0.3403045198472288
2010-11-02,0.0,-0.12412778309722781,-0.092958515069872,0.3919232859126465,0.3704307447586222
2010-11-03,0.0,-0.14335901447217486,-0.11053678024928533,0.3977936791250913,0.40139714127120263
2010-11-04,0.0,-0.1697300344196329,-0.13332844190594903,0.40328784112706384,0.39147951271832243
2010-11-05,0.0,-0.20100058695777487,-0.1590616482813442,0.4085823716756481,0.3836468514139999
2010-11-06,0.0,-0.23182409189575387,-0.18536751674600713,0.4137866709834696,0.4171996642577576
2010-11-07,0.0,-0.28116160757539627,-0.22439247739036433,0.41891406991236885,0.4505900327046652
2010-11-08,1.0,-0.30024296120699523,-0.2329967375103459,0.4268028401431237,0.29329411384937154
2010-11-09,0.0,-0.34626045098124264,-0.26313598593124754,0.4316241615219311,0.2591754737893244
2010-11-10,0.0,-0.39081211367360025,-0.29044637889181346,0.4363776621156689,0.29553765102109636
2010-11-11,0.0,-0.42869793691705005,-0.30931292197045246,0.44115099901248894,0.17505534389478683
2010-11-12,0.0,-0.46846400652116754,-0.33084901086004803,0.4455653063861046,0.21357858484943823
2010-11-13,0.0,-0.5105659295436302,-0.3623022415459926,0.421464711698244,0.15115141539890797
2010-11-14,0.0,-0.549246567583916,-0.3875853059806866,0.27628632565348676,0.018936276309371163
2010-11-15,0.0,-0.583029434833658,-0.4132584032163636,0.2689859628478982,-0.46525058329227337
2010-11-16,0.0,-0.6026658855624409,-0.43237598160530816,0.2734031704683587,-0.42369794428798924
2010-11-17,0.0,-0.6252870601664654,-0.4548184183025675,0.2775930206350898,-0.38108527378153184
2010-11-18,0.0,-0.6369712205470065,-0.4806243327166191,0.22183152707043982,-0.33904700669290444
2010-11-19,0.0,-0.6518276905374575,-0.5070134225301749,0.214661247579781,-0.2954001560138725
2010-11-20,0.0,-0.6621719095138335,-0.5240615390258597,0.2135507871278948,-0.25137611032004803
2010-11-21,0.0,-0.6740166898760244,-0.5528214320450613,0.2127688654404449,-0.20919243408923457
2010-11-22,4.5,-0.6360250811011907,-0.46829267387426765,0.23042774843869585,-0.1641890727760339
2010-11-23,0.0,-0.7052461931161867,-0.520777978870449,0.23436952010765874,-0.17419317994817063
2010-11-24,0.0,-0.7371530485247602,-0.5638883634913046,0.2383658257219199,-0.23794101640650944
2010-11-25,0.0,-0.7777176380245348,-0.611934588536869,0.24201558674871804,-0.21159039290879506
2010-11-26,0.0,-0.7920101412311319,-0.6303053778860104,0.24293418114446688,-0.48703371081984964
2010-11-27,1.5,-0.735968993993433,-0.594006392831539,0.25148352928712114,-0.49041782471813855
2010-11-28,0.0,-0.7753307468669539,-0.6307943829801164,0.2555016548123176,-0.48758222319893707
2010-11-29,0.4,-0.7829454470942582,-0.6507554110528017,0.26078517313533744,-0.4726626721606693
2010-11-30,0.0,-0.8117670310310557,-0.6763637490225267,0.2649940602491666,-0.5606782279584456
2010-12-01,0.0,-0.851820554367163,-0.7040720237629372,0.2691599411843722,-0.5323196464461776
2010-12-02,2.0,-0.8053282839464153,-0.6618345794207144,0.2759476264965872,-0.4698418746009839
2010-12-03,0.4,-0.8279643216665579,-0.6768515860503638,0.18062596246858406,-0.4226942913268918
2010-12-04,0.0,-0.8509720233923478,-0.7023386724429868,0.17469084240950905,-0.38068186574589785
2010-12-05,0.0,-0.8671735731018135,-0.7090108615666262,0.18177565151250724,-0.3796122516443811
2010-12-06,0.0,-0.875145746413647,-0.7217167110007202,0.18968796417231884,-0.3539282036655641
2010-12-07,0.0,-0.8929677971102155,-0.7371588636746852,0.19900856334665626,-0.32342459837232407
2010-12-08,4.0,-0.7852187352713857,-0.6462902767939659,0.21824060763664896,-0.24267045847135227
2010-12-09,0.1,-0.8241901617960018,-0.6788555089016184,0.22205707657634519,-0.20149271873279914
2010-12-10,0.0,-0.8177633988766807,-0.680169050651927,0.2283873497524707,-1.1358717312634317
2010-12-11,0.0,-0.8010687280250699,-0.6684169549806469,0.2413404600900439,-1.4531496995601918
2010-12-12,0.0,-0.8178975404579505,-0.6772517785378802,0.2518169447555954,-1.4342993522806886
2010-12-13,11.0,-0.44894936534598034,-0.7039546339130202,0.30004005153509933,-1.2190370700164794
2010-12-14,0.0,-0.4967405624420114,-0.7589163119737055,0.31543723847547306,-1.194766965876985
2010-12-15,0.0,-0.4983164529267582,-0.7690000514093661,0.3072015908123254,-1.1691333267119781
2010-12-16,0.0,-0.5253665671988428,-0.7977453524606538,0.32398926481533613,-1.1411561474258871
2010-12-17,0.0,-0.5515341614617794,-0.8243432750343369,0.3319903187780006,-1.1215959087754217
2010-12-18,0.0,-0.5732496399111969,-0.8516656190706633,0.3501505010920309,-1.0948594736628947
2010-12-19,0.0,-0.5904888960179746,-0.8722296460930227,0.3692413891062609,-1.068341438620769
2010-12-20,0.0,-0.5931114009332744,-0.8796311885924186,0.389524789318423,-1.0501748261544355
2010-12-21,0.0,-0.5956742751987185,-0.8765961533145518,0.40999982205911284,-1.5036955058932406
2010-12-22,0.0,-0.5968174384422757,-0.8818056406512562,0.43145403083671147,-1.4821476792476602
2010-12-23,0.0,-0.6010465247919698,-0.8934500615103214,0.43863053364773485,-1.4629614286749255
2010-12-24,0.0,-0.6132076568735008,-0.8876731285057301,0.462281023910625,-1.4477777632592788
2010-12-25,0.3,-0.6043855087353692,-0.8894686370235821,0.48057245427110323,-1.4254948920773047
2010-12-26,2.6,-0.5049842062145357,-0.8100262517564459,0.5164563977991885,-1.348834242960285
2010-12-27,0.1,-0.5026964301877712,-0.8099895702163878,0.5211956768089954,-1.3352364395292604
2010-12-28,2.0,-0.42690751919130565,-0.7420457720250366,0.3902914534190273,-1.2767580897032782
2010-12-29,1.2,-0.40154691969229794,-0.731501060855387,0.34046335911380143,-1.2368715698593709
2010-12-30,13.5,-0.718520934697829,-0.6233934027270788,0.41083596836675584,-0.9108136561906777
2010-12-31,4.7,-0.664912723141828,-0.5779380655525282,0.45917834511077804,-1.2153240663198848
2011-01-01,0.0,-0.7459794780853004,-0.675618545476578,0.5279072905569446,-1.323683370567396
2011-01-02,0.0,-0.8275157616953381,-0.7496608611643825,0.5631930787391786,-1.416731880542808
2011-01-03,0.0,-0.8685159017354294,-0.7976343969599048,0.5993065809294306,-1.4134563005858645
2011-01-04,0.0,-0.9319772712628499,-0.8634247974591154,0.63600764024235,-1.40808601973757
2011-01-05,0.1,-0.9605348361582264,-0.9050715764610481,0.6732755101138145,-1.400957803261183
2011-01-06,0.8,-0.965353831448494,-0.9332463988168062,0.7047953147597252,-1.4782296088332978
2011-01-07,0.0,-0.9855814290849363,-0.96980845333892,0.0503032601918666,-1.4759831405316517
2011-01-08,0.0,-1.0154691078846876,-1.0130153714043106,0.08396575259742782,-1.4760645712844993
2011-01-09,0.1,-1.0228548395166188,-1.0152085063035585,0.09626834737153131,-1.5190122568963846
2011-01-10,0.0,-1.047353951551465,-1.0267429539661683,0.12991033609205685,-1.5193854372483921
2011-01-11,0.3,-1.0243859366320425,-1.0110969807488348,0.16296259924739287,-1.5086557815334505
2011-01-12,1.0,-1.0034936101937946,-0.9956423915398376,-0.10745240673140409,-1.4730718812085042
2011-01-13,0.0,-1.0071757225617293,-1.0107851044336265,-0.18558224771034007,-1.468730456774288
2011-01-14,0.0,-1.0365392113581189,-1.041875938787342,-0.1534897294684808,-1.4631698721010542
2011-01-15,1.4,-1.0070307614603073,-1.0130557427230211,-0.11483464999020006,-1.4149361382989762
2011-01-16,0.0,-1.0363354749122342,-1.0209044464249626,-0.0965431049310918,-1.419007197928733
2011-01-17,0.0,-1.0271934608585112,-1.005169563314622,-0.06399982800420738,-1.4195628299004228
2011-01-18,0.0,-1.0148615512483707,-0.9963263218412298,-0.03119126057071659,-1.4210609305482775
2011-01-19,0.0,-1.015003314744418,-0.9983762853505481,0.002980096121772392,-1.4225516425856215
2011-01-20,0.0,-1.0161694316075258,-1.009678577557773,-0.13393717822289378,-1.4250702899101277
2011-01-21,0.0,-1.0387300553422225,-1.0253656525019004,-0.17450169653703498,-1.4452363198595857
2011-01-22,0.0,-1.0621186602151953,-1.0449776986919137,-0.14808451517676946,-1.8163017396316081
2011-01-23,0.6,-1.0307179396329602,-1.008672482454979,-0.12040925313764793,-1.7897881318530495
2011-01-24,1.5,-0.9856840455917393,-0.9647795689131718,-0.1420863633390297,-1.7269186058711021
2011-01-25,0.0,-1.0088409458818959,-0.9949642938097497,-0.12843288504719585,-1.7193722194789836
2011-01-26,0.0,-1.015121983956152,-1.0065893798234076,-0.09499990849283867,-1.7141071637983996
2011-01-27,0.0,-0.990508194870507,-1.0122764571851797,-0.06266019401812035,-1.7077672560160588
2011-01-28,0.0,-0.9336421521633229,-0.9814997175138092,-0.030741303177939452,-1.7035286537994212
2011-01-29,0.8,-0.9675779616577688,-0.9483426022357623,-0.035795077404186075,-1.6697321803946423
2011-01-30,0.8,-0.9192934377745207,-0.9177813138481641,0.0012577736810092286,-1.6352043924347912
2011-01-31,0.0,-0.9226552793100511,-0.9327947051474749,0.03478860501556608,-1.6284752965052873
2011-02-01,0.0,-0.9028867988528183,-0.9199830662508555,0.0702241745747182,-1.6211041872155876
2011-02-02,0.0,-0.8864441562094478,-0.9123986473912308,0.05839118408647293,-1.6116396514050215
2011-02-03,0.0,-0.8784216503411176,-0.915433292523057,0.049134428096997376,-1.6001943168292647
2011-02-04,0.0,-0.8722202366518598,-0.9085605783971946,0.08679580827122282,-1.5918714795592699
2011-02-05,0.0,-0.8453331163655409,-0.8936336724228574,0.1251319163080584,-1.5811392260677293
2011-02-06,0.0,-0.8478003132798255,-0.9007340689241162,-0.06408114929734285,-1.6057279302908085
2011-02-07,0.0,-0.8433302105866082,-0.9046419539329479,-0.10483788818195433,-1.5944082655603016
2011-02-08,1.0,-0.8080636013608095,-0.8765614347329423,-0.05773160205056158,-1.5458232465626685
2011-02-09,0.0,-0.8016644522169175,-0.8726621408960842,-0.19927508175835418,-1.5350147620365084
2011-02-10,0.0,-0.8057185844140297,-0.8565817340135823,-0.15670887023161786,-1.5219502638454143
2011-02-11,0.0,-0.8373240141825462,-0.8710070055048853,-0.2306704597298907,-1.5095433415500568
2011-02-12,0.8,-0.8050013191209614,-0.852664294518362,-0.38139255059725546,-1.4700255771097672
2011-02-13,0.0,-0.8439140864273755,-0.8806010327643391,-0.935897632227287,-1.4506804963949702
2011-02-14,0.0,-0.8830108114999605,-0.8909503431347462,-0.892088518518467,-1.4332380893325256
2011-02-15,0.0,-0.9132279517738241,-0.9016268218359933,-0.8484555686578539,-1.4174178916053406
2011-02-16,4.5,-0.7132205734034873,-0.7106253248415545,-0.771631212131323,-1.2487977254213427
2011-02-17,5.5,-0.5671964410928009,-0.5697151259675286,-0.6863628598080239,-1.05784713578304
2011-02-18,0.0,-0.5961852079221732,-0.5939039691700749,-0.64161604643685,-1.0436861468112697
2011-02-19,0.0,-0.6189265199264767,-0.6112764314143244,-0.598952189092686,-1.0303317516871546
2011-02-20,0.0,-0.6310473072922489,-0.6251052682032913,-0.5890069332339561,-1.1554978886263227
2011-02-21,0.0,-0.7133058769648996,-0.6969898302414346,-0.6069640744051837,-1.1430249534824601
2011-02-22,0.0,-0.7034189226587778,-0.6857467555585012,-0.6854156877824794,-1.1329478544390699
2011-02-23,0.0,-0.6787974504566101,-0.6669385577476259,-0.6628993518738703,-1.1242016193906819
2011-02-24,0.0,-0.6963620184380963,-0.6847000178551378,-0.9738033331356771,-1.1167533539649928
2011-02-25,0.0,-0.741883782155565,-0.7176978204732656,-1.0000761095417132,-1.1600929291464532
2011-02-26,1.5,-0.7064248430734753,-0.6868304739952017,-0.9937948239357806,-1.1162559563230392
2011-02-27,40.5,-0.3526902799866016,-0.3864575994413083,-0.6148338765119863,-0.10563252632282756
2011-02-28,6.0,-0.39193633953288853,-0.41703601976184895,-0.6486369577177702,0.014437457401629569
2011-03-01,3.0,-0.4597586658347095,-0.4747941215760984,-0.5966081837552557,0.06881026876887203
2011-03-02,0.0,-0.5941185294623159,-0.6115231886270229,-0.558499864389569,0.019760779054855983
2011-03-03,0.0,-0.6914915272251356,-0.7144058035966914,-0.5212973688709275,0.001727093975154249
2011-03-04,0.0,-0.7509023124064012,-0.7648902991893102,-0.4853202496719448,-0.008926310977828627
2011-03-05,0.0,-0.8216674221431134,-0.8363060933180145,-0.49021594555642906,-0.020967482720433684
2011-03-06,0.0,-0.8939964310159204,-0.9134621798538426,-0.47170266068683425,-0.03216506837888245
2011-03-07,0.0,-0.9506879829178876,-0.959190175153358,-0.4491576422399862,-0.04345642166821458
2011-03-08,0.0,-0.981491444416482,-0.96973679098835,-0.41998582381833127,-0.13985043127989955
2011-03-09,0.0,-0.9830821165809561,-0.9761730737961762,-0.3909888169352442,-0.15560527766406615
2011-03-10,0.0,-1.0306652013432622,-1.009251592342118,-1.2615425228150428,-0.17034110167081992
2011-03-11,0.0,-1.06101113993069,-1.0223635431692029,-1.5281771324765754,-0.1853477890698077
2011-03-12,0.0,-1.088973841647884,-1.035408031372605,-1.5236104040317522,-0.2012136422027488
2011-03-13,0.0,-1.0819431166028748,-1.0325589532940505,-1.5252975154425084,-0.46245916854885677
2011-03-14,0.0,-1.146601053087314,-1.0750830770421116,-1.5189384293290678,-0.48045521137093533
2011-03-15,0.0,-1.1894732624502775,-1.1804425034598764,-1.5130427694913546,-0.4981011071078551
2011-03-16,0.0,-1.209731941219414,-1.2025173486488108,-1.5052768882128367,-0.5197388945826886
2011-03-17,0.0,-1.2002473123549944,-1.1955852051304592,-1.4988792067058265,-0.5407613212117036
2011-03-18,0.0,-1.224941538693821,-1.2279325521384143,-1.4929021581792714,-0.5623904301682264
2011-03-19,0.0,-1.2891390046266895,-1.290709913487847,-1.4867253982451145,-0.5843850630543513
2011-03-20,18.5,-0.6518866880647507,-0.6581692781032603,-1.1903043358542953,-0.1921613735825814
2011-03-21,0.0,-0.7492677567008462,-0.7791040029455693,-1.5529547888478148,-0.21574901847378328
2011-03-22,0.0,-0.7844951096194903,-0.8179769015605223,-1.5532669718760932,-0.24183770775766802
2011-03-23,0.0,-0.9177102909775063,-0.8238155351679175,-1.557120662406045,-0.26963298930547464
2011-03-24,1.5,-0.9180706828193818,-0.9576859004831306,-1.5323317738939484,-0.26470605404158304
2011-03-25,0.1,-0.9449913630160385,-1.0061234316699412,-1.5312678547560281,-0.29829271112456746
2011-03-26,0.0,-0.954942695101762,-0.9955748250311008,-1.5380922938900847,-0.38645203669510736
2011-03-27,0.0,-0.9358345781598482,-0.9575652547630042,-1.5481172675269264,-0.42205158862153735
2011-03-28,0.0,-0.9660709909206967,-0.9868317986712902,-1.5561596700612939,-0.4989351657504461
2011-03-29,0.0,-0.9451162585837141,-0.962396879856267,-1.5637942537675782,-0.5546560398387951
2011-03-30,0.0,-0.9738475891064968,-0.9686449218946628,-1.5714141120914982,-0.9092429725717353
2011-03-31,0.0,-1.012387961831949,-0.9910043841151897,-1.9294941472884468,-1.0580052886170062
2011-04-01,0.0,-1.0056202528481946,-0.970249992380353,-2.0260237551356566,-1.0848907560808307
2011-04-02,0.0,-1.0550216566067743,-1.0178563345173937,-2.1008489412479614,-1.1100881430558582
2011-04-03,5.0,-0.8850903219633159,-0.840139632333856,-1.998513533454692,-1.0056530174437357
2011-04-04,0.0,-0.9042616748511001,-0.8628472747216296,-2.005560015354126,-1.032097299650944
2011-04-05,0.0,-0.9308332855309582,-0.894245626832412,-2.012845171116229,-1.0605217839105447
2011-04-06,0.4,-0.9006400480646845,-0.8746128986269351,-2.0846108302811763,-1.0987821066783359
2011-04-07,29.0,-0.0048405475637632225,0.023959816297753355,-1.522220629722084,-0.46578493379195596
2011-04-08,3.0,-0.08183652047960911,-0.056342428972400424,-1.4736700230872715,-0.43249972363216116
2011-04-09,0.0,-0.19870477966645123,-0.16491173565625866,-1.505972141880147,-0.46262161674171165
2011-04-10,0.0,-0.2674811396011111,-0.22600337490597408,-1.511250881109922,-0.48855828638186066
2011-04-11,3.5,-0.19687280203343036,-0.1570536702412907,-1.4552022645949694,-0.45022212290976815
2011-04-12,0.0,-0.27172236966269153,-0.2230103928569604,-1.4623839687580111,-0.4967430472801565
2011-04-13,0.0,-0.3383317469825492,-0.27356744914797393,-1.4677746964681382,-0.5249710753804725
2011-04-14,0.0,-0.3946988598342069,-0.32963701599593687,-1.4707803117977478,-0.5538590253094766
2011-04-15,0.0,-0.46646999867589906,-0.3960674257475907,-1.474228726413973,-0.6119169119541835
2011-04-16,0.0,-0.5084507631110201,-0.44564918593492914,-1.4804143294136198,-0.64270767007351
2011-04-17,0.0,-0.4704852585083715,-0.42786733713552877,-1.487581188842904,-0.6738645209788892
2011-04-18,0.5,-0.5439961905538607,-0.4797253650268133,-1.4872978746808523,-0.6950632178868329
2011-04-19,0.0,-0.6362966359518343,-0.557662161854678,-1.4989861415488603,-0.728294848674969
2011-04-20,0.0,-0.6629797960358597,-0.5810105747283097,-1.5135089076599222,-0.7616329109181721
2011-04-21,0.0,-0.6253564240606703,-0.5676400389028569,-1.537177388949049,-0.7945459665207304
2011-04-22,31.0,0.48515394888116464,0.46326518051051035,-1.2150402576885027,-0.26235263872322684
2011-04-23,0.0,0.24719845409203606,0.25383755061005486,-1.2265794381508943,-0.3038446171807286
2011-04-24,0.0,0.10934596697944665,0.126338608228393,-1.2400368692658483,-0.36068559318322174
2011-04-25,0.1,0.020240457798194715,0.04229992031046103,-1.2528958215886725,-0.38995029572072154
2011-04-26,17.0,0.5482849252024053,0.5533660908316145,-1.0142115797889992,-0.1473290386521204
2011-04-27,0.0,0.394797862059482,0.4117558333591708,-1.0303929601588997,-0.17905132727526268
2011-04-28,0.0,0.2455919695094135,0.26675869114839024,-1.047533127524286,-0.21151489079789543
2011-04-29,0.0,0.12309402950185869,0.1503186689348474,-1.0666230815250701,-0.2561921923168495
2011-04-30,13.5,0.507437993409083,0.5319424303303643,-0.8967584707847722,-0.09867673490545695
2011-05-01,0.5,0.3354882293859475,0.3653869690572718,-0.9101843788608224,-0.12416656486300097
2011-05-02,0.0,0.23601383478737017,0.26778604454493743,-0.9310335657775706,-0.15632943786345907
2011-05-03,0.0,0.16171272012622753,0.1941932017371056,-0.9520586106214345,-0.18815780691109127
2011-05-04,0.0,0.08732131821696767,0.12278177231864805,-0.9724419289979326,-0.2204211081599702
2011-05-05,0.0,0.007943420300458814,0.04341879070667551,-0.9903285253275529,-0.25002754964226154
2011-05-06,0.0,-0.06486641537253517,-0.029196432727213024,-1.0073672426682976,-0.27868380206400245
2011-05-07,0.0,-0.11581589574058711,-0.08297506162492875,-1.0368044079465866,-0.3065435327576976
2011-05-08,0.0,-0.18269791705852914,-0.14777415897794743,-1.050699378070998,-0.33242983777526836
2011-05-09,4.0,-0.1125653134805215,-0.07174431455002664,-1.011344222554922,-0.31583412662439525
2011-05-10,58.0,0.6348845757193641,0.59181652545785,-0.31276299723220014,0.39424735373869374
2011-05-11,66.0,2.369986849272354,2.380768699561422,0.376574246819448,1.078069255711366
2011-05-12,3.5,1.9248124392657462,1.9283591656966785,0.39474281674204786,1.0900350917546249
2011-05-13,0.0,1.4211811691014837,1.392241929899054,0.3788797683864554,1.0606353753870665
2011-05-14,0.0,1.2454162693655226,1.214671045175121,0.36321244646837203,1.0387402075190741
2011-05-15,0.0,1.09089647577509,1.0495640026903512,0.347677108141775,1.017098996383415
2011-05-16,0.0,0.8445635453697508,0.7914739947962616,0.33289266401434603,0.9971495672587541
2011-05-17,0.0,0.7169567821150892,0.6541327384268737,0.3184892279914094,0.9321714465172178
2011-05-18,0.0,0.5518182739014397,0.4913575076334691,0.30421123734028305,0.8558371478785417
2011-05-19,0.0,0.4070294616240917,0.35479261054114886,0.2905875826936726,0.83572829520929
2011-05-20,0.0,0.32916897706223297,0.2736722543995621,0.27771349560880293,0.8174364977032902
2011-05-21,0.3,0.2954565141804155,0.23541776208984835,0.22400619166590435,0.803399831181665
2011-05-22,0.5,0.26714290290637294,0.20777294951140068,0.2174751453067218,0.7929864266026369
2011-05-23,5.5,0.4289263536255439,0.3696215143845107,0.260271445083328,0.8328080186564921
2011-05-24,0.0,0.3579174384317715,0.2935728746731207,0.24844232295914126,0.8185315634325793
2011-05-25,0.0,0.28468727968764085,0.21505904107832235,0.23484240116675095,0.8035640528879578
2011-05-26,4.5,0.3954766337207323,0.31781119388250945,0.2488584512851508,0.8311188831436769
2011-05-27,0.1,0.3107005105508277,0.22713939573065106,0.23569817460310172,0.803557783091845
2011-05-28,0.0,0.21838011910526048,0.12693871182448957,0.21784592910567013,0.38772114697633964
2011-05-29,0.0,0.12099277187768916,0.029525836566060195,0.20495547108007348,0.31412292171847817
2011-05-30,0.0,0.020553790802452437,-0.06422702076109822,0.19144229265364918,0.2709725079225184
2011-05-31,0.0,-0.09702002960437078,-0.19148177018639959,0.1591198084670873,0.260099402202778
2011-06-01,0.0,-0.18800192607578076,-0.28330524276335367,0.14233839705634047,0.2504372236921981
2011-06-02,0.0,-0.2562135377191882,-0.34170687598607147,0.12912497854364263,0.2408602795721126
2011-06-03,0.0,-0.3513882283819092,-0.4424512346968097,0.11498157076570159,0.23072621423992298
2011-06-04,0.0,-0.4381667586976028,-0.5258703538004834,0.10048847562271014,0.21953775759792551
2011-06-05,0.0,-0.48460744994841576,-0.5716436289769121,0.08381396606127348,0.20593341685970898
2011-06-06,0.0,-0.5127090805984267,-0.5868343644197352,0.02997172311879821,0.19293022029279916
2011-06-07,0.0,-0.5823789298014471,-0.6514350009351442,0.01113614210886811,0.17864242061444383
2011-06-08,0.0,-0.6376486302708376,-0.7014630911756534,-0.009544634163252309,0.1614009832111466
2011-06-09,5.0,-0.4130794332617346,-0.4511627338643052,0.013708227039290219,0.19293345959016128
2011-06-10,7.0,-0.3115493872741054,-0.3480115918001406,0.0507276919892983,0.23971120565394252
2011-06-11,1.5,-0.3681701305390938,-0.40204677004189604,-0.0633023388569049,0.22730315907943538
2011-06-12,0.0,-0.4485984294120237,-0.47815297984548544,-0.09300739141427389,0.19803967834530078
2011-06-13,0.0,-0.5138784088178704,-0.5452319508745471,-0.1249274679937382,0.16602820095815213
2011-06-14,0.0,-0.5407704245211903,-0.5786673016536845,-0.15759723439822965,0.13342132590938025
2011-06-15,0.0,-0.600124274183511,-0.6355390640590806,-0.19110744264235022,0.09983557227879228
2011-06-16,0.0,-0.6466709067802022,-0.6814437481821801,-0.22628053554249364,0.06396147941784613
2011-06-17,0.0,-0.6811131447213906,-0.7135778704729824,-0.2612801090458443,0.02835692262704085
2011-06-18,0.0,-0.857651643229656,-0.8819395374261984,-0.29643852554246486,-0.18102527673250904
2011-06-19,0.0,-0.8144951828163111,-0.8480030908849577,-0.33251556814399674,-0.21538318623726968
2011-06-20,0.0,-0.6680244057351562,-0.697175580449023,-0.3696042724592463,-0.25000551374588287
2011-06-21,0.0,-0.870720056040808,-0.8528193106641224,-0.4073658565730326,-0.2854411400768249
2011-06-22,48.5,-0.0035690523004160086,-0.08438648266910935,-0.07174880732837902,0.08874888177406554
2011-06-23,0.0,-0.2942449702247705,-0.36143597014274487,-0.11683218895929545,0.047189305958464635
2011-06-24,2.5,-0.3768493254468506,-0.4323207184732977,-0.16026684332582344,0.02686448991664473
2011-06-25,19.5,-0.15481932272586205,-0.2265456511134804,-0.06425995995272313,0.14143685329687858
2011-06-26,15.5,-0.10376389911668855,-0.16272698631110244,-0.01656663802377002,0.2144305851377072
2011-06-27,0.0,-0.28067507056730895,-0.31967452556661774,-0.07079116564125877,0.16879162183654126
2011-06-28,16.5,-0.11477474382629704,-0.1710936817273028,-0.09800400164548372,0.23932128972252284
2011-06-29,0.0,-0.2888072561227891,-0.3247917620051231,-0.1756005237364376,0.19164515441287766
2011-06-30,4.0,-0.3579360590143737,-0.3853332898363837,-0.19737416059147403,0.1698315990725427
2011-07-01,2.0,-0.4357462238753123,-0.4589605147296973,-0.2331670644464688,0.13362906940281408
2011-07-02,0.0,-0.5721221930523713,-0.5827642032410293,-0.28215849932060116,0.05039303297123729
2011-07-03,21.0,-0.3066168723023162,-0.3513147366427866,-0.2033382329177225,0.13633746275604944
2011-07-04,19.5,-0.13493084810025813,-0.19865792874004692,-0.13822116026400977,0.20826903778896425
2011-07-05,0.0,-0.30837442296099377,-0.35625165631119754,-0.19238836897128353,0.1577543601323379
2011-07-06,3.5,-0.3663554537677311,-0.4150444876480367,-0.22022990033534515,-0.045668324083011455
2011-07-07,14.5,-0.2396429377110798,-0.30046421117206257,-0.18688480364388255,-0.01974156244263176
2011-07-08,0.1,-0.39161483350062276,-0.43930531556103597,-0.23605518984066526,-0.06491063799815919
2011-07-09,55.5,0.2526661909372105,0.08508006511682631,0.01746410779538036,0.2173264124905708
2011-07-10,74.0,1.1203350410436956,0.8566687110967965,0.3411160558717846,0.551535046015765
2011-07-11,0.0,0.6248805260815739,0.4334736194984794,0.2896318926508164,0.5084977683892786
2011-07-12,26.0,0.7747167926840447,0.5486041872031006,0.36852561194211314,0.5983177797902876
2011-07-13,0.0,0.4934928177641389,0.2924538707592717,0.32441131516045635,0.5591812968613139
2011-07-14,16.0,0.5386711476709913,0.3186716357813128,0.3500951922007437,0.6004689965875597
2011-07-15,1.0,0.33205122619167243,0.133987495827833,0.3125547095880536,0.5691928158177721
2011-07-16,1.5,0.19040500064634203,0.005961803542466004,0.27830218027239617,0.5413519871565239
2011-07-17,0.0,0.06346866373467505,-0.1135765951685052,0.23830852555986048,0.5052034903817273
2011-07-18,0.0,-0.02496361095442143,-0.18529249525293087,0.19865656621883016,0.4720599335878885
2011-07-19,0.0,-0.09865385840819463,-0.25560339380175495,0.15950090636517755,0.4400809336974178
2011-07-20,0.0,-0.16612515397687108,-0.31415865819473787,0.12113568588426715,0.4096235333582453
2011-07-21,0.0,-0.2228934540985171,-0.3632174432296314,0.08371034773702678,0.22609290708729807
2011-07-22,0.4,-0.28697028559733456,-0.4206071892574306,0.04640326425050013,0.1993309842547584
2011-07-23,0.0,-0.3490675139946581,-0.47113897347719974,0.0030669973290079196,0.17069294685649786
2011-07-24,32.0,0.006940664184620112,-0.12424440389345652,0.11476536027933658,0.3001607372599254
2011-07-25,0.0,-0.1076350347550898,-0.21434424123176166,0.07815692448823881,0.18758926038634802
2011-07-26,0.5,-0.18729518049233623,-0.275759292918398,0.043512061274087896,0.160917061339385
2011-07-27,1.5,-0.24169449684226302,-0.3254399767859913,0.016795616032765893,0.14346171076113837
2011-07-28,0.5,-0.29092008619483334,-0.37706215897792256,-0.01677732407419327,0.12249275810844977
2011-07-29,8.0,-0.2286261689556886,-0.33241066129778296,-0.015364593662134168,0.07228814867786283
2011-07-30,0.0,-0.2843937085959966,-0.38328036394671544,-0.0463445986058294,0.047713297787906686
2011-07-31,0.0,-0.3555137065400788,-0.44537715061545075,-0.07462226490462422,0.02828400335745595
2011-08-01,93.0,0.85370058556217,0.4941569662445933,0.30108976155630596,0.44522603818263734
2011-08-02,0.0,0.5188690646334994,0.2733763668894884,0.27324914723367083,0.42601133483333353
2011-08-03,0.0,0.33710101217225613,0.14402775818997562,0.24593880464796605,0.40664719177336633
2011-08-04,0.0,0.1972417664418167,0.047438550430934576,0.21775738246290263,0.38578505439693356
2011-08-05,0.0,0.1040755728179965,-0.04234626393508493,0.18914913957317286,0.3639619796013685
2011-08-06,0.0,-0.0058079226548464835,-0.14108696574990298,0.1599817272275323,0.34066714570117973
2011-08-07,70.5,0.9361964720242169,0.6391116264859259,0.40612411753459915,0.593211020732773
2011-08-08,9.0,0.6632229411300238,0.4479492201383238,0.41043172724712423,0.3678250424855037
2011-08-09,67.5,1.1305815870234044,0.8517610597627641,0.6309778602193568,0.3507340591653867
2011-08-10,9.0,1.0741212369933664,0.7280159172133484,0.6332909537429006,0.3497174133266619
2011-08-11,2.0,0.9694471443298734,0.600061446880279,0.6079007020884599,0.33403780734165167
2011-08-12,39.5,1.3644088511022698,0.8684257970971649,0.7160413026963903,0.4659192742515691
2011-08-13,6.0,1.2583186036793432,0.7853243781367769,0.7066906737539176,0.46407536502179847
2011-08-14,2.0,1.1235944249996674,0.6781882913419792,0.6831659578145476,0.4458931336542611
2011-08-15,0.0,0.9812359104601576,0.5734262435553134,0.6367674704989712,0.4196698959221344
2011-08-16,0.0,0.8575229278460521,0.48578099716177753,0.5863505382788475,0.39309489963694694
2011-08-17,0.0,0.7604781722786241,0.40737164050087327,0.5553310676647739,0.3669019778988869
2011-08-18,2.5,0.608321447540949,0.31430796790362664,0.5336423446909413,0.3503456856860286
2011-08-19,1.5,0.44566532127588826,0.2073157325818306,0.5092720828301156,0.32918002517798217
2011-08-20,34.5,0.755004696890841,0.42706641800950473,0.5946502281737635,0.4262783587809937
2011-08-21,0.5,0.5995658739372342,0.2941666659598014,0.5671395074500701,0.38167141538250643
2011-08-22,0.5,0.5095077056364934,0.20678925945295215,0.5400579284297052,0.35718805763878253
2011-08-23,1.0,0.42551701392316466,0.1282160671445573,0.5159935478160748,0.33648719152804146
2011-08-24,2.0,0.374369716897016,0.07507991702112096,0.496470711593897,0.305116998563233
2011-08-25,4.5,0.32815953224114075,0.036899264885282806,0.4811083043450177,0.29838864074339055
2011-08-26,0.0,0.23097770862906514,-0.041273636183215605,0.324813725406185,0.27729166783936676
2011-08-27,0.0,0.12218427209841144,-0.11898232493327351,0.2811757939071102,0.2557315699317945
2011-08-28,0.0,0.03440023824899008,-0.20118507956615048,0.24757856000121922,0.23459306878326838
2011-08-29,31.5,0.344565623458731,0.03056927279455352,0.3289165092702437,0.3228927963859306
2011-08-30,5.5,0.24640335261224408,-0.02976042686400577,0.3245244925076723,0.32122354025172434
2011-08-31,0.0,0.1303558917683131,-0.11771315343885237,0.302378981803381,0.301100061458915
2011-09-01,0.0,0.06356644605256043,-0.19133829312837272,0.2805559344285612,0.28154568570703864
2011-09-02,0.0,0.006315065397078841,-0.2435127779411664,0.2594095921185703,0.26308384169915083
2011-09-03,0.0,-0.04877730422001798,-0.28719158409228046,0.23871680110831153,0.2458853758616499
2011-09-04,0.0,-0.10431335707065381,-0.3306726535523186,0.21942214401152635,0.22994822038024143
2011-09-05,0.0,-0.1465731475633137,-0.3643478452640739,0.2013698037458528,0.21573618450831364
2011-09-06,0.0,-0.19303776497573943,-0.39766973751979307,0.18417079459448232,0.20339695794754428
2011-09-07,0.0,-0.24107722373455512,-0.44074608875759486,0.16734276547827084,0.17553621844606712
2011-09-08,0.0,-0.2569460910297115,-0.44851977523120307,0.15149500431442953,0.14311846829232583
2011-09-09,3.5,-0.23698460208887723,-0.43837167113783604,0.14712862939993868,0.1425071024647564
2011-09-10,3.5,-0.23398095496961788,-0.4368751040298335,0.1442325002293099,0.1493100113370445
2011-09-11,0.5,-0.2818900735979277,-0.47567722620914493,0.13276509825898675,0.1482494340885416
2011-09-12,0.1,-0.3129224770260157,-0.48229212859793097,0.12093927941812699,0.14733611392809948
2011-09-13,0.1,-0.3534645723278146,-0.5076503539853219,0.10979973597826995,0.14782893752951912
2011-09-14,0.0,-0.3905502220443797,-0.540817868281231,0.09946802223128462,0.15040096947700113
2011-09-15,0.0,-0.40382450844384765,-0.5496249064094502,0.08997313691859953,0.15404401370768203
2011-09-16,0.0,-0.42660085566776845,-0.5686321624134586,0.022383309215455397,0.1588499303063655
2011-09-17,0.0,-0.45320517011781963,-0.5940559209637728,0.014218838116510204,0.16494813042596956
2011-09-18,1.5,-0.4419176028161562,-0.5875585172739866,0.011802546520614259,0.17761458406730712
2011-09-19,0.5,-0.4571292935486079,-0.5974687997325318,0.006940202099037173,0.188555504957193
2011-09-20,0.0,-0.49255355270699175,-0.6308288981215251,-0.003936361391852135,0.03259742194286107
2011-09-21,0.0,-0.5277255354368915,-0.6627078723867973,-0.009419837914513087,0.04435918505030697
2011-09-22,0.0,-0.5584863647318603,-0.6942897954335537,-0.014160053134101869,0.04828762205623609
2011-09-23,0.0,-0.5744864808060601,-0.7165994205398404,-0.01855941174540886,-0.007817033478352246
2011-09-24,0.0,-0.5933778536854658,-0.7354751994497002,-0.022817890632489766,-0.048418158493144556
2011-09-25,0.0,-0.6034695732427319,-0.745012299139161,-0.026512107733341367,-0.031123013147904527
2011-09-26,0.0,-0.6093997327618599,-0.7501908244049074,-0.030092837083287353,-0.07283534918266914
2011-09-27,0.0,-0.6121140213879059,-0.7514508857720263,-0.03328167931262855,-0.05286260062928282
2011-09-28,0.0,-0.627343280048543,-0.7646965246856499,-0.036011415072661625,-0.045320815769575196
2011-09-29,3.5,-0.5856991611888438,-0.7353515269582379,-0.02736980862063891,-0.0158657233021896
2011-09-30,0.3,-0.5385395217407615,-0.6975245435228746,-0.04383799192928105,0.011062963548196478
2011-10-01,0.0,-0.6241422795767042,-0.7478924804157945,-0.04497090207899742,-0.03974202130868854
2011-10-02,0.0,-0.666561461038182,-0.7792251432293124,-0.0456056088937964,-0.08614044747561998
2011-10-03,0.0,-0.6927100123916218,-0.8026380059658629,-0.046868240013246736,-0.057984331302028916
2011-10-04,0.0,-0.7288797227794219,-0.8327969898728439,-0.13825204684966988,-0.04291618729725728
2011-10-05,0.0,-0.7300725714945508,-0.8355046180756096,-0.1467980165120967,-0.06987566322584762
2011-10-06,0.0,-0.735363959260127,-0.8408694533966473,-0.14551611532461445,-0.040173329638713416
2011-10-07,0.0,-0.7355801568394214,-0.8425574211163931,-0.14377221568632975,-0.23530672823975324
2011-10-08,0.0,-0.7548302133893083,-0.859500473314472,-0.15297637274841178,-0.5318421622951698
2011-10-09,0.0,-0.7761841897066173,-0.8779962153445889,-0.15067269845401135,-0.5018719445079444
2011-10-10,0.0,-0.7841987502988486,-0.88799953079919,-0.1476492564902643,-0.5945866426070417
2011-10-11,0.0,-0.7785100431644897,-0.8894696098533287,-0.14425378192964036,-0.5639769018015068
2011-10-12,0.0,-0.7895117073641185,-0.8930515246965266,-0.14081388154638513,-0.6127419368002551
2011-10-13,0.0,-0.7906856668276486,-0.8977887602462726,-0.13687597510352129,-0.5885610624324805
2011-10-14,9.0,-0.6197347626142017,-0.7562161108268964,-0.1043364341022917,-0.5226621143911248
2011-10-15,1.0,-0.6358405821419434,-0.7744062191450303,-0.09894817272011193,-0.4887027086780783
2011-10-16,0.0,-0.6489364391894817,-0.7868895958750243,-0.09469670843867427,-0.45959236551965355
2011-10-17,0.0,-0.6447259088956298,-0.7879626005581459,-0.08987596790441749,-0.42994398483222923
2011-10-18,0.0,-0.6522141501501262,-0.795419284484112,-0.08427497800365899,-0.3988613239978047
2011-10-19,0.0,-0.6658656739577076,-0.8071242371949289,-0.1775971043915004,-0.3684585834863428
2011-10-20,0.0,-0.6819457969962197,-0.8226840253762502,-0.17180595740857468,-0.34058876713298947
2011-10-21,0.5,-0.6909921629030366,-0.8331150489120459,-0.16419747420453903,-0.3065971937951188
2011-10-22,6.0,-0.5863633843594748,-0.7466673379082864,-0.13919647025354584,-0.40678249821417944
2011-10-23,0.0,-0.6055557051202987,-0.7656538112263294,-0.18720967895857366,-0.3725743460865336
2011-10-24,4.0,-0.5485574981925448,-0.7224038506764117,-0.16801998908828675,-0.31834680980251673
2011-10-25,0.0,-0.5738627445291338,-0.7414595225798687,-0.16134503286144947,-0.29159368614846426
2011-10-26,0.0,-0.5943514044782569,-0.758514999776329,-0.15447639388620243,-0.26048307757113226
2011-10-27,0.0,-0.620908515576908,-0.7785170442812591,-0.1908579684717648,-0.26783065713940485
2011-10-28,0.0,-0.6281534589372408,-0.7875772478196106,-0.18530242237923225,-0.23496277849944533
2011-10-29,0.0,-0.6416258302913791,-0.7992785354285269,-0.17832946359372456,-0.20386226597993776
2011-10-30,0.0,-0.6611472913171011,-0.81870366511582,-0.1713974822717706,-0.6944074560176997
2011-10-31,0.0,-0.6756449635482455,-0.8345472042036413,-0.1641350584967832,-0.6613122513844267
2011-11-01,0.0,-0.6841980801620431,-0.8439250376078828,-0.1571831737545992,-0.6293487906880035
2011-11-02,2.5,-0.6338638611011865,-0.8036098956639318,-0.1424120231824826,-0.581898968025149
2011-11-03,0.0,-0.6478271324564505,-0.8187618706307406,-0.13614393642971048,-0.5481985861173225
2011-11-04,0.2,-0.6601865655039499,-0.8295462845508028,-0.12968733219033463,-0.5114714815537484
2011-11-05,32.5,0.12068242767091171,-0.2029508500861528,-0.03400877814377742,-0.7122399851590996
2011-11-06,7.5,0.16688332880621762,-0.15781919765345134,-0.1894066232080344,-0.6852204509040237
2011-11-07,0.0,0.06584627997272777,-0.2485427027193093,-0.4032816589133498,-1.127814663084211
2011-11-08,0.0,-0.00545657872581761,-0.30272831983140325,-0.4099707209883882,-1.1578497399147814
2011-11-09,0.0,-0.06279980778902176,-0.3429102972795644,-0.4051163463825905,-1.132594366969326
2011-11-10,0.0,-0.11135466049805161,-0.37562989080837683,-0.40030360288747097,-1.4303164044527272
2011-11-11,12.0,0.16714444105233284,-0.13934744349496944,-0.35497127332135925,-1.3314472411461988
2011-11-12,0.0,0.08938899845248079,-0.19436234188959675,-0.3505534140640619,-1.3063846480065342
2011-11-13,0.0,0.04021779279712576,-0.2364329730492572,-0.3462314230897421,-1.263422002595041
2011-11-14,0.0,0.002323790038179142,-0.26568730818128306,-0.34172593471468243,-1.2202409688998446
2011-11-15,0.0,-0.02911700595298868,-0.29136207473036846,-0.33715396214475696,-1.1782533292238484
2011-11-16,0.0,-0.05428168316869704,-0.30897251972295786,-0.3326802750262271,-1.1586116593624336
2011-11-17,4.0,0.03345188218492324,-0.23573118572435522,-0.3156898138362664,-1.0933623310716771
2011-11-18,34.5,-0.044362705208402665,-0.36206942551032323,-0.19841930913796077,-1.0526405737195794
2011-11-19,12.0,0.1052021202974984,-0.24387047195955716,-0.173577048441087,-0.9087924154058513
2011-11-20,0.0,-0.05977146994353468,-0.372159177776999,-0.170001132067703,-0.8708936567470904
2011-11-21,0.0,-0.16918794831762557,-0.46508557246010573,-0.1659190428388043,-0.8402484751530241
2011-11-22,0.1,-0.25482877422159295,-0.5295978964456078,-0.17570802192586968,-0.8188462775369739
2011-11-23,6.5,-0.15184602415824552,-0.45293996865999747,-0.15050121472655,-0.7634285621565197
2011-11-24,0.0,-0.2526516835530684,-0.5416885224624467,-0.14614666511170216,-0.7282009047245726
2011-11-25,0.0,-0.34065383855779396,-0.6226927659547572,-0.14214428847748514,-0.6912992075219411
2011-11-26,0.0,-0.40893912121007764,-0.6711706806367084,-0.13806259291476056,-0.6526298463279948
2011-11-27,0.0,-0.4573407097568099,-0.696035894782043,-0.1339040085290603,-0.9217686563991637
2011-11-28,0.0,-0.5299211820085221,-0.7518455952692774,-0.1297340728968552,-0.9408564797584278
2011-11-29,0.0,-0.5895617109206546,-0.8011686310564156,-0.12545070294913557,-0.9017615223988666
2011-11-30,25.0,0.133854283156622,-0.26110252740914425,-0.04075904328976737,-0.6025635082893719
2011-12-01,4.0,0.0915362861491713,-0.3025921714518177,-0.023339697947532823,-0.5205906410551302
2011-12-02,0.5,-0.022244013765827204,-0.3956765585876574,-0.016240183691465918,-0.4727895628463908
2011-12-03,1.0,-0.091023003609363,-0.4555991320425787,-0.00745776192122536,-0.419727210960795
2011-12-04,0.0,-0.18571930502721934,-0.5376503382885974,-0.0010568425792951096,-0.37768329162426784
2011-12-05,0.0,-0.2658375411656525,-0.5965132245859035,0.006172659478840195,-0.3358316395685352
2011-12-06,0.0,-0.3345571339035071,-0.6543467359772311,-0.0015278309979311375,-0.2939821132675324
2011-12-07,0.0,-0.39895996874096507,-0.7109182347715427,-0.014147938273411636,-0.2521350857524634
2011-12-08,0.5,-0.44846670730946514,-0.7602463562391606,-0.0069853556870199465,-0.24160925026067614
2011-12-09,0.5,-0.49417878176922336,-0.790477424155311,0.005678132952746048,-0.23394463467497909
2011-12-10,0.0,-0.5320867484810627,-0.8046586392704081,0.017984694503895584,-0.20049916062730733
2011-12-11,0.0,-0.5589265442864976,-0.8044020385107215,0.03093873426634785,-0.1632326484940877
2011-12-12,0.0,-0.6076479882012918,-0.8288858369279012,0.04457637148661858,-0.12689203098268342
2011-12-13,0.0,-0.6565551739130504,-0.8483641906411954,0.05968500494256643,-0.08988282431857327
2011-12-14,0.0,-0.6773807662196982,-0.8457122314497473,0.07511028293586071,-0.052505606653704455
2011-12-15,0.0,-0.6723831383564705,-0.821688074169882,0.09107162895652891,-0.015447184155530782
2011-12-16,3.3,-0.6074249058294292,-0.7530032279698833,0.1185473440465691,0.06185460526728441
2011-12-17,0.0,-0.6697736994361774,-0.7922020599843443,0.126922805814235,0.07024186026545287
2011-12-18,0.3,-0.7125163641428526,-0.8180326121464723,0.14596776961617489,0.1054081346651168
2011-12-19,0.0,-0.7615780164346069,-0.8462740236785806,0.00913734770369,0.14233638332840665
2011-12-20,0.0,-0.79244834602351,-0.8605808797582386,0.02923223423093421,0.17873288706009038
2011-12-21,0.2,-0.8141550233280562,-0.8581061217032481,0.041837584170771616,0.21765633939764564
2011-12-22,0.0,-0.8409941693257669,-0.8704508148009821,-0.0017388738934543597,0.255557873966507
2011-12-23,0.0,-0.8726185313150849,-0.8884379200132038,-0.03222716609809821,0.29379009392685934
2011-12-24,2.0,-0.846821661848376,-0.8268541519031566,-0.0014895790113034263,0.3554397231190421
2011-12-25,1.0,-0.8542957911877552,-0.8207858828250344,-0.028160690845383887,0.40626631681992276
2011-12-26,0.0,-0.8885137015776345,-0.8373631018840514,-0.0010899642939740258,0.44451059140497867
2011-12-27,0.0,-0.9058678379748835,-0.8382281692978194,0.013470578892032577,0.4828441561769098
2011-12-28,0.0,-0.9244398936249686,-0.8358889822117762,0.036408821276928544,0.4741954582939726
2011-12-29,0.0,-0.9449116452730583,-0.8602836739838681,0.0676068627328044,0.5046432069597699
2011-12-30,0.0,-0.9419684350606071,-0.8652495972786944,0.02656965643463603,0.5383379410645481
2011-12-31,0.0,-0.9590820549900061,-0.8831091547474649,-0.010240015794069935,0.5717025795539404
2012-01-01,1.1,-0.9158984828897767,-0.8690560914242744,0.0589198132438274,0.6488098570438606
2012-01-02,0.0,-0.9472775200985105,-0.8958780032299153,0.07938059850095837,0.6766867203671061
2012-01-03,2.0,-0.8723702523527934,-0.8340596291722792,0.06690376957787147,0.7331690575495472
2012-01-04,2.7,-0.8113037964362658,-0.7812456838689359,0.11048836121612372,0.796986853598299
2012-01-05,0.0,-0.8315797546584353,-0.8109204897813128,-0.0676136932142441,0.8207133930832925
2012-01-06,0.0,-0.864242790065836,-0.8424689639069286,-0.336666537261163,0.8423692292940433
2012-01-07,0.0,-0.8798615515095481,-0.8519269353703396,-0.30455131647452777,0.8630335783677179
2012-01-08,0.0,-0.9050362569196267,-0.8680244216105308,-0.3852637162147895,0.8834760676703969
2012-01-09,0.0,-0.9141742674241075,-0.8720355892118848,-0.35382241339521536,0.9036548415707033
2012-01-10,0.0,-0.9345596949634827,-0.8801850506175671,-0.3945217965349905,0.9252041023376597
2012-01-11,0.0,-0.9232369030911483,-0.874735402783311,-0.36874483321952656,0.9477716734207724
2012-01-12,0.0,-0.935358670875914,-0.8889760403020819,-0.34562360239227735,0.8249785011151342
2012-01-13,0.0,-0.9320469897617308,-0.8957431576169628,-0.3146617612354805,0.8262044790202967
2012-01-14,0.0,-0.955432300550372,-0.9192666839512013,-0.28340157847411196,0.8405269812014625
2012-01-15,0.0,-0.9748056652549728,-0.9359337453860165,-0.25188489635145617,0.8533804697006603
2012-01-16,0.0,-0.9932570201440879,-0.9338924951995566,-0.23277648912610605,0.861977206207944
2012-01-17,0.0,-0.9792749152259473,-0.9144532226820686,-0.20114092253658172,0.874905070659878
2012-01-18,0.0,-0.9646255223492141,-0.9039267547640333,-0.1711997458101949,0.8878583242650524
2012-01-19,0.0,-0.9629645573413028,-0.9042317802021068,-0.13798041509815046,0.8890978196749225
2012-01-20,0.2,-0.9558223805198955,-0.906683104146877,-0.2579206482378647,0.7989598363713095
2012-01-21,5.0,-0.7996991861370752,-0.7500097274920439,-0.19786803661845134,0.8968584810391889
2012-01-22,0.0,-0.8495646701617534,-0.7945672415251174,-0.1640656594417144,0.8379763371212796
2012-01-23,0.0,-0.8565070218669025,-0.7963865499079731,-0.13693501926156046,0.8511819377456538
2012-01-24,0.0,-0.8687853395047012,-0.806884899599638,-0.10575942575953395,0.8633544874549545
2012-01-25,2.7,-0.7903589766570495,-0.7380736624502159,-0.0984873584782245,0.9215288189343962
2012-01-26,0.0,-0.807501987508062,-0.7595514033580331,-0.06503632879766363,0.9319210707987602
2012-01-27,0.0,-0.7890427111215199,-0.7685057040642816,-0.03269021637378395,0.9432355492218327
2012-01-28,0.0,-0.7427387421238875,-0.7476961723197425,-0.4993739669727735,0.9546962877085905
2012-01-29,0.0,-0.7933935443635938,-0.74564353213705,-0.4674714626318132,0.9656388067183584
2012-01-30,0.0,-0.7764010626835294,-0.7424869369655493,-0.43491098361311664,0.9756283343555098
2012-01-31,1.5,-0.7134189906251652,-0.6986436358969218,-0.39316934092247474,0.9680488749547298
2012-02-01,0.0,-0.7079354622390026,-0.6974757601314248,-0.3577849129334291,0.9786213997580921
2012-02-02,0.3,-0.6894891330391625,-0.6865653597232609,-0.31857369330337143,0.9911957505238831
2012-02-03,0.0,-0.6891299387640358,-0.6941229434545654,-0.7024625951858351,0.3753889331870318
2012-02-04,0.0,-0.6874710531271268,-0.6912666894849971,-0.7217975636326512,0.22575117431956498
2012-02-05,0.0,-0.6678000745760975,-0.6812865234782967,-1.1429116815794087,0.2348455334419634
2012-02-06,4.0,-0.5224988030215257,-0.551557111034028,-1.136826251834022,0.32956545289672284
2012-02-07,0.0,-0.5419723411734684,-0.5741045355241502,-1.109467600628653,0.33849552901793156
2012-02-08,3.5,-0.4227935800887693,-0.4656825056302318,-1.339709156880645,0.4207011642531463
2012-02-09,0.8,-0.4163704772712372,-0.46006013580505134,-1.3370334299644133,0.1919873141047681
2012-02-10,0.0,-0.4438713821673244,-0.4672336629786827,-1.3096736486862102,0.19938748221589234
2012-02-11,0.0,-0.4824749598201142,-0.4869647283250521,-1.2640147270473145,0.20662047670373823
2012-02-12,0.0,-0.4999395605211057,-0.5029549667865298,-1.2187732282244248,0.21300493911289692
2012-02-13,0.0,-0.5390826332049582,-0.5271127048985019,-1.175465362834177,0.21887670550116958
2012-02-14,7.0,-0.3201409646547679,-0.2917008989343745,-1.0952466941429904,0.3698096993338175
2012-02-15,0.0,-0.3935868041292453,-0.3509501748602208,-1.0640980077543172,0.28894908126487207
2012-02-16,0.0,-0.4091658505045183,-0.3647797853309566,-1.3111167549771028,-0.5028272996153942
2012-02-17,0.8,-0.4187392025919842,-0.37140869584283026,-1.2667137876481913,-0.7930273195210682
2012-02-18,0.1,-0.428397598658684,-0.3796184852051698,-1.2282846772845675,-0.7779919029361315
2012-02-19,0.1,-0.4381975161043203,-0.38473197008750126,-1.1968305491905564,-0.7637746544163254
2012-02-20,0.0,-0.4504967091823588,-0.398270411424379,-1.1786924321627699,-0.7554883965721815
2012-02-21,0.5,-0.4968215746779533,-0.4336432644618717,-1.1803415589447135,-0.9146922466117179
2012-02-22,0.0,-0.49665013356694243,-0.4336112608268537,-1.1482933173402203,-0.9063417322568933
2012-02-23,0.0,-0.48410770469766573,-0.42734834191012133,-1.1137991019233435,-0.8993826074539149
2012-02-24,0.5,-0.4859665916645903,-0.4302073686191444,-1.074497100008,-0.8795666602568608
2012-02-25,1.0,-0.48770956722115577,-0.42337562521628574,-1.3455742428422617,-0.8502967565250789
2012-02-26,0.0,-0.5084620981852829,-0.44315023194059355,-1.3728353666810815,-0.8531738480544858
2012-02-27,0.0,-0.5271362170342516,-0.46647813822364886,-1.3422111520305888,-0.8573977596418934
2012-02-28,0.0,-0.5394783350947339,-0.4700662891347161,-1.3131208195163544,-1.6560525897931935
2012-02-29,0.0,-0.5540566032173373,-0.4776900678752254,-1.284891405699792,-1.8151538798367322
2012-03-01,0.0,-0.5695090565324193,-0.50245801201138,-1.2558741310478458,-1.8421960576164789
2012-03-02,1.5,-0.5259410067943553,-0.47114361102877195,-1.2112865728809252,-1.8322752046559199
2012-03-03,0.0,-0.525374777659554,-0.4690490719158216,-1.1853096614499163,-1.8438319995812156
2012-03-04,6.5,-0.30522872699075165,-0.26846934825613095,-1.085597483947547,-1.6143742235713303
2012-03-05,19.5,0.3633184099778622,0.34979927755334383,-0.8395086259435436,-1.0086883738014785
2012-03-06,1.5,0.2918148437316538,0.2854178803173365,-0.7961843162896405,-0.9783458428011057
2012-03-07,0.0,0.2087511922867627,0.21600921474155235,-0.8102535614547419,-1.006060260863055
2012-03-08,0.0,0.15178653745017784,0.17338238213836,-0.8293278639618319,-1.0351373975873055
2012-03-09,0.0,0.10964270193218749,0.14184099286214874,-0.8157631343206297,-1.051774881289961
2012-03-10,0.0,0.06662316414110282,0.10813698449530948,-0.7988334887745339,-1.0685135547940952
2012-03-11,0.0,0.029397794065197262,0.08068488642492075,-0.7829739044400919,-1.0853838235244024
2012-03-12,0.0,-0.003076768852760008,0.06105369301826379,-0.7651849303814129,-1.1038131636790316
2012-03-13,0.0,-0.04056111968595317,0.03841251168924329,-0.748403365688199,-1.123905642521375
2012-03-14,0.0,-0.07744711246547432,0.01528390635695022,-0.7319463228829293,-1.1430010837476579
2012-03-15,0.0,-0.11414819110593781,-0.011736663727662074,-0.7139208658813821,-1.2663252580684015
2012-03-16,3.0,-0.040653626623036995,0.06780000444421908,-0.6775105661686188,-1.2025932225813407
2012-03-17,1.0,-0.055953450847078236,0.05041980111148118,-0.6547484361191763,-1.2075483776219882
2012-03-18,0.1,-0.0970156038055015,0.010325513849070721,-0.63713035392246,-1.2301578312586723
2012-03-19,0.0,-0.13770074749414107,-0.03042217244892533,-0.6222769537664445,-1.2592624344852692
2012-03-20,0.0,-0.14980863275354378,-0.06500325480748964,-0.6093948252982669,-1.2961027780605439
2012-03-21,0.0,-0.15711378385595318,-0.08245247901862975,-0.5984679348240081,-1.3277314975998882
2012-03-22,21.0,0.6444475067369138,0.6221117642462669,-0.29807866370136965,-0.7856632248337
2012-03-23,15.5,-0.6084147489295163,1.2352855081807184,-0.0785749225077999,-0.4913686482549796
2012-03-24,0.5,-0.7711789080553665,1.0965931436312284,-0.05772610616068385,-0.5336826563567754
2012-03-25,0.0,-0.8528363312503582,0.9867758641487349,-0.04650356535069881,-0.5663758896372434
2012-03-26,0.0,-0.881105221666719,0.8674958652207642,-0.03698547986778639,-0.6013721285766823
2012-03-27,0.0,-0.9425855971878064,0.8376984118654579,-0.07662571450453362,-0.6339249059500653
2012-03-28,0.0,-0.9467244869006499,0.7673014815228435,-0.07547540432700468,-0.6622786003842936
2012-03-29,0.3,-0.9841797327994791,0.7471109718052638,-0.0679181484018647,-0.6841334425675274
2012-03-30,30.0,-0.04073213971180078,-0.28080070486235725,0.34499244520277006,-0.06043996195854914
2012-03-31,0.0,-0.2623863359673741,-0.4763459557999094,0.34554601627013704,-0.10950036379502226
2012-04-01,0.0,-0.41319902370328687,-0.6232347894334669,0.34369956200689983,-0.13699154312415163
2012-04-02,0.5,-0.5076818930200723,-0.7042864635669643,0.3475495627289071,-0.19322696632583225
2012-04-03,19.5,0.09216264810753888,-0.09588934102677772,0.5973155625174148,0.10359158391658357
2012-04-04,0.0,-0.11662076179590666,-0.2998934940347488,0.5916182556670154,0.075405267408939
2012-04-05,0.0,-0.2379026912582941,-0.4149081302233675,0.5841086297241419,0.046361610411060634
2012-04-06,0.0,-0.3674999247965896,-0.542932015207252,0.5742632809976257,0.016636637508164326
2012-04-07,0.0,-0.47854923366732977,-0.6605418101559254,0.5619309356288953,-0.012979358335903973
2012-04-08,0.0,-0.5732230565797054,-0.7254211125683017,0.5493929745667775,-0.042114840564360954
2012-04-09,0.0,-0.6228294515529583,-0.7691369659957821,0.5385484922600406,-0.06983665201323923
2012-04-10,3.0,-0.5648964710227004,-0.7194590322802653,0.5648432697497869,-0.043543303307856725
2012-04-11,3.5,-0.5508712402163227,-0.6346356932815256,0.48529272718920974,-0.009272377680082312
2012-04-12,0.0,-0.6550889956423241,-0.6977507673178795,0.45956410810482545,-0.03911192370012064
2012-04-13,1.0,-0.6807100189684786,-0.7308806446230126,0.4556904444301408,-0.05209454317169872
2012-04-14,0.0,-0.7653858217561385,-0.8102015567369845,0.4368907557053795,-0.08378093548814124
2012-04-15,0.0,-0.8030162804152507,-0.8559081998507657,0.41485810856837346,-0.11632548169963541
2012-04-16,0.0,-0.7253957306101717,-0.7880333501083282,0.3925014233019352,-0.14883600198313546
2012-04-17,0.0,-0.8447651443665742,-0.8760975018561927,0.3701901055541388,-0.18124494791949347
2012-04-18,0.0,-0.9594403396514948,-0.9742468244289991,0.3405865054199601,-0.2146760006830869
2012-04-19,3.5,-0.8575352377461911,-0.8766502803460939,0.2870775076376898,-0.19199529527237233
2012-04-20,0.5,-0.8047860226541983,-0.8457358929708708,0.26827043822822644,-0.3035764339851993
2012-04-21,29.5,-0.03070851170929831,-0.23772506737671492,0.5401390396107562,0.14177048722109578
2012-04-22,1.5,-0.2076043007456523,-0.39766230524043494,0.5339481711467946,0.13096377310172452
2012-04-23,0.0,-0.33642665085510837,-0.5096292465710068,0.5113181700304094,0.0975094797625461
2012-04-24,0.0,-0.455502026881797,-0.6060566579665314,0.4880418679041121,0.023731772426755636
2012-04-25,19.5,0.11520527710757551,-0.07471321419093786,0.6740999439105189,0.2735953506906742
2012-04-26,0.5,-0.08101516078898859,-0.2742019827406817,0.6549051104485585,0.2462699069573183
2012-04-27,0.0,-0.24360494907536298,-0.4233125587970302,0.6288842159261575,0.21089752433255432
2012-04-28,0.0,-0.36840818878246,-0.5413925473586553,0.6036309749569317,0.1761949754154258
2012-04-29,0.0,-0.5187187895511725,-0.6729060945415933,0.5791016926397312,0.14265134905524707
2012-04-30,0.0,-0.5567142979261873,-0.7021504088483412,0.528492843437702,0.08832788750287984
2012-05-01,20.5,-0.004663397290261091,-0.1686908684760579,0.7146013543869016,0.32639697804529266
2012-05-02,4.5,-0.03602384287824686,-0.19772934279918922,0.734792399679052,0.346483363225024
2012-05-03,0.0,-0.19423181509665938,-0.36079620736153367,0.37832760711413216,0.3126376577275694
2012-05-04,0.0,-0.3274588540124412,-0.497613507795834,0.27608155071760465,0.280382031851992
2012-05-05,1.0,-0.418865745421884,-0.5770520989437925,0.2646430718969115,0.26167351058143645
2012-05-06,0.0,-0.4602301799766428,-0.6051966979258694,0.24364980396796168,0.1819704437158659
2012-05-07,0.0,-0.5613353546668199,-0.7133612159021754,0.2245429811848753,0.1547540710264835
2012-05-08,0.0,-0.6689333900514403,-0.8306407116411971,0.20651172646344185,0.08472705058889776
2012-05-09,0.0,-0.7623665506951847,-0.9398524746981313,0.06292703794469189,0.049521115951740316
2012-05-10,0.0,-0.7796524563564902,-0.9396347733181242,0.04647612947571729,0.02581338234569534
2012-05-11,0.0,-0.8720091345292662,-1.0370294217167975,0.030691465453843915,0.002835471214860634
2012-05-12,0.0,-0.8697342328866458,-1.0066252948802945,0.015605288227105371,-0.018784586505006973
2012-05-13,0.0,-0.9861269702018675,-1.1353462404089094,0.0006552832931373419,-0.03950120145200339
2012-05-14,14.5,-0.6105216124093742,-0.7569168784922163,0.13660386084701676,0.034474200543201265
2012-05-15,0.5,-0.6698552359398614,-0.7967659439454907,0.08623416769159417,0.02260786055552802
2012-05-16,1.5,-0.7503621742435661,-0.8763216479536692,-0.27850700795284977,0.023253832045686054
2012-05-17,0.0,-0.8164420328422896,-0.9413272570204434,-0.4249158426882883,-0.004454673145066219
2012-05-18,0.0,-0.7908876793623173,-0.9148823424672903,-0.4371339326800795,-0.022846611806871843
2012-05-19,0.0,-0.8460150916494196,-0.9697648937187163,-0.44836524961944124,-0.040129548919787296
2012-05-20,0.0,-0.9260259175026415,-1.0558734370814515,-0.4602730856740812,-0.054900216071786336
2012-05-21,0.0,-0.9200701256678014,-1.052573608509937,-0.5426566378826461,-0.0735625930676257
2012-05-22,0.0,-0.9524355009191996,-1.0914560502295318,-0.5521651907337742,-0.08424876105473914
2012-05-23,0.0,-0.9950056996527746,-1.1333135650115835,-0.5619617136240581,-0.09503974957674122
2012-05-24,0.0,-0.9992669382086079,-1.1383816049930104,-0.573519810600868,-0.113798296617395
2012-05-25,0.0,-1.0087754539812148,-1.141043196050304,-0.5862799496623257,-0.13917837993639978
2012-05-26,0.0,-1.0695034905463263,-1.2171831393067105,-0.5981338474150634,-0.15083802635658097
2012-05-27,0.0,-1.1282266572038477,-1.2884418149068375,-0.6109029859951665,-0.1626315958627985
2012-05-28,0.0,-1.0801826269832184,-1.2446869670349332,-0.9099989929575627,-0.17293713984147469
2012-05-29,0.0,-0.9949153512511067,-1.144868777152723,-0.9681265610386808,-0.18359090980136147
2012-05-30,0.1,-1.127031466906177,-1.290595656087395,-0.9835005304244429,-0.19230594143793694
2012-05-31,0.0,-1.157472096110133,-1.3122930282221663,-1.0057538869048455,-0.21861962545358937
2012-06-01,0.0,-1.147196962058551,-1.265288600034727,-1.0156660033827478,-0.22718536805700365
2012-06-02,3.5,-1.1121121335632822,-1.239740589125714,-0.986004570965597,-0.2728947947777041
2012-06-03,0.0,-1.2052979846907437,-1.325209374047045,-0.9975237658907016,-0.5233688737677554
2012-06-04,0.0,-1.277058249424738,-1.3985829649342376,-1.0098526532778216,-0.5544589892341425
2012-06-05,0.0,-1.2601695925918,-1.3650260513177352,-1.027847141478006,-0.5659176132254724
2012-06-06,0.0,-1.3022714221963887,-1.4064889016291344,-1.0476672154654563,-0.5784204036092528
2012-06-07,0.0,-1.3116103884504975,-1.4126741458690777,-1.0638293565560333,-0.5930568780345166
2012-06-08,2.5,-0.9935265737238577,-1.0466511543979458,-1.0515620627465836,-0.5782939723075571
2012-06-09,0.1,-1.1075484830827584,-1.142344395835894,-1.0676054059768652,-0.5955913550522852
2012-06-10,0.0,-1.1941068171017473,-1.218146319917798,-1.0866053312913626,-0.616421801850968
2012-06-11,0.0,-1.2617031577856368,-1.2771029798297593,-1.1063035380940127,-0.6374666397089814
2012-06-12,12.0,-0.9344443856529703,-0.976295313287673,-0.9973777046452146,-0.5190070934457317
2012-06-13,32.5,0.068068266347585,-0.020352055806156167,-0.7226742639961343,-0.18999785714024592
2012-06-14,0.0,-0.14892589323663138,-0.23090289654067067,-0.750937967004862,-0.2516850917937887
2012-06-15,0.4,-0.2677066120401581,-0.34475076360445445,-0.778997553600104,-0.28980229676065855
2012-06-16,0.0,-0.3683835326231528,-0.43902936774840984,-0.8082121216986525,-0.32294418423137633
2012-06-17,0.0,-0.5536432640802142,-0.6209572386509177,-0.8375234839192969,-0.3546947990472615
2012-06-18,7.0,-0.3715474730775136,-0.4425205917918037,-0.8041388775686101,-0.3178941397201197
2012-06-19,3.0,-0.3137711492911296,-0.3701092215929586,-0.8085633759927736,-0.32246820378702234
2012-06-20,0.0,-0.49862206706114254,-0.5325072701191008,-0.8412312988320987,-0.563323858078149
2012-06-21,5.5,-0.49577755901375153,-0.5352213541866161,-0.8439163577772613,-0.6991688613818489
2012-06-22,0.0,-0.5946299107275509,-0.6419273965380166,-0.8883788287429224,-0.7397659343957035
2012-06-23,0.0,-0.6266409971824763,-0.6642011591628955,-0.9236438072924539,-0.7745139273783997
2012-06-24,0.1,-0.6911563509672892,-0.717284087394364,-0.9571004714301656,-0.805152753554837
2012-06-25,0.0,-0.8430667188879956,-0.8556041346722686,-0.98972223083722,-0.8354535718729023
2012-06-26,0.0,-0.8607081678654316,-0.8808281400568467,-1.0234700912025425,-0.8669302954047559
2012-06-27,0.0,-0.8732410273238125,-0.885318607946978,-1.0583487905532947,-0.9024784054842924
2012-06-28,0.0,-1.0058594417412792,-0.9821725005994829,-1.09439016734383,-1.2396616579518407
2012-06-29,5.5,-1.024641551012624,-0.990876499840373,-1.0959855562147232,-1.2136709353939992
2012-06-30,11.0,-0.8963566098282661,-0.8935449963893657,-1.0483591716205871,-1.137806308877041
2012-07-01,0.0,-1.0365318326991069,-1.0243634225974463,-1.1047693028714436,-1.1814197181437673
2012-07-02,0.0,-1.0788770742148226,-1.0749084257423314,-1.168972359282637,-1.4185018090728159
2012-07-03,0.0,-1.1388142420348517,-1.1390005504075835,-1.2120246336286347,-1.4576498066416843
2012-07-04,0.0,-1.2087625600384408,-1.2037017892293183,-1.2561900795341947,-1.4969577387282347
2012-07-05,51.0,-0.44001616317056563,-0.5151465800233592,-0.9328993628179709,-1.0580696668975402
2012-07-06,23.5,-0.23957131173708,-0.33227050295479665,-0.8232757253585617,-0.9062264014170561
2012-07-07,0.0,-0.4421564543103082,-0.5175226586258117,-0.872126553740491,-0.9518358994622547
2012-07-08,0.0,-0.5657084415792395,-0.6373730284669262,-0.9202343376148302,-0.9971556276143725
2012-07-09,0.0,-0.6958529496299791,-0.760018513970427,-0.9678028007196672,-1.0658981814643043
2012-07-10,18.0,-0.4785916887599754,-0.5569865527642062,-0.8971869895144935,-0.9921269844179272
2012-07-11,67.5,0.294732301353036,0.13105437967691486,-0.5337098546286994,-0.543637236560886
2012-07-12,3.5,0.042374404935540434,-0.10182310019428087,-0.5577283146619316,-0.5661087762845143
2012-07-13,0.0,-0.14745255103372987,-0.2846076322523943,-0.6007433443014427,-0.6036541794435987
2012-07-14,67.5,0.11503276341975704,-0.06116836147077156,-0.27155552159304935,-0.21428839428879407
2012-07-15,44.0,0.42768062978443194,0.21363922315833922,-0.08646039298885758,0.0032430609776908574
2012-07-16,0.1,0.17784137796276464,-0.01521352625060329,-0.12618128315715682,-0.02986648677943936
2012-07-17,14.5,0.2070116065599403,0.010288992095620444,-0.09375681398667636,0.01659819628975108
2012-07-18,18.5,0.32905409525314017,0.10121048759499492,-0.04347002231063908,0.06469913928102093
2012-07-19,20.5,0.47413148439211444,0.22125732871112042,-0.007193656322138641,0.13911147649847283
2012-07-20,2.0,0.3514012745831701,0.11082493615609187,-0.03529986209924793,-0.03712341267809869
2012-07-21,0.0,0.22047788237016838,-0.0056512835816164035,-0.0719443348401827,-0.07452941415982318
2012-07-22,0.0,0.08309666897618607,-0.11574744559459671,-0.10844067068431275,-0.10345611616987724
2012-07-23,0.0,-0.03115357175857669,-0.20473966355817488,-0.1585513469159748,-0.132932613124855
2012-07-24,0.0,-0.1091345807072495,-0.2588933227746121,-0.1953758556761888,-0.2692430245947437
2012-07-25,0.0,-0.18745445901715468,-0.31875398320763454,-0.2325110750217055,-0.30108593774778286
2012-07-26,0.0,-0.26052819765167046,-0.3853767097169132,-0.26616982513807463,-0.3258051265544044
2012-07-27,0.0,-0.31611710159287904,-0.4432920384541039,-0.2983756429044643,-0.34889897201737896
2012-07-28,0.0,-0.36831422979964085,-0.492430186536111,-0.32956132232208935,-0.3709538016134419
2012-07-29,0.0,-0.40400155222934575,-0.5285009321858025,-0.36736384319091264,-0.3918067075825501
2012-07-30,0.0,-0.47349231365703043,-0.5895814883764056,-0.39479034020481774,-0.5252005604990131
2012-07-31,0.0,-0.5386931799573453,-0.650453971603635,-0.4227261173659628,-0.567717617448072
2012-08-01,0.0,-0.588790606443033,-0.6967460106799817,-0.4488113274227756,-0.5839065603681015
2012-08-02,0.0,-0.6366045097632376,-0.7426350174621549,-0.47376022929686445,-0.5988358686709406
2012-08-03,0.0,-0.618718858296717,-0.7383722476368564,-0.49869167542320114,-0.619202570359172
2012-08-04,0.0,-0.7328114153157029,-0.8244818008516929,-0.5429335420025765,-0.6339356656117581
2012-08-05,0.0,-0.8391261066956366,-0.9136327836453074,-0.5689307396615438,-0.6501244326831994
2012-08-06,47.5,-0.17632788514761727,-0.3680510656366188,-0.39060095115909643,-0.41069047000969067
2012-08-07,0.0,-0.3082041081076454,-0.467681825166058,-0.42014903848202984,-0.428259158819331
2012-08-08,0.0,-0.35501073640384434,-0.47578994981229217,-0.44560852042522076,-0.4456719203742614
2012-08-09,1.0,-0.4349606328494833,-0.5198453971139658,-0.46689371139500857,-0.4586148230706889
2012-08-10,9.5,-0.40942847934326143,-0.49068390972812176,-0.45069431388250614,-0.43005228756892916
2012-08-11,0.0,-0.5110142110453413,-0.5746264810354287,-0.47650385327734956,-0.44941430562226464
2012-08-12,21.0,-0.30770358633919015,-0.4305297856447061,-0.44147526931532455,-0.4376839094168073
2012-08-13,24.0,-0.10599664255619021,-0.28150523495102103,-0.3656758146899051,-0.3469475645447533
2012-08-14,0.0,-0.24402624634615266,-0.38826126554555745,-0.3923767844535468,-0.3758444690378995
2012-08-15,0.5,-0.330854475818227,-0.4586071272875336,-0.42057530886175426,-0.3955079757180189
2012-08-16,47.0,0.03832048702871386,-0.07592161797468427,-0.25583647007051075,-0.20668188267089285
2012-08-17,0.0,-0.1498989866818686,-0.21634973569163432,-0.28313642491363483,-0.2293298995545883
2012-08-18,0.3,-0.264447913533164,-0.3115315859095975,-0.30841283997621405,-0.2502640433336837
2012-08-19,0.0,-0.37922582644808867,-0.3975282240245145,-0.33682677186583065,-0.27301431858173725
2012-08-20,0.2,-0.4737989066102393,-0.4740828876559877,-0.3629758303007458,-0.2960652011836876
2012-08-21,6.0,-0.4897660772361292,-0.4874852034537512,-0.36632422087415567,-0.2944196501538715
2012-08-22,25.5,-0.2777701494654973,-0.32304212820946754,-0.29542991560579174,-0.21092538580564224
2012-08-23,16.5,-0.2008977662395438,-0.27133368151155285,-0.2613654478145826,-0.1653770145979515
2012-08-24,63.5,0.4408151912224048,0.06924672655476419,-0.05219153524719993,0.057697119212863864
2012-08-25,0.0,0.21380440323593267,-0.10612613611076509,-0.07597586682666231,0.03689732911756642
2012-08-26,0.0,0.04604961040035817,-0.2280459115260902,-0.09986304644466648,0.015462508081134639
2012-08-27,1.5,-0.06734924938038282,-0.3255903550032192,-0.11808299180082019,-3.340358364827701e-05
2012-08-28,88.5,0.943807804387363,0.444342698599165,0.16711520142435132,0.2946171918747798
2012-08-29,3.5,0.6085813213407724,0.24500402447904993,0.15161448823529936,0.28629582450252467
2012-08-30,117.5,1.6753502137581355,1.1608983743839476,0.5099991559792956,0.6474368693240483
2012-08-31,0.0,1.3326159858535376,0.9343007663202958,0.46770618601275116,0.616650253559156
2012-09-01,0.0,1.1052862773728818,0.7954227326156537,0.3849948456278335,0.5976637823714485
2012-09-02,0.0,0.9465883218876991,0.6809837611960647,0.35945499707430584,0.5802580629294497
2012-09-03,0.0,0.8056329558191538,0.5857543824678265,0.340091783990473,0.5642133438595893
2012-09-04,34.0,1.1131762729882124,0.8543386135287673,0.4283487467580565,0.6538440846160672
2012-09-05,14.5,1.1767430713201992,0.8948255020430935,0.4555635083106493,0.6850249878822616
2012-09-06,0.0,1.0796062043608392,0.7990503559732209,0.4384519461152313,0.6666228786256643
2012-09-07,25.5,1.3138001946272908,0.9748017034560492,0.499841554091184,0.7333478052368064
2012-09-08,46.5,1.835004553884599,1.3830938156711416,0.6220987224926731,0.8606273061906526
2012-09-09,14.0,1.8244556381922918,1.3686732177686836,0.6480431637062829,0.8955809866897798
2012-09-10,2.5,1.7224956925242016,1.2672961645549075,0.6411921467327163,0.8660474253742849
2012-09-11,0.0,1.4796298714082772,1.0732080983204464,0.6281786513569421,0.7712484990679269
2012-09-12,0.0,1.3212743262701911,0.9499544233462247,0.6072437332555926,0.770749602907918
2012-09-13,8.5,1.3123377919032733,0.9556142270009476,0.617536560731326,0.7960929808880376
2012-09-14,2.5,1.1644555531007692,0.8611166710865942,0.61402905480572,0.8063748616281033
2012-09-15,0.0,1.0189501865960524,0.7607148885989492,0.6048794426472185,0.8109370827516741
2012-09-16,55.0,1.630952785896823,1.264432674934677,0.7513311797356469,0.9531553654074102
2012-09-17,69.0,2.2620706363190255,1.8107298397762646,0.9317706327229482,1.140935673250559
2012-09-18,0.0,2.008498218901347,1.596290065168726,0.868029839450387,1.149991652735719
2012-09-19,0.0,1.9190463595984162,1.5105873766878575,0.8189555129648513,1.1455620165090281
2012-09-20,0.0,1.8744179945527188,1.4549887070195129,0.8112686097716615,1.1571905555513777
2012-09-21,0.0,1.8266245706294857,1.411312883402628,0.8050912764467513,1.1695711954949795
2012-09-22,0.0,1.744803346063159,1.3578567293107617,0.7991629947525571,1.1817343929548012
2012-09-23,0.0,1.7377739272150086,1.3394209534996315,0.7936096898957568,1.1970976915122076
2012-09-24,0.0,1.7153215124459955,1.3122526003034192,0.7885293508048014,1.2137496609617298
2012-09-25,0.0,1.7079734778987452,1.294776322255321,0.7827504783191379,1.2316486546516316
2012-09-26,0.0,1.6899846042023854,1.269652175154222,0.6965834929838148,1.2507970535184618
2012-09-27,0.0,1.6552199130348646,1.236621572216378,0.6927642321388577,1.2572579649052422
2012-09-28,0.0,1.573523302228559,1.1787771965063851,0.6895490480308604,1.2506754097863761
2012-09-29,0.0,1.322567530123559,1.0299541811496096,0.6858334075933246,1.2763108672382484
2012-09-30,0.0,1.3959084646949307,1.0122008343499012,0.6308438553471623,1.3035100237741375
2012-10-01,0.0,1.3758081331763354,0.9760581927228256,0.6301444659401869,1.3323576951916232
2012-10-02,0.0,1.3515302418286554,0.9477964700436222,0.6299708537145385,1.3623148613412204
2012-10-03,0.0,1.3591272303018598,0.9392277150832983,0.6305427177940155,1.2521204377670947
2012-10-04,0.0,1.3056294146282923,0.9022869348391508,0.6315322088530347,1.2177367504823808
2012-10-05,0.0,1.263580345653912,0.8715924143952716,0.6326222079464859,1.2501986895689514
2012-10-06,0.0,1.2129034391735565,0.8376745683344778,0.6341105933128518,1.283745595950137
2012-10-07,0.0,1.198432828191049,0.8219690904304905,0.6277272796483838,1.3188565021430052
2012-10-08,0.0,1.1775765072945257,0.8021241192950086,0.6199411859302102,1.3013857451514075
2012-10-09,0.0,1.1431862216076383,0.7784564053724763,0.6222946386366561,1.134075002985576
2012-10-10,0.0,1.08894444219877,0.7470193041104787,0.6220293911392324,1.1563805950608903
2012-10-11,0.0,1.0592690031073102,0.7179908727587054,0.6246183904019879,1.1888720281886702
2012-10-12,0.0,1.022480667406327,0.6925418454912751,0.6272905116684346,1.0096174857636113
2012-10-13,0.0,0.9984700060215894,0.6702546509638623,0.6298498680952609,0.8975626296257406
2012-10-14,0.0,1.0097048868938232,0.6716468116867016,0.6326212029990516,0.9290782486741762
2012-10-15,0.0,0.9991445240715465,0.660202288789464,0.6361089747394554,0.9134665264991606
2012-10-16,0.0,0.9737252127924744,0.6446934795818978,0.630645401672509,0.8840824294789703
2012-10-17,0.3,0.9766952823926793,0.6423351144371021,0.6347996029329539,0.8466156636418171
2012-10-18,0.0,0.9683268002947393,0.6315367473712491,0.5581917647050925,0.873171806639803
2012-10-19,0.0,0.964276247775152,0.6240999526696258,0.5583547636874483,0.9062503566889826
2012-10-20,0.0,0.9518726120458206,0.6128450889410141,0.5629937422306074,0.9393420935892655
2012-10-21,0.0,0.9330413559670198,0.5931689641722281,0.5677713659456413,0.9735542683870853
2012-10-22,53.0,1.975408203474943,1.443778434445967,0.6646143375328979,1.1940571226541294
2012-10-23,0.0,1.8230849266459903,1.3157340114403133,0.6683252898234632,1.227625968352391
2012-10-24,0.0,1.701113116130218,1.2223057162771744,0.6738421787487937,1.2559800321485857
2012-10-25,0.0,1.6253564540840313,1.16040376939652,0.6794511751545982,1.283434082349947
2012-10-26,0.0,1.5799545340998327,1.1142607161104547,0.6851069803262094,1.3099783673592127
2012-10-27,29.5,2.116602415789401,1.5656925469326122,0.7698074927526926,1.4380455211527434
2012-10-28,0.0,1.9447339695169874,1.4343311889920418,0.7212163309461967,1.46430495480432
2012-10-29,0.0,1.8656833262547308,1.370651609034476,0.7152996684062111,1.4888054779531834
2012-10-30,0.0,1.799002872180741,1.3157715055835686,0.721644005151772,1.5133830401128157
2012-10-31,0.0,1.749632007648856,1.2707957720956444,0.7275923888133415,1.5385813106945867
2012-11-01,0.0,1.7244824051352052,1.238841563430074,0.7306269415953055,1.5664070613120558
2012-11-02,0.0,1.6990198488424177,1.21249918589046,0.73625006463389,1.594372196881266
2012-11-03,0.0,1.6719003262584275,1.1796288792711715,0.7415435015395675,1.6233105474121634
2012-11-04,4.0,1.744004847479102,1.2348328849561283,0.7572833689034955,1.5091205387443918
2012-11-05,1.5,1.6634048505449515,1.183213165240108,0.7663571906091212,1.5448682377320764
2012-11-06,5.0,1.7736922396017096,1.2620791202208703,0.7846968448519098,1.5921523747150026
2012-11-07,0.0,1.7151781142728293,1.2146120147934922,0.7896569963220458,1.6184451840925833
2012-11-08,0.0,1.656171373546352,1.165668734935987,0.7944698131686824,1.6175164400309825
2012-11-09,0.0,1.6073373577521939,1.1344560247054234,0.7992033803739667,1.649145686501486
2012-11-10,4.5,1.6575429251155174,1.1713207487849984,0.7775080046645672,1.626685494765296
2012-11-11,4.0,1.71117205834734,1.2156454486289265,0.7912366868702421,1.5946488175955078
2012-11-12,0.0,1.6712481189779465,1.1868005844981022,0.7917807856208134,1.632557910348634
2012-11-13,0.3,1.6466525097343245,1.1655794943312205,0.7973784887482016,1.6729450033717823
2012-11-14,5.0,1.7461664046621939,1.2435887607355296,0.8151811570201413,1.5709032091575421
2012-11-15,0.5,1.6679779493313707,1.193093961506644,0.8208819158548016,1.6164298738716452
2012-11-16,6.5,1.7614379459066034,1.2818100968650843,0.8420018773202653,1.682667115889583
2012-11-17,6.5,1.8513912698316592,1.363575701314121,0.8625154722236755,1.7531824433515044
2012-11-18,0.0,1.78220117325477,1.3068240720069633,0.8654708584395077,1.8022676646165852
2012-11-19,0.1,1.708651953875831,1.2332146547283467,0.8688228508602466,1.8335021058527958
2012-11-20,0.0,1.6567635695199103,1.1997853243834926,0.8719318783832166,1.7950558543700181
2012-11-21,0.0,1.5650052749192296,1.1316123066950023,0.8754458767232101,1.788245802821191
2012-11-22,0.0,1.5547262141693896,1.1110257134149024,0.8787242447702579,1.5979180053840252
2012-11-23,0.0,1.5262054870047488,1.087897735302133,0.8821282501338475,1.654810668962588
2012-11-24,0.0,1.5186654615088706,1.07336621612932,0.8851944878361109,1.713969941117183
2012-11-25,4.5,1.6085332205796117,1.1454337352219714,0.900556290001951,1.7868630232399982
2012-11-26,3.5,1.5970534929969846,1.1436612365898338,0.9133654105839571,1.4790699345272813
2012-11-27,0.0,1.540620903096052,1.0970512719744157,0.9171307200397668,1.5213920425489673
2012-11-28,0.0,1.4597579407841537,1.0493414496549147,0.9209043907117721,0.9887585097697851
2012-11-29,0.0,1.4298529761019352,1.021069283070108,0.91545664040082,1.0461142678888236
2012-11-30,0.0,1.4114172517378056,0.9991587134902051,0.919344473267167,1.1037726601646538
2012-12-01,0.0,1.3634573553966858,0.9596977297199275,0.924180090417749,1.1643327032281374
2012-12-02,0.5,1.3470808022813268,0.939467611736685,0.9304628999780591,1.2266803604469487
2012-12-03,4.0,1.4172330845476127,1.006869449226028,0.946202239053877,1.108845173607052
2012-12-04,0.2,1.3406699216828792,0.9340659877474292,0.953184253928294,1.0780852693299903
2012-12-05,14.5,1.7408232509049493,1.2773901955649256,0.99134070872126,1.2295967659336577
2012-12-06,4.0,1.7589146730624075,1.2925940843305785,1.0097999110104472,1.1523611756740575
2012-12-07,3.0,1.794418906057853,1.3224785645934918,1.0270334710607925,0.9117264275011426
2012-12-08,4.4,1.8904358335551534,1.4056035373502105,1.0493247325135326,0.8963839222577995
2012-12-09,1.3,1.792168017974187,1.3464044312813066,1.034650134919757,0.9423290087219344
2012-12-10,0.0,1.6637270082495632,1.2558400530511886,0.9635486942443544,0.9967671240644963
2012-12-11,0.0,1.6232497498756147,1.2197282329803905,0.9766205165255312,1.0519554985387713
2012-12-12,0.0,1.5951474953572298,1.1822263005495397,0.9904072793871064,1.0379054818142117
2012-12-13,0.0,1.5089641292359917,1.1206369070761615,1.0057527994682312,1.0684172670386134
2012-12-14,22.5,2.0788082953786438,1.6497776491791105,1.0796567147255125,1.3018594858591912
2012-12-15,0.0,1.9348620124060354,1.5296356544149428,1.078911203733401,0.8798574477935631
2012-12-16,0.0,1.8733381572771135,1.467929498038885,1.0778027848517198,0.2064258143812587
2012-12-17,0.0,1.8294254663465708,1.4300233314554742,1.096225703103372,0.2452849112060519
2012-12-18,0.0,1.7910079132358714,1.3967995293954096,1.1015591651661067,0.28347739876496963
2012-12-19,0.0,1.7335374672158692,1.3578797253573671,1.12227416368308,0.32115977766422044
2012-12-20,0.0,1.6631094271489708,1.296478716036047,1.1434748304389286,0.35894038379946586
2012-12-21,11.5,1.986375023026477,1.594901196884164,1.195611693354396,0.5327554026382694
2012-12-22,0.0,1.8775756580677596,1.5102250070850554,1.2194360461121168,0.5741740542317602
2012-12-23,0.4,1.8530015038249679,1.4418685669684748,1.246906056722346,0.6185772101856076
2012-12-24,0.0,1.8148506411975784,1.4107087157395108,1.2742932789049686,0.6601002939266758
2012-12-25,0.1,1.7767180307127974,1.3801649669876042,1.3039001756524948,0.7032304214446647
2012-12-26,0.0,1.720212967030013,1.3383933845363278,1.3196290681533904,0.7456088340756286
2012-12-27,0.0,1.6670559808527436,1.2886229528232775,1.3227223163329414,0.7885636270466632
2012-12-28,6.7,1.8901419456492279,1.49059020337233,1.37394143871209,0.911314465154486
2012-12-29,3.0,1.8584565873598997,1.4838979133802463,1.4171651054087873,0.9882226612411539
2012-12-30,2.7,1.8510077841455712,1.4931957255311104,1.4609155988788096,1.0623513638144935
2012-12-31,0.8,1.6872500863004283,1.36224370466607,1.501170024102267,1.1119842944824796
2013-01-01,0.6,1.7071655621376072,1.3709036569399773,1.4038794155879415,1.1554890749107651
2013-01-02,0.5,1.6586162448341404,1.3366598177227218,1.3797428632203395,1.19594657621548
2013-01-03,0.0,1.5563174332660366,1.255591533766718,1.4202729736699564,1.2287728844922887
2013-01-04,0.0,1.5213255605499028,1.2292721486521205,1.4613798092923804,1.2569430213125803
2013-01-05,0.0,1.4363889885857637,1.1726408055009636,1.5028162001453875,1.2848565518256518
2013-01-06,0.0,1.3983282097732996,1.1384011603658037,1.4934893314980318,1.310419599320829
2013-01-07,0.0,1.3366649399719204,1.0775026586900114,1.3371865687972468,1.334899389853108
2013-01-08,0.0,1.3058285477437983,1.0395377816550384,1.3667486225265122,1.3595777914341722
2013-01-09,0.0,1.2486916850749088,0.9843803478309283,1.4068720293161316,1.383735656645071
2013-01-10,0.0,1.2224426019037302,0.9477160799324085,1.2388187701128892,1.4097300211103145
2013-01-11,0.0,1.1483423373905606,0.891144815069425,1.1378867980501042,1.4366591819547616
2013-01-12,0.0,1.1087719094444826,0.8587097501765354,1.177160980413393,1.462199953326708
2013-01-13,0.0,1.063744197496301,0.8304127652164918,1.168850943498147,1.4837207059993602
2013-01-14,0.0,1.0513857309330747,0.8172535977142076,1.1470090132063653,1.5006557858143132
2013-01-15,0.0,1.0299676217869125,0.7951804231399846,1.1164467896796686,1.5120210267135972
2013-01-16,0.0,1.0021694685396705,0.7531113962583843,1.1341101751749298,1.5243403552203185
2013-01-17,0.0,0.9423916616076113,0.6982572273859303,1.1750300673875493,1.541261202276708
2013-01-18,0.0,0.8623297394055732,0.6335422564248252,1.2167311320808434,1.5584866967017332
2013-01-19,0.0,0.7929407201922755,0.5777724619836756,1.2595725194753515,1.5715710936171698
2013-01-20,0.5,0.7436485533205093,0.5440129063053887,1.3049364350406814,0.737057278860849
2013-01-21,13.5,1.1593250703383884,0.9432489179539463,1.3960453047479808,0.9826243444893488
2013-01-22,0.2,1.0333049481403649,0.8259634282845331,1.4382978788551315,0.9977040915129302
2013-01-23,3.0,1.0270522975477778,0.8237266814366919,1.48575230074762,1.062549959505523
2013-01-24,0.1,0.9487531287295973,0.7506479753556136,1.5214834305482854,1.0768701466560031
2013-01-25,0.0,0.913387523830655,0.7060508892255586,1.5566813056554367,0.5561215646393408
2013-01-26,0.1,0.894369814251046,0.6754081794728657,1.5917674971428166,0.5676931222887416
2013-01-27,0.1,0.8926454052939186,0.6555070819577455,1.6250955378780374,0.5802113339380104
2013-01-28,0.0,0.8595242377527643,0.6102467291161188,1.656927855970692,0.5906498126072217
2013-01-29,0.0,0.9320952133022697,0.577418590159228,1.6886404085614408,0.600621638476428
2013-01-30,0.0,0.9032725580205025,0.5388628262507231,1.723474705121891,0.6098996960669476
2013-01-31,2.0,0.9775790875362136,0.5829127037034831,1.7659287822486138,0.6582901353612499
2013-02-01,20.5,1.6790211101737846,1.2126998571687553,1.875614055074974,1.046272062165221
2013-02-02,0.0,1.4699836757374072,1.0463434201068629,1.7402595868163937,0.9858102626943087
2013-02-03,9.0,1.682187965468003,1.2520540743494186,1.8107848766618164,1.1282591206123942
2013-02-04,4.5,1.714966101907049,1.2828473718664344,1.8648747793527374,1.1290056158183766
2013-02-05,5.5,1.7669358251729985,1.34833343629635,1.9202620005865385,1.2324441768408323
2013-02-06,2.0,1.7470595697405913,1.3266711799859536,1.9292465852288099,1.2745408334978785
2013-02-07,0.0,1.6562693596952898,1.2529120148319424,1.9667074920391836,1.282405606742959
2013-02-08,0.0,1.5941218446891416,1.1971184794683227,1.9281562665671144,1.2137197128643735
2013-02-09,0.0,1.4929893579245153,1.1139408399980906,1.8784760604812216,1.153401174447731
2013-02-10,0.0,1.3964294314895134,1.0401718620644338,1.9205686506010953,1.1577256566883747
2013-02-11,0.0,1.340857886034442,1.000561113520066,1.9635217303094856,1.1569462500045553
2013-02-12,0.5,1.2397138808346588,0.96748357452808,1.8332515667043539,1.0823346483149816
2013-02-13,0.0,1.1737716849712174,0.9266727750114455,1.8827831977374792,1.0725409165152255
2013-02-14,0.0,1.0999910244735427,0.8616345802848736,1.9316827741481617,0.9553206583992784
2013-02-15,0.0,1.0232237182684505,0.7824841406980028,1.983741804617507,0.8357274251863271
2013-02-16,0.0,0.8835688140346204,0.6733570715327365,2.0378779097357413,0.834336578915553
2013-02-17,5.0,0.9899655622214178,0.7751857528729879,2.0924590223418926,0.9215878846119784
2013-02-18,1.0,0.8994570091840169,0.69650688196649,2.053710062649072,0.938833757798632
2013-02-19,0.0,0.851124915182046,0.6493796307051536,2.044825190047027,0.9379803953230336
2013-02-20,0.0,0.7740054294182416,0.5834005433166902,1.83351102220215,0.9344815783640099
2013-02-21,0.0,0.7780702632377218,0.5676139897298766,1.8964652097337835,0.9301859430716477
2013-02-22,0.0,0.697046358905536,0.4972798394017775,1.9605725951743596,0.9245630660466816
2013-02-23,0.0,0.6129438165426189,0.4280726004243122,2.020013249207312,0.8412295103308415
2013-02-24,0.0,0.5628061102615227,0.37726153992735556,1.6658771273356092,0.7741336038572166
2013-02-25,0.0,0.5561300927363557,0.35341204493416545,1.7121739738389743,0.7671273858871466
2013-02-26,0.0,0.5298453991297163,0.32376955208545677,1.1421544859754333,0.7597611791597683
2013-02-27,0.0,0.4803334912447854,0.27875479309637646,1.2034398995930506,0.75247156943534
2013-02-28,0.0,0.4254219788725111,0.2261364036861332,1.2676403261243903,0.7443216854476951
2013-03-01,4.0,0.5064701627858479,0.300493463287167,1.3590938090949174,0.8034914669995831
2013-03-02,0.0,0.4395466277187278,0.23588479170326943,1.4239276005310764,0.7865741219782919
2013-03-03,0.0,0.3875944945541597,0.18207806940334298,1.2760922768459153,0.7095575899527194
2013-03-04,0.0,0.34334210550651656,0.13752263673951068,1.2434855763833133,0.6957551539525013
2013-03-05,0.0,0.31169842287775257,0.10153993829677738,1.3047911336312157,0.4301520949044076
2013-03-06,0.0,0.2862219370281731,0.06653109117950143,1.1901071155387815,0.34626753638109675
2013-03-07,1.0,0.28697553634975403,0.06474313793839052,0.913364342076296,0.29781617562341783
2013-03-08,0.0,0.23928775705245883,0.02942786642370025,0.8596601560419596,0.20215415728087494
2013-03-09,0.0,0.1940377328741777,-0.00032772669778010006,0.8908970156009139,0.16383267135120738
2013-03-10,0.0,0.15426894071165584,-0.03354044398866198,0.9422159035938543,0.14975912303442457
2013-03-11,0.0,0.10608599579654694,-0.07087664107884643,0.9928592664060465,0.13535236945041862
2013-03-12,0.0,0.05931399160015186,-0.1063608645509253,0.9673055716016133,0.11981962859391178
2013-03-13,24.5,0.8860036555922479,0.6682328724767947,1.2060350417095735,0.5557340431132558
2013-03-14,0.0,0.7218812312493931,0.5186747875833271,1.25028205460855,0.1277227850627132
2013-03-15,0.0,0.605504884379048,0.447855517374283,0.7862994007700029,0.11138289214754243
2013-03-16,0.0,0.496994854556624,0.3568403710386133,0.10264955058218136,0.09380669788144667
2013-03-17,28.0,1.3732614813025683,1.2478450338423503,0.43796794410969736,0.5913135937388267
2013-03-18,18.0,1.7620514942394379,1.6414940189073692,0.6595601350984367,0.8763412329867099
2013-03-19,0.0,1.5659525641390366,1.4345722147675708,0.6917954363377369,0.8620162879843178
2013-03-20,0.0,1.4064660732277356,1.2772984746624958,0.7213523738682744,0.8458035436389592
2013-03-21,0.0,1.2657620574213817,1.1219663548891456,0.7502436931264694,0.6364723505381679
2013-03-22,0.0,1.1379009583758004,0.9831734665434695,0.777513691868072,0.6145763427327059
2013-03-23,0.0,1.1562698804583775,0.8380608991479017,0.8031895492308205,0.584278413531852
2013-03-24,0.0,1.1085770556693182,0.9077313647444566,0.8265098875857879,0.5611076510897226
2013-03-25,0.0,1.0233131359147525,0.8327119493211647,0.8500797162363753,0.5354717525313917
2013-03-26,0.0,0.9305581694939893,0.7551003277504185,0.8724842140974001,0.5111072660839538
2013-03-27,0.0,0.8275863882256961,0.650966068659533,0.8940994424398598,0.48582141025955605
2013-03-28,0.0,0.7855310404790596,0.6080954549562136,0.9132596244344519,0.33778427979818454
2013-03-29,0.0,0.6896878688412265,0.5314782890030406,0.9273407587791092,0.254892246746506
2013-03-30,0.4,0.6563225109052069,0.4962955542905241,0.9428463120406708,0.18294834657997766
2013-03-31,1.0,0.6308211062000223,0.4849105234320634,0.9624529533675289,0.15929889143940318
2013-04-01,0.0,0.548459657987415,0.4223640813241165,0.9643491277808212,0.12084556211490294
2013-04-02,0.3,0.5042527820157671,0.39444739572772075,0.9661170451925956,0.08899366578835516
2013-04-03,0.0,0.42346853935554274,0.3203077187921401,0.9629900276130962,0.06217824194163133
2013-04-04,0.0,0.3265939369704545,0.23840663601561007,0.960058047205377,0.03437284353548959
2013-04-05,0.4,0.24688648685625755,0.15919536345953916,0.9593864760271424,0.013856530814625345
2013-04-06,16.5,0.686964681704617,0.6034624898870536,1.1474998543521027,0.2836108537477794
2013-04-07,0.4,0.6028334329875976,0.49391717860214046,1.1415937760022699,0.26056799973914674
2013-04-08,0.0,0.5296415118600359,0.4059469124834157,1.127668032603276,0.23047843800230572
2013-04-09,0.0,0.473451821501607,0.34032873969383143,1.112985833440946,0.20071058956715263
2013-04-10,0.0,0.42923671017653625,0.29479544696030197,1.1005892782868925,0.1719406859410709
2013-04-11,0.0,0.369718904933067,0.2413781491803809,1.0880965322300244,0.14275440059867553
2013-04-12,0.0,0.2949411786277767,0.17495893495923112,1.0767549835778534,0.11414828618573308
2013-04-13,0.0,0.22682873640726514,0.11874367308750959,1.0612356290634428,0.08389210213759593
2013-04-14,0.3,0.17373706935104788,0.06981026540354011,1.044055005646618,0.05810792897878244
2013-04-15,0.0,0.08841214261653985,-0.010662892416082906,1.0171359765354542,0.026097002966309957
2013-04-16,0.1,0.010648001452445623,-0.08423791510590428,0.9913573867832653,-0.005133452510480946
2013-04-17,1.5,0.000917809188292554,-0.08473670157165265,0.9809538810370484,-0.012771622560106756
2013-04-18,0.0,-0.0755824867052311,-0.165184619984612,0.9542037469789585,-0.04553802028227101
2013-04-19,0.0,-0.15939584292505593,-0.25005480141021824,0.9268080828154449,-0.07903292858216623
2013-04-20,8.0,0.09156825429815181,-0.024790918404064406,0.3908383078588358,0.010134700897189871
2013-04-21,0.0,-0.009404485642796074,-0.11117587074950175,0.36548839528059096,-0.24870755217538534
2013-04-22,0.0,-0.10834436149985562,-0.21787526600129847,0.3416135747209626,-0.2843349755839757
2013-04-23,24.0,0.7451747662232383,0.5852014926242951,0.5917824026523537,0.023795866201994288
2013-04-24,0.4,0.497212620538218,0.37112661424690335,0.5732486133335035,-0.004576008909101504
2013-04-25,0.0,0.36064147365168614,0.24245177284408226,0.21742157227942874,-0.03721988162245642
2013-04-26,0.0,0.2474480084776208,0.1333994075994992,0.1943604264293495,-0.07183486986070131
2013-04-27,0.0,0.14570355717361105,0.031083030126291065,0.17227173438364454,-0.10553420219106247
2013-04-28,0.0,0.02579224611404999,-0.08036614942697784,0.14882263757041483,-0.13849722913027263
2013-04-29,3.0,0.019556279045126794,-0.08052796604545596,0.15937442747410085,-0.12659671364583405
2013-04-30,0.0,-0.10516199556489833,-0.20572317575613874,0.13623857135923456,-0.15873366388492757
2013-05-01,0.0,-0.18747697619090437,-0.2798706028320288,0.11297047088719973,-0.22068207806940202
2013-05-02,0.0,-0.26756359955775355,-0.3586937681266353,0.09023623290964064,-0.5672538955042753
2013-05-03,0.0,-0.33598989990134975,-0.42343068237471193,0.023157133344126057,-0.5979473159384682
2013-05-04,0.0,-0.41810429438523455,-0.5120408127047555,-0.016323937245034427,-0.7751885061543697
2013-05-05,0.0,-0.47753945091821415,-0.5757507644299813,-0.09444389192003005,-0.8770826262856535
2013-05-06,0.0,-0.5447287762986531,-0.6489440018095424,-0.11499048771228454,-0.9962968252490654
2013-05-07,0.0,-0.5386821957916338,-0.6343622069796501,-0.1344638829364195,-1.055960893869894
2013-05-08,0.0,-0.6135113221972736,-0.7135547740839547,-0.1520175009133497,-1.0799052903580246
2013-05-09,7.5,-0.44067147356132325,-0.5413956748252274,-0.13532705715638751,-0.9770365972078908
2013-05-10,14.0,-0.17556868874666248,-0.27925957151796094,-0.04157131545833559,-0.775810535034745
2013-05-11,0.0,-0.3322803400812793,-0.4298419117938083,-0.05767872934719919,-0.7991386104150628
2013-05-12,0.0,-0.47203036613602734,-0.5516623478483217,-0.07642929850796677,-0.8224395904886128
2013-05-13,0.0,-0.5179710856386548,-0.5836366643087311,-0.14555476617253854,-0.8520898302189698
2013-05-14,0.0,-0.6220166357197956,-0.6942687223839396,-0.16563616194350608,-0.8720153522196523
2013-05-15,0.0,-0.7313913624336245,-0.8067978963280044,-0.25116812361980584,-0.8894477171161154
2013-05-16,0.0,-0.7308214254148493,-0.790898913280814,-0.33703737394528777,-0.9057151373117127
2013-05-17,0.0,-0.8277034805297975,-0.883592629241597,-0.35045110091681464,-0.9205808368024068
2013-05-18,2.0,-0.7939213382988562,-0.8505813752957427,-0.3422737324725211,-0.9814650415535495
2013-05-19,12.0,-0.3938739689628574,-0.450133356061474,-0.22365273264509308,-0.8277080958492367
2013-05-20,0.0,-0.4831182151623078,-0.5389476717803035,-0.23536290227650652,-0.8417887206299111
2013-05-21,0.0,-0.5530947168356934,-0.6104485730167392,-0.24668914986225723,-0.8545486452929348
2013-05-22,0.0,-0.5553097729653883,-0.6134052989690939,-0.25668868455569216,-0.8647789625687845
2013-05-23,0.0,-0.5763202135643217,-0.6365200056352084,-0.2666202886814282,-0.8726968769448659
2013-05-24,0.0,-0.6063794750313795,-0.6646411091479162,-0.3252911228608435,-0.8805507774621297
2013-05-25,0.0,-0.6127441983428551,-0.6726100226247329,-0.375124711757308,-0.8915604367180956
2013-05-26,0.0,-0.6196577830286099,-0.676649769593786,-0.38835615194122486,-0.9033961023837044
2013-05-27,45.5,0.7450437262856779,0.6476479534505674,0.06650367739353572,-0.30366237751606245
2013-05-28,5.0,0.6311279687325336,0.5280684083105508,0.10153014404452587,-0.25393763887448867
2013-05-29,0.5,0.4019318393579611,0.30226753335973194,0.0936443159662157,-0.2580971540852083
2013-05-30,0.0,0.20483467437195474,0.11323126051989532,0.0804221066957717,-0.31733750742274164
2013-05-31,0.0,0.05438733974129324,-0.04679717762394934,0.06247536840553437,-0.3269505207860277
2013-06-01,0.0,-0.07047773866775715,-0.17262415986323507,0.0110306433459798,-0.3352220998058186
2013-06-02,0.0,-0.1659652238746417,-0.2593532780355415,-0.0037367077698229976,-0.3435389239721781
2013-06-03,0.0,-0.2757039993961161,-0.37352320695179,-0.159562356333588,-0.353627750423682
2013-06-04,0.0,-0.3749098097805641,-0.4687421212765319,-0.21306016019614576,-0.36436519714272736
2013-06-05,0.0,-0.45301068159443453,-0.5469323471424806,-0.25838472240372906,-0.38890495245510465
2013-06-06,0.0,-0.5135509883345865,-0.5688800514812737,-0.3174802576281327,-0.400694930875262
2013-06-07,0.0,-0.5872036055276869,-0.6377210062633952,-0.3471200280040467,-0.4135809405193244
2013-06-08,0.0,-0.6448737759200595,-0.690966829628443,-0.36625887663211254,-0.42877802979664065
2013-06-09,0.0,-0.5573078045423957,-0.5789121787369185,-0.386887328446879,-0.44605529995570187
2013-06-10,0.0,-0.6476078009452119,-0.6573596976312762,-0.4097028311995461,-0.46548885457410827
2013-06-11,0.1,-0.7169860670213353,-0.7199510116277574,-0.43343378432346247,-0.7887221230851837
2013-06-12,3.0,-0.6825692900576041,-0.684725009708614,-0.6517491803246582,-0.7700338531210892
2013-06-13,0.1,-0.7480847353857316,-0.7525072046196598,-0.6767502628401111,-0.7905232532598544
2013-06-14,3.5,-0.6485143944564324,-0.6676161209579807,-0.6695432979032068,-0.7703313927873958
2013-06-15,0.0,-0.7193811576485629,-0.7351701560635826,-0.6982976567271134,-1.152703687982681
2013-06-16,0.0,-0.7656003975004602,-0.7813768716780616,-0.7279018250236593,-1.4240905238668795
2013-06-17,0.0,-0.7936432512559458,-0.8082413266667441,-0.757648420345576,-1.445323954405491
2013-06-18,12.5,-0.5501721056618663,-0.5693568322927546,-0.6717195035095594,-1.294543162859438
2013-06-19,50.5,0.6152491934233943,0.5376647316696492,-0.3642581224128199,-0.7105535795963164
2013-06-20,0.0,0.18484044705596273,0.12960300201951977,-0.4009875655271028,-0.7401882489305922
2013-06-21,0.0,-0.009602449582293431,-0.07145076778839532,-0.44166084444305964,-0.7707678881437546
2013-06-22,0.5,-0.19057755201565044,-0.24608688860419445,-0.47575474467713014,-0.7976515929363844
2013-06-23,6.0,-0.20885995154426626,-0.25798110063121776,-0.4677917764899014,-0.7696886292452698
2013-06-24,0.0,-0.33385869833345544,-0.3725669847949344,-0.507093678811058,-0.8042160255835676
2013-06-25,6.0,-0.3385541797401178,-0.3765070802144297,-0.4989139423612553,-0.7749928788936473
2013-06-26,1.5,-0.4778994464867708,-0.5087262039194542,-0.5772760606507011,-0.7909252209163739
2013-06-27,0.0,-0.5523184146715892,-0.5838879532105017,-0.6390507550397735,-0.8229926096083737
2013-06-28,0.0,-0.6006133738443079,-0.6243968989656662,-0.6991144936285,-0.8600243926575933
2013-06-29,0.0,-0.733839411691644,-0.7292104776170532,-0.7451932092363766,-0.9043444601301203
2013-06-30,0.0,-0.8514195345873233,-0.8258161840997705,-0.790585520159504,-0.9395937340895887
2013-07-01,0.0,-0.9145553559672923,-0.8928595409149496,-0.8360768704125027,-0.9794004453280795
2013-07-02,0.0,-1.0281906581506854,-1.000118484106364,-0.8791723569862994,-1.0195256336358098
2013-07-03,22.5,-0.6885273118627557,-0.7100929395424693,-0.7656454443816135,-0.8632359289880583
2013-07-04,79.5,0.3520249977703756,0.2095292310359411,-0.29930974947492317,-0.29552707669338835
2013-07-05,143.0,2.29309404759387,1.9638546137101247,0.43853278055711065,0.4492042838684535
2013-07-06,0.0,1.390710994963946,1.450690591223309,0.38778292024629724,0.39978921564050535
2013-07-07,37.0,1.4540997792776325,1.6147565176578103,0.5195736038675505,0.55443228572311
2013-07-08,0.1,1.1912995293153064,1.4231391485640987,0.47038216615950507,0.508877226792589
2013-07-09,1.5,0.8252903760982457,1.121340453169654,0.42866095464720105,0.4713578891894699
2013-07-10,0.0,0.5754015361495636,0.8945120048423981,0.38021924494491266,0.42667122165612237
2013-07-11,0.0,0.2960472616251082,0.5883245770558264,0.33355122121759406,0.38374552200638445
2013-07-12,0.0,0.1342335065578813,0.43770726817266814,0.28801716140908773,0.34270354743799336
2013-07-13,0.0,-0.056381142941884316,0.25426269779481175,0.24390516814628171,0.30198815398127105
2013-07-14,0.0,-0.20051625975798526,0.11420050171701096,0.20109597247165126,0.26473629888304967
2013-07-15,0.0,-0.3025819007479064,-0.019532953672675678,0.15884845983330018,0.22800345740498504
2013-07-16,0.0,-0.38414891069544094,-0.12411693826882078,0.11752980012561928,0.1849185421326275
2013-07-17,0.0,-0.47879495744155515,-0.21354200712001112,0.07743842439199469,0.15124225380042264
2013-07-18,0.0,-0.5153592659247199,-0.2661581792736113,0.03764527194821277,0.11804835459145217
2013-07-19,0.0,-0.5916948367619408,-0.32765748385063515,-0.0042014249133396145,0.04276030851784922
2013-07-20,0.0,-0.6426397138262291,-0.3766811586778976,-0.1085910605362771,0.011691994626005824
2013-07-21,0.5,-0.6838522291589221,-0.41067924424397223,-0.14506821528186278,-0.01607025126145272
2013-07-22,0.0,-0.75164386570912,-0.4671133499162706,-0.19677038279041242,-0.17696381728641147
2013-07-23,9.5,-0.6438582644525295,-0.38996827308945964,-0.18719521989332585,-0.15548864815480584
2013-07-24,22.0,-0.3735802214987455,-0.17676235197930712,-0.11758407044160375,-0.06548532927072924
2013-07-25,0.0,-0.4188165967449962,-0.24918305242532923,-0.1548555962315393,-0.09416729951277038
2013-07-26,0.0,-0.49899845484607797,-0.3085428230530827,-0.19244097051697975,-0.12325052109947454
2013-07-27,0.0,-0.5866269151626885,-0.3699057458817751,-0.2260877781417692,-0.14803935810281882
2013-07-28,1.5,-0.6192819029437809,-0.4040930507993184,-0.25108386068417105,-0.17928350644695906
2013-07-29,22.5,-0.34919962146950634,-0.18921148740608296,-0.17553963227776154,-0.08323314096255452
2013-07-30,5.5,-0.346462805588601,-0.20181593381442003,-0.18991820288075342,-0.07655834479744152
2013-07-31,4.0,-0.38216631752870206,-0.23204591247687978,-0.2952911437968038,-0.07513410571039758
2013-08-01,0.0,-0.4659824651773882,-0.3059074670085132,-0.32199727970345315,-0.0932296427126652
2013-08-02,0.0,-0.5265295036458516,-0.3633375569074707,-0.3909231201881695,-0.11081734381995156
2013-08-03,12.0,-0.408657342444618,-0.2699594725835857,-0.3806462300987309,-0.06786528938562428
2013-08-04,0.0,-0.43549839957699016,-0.3140137210857769,-0.43182087385954754,-0.0857940566870543
2013-08-05,19.5,-0.2622896899743266,-0.153978500172867,-0.37602102433842244,-0.010032227613980772
2013-08-06,0.0,-0.39653617288181625,-0.26444417025561534,-0.40273383061259765,-0.030642686658879686
2013-08-07,0.0,-0.4834322055998141,-0.34769053750449763,-0.4287863465807473,-0.08625482947294633
2013-08-08,0.0,-0.4910082487525509,-0.3874452739821824,-0.4545352736300626,-0.1729118398438445
2013-08-09,0.0,-0.4820217859855004,-0.3869279356657583,-0.4798486110711399,-0.19220111160259665
2013-08-10,0.0,-0.562745748646264,-0.42893676616794163,-0.5054721935921822,-0.21195671605958258
2013-08-11,0.0,-0.640649754388414,-0.4753954172978335,-0.5334919845628998,-0.23230384007569507
2013-08-12,0.0,-0.7240291515643527,-0.5381763214823045,-0.5589766449172348,-0.2528914094652427
2013-08-13,0.0,-0.7699124230722092,-0.5792895906911439,-0.5845822920719036,-0.27391809904044595
2013-08-14,0.0,-0.8201019891527264,-0.6170236180312031,-0.6105482247327527,-0.29580707272838647
2013-08-15,0.0,-0.8846101122364849,-0.6715378800294785,-0.6362488236252726,-0.3179856628915248
2013-08-16,0.0,-0.9303776598066501,-0.716399069781436,-0.6841718408299509,-0.34943998618994326
2013-08-17,0.0,-1.026033687723038,-0.7920164423487557,-0.7136675895195591,-0.4262091327709752
2013-08-18,0.0,-1.0082582227611345,-0.8124710621335495,-0.7388012861768591,-0.4476549821226397
2013-08-19,0.0,-0.9760598898419623,-0.8297196391904914,-0.763671703976954,-0.46863012300415063
2013-08-20,0.0,-1.0769754653319585,-0.8796075333970691,-0.7889059321521159,-0.49033317374884455
2013-08-21,0.0,-1.1396150501056035,-0.92764755713705,-0.8148210159853909,-0.5133335722269793
2013-08-22,0.1,-1.2140361141529652,-0.9770842716047998,-0.8404463941190577,-0.5357945649652293
2013-08-23,63.5,-0.5075559037504158,-0.43503639701445196,-0.5979468965752608,-0.2825136939796715
2013-08-24,92.0,0.13900503457623,0.03188410000402259,-0.2613654478145826,0.059234764837745695
2013-08-25,0.0,-0.21145821363332057,-0.19697981357654804,-0.28584122754106633,-0.13688356122226947
2013-08-26,0.0,-0.40641241956183366,-0.33463063535605914,-0.3095854517997395,-0.17710801521050779
2013-08-27,0.0,-0.524869482310388,-0.4340575245925884,-0.33357850952802176,-0.20041104263077603
2013-08-28,0.0,-0.679474262290922,-0.5487322747400373,-0.3723060435935099,-0.22142430510362446
2013-08-29,106.0,0.5362546120857281,0.38252652856526254,-0.009494733327684645,0.15435521355296009
2013-08-30,0.1,0.10933642152617268,0.13200358339805693,-0.03130477339736954,0.13455148982915308
2013-08-31,0.0,-0.10248689824596502,-0.016043526875396664,-0.0533033666178758,0.11458612789051138
2013-09-01,0.0,-0.25794954869041664,-0.12393086272327862,-0.07487237023434459,0.09523159689185476
2013-09-02,0.0,-0.3657005795248169,-0.20951606534436157,-0.09562978604099326,0.07705420009915222
2013-09-03,0.0,-0.45712652587274427,-0.2761011695684574,-0.1195258874688863,0.05996423330212097
2013-09-04,0.0,-0.5317620251409454,-0.33877345190215885,-0.13862527494771554,0.044080654726050064
2013-09-05,0.0,-0.5750550605859499,-0.38887785206725173,-0.15644539556743683,0.029898992748804403
2013-09-06,12.0,-0.4812775328315495,-0.31079740672750483,-0.13173763930530427,0.05963742879199832
2013-09-07,0.5,-0.5722898118821674,-0.37774212843971183,-0.14652300135424629,0.05033169955947526
2013-09-08,0.0,-0.6046905934626075,-0.4076398618460832,-0.16208195613151366,0.041599789718274556
2013-09-09,0.0,-0.6534975943428663,-0.45152241868225423,-0.2622049073411042,0.033845005571352456
2013-09-10,0.0,-0.7071315030069367,-0.4965858869332975,-0.27563772434378203,0.01827210863991998
2013-09-11,9.0,-0.642060087677241,-0.4430920744539959,-0.25662575747486693,0.04650685725271315
2013-09-12,12.5,-0.5009444088615074,-0.3381400033211949,-0.22515209373023873,0.07638001604455125
2013-09-13,0.0,-0.5749988653660932,-0.39871413417452584,-0.3326996982967137,0.07660953372242273
2013-09-14,48.5,-0.0764826995806403,-0.017050249999801575,-0.23720375896206825,0.24241790201519303
2013-09-15,0.0,-0.22087857338386424,-0.1377609430427499,-0.2461210820858461,0.24598055779702727
2013-09-16,0.0,-0.3051162834448188,-0.21821399341616038,-0.2543774972161102,0.20939428712421734
2013-09-17,0.0,-0.3683368212402981,-0.27263354136419177,-0.26229667662916917,0.04378928894687879
2013-09-18,0.0,-0.4052432924383417,-0.3099308528961642,-0.2692429290104737,0.05143478329834101
2013-09-19,0.0,-0.44640801922607554,-0.3458473285121261,-0.2755047430144528,0.06072574602770802
2013-09-20,0.0,-0.4984480373861026,-0.3885175951529879,-0.2813111875070688,0.06961541964843279
2013-09-21,0.0,-0.5495920830514677,-0.42812021538694656,-0.28608858608149196,0.060464834029514816
2013-09-22,0.0,-0.5953695979091728,-0.4665795429188908,-0.29034816357658544,0.07316622973428104
2013-09-23,0.0,-0.6244014042084532,-0.4978222614689329,-0.2942356985959626,0.0651823178257878
2013-09-24,0.5,-0.6499643140096365,-0.5163209748730391,-0.296381192801358,0.07694359217722814
2013-09-25,1.5,-0.6517411019468821,-0.51588215570514,-0.29458626748870903,0.09942725919988984
2013-09-26,0.0,-0.6731191696937495,-0.5301820388443984,-0.29905139606727793,0.11796171904201253
2013-09-27,0.0,-0.6886334262577817,-0.5401042387418866,-0.3050990538831164,0.13779683955726507
2013-09-28,0.0,-0.7153607491329004,-0.5608196886509277,-0.3074251569414296,0.15991276976557323
2013-09-29,2.0,-0.705624204018705,-0.5599932777032259,-0.30381867267213475,0.19066101011936643
2013-09-30,2.0,-0.6251838090239689,-0.5214188012364637,-0.2986079476541117,0.2234008709844779
2013-10-01,3.5,-0.6766044609972751,-0.5316659673839826,-0.2879959174816785,0.1839921867834801
2013-10-02,4.5,-0.6661679909927931,-0.5177614749613934,-0.27505276680850616,-0.06392113541400699
2013-10-03,0.0,-0.7145014174415181,-0.5560085473576193,-0.32977502465291564,-0.6301010353426817
2013-10-04,0.0,-0.7668333555783646,-0.5919234597125087,-0.3303143802081334,-0.6021063769624873
2013-10-05,0.0,-0.7798160050352517,-0.6058734483530097,-0.32920745027928894,-0.7464051002560685
2013-10-06,0.3,-0.7903020052210049,-0.6159906586485837,-0.32687872237002175,-0.7164052259711834
2013-10-07,0.0,-0.7998047608539386,-0.6270349717199923,-0.3250745464915487,-0.6938258361205132
2013-10-08,8.0,-0.6913905543788088,-0.5390997471953047,-0.2963804701159607,-0.6256529847624148
2013-10-09,0.5,-0.7315987307038606,-0.5694479114332559,-0.29233749140484155,-0.5934945525890329
2013-10-10,14.0,-0.5102764555731357,-0.3956817192791509,-0.24306750824250617,-0.49630156509326545
2013-10-11,0.0,-0.558879199918819,-0.43967527463159783,-0.24054144566584199,-0.4655788287357853
2013-10-12,0.0,-0.5979599131004948,-0.46776053104875664,-0.23699397669283676,-0.4355804896843169
2013-10-13,0.0,-0.6214230421712347,-0.48972638966858445,-0.23322292567697644,-0.4060070162870199
2013-10-14,0.0,-0.6291397189209463,-0.49503090664311983,-0.2340792866422504,-0.3769555946632207
2013-10-15,0.0,-0.6547905783702038,-0.514352998935447,-0.23009317085498754,-0.34768641303966125
2013-10-16,0.0,-0.6666221534183231,-0.5241481154937614,-0.22570364947839391,-0.3181497353366263
2013-10-17,0.0,-0.6649446943774053,-0.5278618601273416,-0.2468495131045521,-0.28801819068559753
2013-10-18,0.0,-0.6768561752647286,-0.5360477989486676,-0.2410505935881628,-0.25667780991634803
2013-10-19,0.0,-0.6956666760944127,-0.5486026600491529,-0.23531303725162375,-0.22832268797411875
2013-10-20,0.0,-0.7174279144989469,-0.5638725451667125,-0.308218305683638,-0.19810780602612016
2013-10-21,0.0,-0.7425868179688733,-0.5824158964043197,-0.3032804420556405,-0.21253374977355324
2013-10-22,0.0,-0.7684679661632654,-0.5976718931403496,-0.29687531829225217,-0.28860289380411747
2013-10-23,0.0,-0.771335760203079,-0.6059725688401788,-0.29017682059843486,-0.2544033430433032
2013-10-24,0.0,-0.7991341460926897,-0.6254425913330625,-0.2836836648154096,-0.21861431758601568
2013-10-25,0.0,-0.8093235367876968,-0.633919092410261,-0.2768467234170253,-0.18451565882369905
2013-10-26,0.0,-0.8248355293248129,-0.6460036778839123,-0.2796546004451763,-0.1587808587014056
2013-10-27,0.0,-0.8520876036577418,-0.6627533398711993,-0.27251571408256975,-0.23932679273752164
2013-10-28,0.0,-0.8535232786338873,-0.6717602807306895,-0.26523795146722073,-0.23496277849944533
2013-10-29,0.0,-0.8647210075436557,-0.6837321612657821,-0.2581759032752365,-0.22463654090349072
2013-10-30,0.0,-0.886708178227964,-0.7021614521509606,-0.25117019652359535,-0.19380901167103
2013-10-31,0.0,-0.9032463272199862,-0.7178242818230328,-0.2438237154062258,-0.16279858575207248
2013-11-01,0.0,-0.9143825936720585,-0.7274965693012306,-0.23678016278709277,-0.19495294835978924
2013-11-02,0.0,-0.9267907296500916,-0.7346587277040606,-0.22991382389420298,-0.1636525411920184
2013-11-03,0.0,-0.9371722673795314,-0.7434374974580805,-0.22357968944687293,-0.23486663992229176
2013-11-04,0.0,-0.955637786589234,-0.7555468743890081,-0.2177078858882771,-0.20040769960849014
2013-11-05,0.0,-0.9809953153873778,-0.7757193573295749,-0.23650175921933644,-0.1657625304331925
2013-11-06,1.0,-0.9490940709247485,-0.7552628670208515,-0.27378932996097644,-0.12531760541042333
2013-11-07,0.0,-1.0091253977503905,-0.7994910976035228,-0.26855396427754047,-0.09045837180523106
2013-11-08,0.0,-1.04672872060362,-0.8202862150359307,-0.2633520144249585,-0.05415883713840796
2013-11-09,23.5,-0.46481953804229725,-0.3421893947983848,-0.18161573184544766,0.10414347074196265
2013-11-10,0.5,-0.5672289443905929,-0.41508556359775467,-0.17519908457077646,0.14362369073094244
2013-11-11,0.0,-0.6305705178923522,-0.45208768184272136,-0.1705690871612624,0.18110422978275456
2013-11-12,0.0,-0.6829121397785279,-0.4819052796438212,-0.16615348770182492,0.21961158060025684
2013-11-13,0.0,-0.7317570731490693,-0.5178497872108921,-0.1617995886386106,0.2593544600131399
2013-11-14,0.5,-0.7574681275320115,-0.5311568396252018,-0.1621185086678113,0.3033349472554783
2013-11-15,0.3,-0.7807318251257388,-0.5472973877100341,-0.19572063392952024,0.346746982181957
2013-11-16,2.5,-0.7205306111345463,-0.5030175907441305,-0.18308004287525884,0.40180133763208775
2013-11-17,5.0,-0.601372469124967,-0.411220515515718,-0.1623451705971917,0.46973333293523184
2013-11-18,8.5,-0.4038725522263485,-0.25243594765726163,-0.13065354401531293,0.5557484187262367
2013-11-19,0.5,-0.45669414452632173,-0.2938952339049392,-0.12550971316296675,0.6041536966440111
2013-11-20,0.2,-0.4951430585431128,-0.32096326966232414,-0.12131102306555872,0.6517977598594837
2013-11-21,0.0,-0.5304262223137168,-0.35132561961084546,-0.11727504865710715,0.36699303064715555
2013-11-22,0.0,-0.5535961776088715,-0.37219327140862285,-0.11275919000715295,-0.14927959000916052
2013-11-23,0.0,-0.597667172695686,-0.4031084267732262,-0.25736734750382667,-0.10738239457071418
2013-11-24,26.5,0.17960690117182573,0.22440753459540766,-0.18199657873400768,0.1096131933489497
2013-11-25,10.0,0.35708871733430786,-0.5543927773224296,-0.14701151554884628,0.2181779571032666
2013-11-26,0.0,0.23239263996053067,-0.6778143814264596,-0.14292750622142425,0.26465118691706674
2013-11-27,5.0,0.30270562675539264,-0.6086586485854748,-0.12257554394126959,-0.4328141985643121
2013-11-28,7.9,-0.6574007181090428,-0.527912689045059,-0.09295512327218515,-0.3238845658934177
2013-11-29,3.1,-0.6815911985210218,-0.5610254089299154,-0.07874570045446959,-0.2535874327042364
2013-11-30,0.0,-0.793556506242197,-0.6571868843249464,-0.0742509913721448,-0.2080101685398086
2013-12-01,0.0,-0.8846616793453334,-0.7275121724121412,-0.06948371689142244,-0.16195666080606166
2013-12-02,0.0,-0.9457370631274451,-0.7747942146157446,-0.06393171377200768,-0.1153517004716844
2013-12-03,0.0,-1.0097296358636008,-0.823651991119961,-0.058275477654141795,-0.06880385543332056
2013-12-04,0.1,-1.0530635606589691,-0.8676674270833774,-0.05149864945229647,-0.02210878192642414
2013-12-05,0.0,-1.0918002042130632,-0.891557928192672,-0.04422737815378626,-0.08458627861989523
2013-12-06,0.0,-1.1186731599241548,-0.9217654028662259,-0.036107735406477194,-0.04432001437332954
2013-12-07,0.0,-1.157938949293155,-0.9554951934446626,-0.026537443505750696,0.0006350459840865365
2013-12-08,0.0,-1.2126861402455082,-1.0011629637319803,-0.01651194762821708,0.04630375104967695
2013-12-09,6.5,-1.0320803002585415,-0.8505065074547583,0.005678132952746604,0.15274052694194318
2013-12-10,0.0,-1.0594824313023796,-0.8830544549422489,0.017667489067331652,0.10916219367046266
2013-12-11,1.5,-1.00934446893971,-0.8445343468464199,0.02427278158234722,0.039062340113020656
2013-12-12,1.0,-1.0222559155378936,-0.8497831563673496,0.04108816764269933,0.09015723760162948
2013-12-13,0.1,-1.0660603412893213,-0.8755242022547802,0.056515104703473124,-0.4410783475766582
2013-12-14,0.0,-1.0647287190799322,-0.8776026926379366,0.07194078948253584,-0.40786761989149944
2013-12-15,0.0,-1.0196731627583688,-0.8550646590050175,0.04811111864467196,-0.3744506495893003
2013-12-16,0.0,-1.0482214506151357,-0.88246098503224,-0.09940812996814524,-0.339500704687769
2013-12-17,0.0,-1.085698248497378,-0.9108921552173663,-0.09063312754489236,-0.3155900058220244
2013-12-18,0.0,-1.1201515391236523,-0.941979215526688,-0.07259510069909528,-0.2816182792864607
2013-12-19,4.4,-0.9962595837171282,-0.8327692453609975,-0.04084253505635494,-0.18794188137389534
2013-12-20,2.5,-0.9383535050701232,-0.786245603953058,-0.03236815413759525,-0.1205627575650198
2013-12-21,0.0,-0.9670740252627718,-0.8088369655660915,-0.012281271442453433,-0.08686609308735158
2013-12-22,0.0,-0.9824981887782273,-0.829937587492213,-0.011414787497844265,-0.05197761873351489
2013-12-23,0.0,-1.0011021441759016,-0.8534556564078195,0.0051180662347771275,-0.02420283818539279
2013-12-24,0.0,-1.033363134789627,-0.858304631052021,0.02916041346347471,-0.013163137236269705
2013-12-25,0.0,-1.051601785585183,-0.8782371646173414,0.05527515156765366,0.019985185411567706
2013-12-26,0.3,-1.047355405317382,-0.8789245439956691,0.08349251612933986,0.05706139396210124
2013-12-27,0.0,-1.0409910497433188,-0.8779299005731723,0.11191879319333528,0.08938932495073904
2013-12-28,0.0,-1.0367522042373136,-0.8740163689996119,0.14191638587334676,0.09114488270477406
2013-12-29,1.8,-0.9900820252486953,-0.8390374165879485,0.17937436856917804,0.11720769477731217
2013-12-30,0.0,-0.994284568518212,-0.8522538596848714,0.13527688131250065,0.09022274058853792
2013-12-31,0.0,-1.0145120908941745,-0.8737730767092118,-0.11503971131500035,0.043360602452382484
2014-01-01,0.0,-1.0122568755475567,-0.8983730309556593,-0.6183536455731431,0.08940252908291349
2014-01-02,0.0,-1.0393100367407275,-0.9216452318108199,-0.5880811692016725,0.11060229243565693
2014-01-03,0.0,-1.0311854179354991,-0.9244916987716291,-0.7204026962468739,0.13095656832172706
2014-01-04,0.0,-1.057754437674366,-0.9547502969552287,-0.690929179724965,0.14422209216345402
2014-01-05,0.0,-1.0526618876223348,-0.9647884327042328,-0.6677227028165625,0.1620682444744562
2014-01-06,0.0,-1.075997755044849,-0.9878740062643062,-0.6379360817837093,0.03260515513879872
2014-01-07,0.0,-1.082074611691495,-0.9886599890666903,-0.607342341835173,0.03736463878462636
2014-01-08,1.5,-1.0476532677189347,-0.9475663949884174,-0.5699256751144759,-0.19459139533009875
2014-01-09,0.0,-1.0587332158179683,-0.9540963573770599,-0.5393601469814302,-0.18331391886036924
2014-01-10,0.0,-1.0804671292738903,-0.9625232416636358,-0.5095022257195574,-0.17171552592423212
2014-01-11,0.0,-1.0642691672727453,-0.9550456231368845,-0.47994086225041954,-0.15890160571925735
2014-01-12,0.0,-1.0751704283050874,-0.9689856858707445,-0.4506327083615637,-0.1454691446184846
2014-01-13,0.0,-1.0691182892427697,-0.9752208054088554,-0.42028419560101055,-0.13350002007855077
2014-01-14,0.0,-1.0938330125870723,-0.9996780157446954,-0.38970223195222764,-0.12291515760562907
2014-01-15,0.0,-1.113672660431496,-1.0165811127994688,-0.35883415240758637,-0.11410871875922796
2014-01-16,0.0,-1.1321329346582891,-1.0130047642973787,-0.34015069722783425,-0.11094701222862412
2014-01-17,0.0,-1.1137077963555935,-0.9906303215172433,-0.31165008968966373,-0.10382587235916929
2014-01-18,0.0,-1.0931492344407925,-0.977126975547939,-0.28058023104154783,-0.09709094365597974
2014-01-19,0.0,-1.0872392229331058,-0.9754025640350212,-0.29503153787771697,-0.09216972113506765
2014-01-20,1.6,-1.025615122036507,-0.9280598163047735,-0.3630049102042726,-0.052345200889735904
2014-01-21,2.3,-0.9706705793835309,-0.8701800205285574,-0.3166253960994007,0.002542665160539147
2014-01-22,0.0,-1.0079296530694748,-0.903364930319347,-0.2806891470025571,0.00975467635308668
2014-01-23,0.0,-1.0048923794995543,-0.8969450733205571,-0.24616401752394831,0.019963984543892154
2014-01-24,0.0,-1.0124401589311398,-0.9036480845045745,-0.2203022498937372,0.03039441468193799
2014-01-25,4.5,-0.8678064452946742,-0.7720711877543578,-0.28029124987351856,0.13664616269956645
2014-01-26,0.0,-0.893024046238285,-0.8010621358424191,-0.2760783154747818,0.145457828364146
2014-01-27,0.0,-0.8775249924649737,-0.8133862411646365,-0.2650894376151881,0.15523109726011333
2014-01-28,0.0,-0.8298346771533853,-0.7929819449069638,-0.23312375262353843,0.16448498576630025
2014-01-29,1.5,-0.8300513098101436,-0.7395250922590152,-0.19329143249791242,0.2053883877299007
2014-01-30,1.5,-0.7621942246042521,-0.6925270929767006,-0.21687886128671727,0.2457672375033184
2014-01-31,0.0,-0.7721442713735643,-0.7126352187712263,-0.1835190056815606,0.25501423303644816
2014-02-01,1.5,-0.7038740019542477,-0.6579865046422821,-0.24664649257964316,0.29634940498938306
2014-02-02,0.0,-0.7055685367822794,-0.6660364819870602,-0.20920409170084922,0.3067276939351711
2014-02-03,0.0,-0.7077868950076185,-0.6766176782405201,-0.17132950973709662,0.31687933713164734
2014-02-04,0.0,-0.7082165730254217,-0.6762773683603919,-0.13361539389793425,0.3048426334077862
2014-02-05,0.0,-0.6896979190645709,-0.6684178200994346,-0.09530712026392146,0.31387158517254937
2014-02-06,0.0,-0.6944175445552283,-0.6764821159378959,-0.05523882281160159,0.3232346943595883
2014-02-07,0.1,-0.6892012556348325,-0.6777583762267888,-0.014586900630742304,-0.1954064046241662
2014-02-08,2.0,-0.6174472946533768,-0.6144795107351889,0.03773676109814271,-0.14943079415757657
2014-02-09,0.0,-0.6227614185551227,-0.6216684703204748,0.07952935530551838,-0.13962541083792096
2014-02-10,0.0,-0.6344209494562899,-0.6145568762328047,0.12196207797064386,-0.13115228281932664
2014-02-11,0.0,-0.6673930606954132,-0.6290275352656525,0.16685018183378914,-0.12294021627420515
2014-02-12,0.0,-0.6726912645434809,-0.6402103341067171,0.21266698613419902,-0.12760160449448144
2014-02-13,0.0,-0.7085829908888015,-0.6624837010648036,0.2585152173984104,-0.12609472670747937
2014-02-14,0.0,-0.7470782447854851,-0.6740756950705897,0.3050928900160838,-0.17832050584246534
2014-02-15,0.0,-0.7780720215010294,-0.6884206845042596,0.35197818449284235,-0.2925422679416375
2014-02-16,0.0,-0.7447449449994549,-0.6605499219468517,0.39971349896353997,-0.49765631797053306
2014-02-17,2.0,-0.6971078699874381,-0.6131075342119089,0.460676905588099,-0.44860354264360963
2014-02-18,0.0,-0.6930026675739932,-0.6093617263334922,0.5107643415190831,-0.4438970713983445
2014-02-19,0.0,-0.70138683582632,-0.6126304527174318,0.18769969702690198,-0.4348555687845058
2014-02-20,0.0,-0.701769303938069,-0.6169689045808988,-0.3786335879614344,-0.42663161856857224
2014-02-21,0.0,-0.7820780090425697,-0.6806239442272988,-0.3365651641669951,-0.42000948488282186
2014-02-22,0.0,-0.7634176770018393,-0.6642124628707946,-0.2960498050017081,-1.142276127530699
2014-02-23,0.0,-0.73074036052323,-0.641908721840792,-0.25319276003089625,-1.4615943123070112
2014-02-24,0.0,-0.7442609766301423,-0.6559093167110389,-0.2099251750459688,-1.451581823401919
2014-02-25,0.0,-0.7888881244124204,-0.6843936000358902,-1.067813388913061,-1.6258839505849363
2014-02-26,3.0,-0.6960074017558232,-0.5985197149794268,-1.0053683217665021,-1.8148075905737957
2014-02-27,0.0,-0.7230312148738745,-0.631667754375209,-0.9704143236155358,-1.9442923800138345
2014-02-28,0.0,-0.7348111791808587,-0.6328128845506958,-0.9363488776422376,-1.948190628672826
2014-03-01,7.0,-0.49718004832818335,-0.40832387779669543,-0.8328316538807617,-1.6767535033725858
2014-03-02,0.0,-0.5484941426757207,-0.46584475191391833,-0.7978638064830529,-1.683986027746247
2014-03-03,0.0,-0.575111883603569,-0.500393180630356,-0.7640449144456428,-1.6939064269104114
2014-03-04,0.0,-0.5763279163677142,-0.500174930731534,-0.7316049058747248,-1.7091194833768868
2014-03-05,0.0,-0.5908943264950463,-0.5171878461820115,-0.8281017543453817,-1.7243765641788036
2014-03-06,0.0,-0.623115882085033,-0.5517429263599953,-0.8053509989473766,-1.7393809745081166
2014-03-07,0.0,-0.6469053507653622,-0.5672667460000325,-0.778287494443319,-1.7520248153610622
2014-03-08,0.0,-0.6546285343609697,-0.5607834476817135,-0.7518987103880147,-1.7668667127389697
2014-03-09,0.5,-0.6249546225769784,-0.5353316757209016,-0.7229376309806258,-2.0209250069089744
2014-03-10,0.0,-0.6494172197975202,-0.5473560776161838,-0.8085244193416254,-2.0398449404737558
2014-03-11,0.0,-0.6644563997385302,-0.5504667615763177,-0.9464830543583169,-2.122412891476057
2014-03-12,30.5,0.48302843659025707,0.4997859628574166,-0.5537224202145477,-1.1140811550679675
2014-03-13,7.0,0.5484956494285338,0.5761344945731165,-1.063761977988446,-0.9396264646698884
2014-03-14,1.0,0.4582117849327742,0.5013709156968829,-1.0373057554384113,-0.9321527457257981
2014-03-15,0.0,0.35889901060776846,0.44837593221998556,-1.0248203739397357,-0.9508085456807674
2014-03-16,0.0,0.27308509054367003,0.37704442039455005,-1.0106538985162234,-0.9755035638334576
2014-03-17,1.5,0.24659386341720482,0.35970040233755635,-0.9766405672758791,-0.9585082347260817
2014-03-18,0.2,0.18440999673266398,0.2961935630738985,-0.9614140357805949,-0.9771458607053074
2014-03-19,0.0,0.13533894456805595,0.24719901031763597,-0.9488594861450854,-1.1234985219071885
2014-03-20,0.0,0.08542490640076249,0.1977867520958821,-0.9374263762000139,-1.2240245988953875
2014-03-21,0.0,0.059262917051302925,0.14956910908581228,-0.9282721418747629,-1.2546651152859565
2014-03-22,0.0,0.037606343425106804,0.11623009701841987,-0.9211535382537978,-1.2860762947675828
2014-03-23,0.0,0.01277265814493136,0.07950462267768792,-0.9246906391164422,-1.3194958618256578
2014-03-24,0.0,-0.0036137940203174756,0.07211884568070158,-0.9429585457579492,-1.352591666913535
2014-03-25,21.0,0.8492512739447965,0.9248719345274928,-0.6182431773850697,-0.8134396093211229
2014-03-26,19.0,-0.5599203593167342,-0.6440230384087865,-0.33764136219588375,-0.40427094459858365
2014-03-27,0.0,-0.7316986887998143,-0.7993485280519522,-0.33194713939250736,-0.43778970128863265
2014-03-28,0.0,-0.8437568741368262,-0.9099738484877128,-0.35558796235194906,-0.46934935209935913
2014-03-29,13.0,-0.44350835530165944,-0.5097939167502892,-0.19303408435784203,-0.2514722468182282
2014-03-30,1.0,-0.5620169813793592,-0.6126318605739645,-0.22673234990176924,-0.2590366069423081
2014-03-31,0.0,-0.6903828323696407,-0.7248044913995588,-0.29199148044621653,-0.2866126649538647
2014-04-01,0.0,-0.763364190216231,-0.7820749124523396,-0.29282269530936844,-0.3135853753764185
2014-04-02,0.0,-0.8507862792339481,-0.8660167066989388,-0.2946769013811344,-0.3405787468592552
2014-04-03,0.0,-0.905939673239134,-0.9102651897709012,-0.2971069739210562,-0.36613562886746925
2014-04-04,0.0,-0.9262456612278314,-0.9322086548741607,-0.30621729277737986,-0.3933647234904229
2014-04-05,0.0,-0.9635405517510743,-0.9726143046540228,-0.3124486373432605,-0.4205243436626776
2014-04-06,0.0,-0.9563461257702522,-0.9735829490724133,-0.43981987255994115,-0.449178720408589
2014-04-07,0.0,-1.0799191921778917,-1.0662820841523266,-0.45593889768243007,-0.47833046605711266
2014-04-08,0.0,-1.1728589687218056,-1.1528617160062744,-0.6809793059053563,-0.5385159192857266
2014-04-09,0.0,-1.2464755464952715,-1.2014514669256404,-0.6888493998633789,-0.5663309286708316
2014-04-10,0.0,-1.2886809901357335,-1.2311107919596955,-0.6963219541902008,-0.5918333640253196
2014-04-11,0.0,-1.3402633165617603,-1.2850426504907255,-0.7052147890741574,-0.6173509970720517
2014-04-12,0.0,-1.348476670447477,-1.2812254264376477,-0.7135984376921926,-0.6433960672964902
2014-04-13,9.5,-1.0193442617759592,-0.955896073831262,-0.5768064024563945,-0.47945035082509685
2014-04-14,0.0,-1.1120986981313987,-1.0557160037538043,-0.5859685747709423,-0.5084844812929089
2014-04-15,0.0,-1.1973653887173583,-1.1354175969951403,-0.5964378517478767,-0.5388583389337124
2014-04-16,0.0,-1.213591486398211,-1.1685995287688424,-0.609866394045252,-0.5698873812027017
2014-04-17,14.5,-0.5985924835601499,-0.5947957782723156,-0.41620021080174474,-0.329310599638265
2014-04-18,2.0,-0.7079390454956697,-0.6762881413727649,-0.40462362577019606,-0.32530112199383465
2014-04-19,0.0,-0.8600327281452576,-0.8080286921657855,-0.42321126081779675,-0.35866941905368016
2014-04-20,0.0,-0.9172033022752163,-0.8567431318093088,-0.44294683750705877,-0.4210119501466693
2014-04-21,0.0,-0.8738784275754485,-0.8418689679535556,-0.4638122063823714,-0.49644675500051255
2014-04-22,0.0,-1.1044241659794505,-1.035588186293567,-0.4818290798076904,-0.5274295240994289
2014-04-23,0.0,-1.089991566272172,-1.0495754149285377,-0.498115286724425,-0.5574708494241767
2014-04-24,0.0,-1.036593270142453,-1.0169276309237862,-0.5153351227799581,-0.5880706125694557
2014-04-25,0.0,-1.0807832937813546,-1.0632123836781453,-0.5333740890272372,-0.6989209113742817
2014-04-26,0.0,-1.1502864436014273,-1.1261677361615257,-0.5523068840129601,-0.7280742028004664
2014-04-27,15.0,-0.698113087150229,-0.6980356467249156,-0.37657759437932226,-0.49599754976219534
2014-04-28,11.5,-0.40104853530216283,-0.40800276634891974,-0.25378073027313536,-0.3394604124197971
2014-04-29,10.0,-0.20075694308041578,-0.21335402683099303,-0.1546365091200385,-0.23937767583979253
2014-04-30,0.0,-0.38936842159408636,-0.3966494673375907,-0.17679877166684466,-0.29383827133083906
2014-05-01,0.0,-0.46513338263387993,-0.4739491766066428,-0.1991486998451714,-0.32569322228790176
2014-05-02,0.0,-0.5524971869056277,-0.559132101890394,-0.22129685008188602,-0.3798793415736265
2014-05-03,0.0,-0.6217284351471586,-0.6224514871261316,-0.24305323469459056,-0.41108495511032034
2014-05-04,2.0,-0.6371348074240266,-0.644336701031873,-0.24137516323826758,-0.4125241645241441
2014-05-05,0.0,-0.7195510316810111,-0.7325348336796844,-0.2737944785175322,-0.44119238593225146
2014-05-06,0.0,-0.8085558756341673,-0.8269415360177337,-0.2936326584328073,-0.4689687577330519
2014-05-07,0.0,-0.7900474581100612,-0.808661137034212,-0.31239524037902844,-0.4961098996975729
2014-05-08,0.5,-0.8705383724196651,-0.890186500966388,-0.6039240174156013,-0.5155792788543597
2014-05-09,0.0,-0.9810177019987513,-1.0031390463337686,-0.6254265723812628,-0.5702440183912373
2014-05-10,0.0,-1.0754878349968582,-1.1078894340761338,-0.6403373858065553,-0.5947145938670384
2014-05-11,27.0,-0.1496685812151652,-0.15008341071696688,-0.3359809526095565,-0.236993888913562
2014-05-12,8.0,-0.09165154570948336,-0.08892094535245951,-0.2603057915413657,-0.15388722848744302
2014-05-13,0.0,-0.24509591427023197,-0.24296443805893636,-0.28037178488273473,-0.17554028752230386
2014-05-14,3.0,-0.2783228088231508,-0.2762344193731007,-0.2646636297431181,-0.15702787457312095
2014-05-15,0.0,-0.41573994255005636,-0.4144646558091326,-0.30658896301869676,-0.17597455879860718
2014-05-16,0.0,-0.46763578870774963,-0.4612802350408649,-0.37625576937946853,-0.19356375481200777
2014-05-17,0.0,-0.5763023251583523,-0.5650905681463849,-0.48599312627186697,-0.21053396967027754
2014-05-18,0.0,-0.6349484271485708,-0.6252614827821157,-0.5043498451305218,-0.2533097170513754
2014-05-19,0.0,-0.619692875830949,-0.6170287410505467,-0.5187004145992915,-0.26966340013610746
2014-05-20,12.5,-0.26912064010356107,-0.26024527893841354,-0.3892856102371235,-0.12795011050084876
2014-05-21,0.0,-0.36574453585643096,-0.3539863204646814,-0.40022357643024,-0.14249682416513484
2014-05-22,0.0,-0.38834446615383705,-0.37627785898241767,-0.4097613597620941,-0.15488606407310956
2014-05-23,0.0,-0.41710421213557963,-0.4035194060328879,-0.7199801418383497,-0.16528508571547965
2014-05-24,0.0,-0.45345415246940723,-0.4359900542728793,-0.8474384700657753,-0.17577153747414992
2014-05-25,2.5,-0.3757433262091316,-0.35962259428477344,-0.8285686280145658,-0.158143426228078
2014-05-26,1.5,-0.34694101974400926,-0.33046140904757487,-0.8822867312720414,-0.1535188970270941
2014-05-27,0.0,-0.40634176070721684,-0.39405019400363955,-0.9882672429569309,-0.2011247642019222
2014-05-28,0.0,-0.46506149046061057,-0.4580722161017298,-1.0381737119750285,-0.21282911705271465
2014-05-29,0.0,-0.4726764669203233,-0.4742069013110922,-1.0494400122798195,-0.22309121787592526
2014-05-30,0.0,-0.46650277194007445,-0.4704746227662928,-1.0597184051254358,-0.31856345710418044
2014-05-31,0.0,-0.5763312726112069,-0.5830342591715743,-1.0701115937284404,-0.32817387394420516
2014-06-01,0.0,-0.6221279781216403,-0.6265155384584526,-1.0802615571576006,-0.33644258119853027
2014-06-02,5.5,-0.4454402384934534,-0.4357215960397407,-1.0251856961883243,-0.27833616673332645
2014-06-03,4.0,-0.39583427898195217,-0.38673798291513145,-0.9895329564116503,-0.2408279648408328
2014-06-04,5.0,-0.29479880760865046,-0.27857343144971036,-0.9427384526901682,-0.19299422724564116
2014-06-05,0.0,-0.37041082043413237,-0.34817837604356167,-0.9552818048193389,-0.20572892587575195
2014-06-06,0.0,-0.4175412299817244,-0.38741040989174913,-0.9676655787181072,-0.21788879080830548
2014-06-07,0.0,-0.49568384659833664,-0.4612364677616808,-1.0569742559159507,-0.236991287774258
2014-06-08,0.0,-0.5575698015289711,-0.5217713779169623,-1.0730972064355142,-0.2527930970782808
2014-06-09,0.0,-0.4886397253442441,-0.44980744023001873,-1.1067649175565601,-0.27087621471263024
2014-06-10,0.0,-0.5731304896848882,-0.5211949642656919,-1.1349645936671775,-0.6567386491196782
2014-06-11,0.0,-0.6405304447779462,-0.5807071004435956,-1.154524610923251,-0.7656053853654308
2014-06-12,48.5,-0.2064468493464638,-0.2496755942035963,-0.6567834638273341,-0.22807647858182037
2014-06-13,0.0,-0.4941436918706977,-0.5283600119827584,-0.6827270179279196,-0.25553577753415735
2014-06-14,0.0,-0.6188900990444175,-0.6561023751835787,-0.7098268649686063,-0.28379017395812073
2014-06-15,0.0,-0.7420459487823392,-0.7745308186082549,-0.7382091602337959,-0.3294447564676753
2014-06-16,0.0,-0.8305643297395663,-0.8617363361357029,-0.7673774131338696,-0.36262243079075795
2014-06-17,1.0,-0.8576117132928505,-0.8871046319400622,-0.8293723274002951,-0.38364314477133615
2014-06-18,0.0,-1.0831430246873104,-1.101330514449448,-0.8823722202468922,-0.4148120720934201
2014-06-19,0.0,-1.028144650927691,-1.0586843574676896,-0.9118474099903673,-0.4466924254831875
2014-06-20,0.0,-0.8376090983793283,-0.864778440541622,-0.9424181472964153,-0.47897403437969027
2014-06-21,1.0,-1.0539334758816072,-1.0227821774119161,-0.9642827134794528,-0.502180485841154
2014-06-22,0.0,-1.1946114817880864,-1.151787280445277,-0.996571871142816,-0.5369252228508713
2014-06-23,3.0,-1.1328113147085748,-1.1239533347927007,-1.0037910796508351,-0.7541775744704359
2014-06-24,4.0,-0.996713874603242,-0.9908345574315022,-1.0050942749613256,-0.9461758140046043
2014-06-25,0.0,-1.0370260128436193,-1.019009266088776,-1.0386409470999542,-0.9762685960330764
2014-06-26,0.0,-1.2071660260079555,-1.1676892365956792,-1.0701946048384219,-1.004273893997136
2014-06-27,0.0,-1.1917355264395124,-1.1673086689892287,-1.1183247900334572,-1.1714533156500089
2014-06-28,0.0,-1.1830317078929633,-1.1509266425167848,-1.152017334623771,-1.2109328666269472
2014-06-29,0.0,-1.330321317905817,-1.2516726457975003,-1.187007906724341,-1.2417883170354536
2014-06-30,0.0,-1.4596673012692956,-1.350472254285264,-1.222932687437386,-1.2729598525934573
2014-07-01,0.0,-1.4990210779555466,-1.4045294527209844,-1.2600006056195365,-1.30635316570776
2014-07-02,12.0,-1.4045468828228225,-1.3332656060716923,-1.2030015060448274,-1.222601668438934
2014-07-03,21.5,-1.0806934841098228,-1.0638830493136997,-1.080927463152814,-1.0605626863735527
2014-07-04,2.0,-1.1630827541861566,-1.148439137589994,-1.1096856231645684,-1.0837586067860892
2014-07-05,0.2,-1.2601371842926705,-1.2378993952976414,-1.1528665713563218,-1.1231135649795765
2014-07-06,17.5,-1.0458486330952006,-1.0551060210095775,-1.0704850870671079,-1.0109657631250852
2014-07-07,0.5,-1.117418158453504,-1.1136917723931445,-1.125522734893167,-1.0509578297576834
2014-07-08,0.5,-1.3130731332329209,-1.2671827592251153,-1.1707145130409835,-1.0923401592582953
2014-07-09,1.0,-1.3134732078617757,-1.2961186075071405,-1.2116171796995272,-1.1292456386836207
2014-07-10,0.0,-1.4097791562363902,-1.3888418826365538,-1.2590724839741265,-1.1736751682420004
2014-07-11,0.0,-1.3121999657670402,-1.3036191856592527,-1.3048511069279625,-1.215710629374127
2014-07-12,4.5,-1.4163862367522146,-1.3878710601719693,-1.3191640937583484,-1.299588226946193
2014-07-13,15.5,-1.3408453506700557,-1.335913303204025,-1.2561090182270696,-1.209259895759943
2014-07-14,0.0,-1.5050372291408287,-1.4914964620410713,-1.2994436958352809,-1.2471933887939524
2014-07-15,0.1,-1.5166529806836433,-1.5073903721042095,-1.341829508318787,-1.283341251412456
2014-07-16,1.0,-1.5144792735109918,-1.467955804051166,-1.3774490426609387,-1.432151125075716
2014-07-17,62.0,-0.7854889575523049,-0.8255491033405583,-1.015801221487074,-0.9924925984329709
2014-07-18,8.0,-0.8122103068605893,-0.858357126450693,-1.007507589944905,-0.9680032061368944
2014-07-19,57.5,-0.17083958046310252,-0.31148112894027774,-0.7198554198026925,-0.6119995481803172
2014-07-20,0.0,-0.3690738876825288,-0.4905250660486807,-0.7728563163440807,-0.6441625268876321
2014-07-21,0.0,-0.4957941652672736,-0.5985927761038072,-0.812391827813834,-0.6762165790171993
2014-07-22,0.0,-0.6141085557389541,-0.7022456884850006,-0.8509099665583044,-0.7066962127339735
2014-07-23,0.0,-0.6878813458410035,-0.766508460300573,-0.8889272687113768,-0.7363564270693611
2014-07-24,0.1,-0.7142008925278883,-0.786339793059589,-0.952332230736504,-0.7655667632091999
2014-07-25,4.5,-0.6386085360933197,-0.7269473720840212,-0.9639476594886897,-0.7652629558649295
2014-07-26,5.5,-0.6587251070200635,-0.7156435219275813,-0.9702266313889427,-0.8557247547405746
2014-07-27,0.0,-0.7707293437748043,-0.7974201471597648,-1.00415731321387,-0.9561830583769962
2014-07-28,27.0,-0.4582982634224085,-0.5522427667625257,-0.8932381371626839,-0.8672939520713386
2014-07-29,0.0,-0.5640703220461507,-0.643878526715046,-0.9323171162001176,-0.8884889211289088
2014-07-30,0.0,-0.6109471351913955,-0.6933017910030658,-0.9620516725924199,-0.9079446200682585
2014-07-31,0.0,-0.6973375448244495,-0.7668457508886358,-0.9962170146095097,-0.9239408504806262
2014-08-01,1.5,-0.7489779521325436,-0.8175822869972849,-1.0131643969952384,-0.9299254183352217
2014-08-02,30.5,-0.36461705190400195,-0.5007708667665188,-0.8736618294484693,-0.7686008128308983
2014-08-03,6.0,-0.39378214774011766,-0.529686278988229,-0.8657603556468858,-0.7468496155758605
2014-08-04,8.0,-0.33168264163567157,-0.47965398308344753,-0.8474884943576154,-0.7136423018254976
2014-08-05,0.1,-0.4604545752176918,-0.5882379778275313,-0.870521935889392,-0.7271386025285417
2014-08-06,0.0,-0.5813890954951625,-0.6928236448178228,-0.895638809913238,-0.7455513401443746
2014-08-07,14.0,-0.44385665502268196,-0.583187756873007,-0.8587603236180005,-0.6809847184164299
2014-08-08,0.5,-0.47582459456358295,-0.6070569066688248,-0.8798403566054229,-0.6936390135892813
2014-08-09,0.0,-0.48038264805597486,-0.5776172721302179,-0.9033612251115546,-0.8608279366836583
2014-08-10,0.0,-0.5690211936627304,-0.620567951392137,-0.9273811276080345,-0.9219695205500485
2014-08-11,0.0,-0.6536149690944695,-0.6692436680168188,-0.951764017283345,-0.9380509452080292
2014-08-12,0.0,-0.7431286454182171,-0.7412343660733284,-0.9756240561385019,-0.9715059434683586
2014-08-13,0.1,-0.7925046080430939,-0.7853055677507387,-0.9993702442794767,-0.9881931024774533
2014-08-14,13.0,-0.6786450872085235,-0.6995168155343504,-0.9609484672188666,-0.9332813834688036
2014-08-15,1.5,-0.7513827203877746,-0.7603513546329707,-0.9780496968838773,-0.9437929415190197
2014-08-16,0.0,-0.8159071663256089,-0.8184659959861414,-1.011884778229198,-0.9625859714385508
2014-08-17,120.0,0.25591282552807404,-0.03359215368312242,-0.49957304788213314,-0.38348843112062037
2014-08-18,71.0,0.6333805554895592,0.4042657429501391,-0.23724533714370707,-0.14897140822192212
2014-08-19,5.0,0.2573079563268272,0.17481502588951475,-0.244298858128804,-0.15070059839944233
2014-08-20,11.0,0.15271341585407838,0.10282987825934514,-0.22824792798639176,-0.1284689821865696
2014-08-21,6.0,0.021085422322528528,0.003507159952074731,-0.23238146347692404,-0.12851916253135728
2014-08-22,0.0,-0.1320777008832826,-0.11822362204639505,-0.25952321110893967,-0.15284532258872074
2014-08-23,0.0,-0.2680521447434844,-0.22310642186273036,-0.2854887799070412,-0.1853534371422558
2014-08-24,13.5,-0.21301404402278143,-0.1887846575414769,-0.25910135376607885,-0.15820816853291353
2014-08-25,58.5,0.3916600828897987,0.25080025515680154,-0.0788398073652041,0.04575903998288899
2014-08-26,1.0,0.18459667907612648,0.08836274507119883,-0.09901015290874031,0.028703913872264498
2014-08-27,0.0,0.01740916004575968,-0.04534572160236609,-0.12290746927492213,0.007273175099008381
2014-08-28,0.5,-0.11275285018862238,-0.1565120411869594,-0.17003112990332211,-0.01193012732827095
2014-08-29,8.5,-0.13227177355849962,-0.1829278826013773,-0.16161867084547174,-0.0004129126240297765
2014-08-30,0.0,-0.22861199036704355,-0.26811778038627687,-0.18371777926091695,-0.020461305495748813
2014-08-31,0.0,-0.29729530337525245,-0.3339760465899479,-0.2056577646752227,-0.06062381532984298
2014-09-01,0.0,-0.3926041608480887,-0.41159599351194603,-0.2271221982337384,-0.0946312865150283
2014-09-02,18.5,-0.23186536022326318,-0.2924170312477148,-0.1816972626218171,-0.06276277037066325
2014-09-03,8.0,-0.22225468940062543,-0.28863435528201153,-0.17379705559815553,-0.050611311888906024
2014-09-04,0.0,-0.307651361885839,-0.3619801159724962,-0.19286794607294988,-0.06646520617584128
2014-09-05,0.0,-0.360078755267395,-0.41506349298684253,-0.2124127005019956,-0.0806307441457182
2014-09-06,0.0,-0.4217724433039241,-0.4641146954354542,-0.22915572076970328,-0.09296605020727072
2014-09-07,0.0,-0.4945305840916293,-0.5217577156848832,-0.24556363969240969,-0.10405080327885512
2014-09-08,0.0,-0.5174874351864994,-0.538400975530556,-0.3692323847255907,-0.1128090103358476
2014-09-09,0.0,-0.5591321665420781,-0.5774621030012601,-0.40943419024520045,-0.12022620685970897
2014-09-10,0.0,-0.6083064498111185,-0.6177908178103879,-0.4262214547449125,-0.3058882298867596
2014-09-11,0.0,-0.6693961739527577,-0.6634080614723126,-0.438132425314813,-0.3087431680410528
2014-09-12,2.0,-0.6517793055058223,-0.6392377964638022,-0.4421523256961232,-0.3022987449712184
2014-09-13,0.0,-0.6910716297106012,-0.667347084203052,-0.4581034925898925,-0.3016722454840445
2014-09-14,0.0,-0.7270919161640381,-0.7047652438176697,-0.4680336913028493,-0.2986244643848218
2014-09-15,0.0,-0.7240299819299906,-0.7112837949221811,-0.47655827902768855,-0.2983831210956377
2014-09-16,0.0,-0.7360944086710821,-0.7298815969718072,-0.4845809248509904,-0.2933985892735159
2014-09-17,0.0,-0.7669194365678064,-0.7601057835459588,-0.4922985839642954,-0.28741340064917575
2014-09-18,0.0,-0.7679979669182693,-0.7699433966571141,-0.4990225183374037,-0.2796829588835412
2014-09-19,0.0,-0.7857652954530808,-0.7835351017360439,-0.5051241781172031,-0.2741019364140457
2014-09-20,0.0,-0.8310374082366188,-0.8224804431983748,-0.5107049620889276,-0.2633601362338163
2014-09-21,0.0,-0.8797752828038786,-0.8613181102215758,-0.5902466362227987,-0.26295703546303956
2014-09-22,0.0,-0.9215645319631256,-0.9002434839979022,-0.6628680895935365,-0.26540624107724725
2014-09-23,11.0,-0.7895697584073081,-0.8022951799696365,-0.6261327856744521,-0.21037377106876817
2014-09-24,67.0,-0.05863218107209897,-0.2079214435799044,-0.39378866549378616,0.049796144137398586
2014-09-25,0.0,-0.22167118332506375,-0.3448919472570033,-0.44157760178772953,0.06703278642341748
2014-09-26,5.5,-0.2183660880235056,-0.34368112446724997,-0.42895433557898494,0.10497511572187727
2014-09-27,0.0,-0.2825557666989128,-0.3967131878988438,-0.4314293003022709,0.12481940776164319
2014-09-28,0.0,-0.3416918951326205,-0.4459251498104896,-0.43356822301326486,0.14694711918557615
2014-09-29,4.5,-0.3251644532251342,-0.4360627591559488,-0.4200962952258252,0.18647158499884509
2014-09-30,0.0,-0.3427069851654348,-0.4513626493454717,-0.42142610263257446,0.1701025742962496
2014-10-01,0.0,-0.4334120103940193,-0.5139777928453229,-0.42234927706645825,0.1207574438744072
2014-10-02,0.0,-0.4931324021216005,-0.5606439123755723,-0.42294853478101,0.1414167751007189
2014-10-03,0.0,-0.5365480891568841,-0.5977119175587982,-0.42285785932042197,0.1691057754809351
2014-10-04,0.0,-0.5855997235916377,-0.6373089069631896,-0.42203974486396206,0.13401936927698735
2014-10-05,0.0,-0.6049846667992715,-0.6545587108829194,-0.42092134467942993,0.16210353959938903
2014-10-06,0.0,-0.6259064312149352,-0.6723950453103502,-0.4195709747521521,0.19074417753924428
2014-10-07,0.0,-0.6411424099820711,-0.6862746452529837,-0.4177358826130964,0.2184357426279988
2014-10-08,0.0,-0.6717961566597002,-0.7116027250078635,-0.41562945055650263,0.2504822654957563
2014-10-09,0.0,-0.7042167986138287,-0.7382631265433713,-0.4131750015456838,0.2822902756202303
2014-10-10,0.0,-0.7236783051200387,-0.757002998073702,-0.4423121956785431,0.2975427377352089
2014-10-11,0.0,-0.7296364821803234,-0.7679692087507257,-0.43856716802235446,0.27058132754834485
2014-10-12,1.5,-0.7239714256398042,-0.7589613790596985,-0.42968035373652613,0.30735018872244224
2014-10-13,1.5,-0.7122625912430588,-0.7532956392572729,-0.42015867382854605,0.34407044650569824
2014-10-14,0.0,-0.7170704738815451,-0.7544246840793754,-0.4652861854906693,0.37141842106162726
2014-10-15,0.0,-0.7422323550474341,-0.7779287993702236,-0.467831184622347,0.1558850534928311
2014-10-16,0.0,-0.7521409530340475,-0.7875497678533763,-0.46319046299759575,0.15388382305342052
2014-10-17,0.0,-0.747629413877269,-0.7894207289479312,-0.4580064625341097,-0.0626001536054947
2014-10-18,0.0,-0.7589992819890214,-0.7991775035438002,-0.45194018703604394,-0.030836906622246273
2014-10-19,0.0,-0.7777234492114484,-0.8139778899957234,-0.4459239156153239,0.0004881202049298844
2014-10-20,27.0,-0.26123620635947936,-0.40205655482912545,-0.34847064406943173,0.1508320728292862
2014-10-21,34.5,0.09052700131877581,-0.1292401035046517,-0.22849645914451325,0.33032985135511533
2014-10-22,16.0,0.2510860512243026,-0.0021572868769242463,-0.17056300059667726,0.4300213228446405
2014-10-23,0.0,0.0989417866582076,-0.12055432534357105,-0.16406653287033768,0.44568361646928656
2014-10-24,0.0,0.0014580811056284111,-0.20199124156427256,-0.20603693276272445,0.457505457146616
2014-10-25,0.0,-0.07948872667087871,-0.2656114828667354,-0.2366108423021493,0.48884070070256325
2014-10-26,0.0,-0.14677092781633247,-0.3206686884565326,-0.26226276691866074,0.4061698936260444
2014-10-27,0.0,-0.21081773066477516,-0.37287353014385616,-0.2551510590432539,0.4368789545909299
2014-10-28,0.0,-0.2658872939681228,-0.41790727605922867,-0.24789711886118934,0.46812217467701217
2014-10-29,0.0,-0.31897898121537116,-0.45224903843400244,-0.24085441751702935,0.4970892028600539
2014-10-30,0.0,-0.3698304089672192,-0.4871063832399961,-0.23386472476114495,0.5188124743720911
2014-10-31,24.5,0.12396777195177756,-0.10546793750199704,-0.15387070713321557,0.5217821101966812
2014-11-01,0.5,0.01963799485781366,-0.1939190847943404,-0.1453307244014127,0.5266887208838994
2014-11-02,2.5,0.006462156459201032,-0.20843195659187747,-0.130594714267268,0.5331252239563152
2014-11-03,0.0,-0.056925977542222866,-0.2641157022130016,-0.12433552708908147,0.5632328936231371
2014-11-04,0.0,-0.11566673153774963,-0.3149366672516577,-0.12011783062121793,0.5951406158568416
2014-11-05,0.0,-0.17332157769322565,-0.3654297371845029,-0.11450310660019244,0.5676041750862391
2014-11-06,0.0,-0.22709480149797917,-0.4056573922181685,-0.10911755820927714,0.5985294189738593
2014-11-07,0.0,-0.2960465172469453,-0.467477293508395,-0.19066918771350924,0.6314549148955374
2014-11-08,0.0,-0.35806056300433425,-0.5130667050153427,-0.2115092488749686,0.664744029885993
2014-11-09,0.0,-0.41649501668643774,-0.5422901532623693,-0.20666448189314224,0.6985475694586067
2014-11-10,0.0,-0.47390003865781843,-0.5711904508368203,-0.21166390582675354,0.7332969663443719
2014-11-11,0.0,-0.5228939289815089,-0.5840084536403092,-0.207042134584692,0.7682072778890513
2014-11-12,1.5,-0.5348574187716114,-0.5733632096227312,-0.1977242534143101,0.7566839258458277
2014-11-13,0.0,-0.5944201333750526,-0.6116406933012893,-0.19337588061476482,0.7892272911515449
2014-11-14,0.5,-0.61908953138873,-0.6273319543948294,-0.18719944267566718,0.8325604458024708
2014-11-15,0.0,-0.6520967571555939,-0.6530880085879848,-0.18263700988199258,0.3200971613648268
2014-11-16,0.0,-0.6671334318468445,-0.6671782015112134,-0.21918820346818174,-0.019620437114102805
2014-11-17,1.0,-0.6560434865566211,-0.6610369666740806,-0.2114503899652868,3.555432731925628e-05
2014-11-18,0.0,-0.6827804623905437,-0.6847768208006688,-0.20729130301857693,-0.02181074642492493
2014-11-19,0.0,-0.7105858190056579,-0.7084260571783308,-0.20371805325245895,-0.013453436401156819
2014-11-20,0.0,-0.7318867279668017,-0.7165213753211614,-0.2001277036407697,0.03149010383446181
2014-11-21,0.0,-0.7543533474024353,-0.7406911924233565,-0.20423100859411927,0.07505080509175359
2014-11-22,0.0,-0.7646151479776879,-0.7484711939266661,-0.2045565471107375,0.034267565390853294
2014-11-23,0.5,-0.7943119120562742,-0.7713633671910873,-0.1985197631321964,-0.31899884164562914
2014-11-24,71.5,1.1377707583261951,0.719777577306414,0.03456125315328128,0.19902134998894264
2014-11-25,0.0,0.8059100207526283,0.4430943175028455,0.038397518742448254,0.24412586092422722
2014-11-26,0.0,0.6106088928034634,0.2818946581649286,0.0423937785133747,0.28765070767865597
2014-11-27,0.0,0.45618694903477786,0.15938879784213406,0.0465136081736605,0.2794758050542525
2014-11-28,4.0,0.4682910975788626,0.1640343084437369,0.06304676012078514,0.35421881788276693
2014-11-29,0.0,0.34414658059348163,0.06302795798999371,0.0501363399496187,0.4046712064126016
2014-11-30,13.5,0.6823408544685035,0.3404699265249768,0.08399034335327656,0.5450159663939469
2014-12-01,2.5,0.6297264789600815,0.29148966718031716,0.08088583965500207,0.4915477434036296
2014-12-02,3.5,0.6244013971024506,0.28816876426030646,0.09713664491344848,0.5142941530114983
2014-12-03,0.5,0.532386325527303,0.2076516338425425,0.10422222409900343,0.570544725320951
2014-12-04,6.0,0.6268473650486472,0.28893437845336045,0.12893082073029397,0.6654895906092938
2014-12-05,3.5,0.6198956240447276,0.2812718968937445,0.14676247428800787,0.743441247635156
2014-12-06,0.5,0.5173796234742281,0.20042303151969748,0.15623321731297526,0.8023655593573391
2014-12-07,0.0,0.4299465006525146,0.12601739082458732,0.16559063335000124,0.8582016443996692
2014-12-08,2.5,0.4459977809224378,0.13610236398431388,0.18339401448952758,0.9341915279299638
2014-12-09,0.0,0.3726343495800265,0.07177034475564838,0.044510859677618225,0.9906946157722759
2014-12-10,1.0,0.32993235519307984,0.04434406010282823,0.059974415557672106,1.0546276420739549
2014-12-11,0.5,0.275075557835829,0.007764825247671743,0.07449891451109394,1.0993777199142403
2014-12-12,1.5,0.2715088531466679,0.004969293427715691,0.09281505461712852,1.1676529015607917
2014-12-13,1.0,0.2506324391492378,-0.014883194675623929,0.11104121030782159,1.2318569772540724
2014-12-14,0.0,0.18837791654808567,-0.06119631379105688,0.12332655262233694,1.2855364902371198
2014-12-15,0.5,0.13731147758285553,-0.09021954319014026,0.1408337797167179,1.3408722979877459
2014-12-16,8.1,0.34836096961665275,0.09238412638948132,0.18318615286150586,1.4563736046184461
2014-12-17,2.5,0.3512378354403632,0.09060993323269032,0.1992113559678711,1.5106535370108698
2014-12-18,0.0,0.2814152839655239,0.025987263614885518,0.21422456197878237,1.5623084247379264
2014-12-19,2.0,0.2945147890905938,0.03520273898000315,0.2394457680049915,1.6288868391840379
2014-12-20,3.0,0.33868129259239566,0.07570855089683125,0.25965934808441504,1.703447769053661
2014-12-21,4.7,0.4280227815215943,0.15707619519189256,0.28218875797981857,1.7925389485737022
2014-12-22,0.7,0.3640688272728092,0.10356078777360235,0.3056395232318847,1.7621295013667617
2014-12-23,0.0,0.29790154053347423,0.04477195136136609,0.3277720191517025,1.2139304592818148
2014-12-24,0.0,0.24903603883211087,-0.004844563556046891,0.3524277352398631,1.2617379372305502
2014-12-25,0.0,0.2075633662268271,-0.04523350754371784,0.37885747351907884,1.2566268244030612
2014-12-26,0.0,0.1701311656373675,-0.0809281321258426,0.40660913239378416,1.3073012555157835
2014-12-27,0.0,0.13498994734831818,-0.11097323263802011,0.43545526876724133,1.3592228956329853
2014-12-28,0.0,0.09981895145204076,-0.14197440811451917,0.465968370589211,1.3644795278157187
2014-12-29,0.3,0.07393297150590468,-0.17046926023681358,0.4609588555489875,1.4151515309286493
2014-12-30,0.0,0.02074969919419869,-0.21369439990589403,0.42537642133325,1.4619093833692638
2014-12-31,2.7,0.06485999067039186,-0.17094946513387904,0.4614422448619391,1.539666072031824
2015-01-01,5.0,0.196556154947935,-0.0645207409277411,0.5458013441045243,1.6856560868709305
2015-01-02,4.6,0.2797418717066112,0.015641920401028766,0.5388993811397834,1.7785184248538344
2015-01-03,0.0,0.1886947587396686,-0.06520080121907355,0.5732287482103534,1.8181333934329627
2015-01-04,0.0,0.12777732366618932,-0.12583253851966095,0.6081279812519066,1.8515664189922836
2015-01-05,12.0,0.4935367050721573,0.2249058492938161,0.6815851878453477,2.023040167816029
2015-01-06,1.5,0.4351834778417074,0.1683204400728485,0.7238504484981341,2.07201026510591
2015-01-07,0.0,0.3417784705610122,0.08155153010039756,0.7614887794868136,2.1027563094108492
2015-01-08,0.0,0.27642531049452096,0.017411476319883136,0.7834707186165375,2.134382457992997
2015-01-09,0.0,0.21154809008231532,-0.041251912817723606,0.7676696298409038,2.165070395225697
2015-01-10,0.0,0.16152567752678995,-0.0896333325900484,0.8054053910523767,2.180611424655084
2015-01-11,0.0,0.10594484203622832,-0.13583656331530586,0.8435497628138187,2.1965691997975525
2015-01-12,0.0,0.05831269191571519,-0.18122395987761566,0.8777367507937472,2.2279899955625977
2015-01-13,0.0,0.01762058711383056,-0.2193359973094377,0.6923225652789113,2.2541586191946767
2015-01-14,0.0,-0.020573770460569376,-0.26122263002294477,0.7003505308038045,2.2742017227258593
2015-01-15,0.0,-0.060583515745544894,-0.30216476890774224,0.5166390787496979,2.2932146698059674
2015-01-16,0.5,-0.08347762148998604,-0.3198808906246274,0.5408233813149093,2.31613587552053
2015-01-17,0.0,-0.12428257907070821,-0.3507044155966508,0.5776666063549941,2.3378665310988964
2015-01-18,1.5,-0.11562917442650025,-0.33586601961016566,0.6210525874889955,2.0319721400613253
2015-01-19,0.0,-0.1720072449173811,-0.3836968594790864,0.659715553315107,1.5642183654273905
2015-01-20,0.0,-0.22241409047052577,-0.4304580841856149,0.6995503133656044,1.3357236154835306
2015-01-21,6.5,-0.04892387782044463,-0.25985506676624076,0.7472192350960793,1.45041132524895
2015-01-22,0.0,-0.13969372939907215,-0.34349629891540495,0.7640610188255316,1.4642269652430044
2015-01-23,0.0,-0.19817522407881918,-0.3907056028685155,0.799808390172918,1.479735658767782
2015-01-24,0.0,-0.24453518961689003,-0.43334308856492676,0.7221960881209009,1.4932624546706177
2015-01-25,8.0,-0.0008586049648270671,-0.2120434658358994,0.7902798126903884,1.6270513698506708
2015-01-26,1.0,-0.029364980103251784,-0.2498659309427431,0.8285299706774544,1.6540489115413737
2015-01-27,0.0,-0.054849940026853054,-0.29964439351848743,0.8611484306553128,1.666817660835358
2015-01-28,0.0,-0.06797027925965574,-0.32860107312390924,0.8866830759846296,1.680342232966298
2015-01-29,6.5,0.1613201253709164,-0.1418268277312281,0.8169011331204651,1.4109181573289413
2015-01-30,0.1,0.10181016919309527,-0.2059926356057618,0.8254120425069007,1.4153091357031204
2015-01-31,0.0,0.06401972246486574,-0.2573718806579779,0.8251373407953878,1.3855128889845068
2015-02-01,0.0,0.007487484554952429,-0.30023207544474195,0.8603424464659346,1.3966481865347857
2015-02-02,0.0,-0.04178208867756369,-0.3398049461773171,0.8973152956070343,1.4076911731204298
2015-02-03,0.0,-0.0847077989458768,-0.37956709348612605,0.8738278599544841,1.417238028548225
2015-02-04,0.0,-0.12000934559800594,-0.40944337343801457,0.9092021478182245,1.4268684193977914
2015-02-05,0.4,-0.13149458582220117,-0.41982114656896824,0.9495046208991028,1.4415658926012385
2015-02-06,0.0,-0.1633425353304686,-0.45512723148661455,0.9875039151079449,1.449328636554798
2015-02-07,0.0,-0.19223457543373806,-0.48667253954778966,1.02610026993431,1.4570026367927733
2015-02-08,0.0,-0.2225384021793862,-0.5195054325286461,1.0658267375055848,1.4648859485583574
2015-02-09,0.0,-0.2531820200570903,-0.5452584066746421,1.1059091503789378,1.473728035284216
2015-02-10,0.0,-0.29327639531528366,-0.5613325887994597,1.0909727162066145,1.452606604630595
2015-02-11,0.0,-0.34621828157547113,-0.5986987238814212,1.1290889213066024,1.4561821401774409
2015-02-12,0.0,-0.3867855027558586,-0.6341804697802802,1.1756780341791155,1.4513776203921636
2015-02-13,0.0,-0.4451676652699894,-0.6816050798614328,0.6588037748199373,1.4474162353121982
2015-02-14,0.0,-0.507817248931247,-0.7184422287851358,0.33469472113392973,1.4417494135868916
2015-02-15,10.5,-0.17992894875789514,-0.3937748256097119,0.41169481308423955,1.5836557620599299
2015-02-16,4.5,-0.11528959907937783,-0.31441810587513763,0.4240203992416995,1.6445143987441435
2015-02-17,0.0,-0.21271750871114548,-0.40547327101116876,0.44063738809901437,1.6385132550740975
2015-02-18,0.0,-0.2711546489918036,-0.4506167943546575,0.4911759404055118,1.6332241260097227
2015-02-19,0.0,-0.31521429403232265,-0.4900890077380951,0.5403952572473207,1.6274249796161113
2015-02-20,0.0,-0.35863108646368747,-0.5298147242073775,0.5115956796085601,1.6180513727685184
2015-02-21,3.5,-0.32102009347349825,-0.504436869674628,0.22806558680911498,1.6515001416112536
2015-02-22,1.5,-0.3194077265124604,-0.4948417173416567,0.2775835796383519,0.5062846699735329
2015-02-23,0.0,-0.3564339949084815,-0.5242195278995725,0.3262253354066287,0.5020657004743656
2015-02-24,0.0,-0.40809056149907685,-0.5748569073166494,0.37225166417371686,0.49708311348462825
2015-02-25,0.0,-0.4699601615366434,-0.6347149790215955,0.36517724151292075,0.4915040665883709
2015-02-26,0.0,-0.5146672945890061,-0.68222838630447,0.4153690857332984,0.4110463360865391
2015-02-27,0.0,-0.5594959369336999,-0.7331410780142236,0.46756279177402066,0.4044343580259449
2015-02-28,3.5,-0.4755636079856144,-0.6415533343240242,0.5455492004862619,0.2059784880937669
2015-03-01,1.0,-0.5004189573676329,-0.6546919551428761,0.4777423874606044,0.16906221736416813
2015-03-02,0.0,-0.5555635710367239,-0.7189153897768171,0.47174128739716603,0.09103951281248478
2015-03-03,4.0,-0.46051156425128703,-0.641768207158544,0.5535702510039083,0.15106961679007397
2015-03-04,0.0,-0.5046320231028288,-0.6754732998236275,0.6054372188382545,0.019844474851878607
2015-03-05,0.0,-0.5508104753227693,-0.7247606393411573,0.6567786665616387,-0.06466695950550867
2015-03-06,0.0,-0.6124111131651396,-0.7975812940730059,0.7090707549631268,-0.08646923484654437
2015-03-07,0.0,-0.6662552421797164,-0.8447565370082046,0.762621505588565,-0.09779792481374046
2015-03-08,0.0,-0.7032596783816113,-0.8618925833560225,0.8170445429094645,-0.16334885179164582
2015-03-09,0.5,-0.7010346711541702,-0.8410922429770512,0.872044005703387,-0.16628791649653685
2015-03-10,0.0,-0.7550071343759363,-0.8643787563204954,0.9230118179911581,-0.20255978620126172
2015-03-11,0.0,-0.7975014653052319,-0.8710131179798796,0.9562287513103834,-0.22845744275321225
2015-03-12,0.0,-0.8382207510691633,-0.8779132225389746,1.0039595442954412,-0.27710727842517413
2015-03-13,3.5,-0.7264891912159405,-0.7561992523346945,1.0816829709954394,-0.23866138804026474
2015-03-14,0.0,-0.8136933371411064,-0.8048171468861595,1.1241806853764773,-0.2559421732297432
2015-03-15,0.0,-0.8578844776403306,-0.8933747467196905,1.1666899304206568,-0.2839936073718006
2015-03-16,0.0,-0.8836411452154666,-0.9172952140049503,1.2100499275784045,-0.4870757433126743
2015-03-17,0.0,-0.887148331650539,-0.9188047648793009,1.2509235374050638,-0.5668078894236931
2015-03-18,26.5,-0.06081619221832268,-0.2157880709776229,1.5348906768845834,-0.007822305216626193
2015-03-19,1.0,-0.2195285621543984,-0.3807004018717274,1.5870146951252635,-0.047179477803493575
2015-03-20,0.0,-0.3489437562836241,-0.514456133852436,1.6265777907318943,-0.1310464784286323
2015-03-21,0.0,-0.4192715925980091,-0.6051823592128363,1.666350021184968,-0.254474782145636
2015-03-22,0.0,-0.46861162126750555,-0.6553145797187462,1.5998796022161657,-0.29600794300239075
2015-03-23,0.0,-0.5847741428081709,-0.6839096336308829,0.948217039238527,-0.32408868445148736
2015-03-24,0.0,-0.6554368003398902,-0.8714466981581123,0.9730852272771541,-0.3518956456740492
2015-03-25,0.0,-0.7008351311856298,-0.9362842381853365,0.9369021212096333,-0.38171892721692624
2015-03-26,0.0,-0.7325873591031354,-0.9232115622408255,0.9603783669546154,-0.41321309182360627
2015-03-27,0.0,-0.7212386630755432,-0.8874688271855502,0.9831526313624243,-0.44681319114457824
2015-03-28,0.0,-0.7470791075064435,-0.9145995214459499,0.950837873958885,-0.47842746576835155
2015-03-29,0.0,-0.7356525650682053,-0.8926387131892954,0.9652508045204125,-0.51339025359742
2015-03-30,0.0,-0.7620523133017276,-0.8991438658032653,0.976250215516119,-0.5422914810010143
2015-03-31,0.0,-0.7989064723028001,-0.9210847092277771,0.9840319542041356,-0.6321087557146433
2015-04-01,0.0,-0.7986556184415526,-0.9026704245291269,0.9859750540571794,-0.7769444178267779
2015-04-02,4.0,-0.694320199589331,-0.7999026559961736,1.031936455536202,-0.8172219836023555
2015-04-03,7.0,-0.6348457814485157,-0.5776894720642194,1.1115512428136864,-0.6775970416922437
2015-04-04,26.0,0.20233400965972673,0.08566771467863839,1.407969378139132,-0.1529040911092939
2015-04-05,4.5,0.12267828418129835,0.007564714083041515,1.453221642359963,-0.33134779048044477
2015-04-06,6.0,0.1540596543485716,0.04267131499142782,1.5124208496603773,-0.26896557187128456
2015-04-07,0.0,0.016345968425708214,-0.10324837058728965,1.5013742127557834,-0.29831933424305934
2015-04-08,0.0,-0.09373794321803829,-0.22172694219089953,1.486432044910132,-0.32734323541097127
2015-04-09,0.0,-0.18333631078311272,-0.3078163048964021,1.470384201227146,-0.3556813271945989
2015-04-10,0.0,-0.2507677145676073,-0.37083297722962133,1.4405525998547262,-0.3820682960137113
2015-04-11,0.0,-0.3287460970491721,-0.44650441017898673,1.4109139590571242,-0.40858047294788497
2015-04-12,0.0,-0.39547794305763906,-0.5008138753891462,1.3990285594550504,-0.43531624711294176
2015-04-13,7.5,-0.1787173921123614,-0.28689816109237626,1.4635976259303025,-0.3195476308269917
2015-04-14,14.5,0.2755994104870968,0.13747002338610664,1.5937357535862355,-0.08539303199385335
2015-04-15,0.5,0.10225568562831741,-0.026066938325570606,1.5709543015391092,-0.10821828315944147
2015-04-16,0.5,-0.01854943162322809,-0.13975929657813305,1.5445356475542775,-0.14068011112598036
2015-04-17,0.0,-0.10649727883458587,-0.21348692525140756,1.512994728387844,-0.17312644636721106
2015-04-18,2.0,-0.14112175052535503,-0.2510061470653373,1.22414604770922,-0.19680261450768693
2015-04-19,1.0,-0.2210249823142352,-0.3321043756008733,0.8344301219032694,-0.21295188960698772
2015-04-20,10.5,0.0977018471539034,-0.044444002865824575,0.7475270309743725,-0.06985035008268124
2015-04-21,0.0,-0.03391184762770893,-0.1573683311268047,0.7202389200634988,-0.21310631705719735
2015-04-22,0.0,-0.16169344088810694,-0.2933778860814904,0.6938398582238022,-0.24552553369395339
2015-04-23,0.0,-0.24148929826940105,-0.36780009756324183,0.6698457613004328,-0.27702751006123705
2015-04-24,0.0,-0.29975942282809726,-0.41759541731593813,0.6464968738361954,-0.3087757090476775
2015-04-25,0.0,-0.379024990770849,-0.4947421177217711,0.6225242322132883,-0.47471965668897237
2015-04-26,0.0,-0.46926655384302324,-0.5615195611778147,0.5972138730099795,-0.5222719704810795
2015-04-27,0.0,-0.5588734681426104,-0.6586688063635227,0.5731263328161257,-0.5517331285742836
2015-04-28,22.5,0.15104325240086647,0.0175579515133098,0.7821255759213601,-0.21919854494458976
2015-04-29,39.0,1.247645297851635,1.1123351760167128,0.9021373937763539,0.21731062560096823
2015-04-30,0.0,0.9365367657070843,0.797195044413789,0.8717072866546995,0.18221657853123704
2015-05-01,0.0,0.648478562208185,0.5317204322792063,0.821486290576874,0.14823367208112465
2015-05-02,3.4,0.6044106505678537,0.48839673570772535,0.8309689891687368,0.1605511283329778
2015-05-03,7.7,0.7157116828072628,0.5960348185793981,0.8833128352401789,0.2288489078348391
2015-05-04,0.0,0.5597692568083312,0.44418651114062596,0.8587691355919564,0.19535727264871108
2015-05-05,0.0,0.41402169063568794,0.30034196582591516,0.8338327203896952,0.16369011084388838
2015-05-06,0.0,0.29448140806973727,0.17807537597001055,0.8095734182615086,0.12797721118115538
2015-05-07,0.0,0.16581879519609763,0.06010883192924746,0.7863772425208371,0.09855437830326953
2015-05-08,0.0,0.06956472132028392,-0.0414618072820805,0.7650216339706657,0.07156852023845212
2015-05-09,1.5,0.02379225258500903,-0.09266267177507724,0.7594728475439018,0.06453606979617457
2015-05-10,0.0,-0.06954814786455096,-0.19348381281190813,0.7409900389157276,0.039424133101801324
2015-05-11,19.0,0.45375149133910064,0.3573099137155693,0.8849407574833043,0.2490343124989453
2015-05-12,10.5,0.598133511454108,0.5077912653346786,0.9621021120379546,0.3497913565240647
2015-05-13,0.0,0.35995368272378686,0.2679619880544117,0.9405215555530371,0.32823093239268636
2015-05-14,0.0,0.23747307286713173,0.138817717069715,0.9237288986423486,0.30715333280706164
2015-05-15,1.0,0.1525336879938646,0.04578001741934832,0.9158657235026718,0.2987419670646086
2015-05-16,0.0,0.03730981810987404,-0.06307252413144634,0.8912227534619187,0.15753186331724736
2015-05-17,0.0,-0.07122524906952706,-0.1757611410971632,0.8759740757247659,0.0859716082355386
2015-05-18,2.0,-0.10111109524949266,-0.20363579797908746,0.8783081860190417,0.09147425325626206
2015-05-19,0.0,-0.16211583765714643,-0.2587909357501973,0.863556649870739,0.0739697860477943
2015-05-20,0.0,-0.2253534672359269,-0.32356251880360554,0.8493691653634121,0.057647813430970786
2015-05-21,0.0,-0.28279587599761485,-0.38679773116803307,0.8352705266607171,0.04262678076750584
2015-05-22,0.0,-0.3008383086054781,-0.40558154224552434,0.817590829912558,-0.011549653351645147
2015-05-23,0.0,-0.3317797667946903,-0.44114228887702983,0.14101753116532725,-0.04018418057708587
2015-05-24,0.0,-0.37645344268400627,-0.4662111433518657,0.1294888965504279,-0.051141011047527545
2015-05-25,0.0,-0.40913471903001536,-0.4801395786630706,0.11619113698114247,-0.06404656293870042
2015-05-26,0.0,-0.4413006517753558,-0.49059383318446076,0.10178126928283385,-0.07762210112364512
2015-05-27,0.0,-0.4858508474863895,-0.5429600871305923,0.04879320901899476,-0.08944371878735446
2015-05-28,0.0,-0.535765622742604,-0.600492491490685,0.03503436796228625,-0.10134653351799922
2015-05-29,0.0,-0.5319667675679766,-0.6016253933542175,-0.11198545000908319,-0.15281552627224831
2015-05-30,3.5,-0.3964990744261819,-0.45849995687704026,-0.11462558385646193,-0.13414222246034577
2015-05-31,0.0,-0.5175071417553666,-0.5863330323060363,-0.16243717125318702,-0.14414463496982904
2015-06-01,0.0,-0.5711046363630249,-0.6367331729400478,-0.17971089020358802,-0.1997154080331994
2015-06-02,0.0,-0.5935149296179876,-0.641037538681919,-0.25257627753524825,-0.20832160074226638
2015-06-03,0.0,-0.6704623118521991,-0.7215319371330554,-0.3014859521392085,-0.21841858933614472
2015-06-04,0.0,-0.7355631361920991,-0.7788027680212943,-0.31993668636485445,-0.2292578425305108
2015-06-05,1.5,-0.7239263316611375,-0.7650896871963536,-0.31973445996667976,-0.2243650268695891
2015-06-06,0.0,-0.7386050969166996,-0.7682112789557928,-0.35984794250473245,-0.23648710583864
2015-06-07,0.0,-0.7965734284560028,-0.8231854772487123,-0.37630417367876157,-0.25557343919074565
2015-06-08,3.5,-0.7098683153297347,-0.7337307259265852,-0.3702569025318497,-0.23091602285302623
2015-06-09,0.0,-0.6146544181846239,-0.6181274198299663,-0.39583250355278227,-0.24909966040327394
2015-06-10,0.0,-0.7086737445878033,-0.6984757950595032,-0.4333891501708087,-0.2698775642597993
2015-06-11,0.2,-0.7756212935633887,-0.7576364212626621,-0.4657413956249089,-0.330552117095687
2015-06-12,0.0,-0.8350141379234436,-0.8103554129310725,-0.491490569379635,-0.3543630045872339
2015-06-13,0.0,-0.8925216716846286,-0.870396076780096,-0.5239949458502127,-0.38048213609615666
2015-06-14,33.5,-0.1459220461507064,-0.2222909970782812,-0.3164493392311178,-0.05499109622408624
2015-06-15,0.0,-0.3643119429435298,-0.43434090216335547,-0.371002434428201,-0.08684362402959996
2015-06-16,0.0,-0.4804829097058854,-0.5466093696754619,-0.4041941473415499,-0.391100348353591
2015-06-17,0.0,-0.5611326425716595,-0.6221778836502344,-0.4550344840753934,-0.4327325422743283
2015-06-18,0.0,-0.755977043110083,-0.8113307745809423,-0.5145214060860938,-0.4634319125216742
2015-06-19,0.0,-0.746328483845337,-0.8050586403900198,-0.5893445747693197,-0.4947993621122018
2015-06-20,12.5,-0.3599256811166737,-0.41249124379299873,-0.5219300299164392,-0.4013370073996203
2015-06-21,0.0,-0.571753072042954,-0.5966778570798322,-0.5579184150150169,-0.43526400735058973
2015-06-22,0.0,-0.7195339199428034,-0.736201729760386,-0.5947537973109357,-0.47064585294185524
2015-06-23,0.0,-0.7814517683897209,-0.8130802376307962,-0.6327646289702208,-0.5076157035185993
2015-06-24,0.0,-0.7769809939327113,-0.8010345695706267,-0.6704771932914462,-0.5440874813805492
2015-06-25,19.7,-0.47537425150470813,-0.5179378255177309,-0.550823313648093,-0.39692062966088926
2015-06-26,8.8,-0.5047472100679272,-0.5496849319321424,-0.521646262266614,-0.35594456598173846
2015-06-27,0.3,-0.5937749100062953,-0.6369001005204754,-0.5613541205064767,-0.3912761079245613
2015-06-28,0.0,-0.6483894752510616,-0.6815922387393567,-0.602054722165641,-0.4300843735982996
2015-06-29,0.0,-0.7884296406674185,-0.7911932620163822,-0.6630029176429529,-0.4698720284461796
2015-06-30,16.1,-0.6289976959325565,-0.6501616582203239,-0.6252498379122127,-0.3810410218395551
2015-07-01,0.2,-0.7363339199978839,-0.7526789546435722,-0.6999554335053432,-0.4540318214098461
2015-07-02,0.0,-0.8682175931517306,-0.875240277326241,-0.7443706794188871,-0.5538482965971508
2015-07-03,0.0,-0.9232852829113531,-0.9342895123772635,-0.7906180009388242,-0.8114217214080671
2015-07-04,0.0,-0.9914587098382739,-1.004288987673817,-0.9200268839424808,-0.8921977516809589
2015-07-05,0.0,-1.0687166005101845,-1.0754470541837722,-0.9761645467361448,-0.9853391387304286
2015-07-06,0.0,-1.1181903467801857,-1.1313754256821729,-1.021027660943185,-1.026299653174464
2015-07-07,20.8,-0.8297075856060352,-0.863881430904516,-0.9259244784603159,-0.8981608050380347
2015-07-08,10.3,-0.8535118822161852,-0.8759444603344003,-0.905810627916906,-0.8619023958486937
2015-07-09,37.1,-0.3537542099037822,-0.4462279487244991,-0.715253697375759,-0.6287842745886366
2015-07-10,0.0,-0.5567707174251902,-0.6341341667645558,-0.762918586331168,-0.673174450480395
2015-07-11,10.0,-0.49442078886371765,-0.5703873723267576,-0.7469687762846846,-0.6443047177892692
2015-07-12,28.3,-0.2792527241328118,-0.3809801599947919,-0.622410284172934,-0.5422896423653246
2015-07-13,3.4,-0.4541216917413044,-0.5475664098281382,-0.6466049725392838,-0.6572203772766185
2015-07-14,0.0,-0.6180109279465297,-0.7056575506398503,-0.6896531636565286,-0.6982615344023346
2015-07-15,13.7,-0.515824985036629,-0.616430884158161,-0.6554563112209904,-0.6449069139036767
2015-07-16,0.0,-0.6154162191406592,-0.6887315948548912,-0.6973256411023535,-0.6802903454918436
2015-07-17,0.0,-0.726302314568244,-0.7826855252355583,-0.7466816505721554,-0.7274826830928574
2015-07-18,0.0,-0.7603231398298249,-0.8211051388032528,-0.7872905433343239,-0.7677187481772512
2015-07-19,0.0,-0.8563973249149077,-0.9135675037528508,-0.8282378588343676,-0.8740254579552574
2015-07-20,0.0,-0.9146112850596593,-0.9731744267656539,-0.9063748737797713,-0.9066591348065796
2015-07-21,2.9,-0.9257839803190715,-0.9781840847246496,-0.9292026579954219,-0.9192487043584558
2015-07-22,1.8,-0.9773123216135089,-1.023906960785219,-0.9574462456631193,-0.9377549959958505
2015-07-23,10.7,-0.8460493274937935,-0.913148537669257,-0.9332766933659546,-0.894469540463042
2015-07-24,9.5,-0.7282993931267844,-0.8069167556646448,-0.9627343379879455,-0.8606687705834234
2015-07-25,0.0,-0.7114057788300571,-0.8004658169431399,-1.0060760687418444,-0.8893697195634259
2015-07-26,0.0,-0.7929117652920284,-0.837931212900083,-1.043892196021016,-0.9183310420991175
2015-07-27,11.4,-0.7410082059819812,-0.780600661099105,-1.0121567621091287,-1.0174756451139022
2015-07-28,4.2,-0.7568204545920945,-0.8040602434262215,-1.057619080862652,-1.2853434537368007
2015-07-29,0.0,-0.8209591328901019,-0.8602308392350005,-1.0888830783197336,-1.3058841010232476
2015-07-30,0.0,-0.8317302991886781,-0.8846164450529934,-1.1184193101213986,-1.3242511679785223
2015-07-31,0.0,-0.9064247247724125,-0.9473005781444161,-1.143916589797127,-1.3635876157532802
2015-08-01,0.0,-0.9670747837318063,-1.006846371484734,-1.168813586438958,-1.4345694903858637
2015-08-02,0.0,-1.0024513653246696,-1.0449685765152883,-1.1931692602190629,-1.448295506263601
2015-08-03,0.0,-1.0407809888256099,-1.0849659716304831,-1.2157620667699636,-1.4595554115240144
2015-08-04,0.0,-0.9813484411579895,-1.05658862955408,-1.2396828558117636,-1.469094426136854
2015-08-05,0.0,-1.1228322496736192,-1.152379926921152,-1.2614106228843172,-1.477972844543738
2015-08-06,0.0,-1.2412483377779582,-1.2463037652336348,-1.2843787788341026,-1.4883028620520875
2015-08-07,0.0,-1.2708507380415162,-1.279245963073539,-1.3063870775105237,-1.507816528884321
2015-08-08,42.9,-0.5791605026169562,-0.7042569848593647,-1.0963090414663954,-1.2245353280650397
2015-08-09,0.0,-0.6097428711127222,-0.6942934542096035,-1.1189286164910892,-1.3613032551695383
2015-08-10,0.0,-0.7199577964820351,-0.7458378875067945,-1.1421432898171493,-1.444000052179732
2015-08-11,27.6,-0.48295069634757437,-0.5467997389596949,-1.0249423259940564,-1.2750870145056974
2015-08-12,1.6,-0.5970873697578204,-0.6392141582870087,-1.040526045902897,-1.2791484393404486
2015-08-13,0.0,-0.6752793228855678,-0.7044734535872638,-1.0645515132619123,-1.3011441443496383
2015-08-14,0.0,-0.746515600330661,-0.7558440943486786,-1.1413563779582616,-1.3177919592650016
2015-08-15,0.0,-0.8257687720119702,-0.8219180506171269,-1.1874926630133116,-1.3346025857513393
2015-08-16,2.5,-0.850526410963904,-0.8508441152883102,-1.1983562441867104,-1.3481380680925825
2015-08-17,3.7,-0.9075112884023984,-0.9031101414367151,-1.2027671900263033,-1.3413153066036894
2015-08-18,0.0,-0.9155333997543359,-0.9295877910152893,-1.226049298250949,-1.357875124620545
2015-08-19,0.0,-0.9022319754655639,-0.9465916274869101,-1.2492520448348878,-1.3737715521173834
2015-08-20,8.2,-0.9112134518310023,-0.9249680677166061,-1.2502735247699568,-1.3421363754954985
2015-08-21,41.5,-0.5045993917056788,-0.6068945020519766,-1.0851445672285245,-1.125705382227878
2015-08-22,0.0,-0.6491944389386003,-0.7194894779049752,-1.1107216352267484,-1.1464431388448046
2015-08-23,0.0,-0.7606124670883457,-0.793585234447971,-1.135356316487871,-1.165483114575859
2015-08-24,0.0,-0.8708783135033319,-0.8798738134926012,-1.1590235173645191,-1.1834246233546617
2015-08-25,15.7,-0.7446377321293576,-0.8073596947840074,-1.1109977465860574,-1.1192791001989009
2015-08-26,0.0,-0.8391932248336962,-0.8937390864551162,-1.1346574447353515,-1.1387851243628866
2015-08-27,5.2,-0.8035405938849044,-0.8830524729954539,-1.1513637330942106,-1.132553400783221
2015-08-28,0.0,-0.9378423050642433,-0.9905335608388915,-1.1795895872932571,-1.1717271017947515
2015-08-29,0.0,-1.0267155185657368,-1.0748499905504876,-1.2014832727210578,-1.1913013467508522
2015-08-30,0.0,-0.9835134734212143,-1.073338647265098,-1.2414398986136757,-1.2106540525724778
2015-08-31,0.0,-0.9711584023374844,-1.071397074744963,-1.263049047169,-1.2296636752127292
2015-09-01,1.4,-1.079501001020111,-1.1381754920655758,-1.2774909004370145,-1.240441950164301
2015-09-02,15.3,-0.9554892694847915,-1.0447725559012628,-1.2280941398221432,-1.1780289574299374
2015-09-03,6.7,-0.954402225529681,-1.0369418965556247,-1.2178968840089508,-1.1682309488075768
2015-09-04,0.0,-1.0198772533739577,-1.0987600163458378,-1.236478327364335,-1.183882690085151
2015-09-05,17.3,-0.8085761354736966,-0.956661669452356,-1.1798716056499559,-1.1120657992734533
2015-09-06,2.8,-0.8595439572564618,-0.9946186074026228,-1.1834459865277949,-1.1278929533108975
2015-09-07,0.0,-0.9577326236281073,-1.070209096651654,-1.1989415020211882,-1.1392782812044009
2015-09-08,0.0,-0.9698388455761524,-1.0719256564699084,-1.2135916383874648,-1.148260119525205
2015-09-09,0.0,-1.0103222223666413,-1.1133559882271744,-1.2428994515700456,-1.1567738965635497
2015-09-10,0.0,-1.054138123818685,-1.1482281624020867,-1.2547370327087726,-1.1623395576195952
2015-09-11,0.0,-1.1181735625513611,-1.1928631233826095,-1.265011660628213,-1.165402289155892
2015-09-12,2.7,-1.0562126469599884,-1.1199539669605971,-1.2632067074741125,-1.3215265302974475
2015-09-13,0.0,-1.079618462829397,-1.1307869948021374,-1.2725520613276795,-1.319831607989061
2015-09-14,0.0,-1.1031462878832696,-1.1620871477727175,-1.3955233918204535,-1.3156901976744124
2015-09-15,0.0,-1.0715350018498682,-1.1456361790704903,-1.4069061359679842,-1.310731413555024
2015-09-16,0.0,-1.0624413718279702,-1.1479192325599972,-1.4140106428136587,-1.305315703995496
2015-09-17,0.0,-1.0884764677630632,-1.1761201244996458,-1.4209391586183693,-1.2995426274825845
2015-09-18,0.0,-1.0748967514687415,-1.1752571862717631,-1.4267872430382311,-1.3565002203299226
2015-09-19,0.0,-1.083772132520304,-1.1787310843575507,-1.4322616307090186,-1.346768153407175
2015-09-20,0.0,-1.1319910089570515,-1.2219282784988956,-1.436949730277655,-1.3355863260541136
2015-09-21,0.0,-1.1859600119919227,-1.2662375190911233,-1.4401390850833207,-1.3234913025539967
2015-09-22,0.0,-1.2302173570405166,-1.3106417779558093,-1.4424167044300238,-1.3102003730959786
2015-09-23,18.9,-0.9781187965726736,-1.1172959105219624,-1.3624216850441755,-1.3004525903601218
2015-09-24,0.0,-1.0454239294885352,-1.1760060091532296,-1.3645870968326963,-1.3316195696049047
2015-09-25,0.0,-1.0799994823834889,-1.2052510199336082,-1.366034170390617,-1.315019809342799
2015-09-26,0.0,-1.1058953413293224,-1.2255076469659014,-1.3673642571626003,-1.2953942469841642
2015-09-27,0.0,-1.122049814166484,-1.2360154040634477,-1.3681722267022876,-1.2743824148032887
2015-09-28,0.0,-1.1474138004742158,-1.2574161958921406,-1.3689318350788477,-1.3375843838213368
2015-09-29,0.0,-1.1569925391223332,-1.2736819842841054,-1.3867858634551267,-1.3135484735212606
2015-09-30,1.5,-1.0172000568145128,-1.1724798168627235,-1.4107235534656353,-1.2789661507358425
2015-10-01,56.4,-0.26777997552827154,-0.5273190495205945,-1.2830060224806892,-0.9586316620810685
2015-10-02,0.0,-0.4293119186647311,-0.6581969332778564,-1.3022359707411915,-0.9313397183828589
2015-10-03,0.0,-0.5146617223089555,-0.7301323998833662,-1.3269977498450496,-0.9040123066165479
2015-10-04,0.0,-0.5863514042151535,-0.791409994372947,-1.3259650016572324,-0.8762609845969845
2015-10-05,0.0,-0.6191787252330441,-0.8181888407260263,-1.3247309635474867,-0.9528863334050235
2015-10-06,0.0,-0.6480298355059286,-0.8419818777280716,-1.3231513452974153,-0.9775388553249758
2015-10-07,0.0,-0.6675938757504766,-0.8583953655019687,-1.3210108123690079,-1.148981408329064
2015-10-08,1.2,-0.679802571414062,-0.8710172788298305,-1.3136758259735242,-1.1136495341937782
2015-10-09,0.0,-0.7162731251709027,-0.9026179717296218,-1.3106998338368196,-1.1415748045113654
2015-10-10,2.6,-0.6894087762819633,-0.8851387904834442,-1.3271616230030752,-1.2626370840561947
2015-10-11,3.9,-0.6318514822443416,-0.8435862994558445,-1.3670286272327896,-1.2296912658358337
2015-10-12,1.2,-0.6425878704736868,-0.8476289550392254,-1.3592493985062943,-1.1933533842712833
2015-10-13,0.0,-0.6623765089688431,-0.8668079586040969,-1.3553866571738706,-1.249336526498917
2015-10-14,0.0,-0.6657226246839957,-0.8653677595898824,-1.3494026424638408,-1.2224675748104414
2015-10-15,0.0,-0.6882393342127692,-0.8905363115433693,-1.3522593406488215,-1.194639291387753
2015-10-16,0.0,-0.6962680285595689,-0.8995778873522905,-1.3508906970530687,-1.1675621963767329
2015-10-17,0.0,-0.6904403921724528,-0.8997077546496008,-1.3893268093173115,-1.1402284020209632
2015-10-18,0.0,-0.6988652595329056,-0.9087538852066919,-1.3820654588433194,-1.1103309936039543
2015-10-19,0.0,-0.7141969432959647,-0.9227568709921196,-1.3748042760291015,-1.0999116330702818
2015-10-20,0.0,-0.7324942004064067,-0.9414977084931225,-1.3665839826714932,-1.083152451122507
2015-10-21,0.0,-0.7540602474153999,-0.963484737888026,-1.3583133429503336,-1.1215350994479967
2015-10-22,0.0,-0.7762360917518353,-0.9785835133960064,-1.3498952877385748,-1.151719542188822
2015-10-23,0.0,-0.7752167584613783,-0.983207478628771,-1.3414914009826433,-1.1173372622838542
2015-10-24,1.1,-0.7750267396149181,-0.987129837175673,-1.3287579420985196,-1.0725445239572478
2015-10-25,0.0,-0.7849804969505856,-0.9941574891847531,-1.4161343198937302,-1.1112962905610897
2015-10-26,0.0,-0.7982898108003063,-1.0058885430224287,-1.5787362234837523,-1.1025995977133896
2015-10-27,24.5,-0.2640363033334642,-0.5764783569058016,-1.4611408177867267,-0.9021112502627051
2015-10-28,0.0,-0.35148193499574953,-0.6466109177574519,-1.4522041265846757,-0.8676324968235597
2015-10-29,0.0,-0.4012773253277279,-0.6866517904698476,-1.4586117087827444,-0.8344730938327746
2015-10-30,0.0,-0.44007427780121766,-0.722568997476904,-1.4842151117686477,-0.8011448552214997
2015-10-31,0.0,-0.4688202493651286,-0.7505336050259098,-1.475535931784883,-0.7675937070939385
2015-11-01,0.0,-0.4879382422687706,-0.7693456186516526,-1.4670437463191184,-0.735260262127954
2015-11-02,0.0,-0.502649017177336,-0.7837180345095541,-1.4586443608420456,-0.7026702724104167
2015-11-03,0.0,-0.514531402671942,-0.7983826950269322,-1.4513532725842246,-0.6685984493470319
2015-11-04,0.0,-0.5325483870758401,-0.8151575611702092,-1.444697321073649,-0.6326477460098612
2015-11-05,0.0,-0.5551690977427481,-0.8397011658837785,-1.444804353658923,-0.596434065648878
2015-11-06,4.1,-0.4597842260088062,-0.7573726145112216,-1.4209910026144306,-0.8124008675036094
2015-11-07,22.8,0.07487174201446666,-0.33427631394178386,-1.3990051762433624,-0.624833005705005
2015-11-08,4.9,0.09022498150291029,-0.319718798949693,-1.4178960052166807,-0.5549965911125768
2015-11-09,1.5,0.0436249399356801,-0.3520133050983082,-1.4064268026918154,-0.6859730074713297
2015-11-10,0.0,-0.022818201993232638,-0.4002237813611481,-1.4015165130336331,-0.6565507805593862
2015-11-11,0.0,-0.07386432368828365,-0.4261720377405389,-1.4015060694826895,-0.615882758702998
2015-11-12,0.0,-0.11384733567179187,-0.45135928881962617,-1.3970576972200324,-0.5751150506196726
2015-11-13,28.4,0.6626999070561012,0.15994767562906442,-1.2708422264998325,-0.3515733504535559
2015-11-14,1.3,0.5691803087814234,0.083728340770089,-1.2695120007561052,-0.3170376073578603
2015-11-15,0.0,0.4893676263728679,0.018564462017324337,-1.2648686157404954,-0.29837199747423077
2015-11-16,13.9,0.8350436575194211,0.300647333926274,-1.2018863172496805,-0.1703402865728149
2015-11-17,0.0,0.7170739082392786,0.21475188160719272,-1.1969140401395895,-0.12763585581888745
2015-11-18,13.9,1.0518775893262144,0.4902102287245984,-1.1345356824529211,-0.05053682810551427
2015-11-19,1.8,1.0089331103716073,0.4525668074450243,-1.1230330698663407,-0.2567512575893466
2015-11-20,0.0,0.9257052628731781,0.3822221684228013,-1.1189933939628998,-0.21260462979721767
2015-11-21,0.0,0.8724741475905734,0.3406534022088088,-1.1140017376517362,-0.1702356242083394
2015-11-22,0.0,0.8030872100792152,0.292802505815392,-1.1084520537591773,-0.12841083839873738
2015-11-23,2.2,0.8495389663962927,0.3176866231368494,-1.0941389013216118,-0.17907991026217543
2015-11-24,0.0,0.8143553182788142,0.28397234350139144,-1.0888907025897518,-0.13884393526207134
2015-11-25,7.4,1.0382619187982784,0.45183582040901205,-1.054065429226841,-0.08120305764424858
2015-11-26,12.8,1.3888056306627075,0.7333102029176619,-1.0122464293566418,0.05245731726681693
2015-11-27,4.2,1.375760330004358,0.7354151657950068,-0.9911649552266828,0.12629209699983118
2015-11-28,0.0,1.3020470515713272,0.6701722156967942,-0.9866441785273313,0.17355256725085474
2015-11-29,2.1,1.2893922148946757,0.6737833607080531,-0.973596096554024,0.23703925558438724
2015-11-30,0.6,1.2714130660673229,0.6518851126288303,-0.9659597659097271,0.2814867384268366
2015-12-01,0.0,1.2496850665942032,0.623175365975945,-0.9603775915655582,0.22084675757457506
2015-12-02,6.9,1.4469760105102933,0.7879441496442575,-0.9328872185910801,0.27304133034474
2015-12-03,2.4,1.476517299720996,0.8039927276834737,-0.9172046479390474,0.34145442512188934
2015-12-04,2.7,1.495687828564638,0.8293073757821032,-0.8992252015688167,0.2789338011490692
2015-12-05,0.0,1.4185353549288027,0.7601471460031525,-0.9048988899884919,0.3055855542375166
2015-12-06,0.0,1.3494929884318059,0.714210826118983,-0.8959667460789877,0.35537940663420925
2015-12-07,0.0,1.316941539626226,0.6859696385506162,-0.8854185286818282,0.4054084937086116
2015-12-08,0.0,1.3117711845400541,0.6761868955528164,-0.8751538401675573,0.45677917882463503
2015-12-09,0.0,1.3110980000687127,0.6718368349118913,-0.8640004789217351,0.5065184562293701
2015-12-10,22.0,2.0561617487975075,1.3284104061216024,-0.7670693125186927,0.7396873539392993
2015-12-11,1.6,1.9255572240582306,1.2439606228249367,-0.8777691119415828,0.7821462899105956
2015-12-12,0.0,1.8747843851172767,1.1966141824142755,-0.8635108142723582,0.8339994732571674
2015-12-13,0.0,1.854952005313044,1.1631128819544128,-0.8480528068144204,0.885352249077938
2015-12-14,2.9,1.879650050060913,1.202266050113016,-0.8210806168258379,0.959593012909022
2015-12-15,1.4,1.7517367718071641,1.1430871954019761,-0.7992117914832512,1.0194986970412385
2015-12-16,6.3,1.9356554057998265,1.3063985860690628,-0.7577656983030931,1.1220531074241196
2015-12-17,1.3,1.9549040992991042,1.3122035569730548,-0.7915039291096779,1.1657400805317057
2015-12-18,0.0,1.9422584673595498,1.2978506040892346,-0.7736222271998875,1.2139375736232376
2015-12-19,0.0,1.9374771997253533,1.2910448206903464,-0.755159969037507,1.2611368364423265
2015-12-20,2.6,2.0078183429791308,1.36474134961788,-0.7252018446392848,1.3309542064406197
2015-12-21,1.7,2.0155794121403994,1.3746980187620985,-0.6990364255401619,1.3935010157472068
2015-12-22,0.0,1.9541810129930528,1.3364780865941077,-0.7571201152900902,1.270419477004149
2015-12-23,4.9,2.107219185133521,1.4844187184825792,-0.7525264210932887,1.3666165925931602
2015-12-24,0.0,2.1015862666955534,1.4298029236925431,-0.7310680389023801,1.416379908250473
2015-12-25,0.0,2.101961616826476,1.430353354625098,-0.7056231643556184,1.4687175470945064
2015-12-26,0.0,2.096308357670732,1.4281521390988596,-0.6796193693960578,1.522534594463412
2015-12-27,0.0,2.0720718429342804,1.417545608194622,-0.7177891258178469,1.5778876970345153
2015-12-28,0.0,2.05044996254786,1.3975872714134356,-0.6898427289400714,1.6349526333505053
2015-12-29,0.0,2.0661851417652852,1.4146609814553344,-0.6598247870320177,1.670932315239283
2015-12-30,0.0,1.9910103116475426,1.374875824081759,-0.6288493202749307,1.089908932010952
2015-12-31,2.5,2.047750821515273,1.4435375279220561,-0.5874685161879092,1.1623124993560427
2016-01-01,0.0,2.0126987926662814,1.4246093020478114,-0.5265222603344359,1.2403784545174268
2016-01-02,0.0,1.9923215565964116,1.4163693068077383,-0.49585933389821696,1.275392065193723
2016-01-03,0.0,1.9256076064966134,1.3751888222790138,-0.5536536823418219,1.3091405560309088
2016-01-04,0.0,1.9364748456213785,1.39036226035283,-0.5676247868700341,1.3380251658353601
2016-01-05,0.0,1.882012138711445,1.370545027799074,-0.7032666538008882,1.3666802497081294
2016-01-06,0.0,1.8861118975527151,1.3756362632163897,-0.6736710663585012,1.3770843095783287
2016-01-07,0.0,1.857681755883983,1.3478325203281358,-0.6897822425506587,1.4021098365492846
2016-01-08,0.3,1.8810991313293541,1.3574619853584327,-0.7935730794126602,1.3963256722145962
2016-01-09,0.0,1.8538171583826955,1.3319015956234415,-0.7807139805334248,1.367167965495995
2016-01-10,0.0,1.8699346039539841,1.3291913309385393,-0.7522678961462024,1.3762250199143653
2016-01-11,0.0,1.8137381561707495,1.2989581406838078,-0.7930076169422299,1.4028516211857027
2016-01-12,0.0,1.8095458863476535,1.3024886456903204,-0.7656259088176,1.4281323393394065
2016-01-13,2.1,1.8737885529326437,1.3875444841836777,-0.7263668432383052,1.4794503673085317
2016-01-14,0.6,1.9252973780777725,1.4334763339367815,-0.6946542622900419,1.504939290669679
2016-01-15,0.0,1.9425193491313775,1.4463274592541828,-0.6656322556646,1.520628759045963
2016-01-16,0.0,1.9547783206918674,1.4284026693065501,-0.6481589382651493,1.5329968466299932
2016-01-17,6.0,2.1482405132844873,1.6131142209742573,-0.6031200774858421,1.6361968073514894
2016-01-18,4.1,2.1862600367961207,1.6727785597732245,-0.5620587587523206,1.7124528116487032
2016-01-19,4.3,2.2448976577745885,1.7499170416760859,-0.5652320402003642,1.7871339038160732
2016-01-20,0.0,2.1328261349042905,1.6771902747809786,-0.5824178974234927,1.8028108873463387
2016-01-21,0.0,2.0723712669102956,1.6191234669664156,-0.548828533435811,1.8196828111019578
2016-01-22,0.0,2.0199587422761747,1.5743189704547726,-0.5136000902167148,1.8194502147321765
2016-01-23,4.2,2.090325453801259,1.6491948231590938,-0.5186376405693655,1.896384628267151
2016-01-24,6.5,2.277553516151,1.8320297679739432,-0.472657357030496,2.0026773535220213
2016-01-25,0.2,2.272729297245784,1.814472990885797,-0.43775919235718025,1.6617551225945315
2016-01-26,0.0,2.2850113413636923,1.8091252053901452,-0.4045013594352021,1.6736748678815885
2016-01-27,0.0,2.310314511693048,1.823431343060021,-0.3722167805384889,1.6864836226931224
2016-01-28,11.5,2.697501304558182,2.195049685532976,-0.2776881573196142,1.8712349802216817
2016-01-29,9.9,-0.7165267225970203,2.488534254716861,-0.1927584921990987,2.02793198762309
2016-01-30,0.0,-0.8204085713545208,2.3836668440657136,-0.15996095403272734,2.040036607887183
2016-01-31,0.0,-0.89844638296766,2.3655587090306334,-0.12655750080970002,2.0519287786564315
2016-02-01,0.0,-0.9402144853554708,2.269549619970886,-0.09114626833664491,2.063985152115463
2016-02-02,0.0,-0.9742070096329467,2.197599469313813,-0.053787407547216844,2.075472551943994
2016-02-03,0.0,-0.9940955059737288,2.162291120640249,-0.01597562516378336,2.0846932266242493
2016-02-04,0.0,-1.0125685772225288,2.1301578787668065,-0.21347949393320076,2.0355034076105842
2016-02-05,0.0,-1.0043403164782874,2.0879317892165052,-0.1751781776861356,1.701251209714586
2016-02-06,0.0,-1.0284311317094086,2.097764495501245,-0.13494009123511516,1.6321364624871324
2016-02-07,0.0,-1.0425912829486323,2.108499386138964,-0.2527814419939877,1.615973807696032
2016-02-08,0.0,-1.0637091961065264,2.1253192761317568,-0.220375161388115,1.6236703014275242
2016-02-09,0.0,-1.0627681555405295,2.0839661291251534,-0.17821616640288634,1.6324273408998096
2016-02-10,0.0,-1.0747758435482724,2.0419589507448173,-0.1356608692651439,1.6352372617799782
2016-02-11,0.0,-1.1223207599130018,2.0630983762526083,-0.09068603106718665,1.170821558483257
2016-02-12,23.3,-0.44570591139700244,-0.8411965590522068,0.07451809728990848,1.5400348010694473
2016-02-13,9.9,-0.27276002186403164,-0.6673187661997213,0.15512898201206562,1.689703763384827
2016-02-14,0.5,-0.43275044469209534,-0.7977811223503178,0.20433012019904973,1.4736686251595172
2016-02-15,4.2,-0.4058453262440335,-0.75559660035092,0.2745881967698891,1.5325890047495307
2016-02-16,0.5,-0.47332416878943384,-0.7931459479634502,0.278333691640847,1.314000111298812
2016-02-17,0.0,-0.5676289382463711,-0.8800544643904525,0.08275822009550536,1.281614608572744
2016-02-18,0.0,-0.6162888067855624,-0.9086612429948177,0.13140553538252012,1.2788843058318076
2016-02-19,0.0,-0.6697888498116497,-0.9415484215483169,0.1784923616950367,1.2756071041929116
2016-02-20,0.0,-0.7125251563673548,-0.9661230288902173,0.2244297316615448,1.2692303286114701
2016-02-21,0.0,-0.8362721384675625,-1.0806240885116414,0.17277209214563183,1.2276726022754911
2016-02-22,0.0,-0.8541680174914786,-1.070452466155606,0.21852734863348125,1.219793835004142
2016-02-23,0.0,-0.8366983416913145,-1.0475378406796532,0.23247500463917425,1.093325004102248
2016-02-24,0.0,-0.8688210352986453,-1.078207851432454,0.28077500790939136,0.8756027958771136
2016-02-25,0.0,-0.9389778897125509,-1.1398980827966392,0.32901177911839474,0.7976863690649064
2016-02-26,0.2,-0.9685048432955633,-1.1740971821341648,0.38015401250724,0.7936048758727924
2016-02-27,0.0,-0.9967340500093822,-1.2137579292375882,0.4319115704665801,0.7507749045465315
2016-02-28,3.8,-0.880438186870274,-1.083287208963549,0.5019492888659425,0.7964637951383022
2016-02-29,2.8,-0.8232292834875472,-1.0150697711764654,0.4683920927929362,0.8349539490252588
2016-03-01,0.0,-0.8723624149070699,-1.0770627161793906,0.47174128739716603,0.7109070977155733
2016-03-02,0.0,-0.9041904572194306,-1.1197488763729586,0.5237295255317778,0.6601052836416149
2016-03-03,0.0,-0.9071464134815025,-1.107961344936241,0.4418708654670804,0.6030358072830341
2016-03-04,18.0,-0.4813218222795752,-0.7788155302913543,0.6097953987053901,0.8933283422989636
2016-03-05,22.2,0.16792262141873,-0.19901278367503367,0.8329340492462243,1.2273776853432259
2016-03-06,0.1,-0.03597205357916354,-0.3893796671167334,0.8894518268606564,1.2183472382367544
2016-03-07,0.0,-0.16616279968991776,-0.49424736055180546,0.946209720649057,1.2076738832601497
2016-03-08,5.2,-0.06913699627084016,-0.39533489461408994,1.040922356841496,1.2725411000253692
2016-03-09,0.0,-0.1841847277546791,-0.4976690071873253,1.0950374569434689,0.9255170402904992
2016-03-10,0.0,-0.27796772365367556,-0.5716701090577032,1.126207434525576,0.8869891664966835
2016-03-11,0.0,-0.3589327358772351,-0.6342634948412069,1.1769327861243104,0.8721775735829389
2016-03-12,0.0,-0.41852694362952864,-0.6780739360483393,1.2266410095359372,0.8592395909554329
2016-03-13,0.0,-0.5053535072883251,-0.7503035793851759,1.2711780915016198,0.7983826138759518
2016-03-14,0.0,-0.5816153742656209,-0.8680224156092365,1.315752999328517,0.7604968125112387
2016-03-15,0.0,-0.6454393804671186,-0.925653851168334,1.3611231770631957,0.6416982005324456
2016-03-16,0.0,-0.690865269164369,-0.9425003830467705,1.403942738180855,0.6050635387005077
2016-03-17,0.0,-0.7506801233519526,-0.9898690236466812,1.445765994877398,0.5899319205676536
2016-03-18,9.7,-0.4814360122673264,-0.7605675817311291,1.5769669054476856,0.7389443173544727
2016-03-19,0.0,-0.5991644490788898,-0.8840740869777187,1.6164172807714556,0.6781993962482579
2016-03-20,0.0,-0.6510012219984513,-0.9380874168396445,1.6560669927147658,0.6313257931695618
2016-03-21,0.0,-0.683810823082483,-0.950416995839036,1.5128152892042084,0.6094048939115048
2016-03-22,0.0,-0.8137486999460297,-0.9397453545483411,1.5478920931679805,0.5001783343007491
2016-03-23,0.0,-0.8661487522415915,-1.149783177701109,1.5791741952610006,0.4765853304523425
2016-03-24,0.0,-0.8863703791618093,-1.1927304941143808,1.6105706462669296,0.45216123112252504
2016-03-25,0.0,-0.8923778932049042,-1.172131028071572,1.642375546896866,0.42715641214628347
2016-03-26,0.0,-0.8738375847676493,-1.1215477926441964,1.6741544012075193,0.40112295937372616
2016-03-27,0.0,-0.9024368898855369,-1.1527797797568882,1.702055324257182,0.3745642092566523
2016-03-28,0.0,-0.8846807598552765,-1.1220253825004072,1.707277130886069,0.34756985399144114
2016-03-29,0.0,-0.9137182068290847,-1.128503874069143,1.0953324614947175,0.3190000180694349
2016-03-30,0.0,-0.9531623833023831,-1.1536579575080623,1.1038076975441076,0.2454889985564732
2016-03-31,0.0,-0.9498286954327292,-1.1299447681147383,1.1060112650842537,0.2183820570780254
2016-04-01,0.0,-1.000057250569331,-1.1849944511286372,1.1041706689631878,0.19007247090492208
2016-04-02,0.0,-1.0195760525196762,-1.1898286801183628,1.1009664647120765,0.16295544670881432
2016-04-03,2.6,-0.9159436884843715,-1.081884893280585,1.1287968859168598,0.182603308258978
2016-04-04,0.8,-0.917824157979206,-1.0808813230061363,1.132790331469364,0.16875366555272972
2016-04-05,0.0,-0.9056298765363934,-1.0673765964508641,1.1111849769942859,0.139630762798724
2016-04-06,27.8,-0.29523671263796625,-0.4981212399424707,1.4190806313894053,0.5844245343291559
2016-04-07,16.3,0.07910708937520922,-0.1501156462536475,1.5555281584597687,0.8048351853715096
2016-04-08,0.0,-0.12200369041585761,-0.34576239401490444,1.4966877956873126,0.7735268732341645
2016-04-09,0.0,-0.2439671872347248,-0.46113958375701336,1.470126140543898,0.742237413023967
2016-04-10,0.0,-0.3556773859791189,-0.5702853632955348,1.4568786971968846,0.7102309565020509
2016-04-11,0.0,-0.4440113394987613,-0.6416953559874646,1.44491559890372,0.6796338754324593
2016-04-12,0.1,-0.5308692936464934,-0.6925205343847616,1.428989761540826,0.6173667014837715
2016-04-13,10.2,-0.21392508347594896,-0.41980150191108107,1.514742337492788,0.7266658239617089
2016-04-14,0.0,-0.37050297427732154,-0.567480252049657,1.48740838057401,0.6926262796199654
2016-04-15,0.0,-0.46876558838922333,-0.6625371724896292,1.45655092462234,0.6573791314608877
2016-04-16,35.1,0.6577239450312875,0.45460601055539174,1.7789723712090089,1.0243879912770903
2016-04-17,0.9,0.47633181470972297,0.24431426609486542,1.7549157097902222,0.9463662436288368
2016-04-18,0.0,0.31671685995812565,0.07598379305860176,1.7222607494694482,0.8547468136439681
2016-04-19,0.0,0.19169022719758436,-0.04220849649398292,1.6918194089687968,0.8198553189173527
2016-04-20,0.1,0.07536199809237813,-0.13151091831609538,1.6603024845501375,0.7832911608032255
2016-04-21,27.2,1.0673321221226792,0.7403460149313041,1.8701700210047523,1.0947597382632674
2016-04-22,0.0,0.7582861075447948,0.48677982734402553,1.838357713145314,1.0040812278515538
2016-04-23,0.0,0.533399932544564,0.30378182465989156,1.8087702785473951,0.8856416708328878
2016-04-24,0.0,0.399059939467884,0.17811182404777207,1.5548173049343614,0.8461035853499634
2016-04-25,0.0,0.279991081040701,0.06284119803732222,1.5242771922178173,0.8075909351256098
2016-04-26,11.3,0.5900304596114913,0.3563860687902914,1.5986563477744624,0.9078587604107369
2016-04-27,43.6,1.928014125738774,1.6713878689225876,1.948805872733038,1.2364297294952327
2016-04-28,9.0,1.7596099805814205,1.5456213073700038,1.994272405882402,1.1861577134189805
2016-04-29,0.0,1.5356634819816448,1.3119521422442593,1.9652693464188742,1.147767318311161
2016-04-30,0.0,1.203611178836122,1.0159945238371348,1.936457210478082,1.1093021563205179
2016-05-01,0.0,1.049452426668505,0.8631556171726678,1.9101240722071986,1.0722435125564929
2016-05-02,18.2,1.5139675287143677,1.3183112381613016,2.0350919402945498,1.2299277483034017
2016-05-03,18.6,1.9360548790292385,1.7518574620434373,2.156568750235971,1.382516968809371
2016-05-04,0.0,1.664537711031965,1.4921067174994092,2.0940721727384544,1.344758028043055
2016-05-05,0.0,1.5028533409194706,1.3331467724722437,1.8824245203808285,1.308448086450431
2016-05-06,0.0,1.2177506847737154,1.06702459697118,1.8151657668668486,1.2742935183181823
2016-05-07,0.0,1.133252965626078,0.9765926011656332,1.7773528036534016,1.243938805025833
2016-05-08,0.0,1.0649699817830178,0.9021680485323097,1.7542210312489668,1.2156949558527295
2016-05-09,0.0,1.0032583873091914,0.841227140326997,1.733092231916944,1.189236150369533
2016-05-10,24.4,1.5950630400336507,1.4660288797453227,1.9039136133506007,1.3975939325223226
2016-05-11,0.0,1.3528025582230634,1.2211046384813706,1.658627641751827,1.3749105472901826
2016-05-12,0.0,1.071261827552517,0.9326962458364016,1.6295671340838889,1.1313475630406045
2016-05-13,0.0,0.9932737262890408,0.8486250856972237,1.6113683944577577,1.0119849409135844
2016-05-14,0.0,0.915075305903994,0.7575690939843999,1.4808046906001546,0.9854465116626996
2016-05-15,12.4,1.1447647925969846,0.9908666515755946,1.564139923236596,1.046091660643992
2016-05-16,5.3,1.202876830640249,1.0337636825538208,1.4787696292733643,1.0716731597844678
2016-05-17,0.0,1.0127090970448378,0.8514631557787802,1.447540974174528,1.049281423065987
2016-05-18,0.0,0.8327717515452135,0.693478930816274,1.4316539597166575,1.028502551343211
2016-05-19,0.0,0.7739275355373183,0.6297591907575704,1.4161480739871346,1.0097021379941582
2016-05-20,0.0,0.774430974259327,0.6199276351169892,1.4005773799469134,0.9921900496395981
2016-05-21,0.0,0.7416595615902684,0.5907411665569541,1.3679329780626028,0.9762572803579892
2016-05-22,0.0,0.7416815997437928,0.58691883131786,1.3555272082421106,0.9618150582544491
2016-05-23,0.0,0.7256537249134942,0.5632211178075822,1.2815164010878712,0.9470428310122196
2016-05-24,23.6,1.5577449670661248,1.3988268335182432,1.3515204886346128,1.1478176084063174
2016-05-25,0.0,1.3932235424169597,1.2163211047900993,1.300762596289029,1.1315661072442018
2016-05-26,0.0,1.3182740332976464,1.1392848804163767,1.2837468288789946,1.1147127002768182
2016-05-27,0.0,1.233880727972179,1.0499338199051085,1.2513744632219421,1.1005999921847438
2016-05-28,0.4,1.0735753552239793,0.9051854328033834,1.2354947522332065,1.058835717812563
2016-05-29,1.6,0.9075152169737296,0.7594589253199567,1.2318992052272755,1.035402445883369
2016-05-30,0.0,0.8312718112934862,0.6729621227857095,1.1613613618873782,1.0228527286301103
2016-05-31,0.0,0.7156610053541081,0.5544952903256833,1.1269236234246611,1.0113487842889168
2016-06-01,0.0,0.6055045245320582,0.4395529324493574,1.089369012258806,1.0000999436697626
2016-06-02,0.0,0.54111750016035,0.37128722470331665,1.073087451530838,0.8271775950068047
2016-06-03,0.0,0.48261532788386735,0.3109860879450647,1.0559415224326403,0.6067390952947211
2016-06-04,17.7,1.1449705110351815,0.966095814871169,1.1733631141792964,0.7582280012666204
2016-06-05,0.0,0.9246349729476993,0.7591956922372683,1.1525922830772313,0.7440685541119416
2016-06-06,0.4,0.7689644446851692,0.6192896939362695,1.1335200301781163,0.683999843928193
2016-06-07,3.7,0.726145132739849,0.5919436128893573,0.967056426880219,0.699156355960179
2016-06-08,0.0,0.4550837381449383,0.34371532000272065,0.9257907436806629,0.6766327685830448
2016-06-09,0.0,0.38508433888948873,0.2650906740468237,0.8916678499563999,0.6494419233121766
2016-06-10,0.0,0.3167239697894639,0.1915824442397458,0.8554883821412108,0.6189679838149443
2016-06-11,0.0,0.25288140114880236,0.12521109853738469,0.794728847322608,0.5858355688117567
2016-06-12,0.0,0.20424690596738834,0.07461925330842172,0.7427855660556979,0.5496426951987456
2016-06-13,0.0,0.14246647376266344,0.019923908955246546,0.6543088193131233,0.5130356037118812
2016-06-14,0.0,0.08037485301523188,-0.04175097996053876,0.6034934515954371,0.47592900368480107
2016-06-15,2.0,0.07311439682376654,-0.04624938221316172,0.5741858754662486,0.4529005470645009
2016-06-16,0.3,-0.010023243851162555,-0.12125583794842762,0.5328743438789586,0.3332750712638533
2016-06-17,0.0,-0.1505080082427407,-0.26568427386517646,0.4704210407914581,0.29516238285941415
2016-06-18,0.0,-0.2317476044746716,-0.3347420860067343,0.41346934844167804,0.2557025183960748
2016-06-19,0.4,-0.24613843032197322,-0.31469683272414034,0.37069120482778994,0.2195946038141622
2016-06-20,19.4,0.07987955550391415,-0.02338100150346897,0.4242401481010444,0.33639981426390037
2016-06-21,0.0,-0.11445462856657765,-0.21085003716135942,0.37623912583098684,0.2935507750698397
2016-06-22,12.1,0.018216532012656418,-0.09280332663475306,0.40937464739050194,0.3446837925625891
2016-06-23,0.0,-0.15964054488351526,-0.24987076049307086,0.3615013904354373,0.30170629933665755
2016-06-24,60.1,0.7716881560456279,0.6034946522033031,0.687918050415045,0.6864048903994087
2016-06-25,0.0,0.4979357285285328,0.33162253695259947,0.6333345958078611,0.6355753174575426
2016-06-26,0.0,0.26313080946307715,0.12246355705195253,0.5786419041364992,0.58412712566121
2016-06-27,0.0,0.11627865888154103,-0.011041511466972258,0.523293973724277,0.5323431689738058
2016-06-28,0.0,-0.020560068377116773,-0.13955023941653472,0.454854991795371,0.48115282085533123
2016-06-29,0.0,-0.1422779278405006,-0.24226487113448644,0.39991050115422033,0.4285550261603787
2016-06-30,0.0,-0.24006980183608612,-0.33023920705252174,0.34463070670012336,0.37603954199000184
2016-07-01,70.6,0.8567185184321509,0.6173400945396643,0.6635235390273753,0.7362679123474288
2016-07-02,44.9,1.2586070487211438,0.9967651759912767,0.8277841778708551,0.9080398348412296
2016-07-03,70.6,2.0687328486124206,1.7414824094362042,1.0980879296078523,1.2001145429910849
2016-07-04,0.8,1.6555540690361337,1.3708780408300845,1.0455019474899374,1.1499827019765743
2016-07-05,47.5,2.1121307942608443,1.7949900250516204,1.1986731923111615,1.1913009707622928
2016-07-06,26.9,2.155498479463012,1.8165329733129165,1.258774720620991,1.1912787559134141
2016-07-07,1.2,2.1028880879683634,1.6934216644322644,1.2134118347621976,1.1501648052588584
2016-07-08,0.0,1.6979004893900123,1.3771104373244034,1.1637802167216456,1.1043709350613746
2016-07-09,0.0,1.467718238597759,1.1658079190759616,1.1146436815547294,1.0593006943672523
2016-07-10,0.0,1.067516320739187,0.8336349983769126,1.0673345363449473,1.0157538438557197
2016-07-11,1.0,0.9588047213639296,0.7116679090455096,1.0172508350663043,0.9786525452771999
2016-07-12,17.0,0.9997337646337714,0.7462833549872073,1.040626865482219,0.970124973342903
2016-07-13,0.0,0.8434438667376409,0.5904784248972803,0.9978671351486404,0.9329373337023026
2016-07-14,0.0,0.6520150909347624,0.4203616666510501,0.9558308916195632,0.8968417795396698
2016-07-15,0.0,0.5040098661233998,0.2794647566314398,0.8902697489199765,0.7010766670278262
2016-07-16,19.3,0.6594079599326423,0.3985470835389924,0.912801793380522,0.7522642004489094
2016-07-17,0.0,0.528256859878248,0.28916166835032825,0.8561467949834287,0.7191364269019763
2016-07-18,0.0,0.484481977486485,0.2349360321860687,0.8180691866665009,0.6875687171164476
2016-07-19,0.0,0.4266910537968712,0.17921826787811743,0.7807726850647014,0.6570142200253407
2016-07-20,0.0,0.3711506906205361,0.12709155774740433,0.7448008706544565,0.5011555197725115
2016-07-21,0.0,0.3072170418272605,0.06829728064901054,0.6926058761791859,0.4728428613027488
2016-07-22,0.0,0.21206711061843994,-0.003956822599460771,0.6305344993828359,0.4444765306871996
2016-07-23,0.0,0.12038986152316852,-0.07181989635469901,0.5935023142627304,0.41525329629871893
2016-07-24,0.0,0.04828579652622626,-0.12204739301810065,0.5572387870119463,0.3865119252089476
2016-07-25,0.0,-0.0029377778654159172,-0.16608738079976276,0.5206207594670978,0.3032914580858348
2016-07-26,0.0,-0.049627551703470475,-0.2114515386644311,0.4389777333005479,0.06319601216675248
2016-07-27,1.4,-0.07020513706788965,-0.23517226060125482,0.3708754239465122,0.001145719416622932
2016-07-28,0.1,-0.1111495789684655,-0.27005818514987134,0.33959722857196334,-0.021008083163034343
2016-07-29,0.0,-0.15434744504969344,-0.3011099479732018,0.3080986487184007,-0.04283377763293761
2016-07-30,0.0,-0.2053612732715651,-0.34805457284239544,0.27886370466109994,-0.06193143533250823
2016-07-31,0.0,-0.2578389374708248,-0.396478063307063,0.2508738361269327,-0.17314800440682968
2016-08-01,0.0,-0.3025709090140862,-0.4355096971210054,0.22315733627879802,-0.2877050200519567
2016-08-02,0.1,-0.3409438591507671,-0.47180621743646906,0.19643117720932515,-0.30339247140678105
2016-08-03,7.1,-0.24802062495083796,-0.3936266426811739,0.19793671004150407,-0.28287613918939464
2016-08-04,0.0,-0.3333758623187732,-0.4681428781840605,0.1694241604423062,-0.29996297617887946
2016-08-05,0.0,-0.41909272403065234,-0.5448274618014045,0.14034321329094243,-0.3185095811541191
2016-08-06,0.1,-0.47565798464470926,-0.5959158935178199,0.11214707398694539,-0.3358859417435586
2016-08-07,6.0,-0.3926726855175814,-0.5225926266881163,0.10791612956695192,-0.3239868230768087
2016-08-08,18.2,-0.20341298115350195,-0.33041178522080134,0.15284208978179686,-0.3730067887489451
2016-08-09,0.4,-0.2895663195572537,-0.38945466902088993,0.12635045037345954,-0.38952600723530434
2016-08-10,0.0,-0.3672335089231254,-0.4436152595284624,0.005949966080609506,-0.4087964309431825
2016-08-11,0.0,-0.44355365178784645,-0.5088001344405046,-0.061344369256179,-0.42828978968028125
2016-08-12,0.0,-0.49169806225395474,-0.5512969108961133,-0.09062642646335638,-0.44838650694429355
2016-08-13,0.0,-0.5445372413433976,-0.5898483847347934,-0.1350639267821859,-0.5299928781448479
2016-08-14,0.0,-0.6095578439790567,-0.6441872490056872,-0.16471397470761318,-0.577017888299168
2016-08-15,0.3,-0.6538951612503416,-0.6857200900628866,-0.1915109613116589,-0.5963876615329009
2016-08-16,0.0,-0.7417417619910004,-0.760241443845083,-0.21886770732776362,-0.6166769453336761
2016-08-17,5.4,-0.6826477602576347,-0.7298572682542228,-0.224664282715012,-0.6109580080917609
2016-08-18,0.0,-0.6936009607381234,-0.7588722090012622,-0.251335926366784,-0.6310069606163761
2016-08-19,0.0,-0.7880809922963122,-0.8122939885501201,-0.2779277287986377,-0.651938591996979
2016-08-20,0.5,-0.8485300273712698,-0.8582973320589335,-0.3030547368568989,-0.67190125604968
2016-08-21,0.0,-0.9199767308965157,-0.9099706581426947,-0.3300624906217016,-0.6942413539361126
2016-08-22,0.0,-0.9936795269903038,-0.950569899749657,-0.3559136518601237,-0.8279815676430019
2016-08-23,10.6,-0.9471319333663405,-0.9190926617482393,-0.3397706398542543,-0.7957513675780165
2016-08-24,0.0,-1.0244441923336742,-0.9994210413457791,-0.36495784589793295,-0.8159940722331002
2016-08-25,0.0,-1.0799740031807248,-1.0587297686774182,-0.38869006072084494,-0.835806741461344
2016-08-26,21.4,-0.8104614112057043,-0.8713966300640283,-0.34566726676404214,-0.7581094768257048
2016-08-27,3.9,-0.908191684141791,-0.9499078057342117,-0.36511964641752603,-0.7683854526998748
2016-08-28,6.3,-0.9232566274851751,-0.9763811886347061,-0.36359568233766765,-0.7591195607797792
2016-08-29,0.0,-0.9028281720698996,-0.9901684671751927,-0.3856193864915947,-0.7786934148397942
2016-08-30,0.7,-0.8925492183156096,-0.9894919917045846,-0.4048574101893171,-0.7947752201278643
2016-08-31,0.0,-1.0145301077545146,-1.0693850952632862,-0.49420739567289346,-0.8132398798357175
2016-09-01,0.0,-1.0818077278076987,-1.1266872094271971,-0.5997237963241991,-0.8301100333194884
2016-09-02,2.7,-1.1078908138490509,-1.1377618039176736,-0.6097150200342553,-0.9157707048879622
2016-09-03,0.0,-1.1515251564724283,-1.1830470703945664,-0.6285677183484029,-0.9314518040154299
2016-09-04,4.0,-1.0996065733281042,-1.1716266239687558,-0.6507215405164162,-0.9288472140079038
2016-09-05,0.0,-1.1606066276495506,-1.2146722038295241,-0.6669980132032342,-0.9583871560483032
2016-09-06,0.0,-1.245337962945964,-1.2752510245500701,-0.6829770113095807,-0.9697157693943665
2016-09-07,0.0,-1.2341157201263329,-1.2584949120099673,-0.6980608676842973,-0.978655068718976
2016-09-08,0.0,-1.2629746262150865,-1.291642209872273,-0.7127474831140425,-0.9861632755245051
2016-09-09,0.0,-1.296012546457208,-1.3178153577684768,-0.7254382202822945,-0.9916571643393536
2016-09-10,32.9,-0.8690009546467002,-0.9793840897330128,-0.6123603475546914,-0.844923519816644
2016-09-11,1.7,-0.8949231805851239,-0.9763269785752925,-0.6169344052350759,-0.8384616414384749
2016-09-12,3.2,-0.900968571524572,-0.9740561732438049,-0.615385111218629,-0.8231120699869363
2016-09-13,0.0,-0.9468002320990557,-1.020557153050567,-0.6242946592809142,-0.8283411650498091
2016-09-14,0.0,-0.9355756483229924,-1.0181908912940878,-0.6684889961737897,-0.8251533285943401
2016-09-15,0.0,-0.9397831112583066,-1.0295070839590426,-0.6763188083349349,-0.8199501167557772
2016-09-16,17.9,-0.7455302493261605,-0.8757580385659558,-0.6179010911132713,-0.7358916860404229
2016-09-17,122.9,0.3790650970996372,0.02820842013155782,-0.19560787571212582,-0.2358917463486677
2016-09-18,11.6,0.0772178128371914,-0.07727201457613511,-0.16339591485924163,-0.2559038574020506
2016-09-19,0.0,-0.17278520193827543,-0.21996362142855258,-0.16931316326968637,-0.24516855813969682
2016-09-20,0.0,-0.33700823947868763,-0.31585892154182493,-0.1742465706209385,-0.2793797039177423
2016-09-21,0.0,-0.45010395262042807,-0.3941728858227242,-0.17870020081320917,-0.2665539861740672
2016-09-22,0.0,-0.5259355428550639,-0.45655874947543473,-0.18279441017161396,-0.4908825315787617
2016-09-23,0.0,-0.588112703266059,-0.5053641818394001,-0.18679467352454943,-0.47559635681881707
2016-09-24,0.0,-0.632835601186961,-0.5425541944655629,-0.1902121244159627,-0.45802990409994504
2016-09-25,0.0,-0.6675313513783107,-0.5714633930171436,-0.19351571900697515,-0.439106574565409
2016-09-26,2.0,-0.6640633602766558,-0.5699444791018297,-0.18988380500065755,-0.41070215972570884
2016-09-27,0.7,-0.6935239905278063,-0.5972286127959088,-0.19010157427837795,-0.3852148801674257
2016-09-28,9.4,-0.5811490318995768,-0.5156267972405523,-0.1618252817513613,-0.3230643142763245
2016-09-29,0.4,-0.5599663810854612,-0.5217119572075825,-0.16210077539250634,-0.5910958344267426
2016-09-30,41.8,-0.12511254844401928,-0.1582960754439758,-0.03836602711506012,-0.5770942492874999
2016-10-01,18.1,0.005940533049485653,-0.05907233678106084,0.015067469692732859,-0.7887352236163799
2016-10-02,1.5,-0.09953282229952813,-0.14879648201039272,0.019707109449722107,-0.7579722218476418
2016-10-03,1.7,-0.16607150849554167,-0.20559575876514546,-0.06126428595031328,-0.9545211916276174
2016-10-04,5.4,-0.14827592069406023,-0.1951799472108323,-0.0947109177665024,-1.0377049062317711
2016-10-05,65.3,0.8690497020162452,0.6055987576125605,0.10975226624963554,-0.6876757606694929
2016-10-06,0.0,0.6404942038289494,0.42640388908131954,0.11141179917142496,-0.6578156044198746
2016-10-07,10.1,0.693041766160591,0.4638395386274697,0.14407569217725158,-0.5800604738398358
2016-10-08,32.7,1.1435935088132432,0.8169370240264546,0.24419326983353612,-0.3991500209895084
2016-10-09,0.0,0.9643570246046578,0.6766382935102897,0.24657591571174445,-0.3726687770565136
2016-10-10,0.0,0.8281010328159126,0.5756886240741095,0.2192079027666632,-0.4197814594003324
2016-10-11,0.0,0.7353098942824318,0.4960212764388332,0.2222430825572609,-0.38972320715250813
2016-10-12,0.0,0.6519154479574758,0.4302708762369577,0.22557937010440834,-0.3600439684936064
2016-10-13,0.0,0.5904944117307106,0.37751552043259634,0.12361009091449586,-0.33086686369501583
2016-10-14,0.0,0.5559108931198518,0.3431836868087287,0.12436795078701872,-0.3930642950069099
2016-10-15,0.0,0.5124685163205054,0.3049271890426218,0.12838515164467038,-0.3636655121041725
2016-10-16,60.8,1.5874046807357955,1.1728901898778308,0.31333506893455815,-0.05143787784211559
2016-10-17,0.7,1.4148215738242162,1.0273837786703799,0.3201761426329704,-0.016528200749165032
2016-10-18,0.0,1.3080724319320154,0.9361809948203255,0.24553825353171305,0.014833559958955005
2016-10-19,0.0,1.2360471431263431,0.8735135269904845,0.2504804237156358,0.04564964077597957
2016-10-20,0.0,1.169366053751617,0.8186662610970543,0.25569307348186404,0.07757829708580988
2016-10-21,0.0,1.1046246301529956,0.7609135716437465,0.26104557775370124,0.11096986646201334
2016-10-22,0.0,1.0183110125316286,0.7029775041665715,0.2668555678606642,0.14517650986083083
2016-10-23,2.5,1.027420060577338,0.7062241189537912,0.24669808540376623,0.19148482458775315
2016-10-24,0.6,0.9631713339929349,0.6569331233007577,0.12483753951905155,0.22656216324498607
2016-10-25,6.8,1.047703391699153,0.7236947810220723,0.1246432501712517,0.28194609218945105
2016-10-26,0.0,0.9811197850593548,0.663189620312338,0.1311531170144603,0.312824888401165
2016-10-27,0.0,0.8909533171128764,0.5997689993905113,0.13787998227962323,0.34434230221254125
2016-10-28,10.5,1.0430308212266204,0.7268847869010076,0.17592369360410223,0.41916266977892885
2016-10-29,0.0,0.9626348007974506,0.6605809405346021,0.1279729516699664,0.4474816799013102
2016-10-30,0.0,0.8994668959567619,0.6069935096528342,0.0785698420206178,0.475942431503002
2016-10-31,0.0,0.8506107236075936,0.5628589327050215,0.08524398563600813,0.5037635079673495
2016-11-01,0.0,0.8174302665302284,0.5282245511015888,0.09171850697199779,0.503243176625448
2016-11-02,0.0,0.784578507682553,0.49659861337900235,0.09781116003179935,0.5338540208041124
2016-11-03,0.0,0.7476967543663602,0.459612962400947,0.1034861225442484,0.5658514981264807
2016-11-04,0.0,0.7099130501786803,0.42591766930196967,0.10896304272492212,0.5974754459574843
2016-11-05,0.0,0.6358127563048912,0.3723806488861491,0.11427017068015713,0.6049389763986157
2016-11-06,0.0,0.5989252640098828,0.33560986383771946,0.044844194340155574,0.5594671962357032
2016-11-07,0.0,0.549830539905084,0.29849591324872116,0.04997089849107249,0.5913111743013038
2016-11-08,1.8,0.5428671936438706,0.29566069924268285,0.060347231626698736,0.6331615924108352
2016-11-09,0.0,0.48615284996109703,0.2571911119791839,0.06512466293341512,0.6681457334366273
2016-11-10,5.4,0.5679159164058508,0.3280031162502495,0.08640065618422701,0.7267605218829446
2016-11-11,0.8,0.5241491183317936,0.2985430597426017,0.05510199119924337,0.767302037746671
2016-11-12,0.0,0.4738212339970892,0.2588681919045627,0.04308380608989243,0.8062084195407335
2016-11-13,2.7,0.5038178654657947,0.28343200282793357,0.05605596860879156,0.8575535773904878
2016-11-14,2.5,0.5187354026299038,0.2944981785357372,0.068340814575713,0.9103277865539284
2016-11-15,0.0,0.4520580471748119,0.24519379619609694,0.07277568063124451,0.9305081816937141
2016-11-16,0.0,0.39045180853811773,0.1996641899941117,0.07706871631359787,0.974076306284027
2016-11-17,0.0,0.33744398022748884,0.15864540318303547,0.08101111313896557,1.0195716832845487
2016-11-18,7.3,0.5030606072512429,0.291559893986614,0.10688846880990278,1.0958533729943205
2016-11-19,1.2,0.45880688691013,0.25262071806224173,0.11401299752137144,1.1500378340989268
2016-11-20,0.0,0.3992065814933914,0.20507214176183478,0.04494091817006416,1.199560532891201
2016-11-21,0.0,0.3330285463954367,0.1537370529952208,0.049290911173650274,1.2039285886455633
2016-11-22,0.0,0.2893866994251814,0.11300739641929826,0.05342062732585639,1.2553491370411591
2016-11-23,0.0,0.2442521874896659,0.0734509802201739,0.05758493307667189,1.3088862885193009
2016-11-24,0.0,0.20174620210774816,0.03329620272996365,0.060159644453997164,1.2675276922894079
2016-11-25,0.0,0.15582510295969582,-0.009110329815055756,0.05918288004339296,1.3055871161903556
2016-11-26,4.8,0.25187532456802875,0.06772863036987484,0.07816827413992924,1.355569209023152
2016-11-27,0.0,0.18210420262355972,0.00561622451392907,0.08225423698123836,1.4129776821884827
2016-11-28,0.0,0.11786843652791927,-0.049427173555374036,0.08643231744131043,1.470274943200476
2016-11-29,0.0,0.07116134129784861,-0.09291160265926726,0.09078761961090229,1.5324797867843216
2016-11-30,5.0,0.18329152577678395,-0.0014512819317133697,0.11080374365522086,1.6194036135570362
2016-12-01,0.7,0.1337267798319141,-0.04142319212986297,0.06369859045609554,1.676071553992309
2016-12-02,0.0,0.07239449795539431,-0.09446566990005481,0.06926620595701527,1.7410223112920904
2016-12-03,0.0,0.011111417396262091,-0.14692600199319103,0.07434054224425121,1.7874099710637439
2016-12-04,0.0,-0.04490371092824801,-0.19191357208457602,0.0700228153671133,1.8540872163039732
2016-12-05,0.0,-0.09620354432765933,-0.23539891331348836,0.07803734681341809,1.9242125526700882
2016-12-06,0.0,-0.14246975856791258,-0.27593736596859164,0.08748105831145445,1.99515944643604
2016-12-07,0.0,-0.18891049530697435,-0.3177982280620215,0.09773489578938796,2.069945126458535
2016-12-08,0.0,-0.2316432198650742,-0.35684852049274923,0.10880713118082645,2.143053257731873
2016-12-09,1.4,-0.21370238361050958,-0.340661471121493,0.12548794593526114,2.0388259662365575
2016-12-10,0.0,-0.24556514396873325,-0.36349929396408115,0.13844107729420424,2.099373484130701
2016-12-11,0.0,-0.28354752383452836,-0.39444776017597055,0.15200997527220142,2.1529291725100745
2016-12-12,0.3,-0.3099853140202334,-0.414041257642554,0.16181924449217341,2.2265590229962875
2016-12-13,0.0,-0.3344936658734288,-0.43244942183319107,0.17630259119775965,2.293046985680234
2016-12-14,0.0,-0.3480833033702028,-0.4413138404105128,0.19222124091145376,2.355722615082332
2016-12-15,1.4,-0.33866052891877896,-0.4359208749057263,0.21361537990892232,2.312156242832632
2016-12-16,0.0,-0.38259187300887837,-0.47563218581076244,0.22058155295773005,1.4734423224808746
2016-12-17,0.0,-0.4219960521690681,-0.5141167892153713,0.17834637808973794,1.4304200888931842
2016-12-18,0.0,-0.4585462621142796,-0.5481567546681054,0.1973311752923896,1.4796872993416301
2016-12-19,8.5,-0.18789113474020253,-0.3131783128449857,0.20621946355945714,1.5992844836951723
2016-12-20,0.0,-0.260516587414328,-0.37443272018451107,0.22652307934222624,1.6493697217598489
2016-12-21,11.4,0.08274748335090397,-0.0728960148977918,0.09158093707234659,1.796813096166917
2016-12-22,8.4,0.2723186688062638,0.09494411069639629,0.14069531274390376,1.9225410062235968
2016-12-23,0.9,0.19970303351058688,0.024350752576873778,0.16792187031264502,1.9869563948387658
2016-12-24,0.0,0.12724797884686154,-0.04239378949374217,0.19416970305998088,2.0471708260972705
2016-12-25,0.1,0.0758050006223017,-0.09032407342509301,0.22193494047186854,2.0934072965117143
2016-12-26,11.6,0.44943814163860235,0.23845477253355102,0.28825852927460727,2.25175839219906
2016-12-27,0.0,0.34175289088992633,0.14242636292918637,0.3185346347625054,2.2382124635653406
2016-12-28,0.0,0.27118966738127337,0.07703697250814251,0.11477911486253298,2.294840890926491
2016-12-29,0.2,0.1978176485288997,0.016443230545126513,-0.008855482723610173,1.9606176611688508
2016-12-30,0.0,0.12570203542141536,-0.04451994699464861,-0.23574380967034142,1.8307712656662034
2016-12-31,0.0,0.05664570083024489,-0.09447810489873952,-0.20682704675853586,1.8664014532115893
2017-01-01,0.0,-0.0026841187563579924,-0.1771679136248665,-0.36091239848790785,1.8937532777872628
2017-01-02,0.0,-0.06049064719517718,-0.22720022224337413,-0.43897135061239095,1.8771940032696584
2017-01-03,0.0,-0.10840788290902728,-0.2720489250046424,-0.4130613764337843,1.1187500758154543
2017-01-04,0.0,-0.1550979962862868,-0.32017711224283696,-0.3815955907536852,1.1459438136517472
2017-01-05,0.0,-0.1986688570925159,-0.36304202785523315,-0.35001168704996927,1.0324425313207437
2017-01-06,0.0,-0.24459929733063757,-0.4090035927219379,-0.31850371124294824,0.5610273637951234
2017-01-07,0.0,-0.2869368047598458,-0.4458463721198661,-0.2905343344139358,0.5794125908560184
2017-01-08,1.2,-0.2854284179977206,-0.44283271255713613,-0.3263834289241173,0.6169381445174612
2017-01-09,0.0,-0.33031490293821425,-0.48203184036820884,-0.29466118281796805,0.634901507243891
2017-01-10,0.0,-0.3722240240157328,-0.5176469659668885,-0.26335756299148355,0.6539750973894459
2017-01-11,0.0,-0.4020822269831846,-0.5451949843815315,-0.23215368193664063,0.6741146686963014
2017-01-12,0.1,-0.4363516091440401,-0.5802726380135838,-0.28730223598447163,0.6955112222118637
2017-01-13,0.1,-0.46050393629452424,-0.608985399295363,-0.25554354104924404,0.7141346424448766
2017-01-14,0.3,-0.4902472579289872,-0.6427183530499606,-0.22252876274693867,-0.46776496212063146
2017-01-15,0.0,-0.5319089414531967,-0.6846255371791475,-0.1906394980121126,-0.4768660226284069
2017-01-16,0.0,-0.5737816968941372,-0.7126361964984986,-0.17128703156347985,-0.47573063309770486
2017-01-17,0.0,-0.5960712724426043,-0.7259600626862248,-0.1392422786142472,-0.47076649155129346
2017-01-18,0.0,-0.6204540062256957,-0.7467818026638341,-0.10696341955382936,-0.46634334371372826
2017-01-19,0.0,-0.6520188405922752,-0.7751861671981164,-0.07330784599742157,-0.4632220039863627
2017-01-20,2.5,-0.5952348995875398,-0.7259692966311566,-0.025173448430870136,-0.40019996033389393
2017-01-21,0.8,-0.6276588895216724,-0.7521470016799118,0.014753139326842519,-0.43846840190486036
2017-01-22,1.0,-0.6513039396697896,-0.7721709481017138,0.05648526737034043,-0.4234921521033564
2017-01-23,0.1,-0.682400705388844,-0.7938201692264344,0.08517933272649689,-0.5823406144071661
2017-01-24,0.0,-0.7182034887942644,-0.8270771589073517,0.1185885388399005,-0.5731338710047313
2017-01-25,0.0,-0.755986257038014,-0.873933307584705,0.15272128807926755,-0.5644040512571522
2017-01-26,0.0,-0.781657117323251,-0.9067710226409171,0.18633120244933088,-0.8383508479016409
2017-01-27,0.6,-0.758045182010811,-0.9141947338940981,0.22160835463790846,-0.8136815241570192
2017-01-28,0.0,-0.7342577922305635,-0.9122269472033733,0.253475520478689,-0.8070746586235141
2017-01-29,4.6,-0.6289412882983618,-0.7753278581343088,0.30667383921418395,-0.6743274766070206
2017-01-30,0.4,-0.6477497071412105,-0.8036843308950844,0.3079201077219915,-0.656668221016541
2017-01-31,0.0,-0.6827128483188534,-0.8495283566233718,0.3417087365111301,-0.6486663450517071
2017-02-01,0.0,-0.7029835649690039,-0.8679142377186755,0.37720695778487373,-0.6401539983607271
2017-02-02,0.0,-0.7221438665310749,-0.8887196372471721,0.4138696490385146,-0.630264746610151
2017-02-03,0.0,-0.7454159443694625,-0.9184645557660911,0.4226426896236293,-0.619523059080835
2017-02-04,0.3,-0.757034746465238,-0.9275347097006099,0.37297035362142095,-0.6027558074825627
2017-02-05,1.1,-0.7218368773440096,-0.9029017977068861,0.4148064810892263,-0.5634458894061091
2017-02-06,0.0,-0.7569372465615934,-0.94155977312273,0.4538302592156376,-0.601106582413516
2017-02-07,0.0,-0.7825817799199668,-0.9742976741572419,0.49316184534882035,-0.5910653520598036
2017-02-08,0.0,-0.8135247011392738,-1.0092138725472573,0.5336757743783863,-0.729437693215904
2017-02-09,1.3,-0.7818484565608981,-0.9809261502122057,0.581170296641376,-0.7051909633122868
2017-02-10,3.7,-0.6839342693475271,-0.8691628329701646,0.6414459168304597,-0.5930334162570884
2017-02-11,0.2,-0.755769856383634,-0.923331008540239,0.6857364218049976,-0.6517111037731332
2017-02-12,0.0,-0.7925807632904227,-0.9697882879895792,0.7319346209530002,-0.7126784251827086
2017-02-13,0.0,-0.8603202994097715,-1.0287405066589708,0.7524689928578044,-0.6994128882832883
2017-02-14,0.0,-0.928696644772747,-1.0461672379798412,0.8000251462609892,-0.6879858118018407
2017-02-15,0.0,-0.9874364292274954,-1.0617517370645604,0.8484001249298951,-0.6780045213725653
2017-02-16,6.1,-0.7559972654160998,-0.8744642222574938,0.9258810865932763,-0.7001048219630501
2017-02-17,0.9,-0.8040913188315951,-0.9183758426766169,0.9828763718435847,-0.6958673597013939
2017-02-18,0.0,-0.8279106187308624,-0.9324265816179456,1.0363655227778614,-0.6843344025329972
2017-02-19,0.1,-0.8641194048113914,-0.9440791830540268,1.0360960660906695,-0.6708722610558199
2017-02-20,8.5,-0.6140117051838266,-0.7269274944602867,1.1316053686318264,-0.44154404504416767
2017-02-21,0.0,-0.7614777358468431,-0.8698971506980581,1.1877635845708558,-0.4348022304605394
2017-02-22,19.7,-0.12149694261987067,-0.26116600143174207,1.235450864417307,0.020600162951356724
2017-02-23,0.0,-0.25891379198831865,-0.3868459531806483,1.2736155732385153,0.020230984498189393
2017-02-24,0.0,-0.35499994668837986,-0.47991372574042984,1.299504240161176,-0.08378968744037997
2017-02-25,0.0,-0.4446291113815911,-0.5648990510117344,1.359191839146468,-0.08638780178868448
2017-02-26,0.0,-0.5119689301489417,-0.632661642546616,1.416988665597214,-0.09136372388522561
2017-02-27,0.0,-0.5749789130750065,-0.700355247836934,1.4817547267586038,-0.09701313897003806
2017-02-28,0.0,-0.6274234991804246,-0.7361851541118359,1.5499259396529845,-0.21298249392386265
2017-03-01,4.3,-0.5303138682757962,-0.6373798328381742,1.630899435263217,-0.14105957382509268
2017-03-02,1.7,-0.5453967720116147,-0.6644723637552991,1.7093292237349105,-0.11246921404734121
2017-03-03,0.0,-0.609477202793248,-0.7355244984343695,1.7560956204825526,-0.12225890350323028
2017-03-04,0.0,-0.6437880913662307,-0.7599868890455357,1.8261311613223044,-0.1329602745049371
2017-03-05,0.0,-0.6917529659786528,-0.8105288952806029,1.896623663765598,-0.14522308338446133
2017-03-06,0.0,-0.7607395824739667,-0.8889008564055628,1.9694534421686172,-0.1566865367302599
2017-03-07,1.5,-0.7646296512800551,-0.8687689880550888,2.054879318680684,-0.13594103764604737
2017-03-08,0.3,-0.8011719682990179,-0.8657623114447569,2.1351723378902685,-0.14197981920657132
2017-03-09,0.0,-0.8018702512484099,-0.8682847237353942,1.992732301795944,-0.18560339634467193
2017-03-10,0.0,-0.839806124022013,-0.8941049901757531,2.053040631066095,-0.2004021580859408
2017-03-11,0.0,-0.8645664692291332,-0.9028885162803847,2.102115654053003,-0.21546594740548664
2017-03-12,0.0,-0.8874198045045959,-0.9118047899335914,2.170120777926437,-0.2378602592582093
2017-03-13,0.0,-0.881804124302332,-0.9065111218034888,2.236238031525389,-0.25384258060497594
2017-03-14,0.0,-0.9362636534383245,-0.9422695212091838,2.2950529310238617,-0.2711716291583911
2017-03-15,0.0,-0.9734096163008709,-1.0335371843293464,2.2191599715608894,-0.31909636996953633
2017-03-16,0.0,-0.9928505968953832,-1.0524092920076218,1.2493196807796738,-0.339534983285029
2017-03-17,0.0,-0.9888216682778017,-1.0467827432604304,1.1827821552840105,-0.3595147702107184
2017-03-18,0.0,-1.0124534788392618,-1.076820858658817,1.2218385655800588,-0.3801021103187317
2017-03-19,0.0,-1.0678697750261308,-1.1330376539228417,1.2609731110209859,-0.5987259138685006
2017-03-20,7.3,-0.8372455248917271,-0.9074787178149631,1.367507116468283,-0.4523791165698272
2017-03-21,0.5,-0.8500924556589159,-0.943204811241864,1.4090237021100935,-0.7389014255354929
2017-03-22,0.0,-0.8539523596950587,-0.9481646384109528,1.4442682498202035,-0.9852201729205411
2017-03-23,0.0,-0.9724668839771147,-0.9281856206882418,1.4784671442668502,-1.0413372846064304
2017-03-24,0.0,-1.017588133530637,-1.1243549529487464,1.5090056023547354,-1.0729315921500324
2017-03-25,11.4,-0.568799114154556,-0.6964761224532972,1.6347047596738067,-0.8109275273619604
2017-03-26,0.0,-0.6376362726563632,-0.7447398704510325,1.6596913775895885,-1.1531718644718967
2017-03-27,3.2,-0.5311315105884523,-0.6214940900447306,1.6274920367772188,-1.105067064741763
2017-03-28,1.1,-0.5416876905844376,-0.6321824889866634,1.66223090514525,-1.1106513869136354
2017-03-29,1.9,-0.49096917973642046,-0.5731733115098641,1.2461023772124549,-1.0937156152802316
2017-03-30,0.0,-0.5382519814049377,-0.6040807740933754,1.0496081747782808,-1.122936494104617
2017-03-31,0.0,-0.5873724356638659,-0.637356528609167,1.0400421657158128,-1.1509061190684562
2017-04-01,0.0,-0.6029673395747521,-0.636543538845797,1.0218596013813679,-1.1777902018012902
2017-04-02,0.0,-0.6517990017725138,-0.6806109994336604,0.9552830130778003,-1.2027808329768326
2017-04-03,0.0,-0.681245507882377,-0.7000779034446103,0.112403521492622,-1.2259328202117863
2017-04-04,0.0,-0.6898189135716071,-0.7075444385898398,0.10830300692142274,-1.2521290020015692
2017-04-05,25.9,-0.37227794794504787,-0.4474474791924109,0.3166408892435484,-0.6475447111393303
2017-04-06,3.1,-0.4310107674040142,-0.5079920478818095,-0.09888549571437223,-0.6076136034869098
2017-04-07,0.0,-0.6003057774901025,-0.6648378878454124,-0.107864029730712,-0.6365940190197648
2017-04-08,0.0,-0.7084767582154275,-0.7733418109406175,-0.11829664528180689,-0.6912702512581994
2017-04-09,0.0,-0.7902821881669578,-0.839486377146653,-0.12827230881566176,-0.718713372875155
2017-04-10,0.2,-0.8331170003903101,-0.8740238728705768,-0.1344412033904195,-0.7392208149240564
2017-04-11,11.0,-0.5504396271996955,-0.5265739717351783,0.008461244337239717,-0.5328593376002393
2017-04-12,0.0,-0.6709212615864231,-0.6117330526252548,-0.001086062374068638,-0.5612142879431495
2017-04-13,0.0,-0.7505339587764203,-0.6716745002180095,-0.012271499427591852,-0.5912594544685981
2017-04-14,0.0,-0.8144315556629571,-0.7403203947653385,-0.9163103118867333,-0.6260008732547604
2017-04-15,0.7,-0.8644683116107358,-0.7864500328380732,-0.924152153245695,-0.6419473996688082
2017-04-16,0.0,-0.8971726578752646,-0.8320027263289774,-0.9348691792439677,-0.6726406246699693
2017-04-17,10.7,-0.45776884202112483,-0.4272126683077317,-0.7826808856440063,-0.4957912698274536
2017-04-18,0.0,-0.6077579031328402,-0.5515823008188093,-0.7962082297115574,-0.5273097234548036
2017-04-19,0.0,-0.733810175673039,-0.659884644484374,-0.8122875836969018,-0.5605989344630106
2017-04-20,0.8,-0.7506296569389549,-0.6733154681153616,-0.8183145461287973,-0.6262283291217803
2017-04-21,0.0,-0.7222305463251373,-0.6701283684788385,-0.8739854261689828,-0.6747255818819398
2017-04-22,0.0,-0.9215498271202722,-0.8341515016407853,-0.8979389866966512,-0.7237861915227287
2017-04-23,0.0,-0.9148962476644257,-0.8514482607693828,-1.0118250301633258,-0.7547151509187235
2017-04-24,0.0,-0.8757065755687249,-0.8313591734844354,-1.0263865252243363,-0.7845195298545049
2017-04-25,7.5,-0.6566556356550957,-0.6225025586616901,-0.9324644266999086,-0.6753458024059408
2017-04-26,0.7,-0.7342066270708566,-0.6934747715665158,-1.091881695454068,-0.6920788205711679
2017-04-27,0.0,-0.848977308532555,-0.8108339224846328,-1.1076883033288043,-0.7312260335790495
2017-04-28,0.0,-0.8911180939711759,-0.853002905925502,-1.1244281799561935,-0.7599847857003883
2017-04-29,0.0,-0.9171159592904192,-0.8914765758916481,-1.1432424518854676,-0.8716618376554719
2017-04-30,0.0,-1.0347257742430118,-1.0004282728268075,-1.1624047312439223,-0.9076350612152414
2017-05-01,0.0,-0.9987665036141304,-0.97622349506959,-1.1819293972862024,-0.9368344401621673
2017-05-02,0.0,-1.0488876708862702,-1.023969148959629,-1.2022960509474685,-0.9659761328820773
2017-05-03,0.0,-1.0899921389644136,-1.056305203422288,-1.2230550375076257,-0.9956104515701594
2017-05-04,1.0,-1.12250844494834,-1.0993625881201294,-1.2284563700928226,-1.0078915892280047
2017-05-05,10.2,-0.837197277973688,-0.8197887950406213,-1.1015360585104161,-0.8636390469176232
2017-05-06,0.0,-0.9600380949690497,-0.9483582348250971,-1.118144867197643,-0.907917916213914
2017-05-07,0.0,-0.9347266852314952,-0.926580802614304,-1.158539718181658,-0.9334341194971101
2017-05-08,0.0,-1.0395390209689697,-1.0317313325542055,-1.1719465412384826,-0.9576874333135499
2017-05-09,11.8,-0.7485644979082191,-0.7324288054127206,-1.0983143726182643,-0.7907557625036826
2017-05-10,2.1,-0.8154347053038022,-0.804162049867319,-1.0945599209609345,-0.8024280850457617
2017-05-11,0.0,-0.8518411315911979,-0.8401348029778766,-1.1072519740436904,-0.8843436948325164
2017-05-12,0.0,-0.9541122901789941,-0.94627301752474,-1.1561513818198734,-0.910881351218983
2017-05-13,0.0,-0.9480335785231255,-0.9281933641499315,-1.202436655284184,-0.9327500919375155
2017-05-14,0.0,-1.069532496591429,-1.0524364661296874,-1.2150470848235475,-0.9526050487847972
2017-05-15,0.0,-1.198565723616799,-1.1782328873500458,-1.2271277879630933,-0.9698717015364877
2017-05-16,0.0,-1.1603129838792885,-1.1267790816541734,-1.2394265494772565,-0.9859947342429578
2017-05-17,0.0,-1.2738001529528666,-1.2287126446762766,-1.3506072568653213,-1.098811327495359
2017-05-18,0.0,-1.2909354980069687,-1.2502113486241808,-1.377994803774557,-1.1269718800996724
2017-05-19,0.0,-1.2022966910856803,-1.1774650026968698,-1.3884249287643904,-1.140482884025388
2017-05-20,0.0,-1.249056096745455,-1.2190980903728985,-1.3975553164474874,-1.1554351590728151
2017-05-21,0.0,-1.3428857227413906,-1.3064416057029054,-1.405984033486686,-1.3080407312962317
2017-05-22,0.0,-1.3224489873488992,-1.288971543890161,-1.412528232069245,-1.3169250439095768
2017-05-23,0.0,-1.3583954988622646,-1.324214087114096,-1.4207753006830184,-1.6719136614835948
2017-05-24,2.2,-1.3202784294666738,-1.2761337653192195,-1.3987073952433366,-1.6361359683895107
2017-05-25,0.0,-1.323447135961456,-1.2801753318578097,-1.4731685127891536,-1.6454856836363008
2017-05-26,0.0,-1.3295441121840061,-1.276557088131821,-1.4838263030901322,-1.6558064129562746
2017-05-27,0.0,-1.3954795355422152,-1.3513265105909609,-1.4933046670824213,-1.6635972568417934
2017-05-28,0.0,-1.4544609127830537,-1.4182641647508398,-1.5047505070165217,-1.672818734071626
2017-05-29,0.0,-1.3774577985113228,-1.3592245501742863,-1.5836261219318681,-1.6819122727644882
2017-05-30,0.0,-1.2511847050313711,-1.2395675838466227,-1.602166396315448,-1.7694830465482065
2017-05-31,2.9,-1.290036277488846,-1.27913123345158,-1.571717046488272,-1.7538349435987448
2017-06-01,0.0,-1.3261048747743733,-1.3094232050670214,-1.5807334890596723,-1.7588381250174874
2017-06-02,0.0,-1.3100684152562077,-1.2633457229183422,-1.5890247786787277,-1.7642025512572475
2017-06-03,0.0,-1.4070555862027845,-1.3625300347652247,-1.5994923266211505,-1.774297442850271
2017-06-04,0.0,-1.4887625849002275,-1.429683192917516,-1.6093926095042255,-1.7840668550100933
2017-06-05,0.0,-1.5600950866205407,-1.4944614569757912,-1.619344173443172,-1.821311078772754
2017-06-06,5.5,-1.3103240980377164,-1.2373403611727511,-1.556388664835505,-1.7355758228894456
2017-06-07,0.5,-1.3547872621391353,-1.2838243320410472,-1.5802834603936398,-1.7365208557973457
2017-06-08,0.0,-1.3715281461107625,-1.305010364400255,-1.5942185406698246,-1.747331457196655
2017-06-09,0.0,-1.1126027461776384,-1.0363154631543836,-1.6074438525342842,-1.7587387514452368
2017-06-10,0.0,-1.2270773056290945,-1.125136154628608,-1.6238173252107275,-1.7694142897859724
2017-06-11,0.8,-1.287646785146599,-1.1711356138180218,-1.627839081623735,-1.767525028624379
2017-06-12,0.0,-1.3572287140293202,-1.2283654036812433,-1.6423170021261082,-1.7776440379019665
2017-06-13,0.0,-1.4304970772078682,-1.3023986587441954,-1.675478637386152,-1.7889707089962175
2017-06-14,0.0,-1.4082558486521237,-1.30456471880751,-1.6928145627686635,-1.8018245580748788
2017-06-15,0.0,-1.4637621771845308,-1.3542874465560775,-1.7122215092776107,-1.8181137352220773
2017-06-16,0.0,-1.48068322700813,-1.3758655023834296,-1.7308624226530014,-1.8330315306848193
2017-06-17,0.0,-1.4616281997097735,-1.3628277901474892,-1.8541233368367689,-1.8504534409104176
2017-06-18,0.0,-1.6926364990569762,-1.5677932419647969,-1.8724474238960422,-1.9892954499128752
2017-06-19,0.0,-1.5122497857148343,-1.4272976333564327,-2.0317919747629487,-2.0134400949812443
2017-06-20,7.7,-1.0005331164333424,-0.9471288715499854,-2.0587415876960855,-1.9046592057249057
2017-06-21,0.0,-1.2722707906099209,-1.1398146994188032,-2.088320806257621,-1.9240857038671686
2017-06-22,0.0,-1.4065212489927819,-1.2602240327114853,-2.1082825250639505,-1.9457323858664604
2017-06-23,1.2,-1.3551171054712117,-1.2523889895296225,-2.119301855490291,-2.1372303066659692
2017-06-24,0.0,-1.2465621533435365,-1.1565970956982532,-2.2849995102530745,-2.1620936913456124
2017-06-25,0.0,-1.2431016829918238,-1.1483830920830203,-2.306728109484074,-2.2343338057911524
2017-06-26,13.6,-1.1467465318503918,-1.052361228041946,-2.159701841370214,-2.048141010761416
2017-06-27,0.3,-1.1546187225946054,-1.0776857717849806,-2.1777216918447473,-2.0880688542510777
2017-06-28,8.9,-1.0097450029042443,-0.9432401635297185,-2.0987949681635873,-1.9754492856697257
2017-06-29,0.0,-1.1734258087828553,-1.0623476669416008,-2.123343034897285,-1.99787309676022
2017-06-30,3.6,-1.2434250881617608,-1.1110591000057926,-2.1102556354134583,-1.9705530440894234
2017-07-01,0.0,-1.302924685996764,-1.180299718950985,-2.1377785267566884,-1.9965689880416313
2017-07-02,13.1,-1.188007219750254,-1.0881404622844761,-2.0345550888206976,-1.8586625313815666
2017-07-03,6.4,-1.1323773121368736,-1.0563329222664695,-2.008200226036667,-1.8180397036646587
2017-07-04,1.8,-1.1834190201319563,-1.1138006321327514,-2.0284492333560733,-2.161967052943925
2017-07-05,1.6,-1.2413699659853754,-1.1688452618862561,-2.053493906269938,-2.218391733018078
2017-07-06,16.6,-1.0288499200636834,-0.9879028846441829,-1.939880659254774,-2.039228782581091
2017-07-07,0.1,-1.0990177793382512,-1.0474550770704063,-1.9967618781409329,-2.0810116138074806
2017-07-08,45.2,-0.5161758956976886,-0.5162202451448552,-1.6570073129614857,-1.6201167306204385
2017-07-09,3.1,-0.6410566697555582,-0.6422259689648159,-1.6798068431935704,-1.6362872788893565
2017-07-10,5.1,-0.7145116605450526,-0.714587349697102,-1.6862545238661226,-1.7410952944749898
2017-07-11,0.7,-0.7466556768285062,-0.7465662804025366,-1.727160834865872,-1.7758685160934202
2017-07-12,0.0,-0.9132736797371608,-0.8930351725082891,-1.7743174885077195,-1.8175834285165804
2017-07-13,0.0,-1.0638701272042732,-1.041120899082121,-1.8213674633653167,-1.8576124938502305
2017-07-14,6.8,-1.097828374707775,-1.0795136537084087,-1.8112005023786486,-1.833868137886176
2017-07-15,44.4,-0.5216954139647954,-0.5675649450284402,-1.5212483888597799,-1.4558392797067072
2017-07-16,0.0,-0.6664622500962679,-0.6829616030083836,-1.5638906624760154,-1.5864364476229968
2017-07-17,10.8,-0.6478108980427935,-0.6642369939033771,-1.5284828022279298,-1.524750611128224
2017-07-18,12.5,-0.547533523700619,-0.5857968706537083,-1.482828123293774,-1.4516394733335654
2017-07-19,0.0,-0.6706043969867871,-0.6994721754944908,-1.5424931512506364,-1.494143018533329
2017-07-20,0.0,-0.7475926286902649,-0.7733493120847997,-1.5896235511004457,-1.5279702754858884
2017-07-21,0.0,-0.8137273523671777,-0.8260853744949607,-1.6382329742665025,-1.5623625655075302
2017-07-22,0.0,-0.8947116233344844,-0.8958381555866215,-1.6795856472815018,-1.594702972386857
2017-07-23,0.0,-0.9244233332153697,-0.9260609793904067,-1.7193620132163858,-1.625565427434518
2017-07-24,0.0,-0.9096273676145861,-0.9150201331194505,-1.7586785461038472,-1.7207895359996783
2017-07-25,1.3,-0.831992739544552,-0.8628623583986611,-1.7879171953308415,-1.7444659136627882
2017-07-26,0.0,-0.9081215514291033,-0.8902673053781713,-1.8307512149187142,-1.7734782217040448
2017-07-27,0.0,-1.0117487903003308,-0.954962394340519,-1.865131773286476,-1.7978810087604098
2017-07-28,0.0,-1.0645926163149109,-1.0063332423587827,-1.930239258287231,-1.8201428239144428
2017-07-29,0.0,-1.109512447709973,-1.044269546101493,-1.9633366298258026,-1.8399006346590479
2017-07-30,26.2,-0.7223484228785632,-0.7440507627462025,-1.8098797246427423,-1.6381063062426588
2017-07-31,15.9,-0.6046204979664381,-0.6471758881239937,-1.727525055616253,-1.5265294218981462
2017-08-01,0.5,-0.7061286489626278,-0.7380042608735118,-1.7479580951449174,-1.5365125884651583
2017-08-02,4.8,-0.7014067212262635,-0.7397613527565753,-1.7396957063869478,-1.521003317121658
2017-08-03,0.0,-0.7672722636877878,-0.8011320854117779,-1.762558479802101,-1.6099778053173506
2017-08-04,0.0,-0.7461006517917393,-0.8004427879759201,-1.7889776886292212,-1.6186309889118888
2017-08-05,0.0,-0.8766186604907816,-0.8928863521448187,-1.808200876966347,-1.6264939906074445
2017-08-06,3.1,-0.9426788835104961,-0.944728437676529,-1.809087845553043,-1.6123494770096793
2017-08-07,0.0,-0.994792335904638,-0.9956221445099895,-1.828751308110331,-1.7097333692752568
2017-08-08,0.0,-0.9046062519477197,-0.9399747852137642,-1.855769430455547,-1.7332482852839703
2017-08-09,2.8,-0.7912308466592508,-0.8099589989671118,-1.8809730956189283,-1.7199670814209502
2017-08-10,0.0,-0.8861144570124869,-0.8384447879745325,-1.9026639245306693,-1.7293585071923971
2017-08-11,0.0,-0.9724176001036112,-0.8764927777644933,-1.9239428215774286,-1.7407258141149662
2017-08-12,15.8,-0.8604959596498352,-0.7942073530279511,-1.8465466640623063,-1.6369015512478162
2017-08-13,12.3,-0.7693469843990522,-0.7336144319930861,-1.7939650305079229,-1.5645647968525143
2017-08-14,34.9,-0.39089477556248053,-0.4520640574723111,-1.6140063638294528,-1.3494005750610454
2017-08-15,4.5,-0.47581323580856627,-0.5200876572344313,-1.6447143729258333,-1.3377324811479159
2017-08-16,0.9,-0.5618837628133238,-0.5915504029034708,-1.6660661070051463,-1.3487597330889436
2017-08-17,0.0,-0.6796395676904466,-0.6874897815716217,-1.6867460168232289,-1.3647150053563892
2017-08-18,4.7,-0.6535209890502798,-0.6823292515493408,-1.6827299815463623,-1.3523886919759263
2017-08-19,0.0,-0.680877660310467,-0.7251336510242896,-1.7515154958133379,-1.3683150988349935
2017-08-20,9.1,-0.6771044377930664,-0.701886632683694,-1.7239634679446072,-1.3314620435079791
2017-08-21,89.1,0.30420895574885326,0.0618827512692332,-1.3850722137312634,-0.8664944287909192
2017-08-22,10.2,0.17906873524238423,-0.018194101023460283,-1.3595798050589891,-0.8482257564763013
2017-08-23,0.0,0.0007697852932228011,-0.14576726569042964,-1.3838466688883142,-0.8682531696242514
2017-08-24,0.4,-0.12299047237221322,-0.23940608029789523,-1.405232741855116,-0.8851046381943051
2017-08-25,80.7,-0.10812979464946408,0.4775841591186389,-1.0510246485975874,-0.5307635758889209
2017-08-26,0.0,-0.3660856798861357,0.2924190004646778,-1.074687374352618,-0.5508820484126419
2017-08-27,0.0,-0.5047855033577824,0.15248613057415708,-1.099076768475908,-0.5720567295172856
2017-08-28,0.0,-0.6709889482987309,0.04881382643966648,-1.1420659805708386,-0.5929968332505102
2017-08-29,6.7,-0.7125077435443454,0.01824680012618049,-1.1415358104700568,-0.5961400664479531
2017-08-30,0.0,-0.7428152663949641,-0.07217560722435477,-1.163315131725972,-0.6158068429482372
2017-08-31,0.0,-0.7758871449039003,-0.14313609152371373,-1.1849439818324354,-0.6351974654846899
2017-09-01,0.0,-0.9110262203799151,-0.2090006016760663,-1.205800713880925,-0.6538076627579119
2017-09-02,0.0,-0.9968296333044129,-0.26020428731524015,-1.2254134443911529,-0.6708972072392535
2017-09-03,0.0,-1.076488142477652,-0.30329383123645404,-1.2517377719175888,-0.6876027426799949
2017-09-04,0.0,-1.1342644869946195,-0.34637494092057697,-1.2716461699574708,-0.727277267155754
2017-09-05,3.8,-1.1010711961210773,-0.33851443338924303,-1.2718673689782667,-0.7269833938762561
2017-09-06,24.5,-0.8518563524886784,-0.10578028480946415,-1.179977312010295,-0.6343360509557869
2017-09-07,0.2,-0.9847337064976084,-0.1789818027282849,-1.1946100535986997,-0.6447203228701957
2017-09-08,0.0,-1.016755874414652,-0.2118178882881251,-1.2092637324228077,-0.6535847194159293
2017-09-09,0.0,-1.0731495135867901,-0.24899642780842635,-1.2234092610686904,-0.6644323634969382
2017-09-10,0.1,-1.1289028430963546,-0.28769558675861023,-1.2348463959496585,-0.6693718625499302
2017-09-11,73.3,-0.13377020178778806,0.5419157662917333,-0.9406392946430405,-0.37535881638270624
2017-09-12,0.0,-0.3272740202067906,0.3558065529914032,-0.9510025227986469,-0.3765256628960879
2017-09-13,0.0,-0.4435499884717004,0.2549672770507512,-0.9608138976645101,-0.3758213487046167
2017-09-14,0.0,-0.5284367291987393,0.18675582648835193,-0.9690563377642034,-0.372694689010487
2017-09-15,0.0,-0.5684154387688373,0.12629365674553883,-0.9767379825267043,-0.36858994426599545
2017-09-16,0.0,-0.6107282695123399,0.07232772707366335,-1.0134234300497449,-0.3635769494285356
2017-09-17,0.0,-0.6603172401383582,0.0375847176608461,-1.0226899634997084,-0.35760833420797244
2017-09-18,0.0,-0.6800350074700388,0.008867637409877692,-1.0289092608869594,-0.3797999912094682
2017-09-19,0.0,-0.7120379478260853,-0.020919463570857538,-1.0346487459175249,-0.3703916093232011
2017-09-20,0.0,-0.7670818242295695,-0.047083664228549725,-1.0397159519411185,-0.35961490009813835
2017-09-21,0.0,-0.8243558402439349,-0.06960919740415565,-1.089183670533768,-0.35246280803931357
2017-09-22,0.0,-0.8745903470620585,-0.09117885356405914,-1.0920599408390639,-0.33960869534413074
2017-09-23,0.0,-0.9017606853136614,-0.1104763829851195,-1.1073535766140385,-0.3263383460166437
2017-09-24,0.0,-0.9414374190032644,-0.11803553129683061,-1.114342502627533,-0.36453052330013347
2017-09-25,0.0,-0.9679653982689119,-0.12217349200914943,-1.123855176841135,-0.34822512658880883
2017-09-26,0.0,-0.991330467853849,-0.12075647565708719,-1.125589174280767,-0.36477823904870094
2017-09-27,6.9,-0.9025277212136992,-0.028939570760267805,-1.0992053336519396,-0.3171317502272193
2017-09-28,0.0,-0.9452760274482193,-0.05033094582418323,-1.1003593764573905,-0.3088647810095153
2017-09-29,0.0,-0.9697367828584927,-0.07584826794435362,-1.1015065120085623,-0.28472796698352637
2017-09-30,0.0,-0.883283003349252,-0.09492430577756743,-1.1022151851154958,-0.3112193879389566
2017-10-01,47.3,-0.2866840466350289,0.4846621450936309,-0.9188298049053001,-0.1227074330014667
2017-10-02,9.6,-0.28301013463350133,0.5086405417354887,-0.9818762641463463,-0.06506706903409765
2017-10-03,0.0,-0.3855037225410643,0.4408194172332208,-0.9936308520644755,-0.04301230538402167
2017-10-04,0.0,-0.4643691631648272,0.4076180977282532,-0.9926776017010593,-0.07865539249999871
2017-10-05,7.6,-0.379651037168092,0.4783883026616324,-0.9621732329675462,-0.019878555952045643
2017-10-06,8.3,-0.29570685297363003,0.5542661974274148,-0.9289069443258385,-0.13601107354864966
2017-10-07,0.0,-0.35626287452743544,0.5068681499796089,-0.9276633720567067,-0.11780283980555221
2017-10-08,0.0,-0.40806683450469283,0.48423226634072597,-0.9675920430185945,-0.10752619662235736
2017-10-09,0.0,-0.4559554351334588,0.4636091892258046,-0.964818176416543,-0.07946297817023505
2017-10-10,0.0,-0.49050599757440244,0.44508063658366476,-0.9610777331687655,-0.04795920639807041
2017-10-11,1.8,-0.4809843065743208,0.45114684348292233,-0.9498065785534772,-0.009257865814571636
2017-10-12,7.7,-0.3782788344636875,0.544964580689737,-0.9187355363719166,0.02507805108633001
2017-10-13,0.0,-0.42214270549990296,0.5135551421645337,-0.9135005972751128,-0.1326151225726313
2017-10-14,0.0,-0.4414540127034302,0.4966687178669481,-0.9490673335368357,-0.10280645038630382
2017-10-15,3.1,-0.41235770495233914,0.5495652367620592,-0.9322274594554203,-0.10689852486420807
2017-10-16,0.0,-0.43779547936567037,0.5404805477093652,-0.9270924703615362,-0.1325002807789896
2017-10-17,0.0,-0.44837578695115476,0.5331928508949144,-0.9244918683499862,-0.10172462368539079
2017-10-18,0.0,-0.46566129756781577,0.5354985443895136,-0.9178303135685502,-0.07003594207213305
2017-10-19,0.0,-0.4885183830368722,0.5360170412613408,-0.9111937452142276,-0.038811218719558685
2017-10-20,0.0,-0.5127742684934472,0.5404108742956801,-0.9039190680749694,-0.008129357196601331
2017-10-21,0.0,-0.5405371307992102,0.5421211553204726,-0.8965314815862969,0.023733984497916537
2017-10-22,0.0,-0.5692866635757619,0.5370039648608088,-0.9174158665962375,0.057081978912482144
2017-10-23,0.0,-0.5801054486543579,0.5286262629116206,-0.9123748203824437,0.0853472260251959
2017-10-24,0.0,-0.6088187272655474,0.5323544320298892,-0.9049340981206335,0.12055336069375241
2017-10-25,0.0,-0.6246437357994361,0.5224657702693382,-0.8972190295847627,0.15324767703717623
2017-10-26,0.0,-0.6437694053371823,0.5171516925850405,-0.889220303509097,0.18507260671197942
2017-10-27,0.0,-0.6722881006731155,0.5138180217787115,-0.8811217717204035,0.2168671174769696
2017-10-28,0.0,-0.681038278606534,0.4986250340533722,-0.8730017187573399,0.1288283527245747
2017-10-29,0.0,-0.6972947643615549,0.4851274129062416,-0.865254332217876,0.08425333408016263
2017-10-30,0.0,-0.7210823763276298,0.4832651434187065,-0.8576800473737851,0.11149921835909198
2017-10-31,0.0,-0.7399492498368264,0.47971626196120026,-0.8534454661342802,0.11860955888321077
2017-11-01,0.0,-0.7531489316330607,0.4801231004294723,-0.8841885002940464,0.14797870780481037
2017-11-02,0.0,-0.7663274314481857,0.48669995661216026,-0.8765228242251486,0.17851556109347103
2017-11-03,1.2,-0.7492266543916115,0.5185584292964631,-0.8651538248900971,0.21564228595441245
2017-11-04,0.0,-0.7722632962544568,0.5165422800109732,-0.8588788659499349,0.23409904423838068
2017-11-05,0.0,-0.7995347676203518,0.5193715177487667,-0.8975855191942961,0.26724443257691827
2017-11-06,0.0,-0.8004876280210971,0.498312970189922,-0.899932038519471,0.30111386031922804
2017-11-07,0.0,-0.855162243683455,0.5000927544653365,-0.8945858435557191,0.3217421745034223
2017-11-08,0.0,-0.8920965095262028,0.4988341196774628,-0.8892246277715574,0.35629634102654006
2017-11-09,0.0,-0.9227596820795446,0.4929327535442987,-0.8843422695909008,0.39125664136149113
2017-11-10,0.4,-0.944322494849481,0.504158911728767,-0.8779589232085812,0.3551603806064561
2017-11-11,0.0,-0.9642619403780212,0.49352660705781987,-0.8734807602369364,0.3334083224124861
2017-11-12,0.0,-0.993648639019223,0.49838405504506617,-0.8690516473273486,0.19996067223000866
2017-11-13,0.0,-1.0293107374528176,0.5074901302547702,-0.8648144579733313,0.2169423162300014
2017-11-14,0.0,-1.0589921303671246,0.5157700943158098,-0.8604311776175413,0.2538702179720663
2017-11-15,0.0,-1.0792876860168739,0.519501048245165,-0.8558223468902153,0.29575950570255705
2017-11-16,0.0,-1.0747789211273713,0.5175032551029226,-0.8512926029257313,0.31424605426669816
2017-11-17,0.0,-1.0729048502817542,0.5117963845147916,-0.8465114109090787,0.3572419121460353
2017-11-18,0.0,-1.0820568675010898,0.5097530907220734,-0.841868619574628,0.353780300370537
2017-11-19,0.0,-1.1006843867001472,0.5162698693945297,-0.8379183943636095,-0.1100485418112162
2017-11-20,0.0,-1.1089107118860486,0.5065191699010679,-0.842412488906457,-0.1302774452142703
2017-11-21,0.0,-1.122029446722566,0.5129539593408182,-0.8376880970871274,-0.08751127705173257
2017-11-22,0.0,-1.115075920835182,0.49976946437194797,-0.8324276267047918,-0.04781475959485193
2017-11-23,0.5,-1.1446075875946646,0.5199971557233881,-0.8254689772269673,-0.5912270835773711
2017-11-24,0.0,-1.1746473787445435,0.525265490976778,-0.8204775205604253,-0.5545513833265296
2017-11-25,0.0,-1.2215426500504847,0.5351337834311249,-0.8158488560405857,-0.5161648765398964
2017-11-26,0.0,-1.2303474541287784,0.5313941473770202,-0.8114414689709012,-0.47604403202991064
2017-11-27,0.0,-1.201678039322394,0.512117587422613,-0.8181522753462706,-0.49389926545089885
2017-11-28,0.0,-1.2373820072830097,0.5117558194472265,-0.8137038308448501,-0.4513488790182272
2017-11-29,0.0,-1.2470884291356419,0.5062917715577684,-0.8090730298819436,-0.40812717485835975
2017-11-30,0.0,-1.2764439134938221,0.5137218173722813,-0.8039534569670794,-0.36393089166145703
2017-12-01,0.0,-1.3232610570443855,0.5239437985313637,-0.7985210339491527,-0.31923558263993596
2017-12-02,0.0,-1.3392778964165164,0.5251672273471503,-0.7924209713451036,-0.27427768481221787
2017-12-03,0.0,-1.3683986453937345,0.5281386148624883,-0.807145116516208,-0.22925001188196445
2017-12-04,0.3,-1.3681834605198047,0.533266021378575,-0.8005989905273929,-0.2178624889970489
2017-12-05,0.0,-1.3747499898036677,0.5176389779554984,-0.7926942673574073,-0.41788744388759647
2017-12-06,0.0,-1.3708391957945645,0.5102446297375716,-0.7838701905510701,-0.3791411019450884
2017-12-07,0.4,-1.372497798243031,0.5248685212212938,-0.7719345680352654,-0.33407188996068504
2017-12-08,0.0,-1.4102838219862803,0.5386997606390664,-0.7640183191332652,-0.29302450099984423
2017-12-09,0.0,-1.4409340483689987,0.5572682820071785,-0.7528776854748234,-0.25469878838802135
2017-12-10,2.7,-1.3085569812127926,0.6424366777369547,-0.7305820618439062,-1.1520254481177319
2017-12-11,0.0,-1.2810436928165965,0.6283256943329157,-0.7175955280247229,-1.1263193989680347
2017-12-12,0.0,-1.303282121045233,0.6420502334319019,-0.7034519597082461,-1.1028701342568525
2017-12-13,0.0,-1.3264375707108438,0.6545177412120696,-0.6880614790612735,-1.0798289246202282
2017-12-14,0.0,-1.2955580316798085,0.6523379507557989,-0.6725129189081108,-1.0539899889002287
2017-12-15,0.0,-1.2158092899858393,0.6229443079729382,-0.6562040850870053,-1.0269939741295138
2017-12-16,1.0,-1.1941396649901383,0.6627688334643497,-0.6355481022183554,-0.9804684123724374
2017-12-17,0.4,-1.2088455706513754,0.6872615437691025,-0.6533687707124063,-0.9531235301745119
2017-12-18,0.0,-1.234174139233797,0.7050889903091505,-0.6354610195681625,-0.9249081826138417
2017-12-19,0.0,-1.2532057962379308,0.724968272853781,-0.6169300851604747,-0.8969673017672308
2017-12-20,0.8,-1.2184758502147592,0.768570098462195,-0.5986417081342971,-0.8555497670445675
2017-12-21,0.0,-1.2129608724291543,0.76544240081479,-0.5790390486127606,-0.8284236794855279
2017-12-22,0.0,-1.2025692645611488,0.7662840167902784,-0.5589334989491777,-0.8006655857826822
2017-12-23,0.0,-1.201796359337893,0.7787654028218384,-0.5905293903041352,-0.7742170227177971
2017-12-24,22.5,-0.38926897215558703,1.5286183373640225,-0.4825803749697951,-0.3656252298812098
2017-12-25,0.0,-0.5048613879312609,1.4608815722954045,-0.4908174876595903,-0.33706784320590233
2017-12-26,0.2,-0.5462934445044014,1.4437720629827047,-0.4637188672977757,-0.42167683761585817
2017-12-27,0.0,-0.5678755280793684,1.4246652886840558,-0.4497832166966365,-0.3966772031389754
2017-12-28,0.0,-0.5816926776216429,1.4031799390769213,-0.42063191009942374,-0.37265868587741147
2017-12-29,0.0,-0.6058463726077915,1.4225481112362517,-0.4410485918964952,-0.35001867986322327
2017-12-30,0.2,-0.6088201726922907,1.3939096799824653,-0.43399104264233423,-1.3394092911264064
2017-12-31,0.0,-0.6320785834546283,1.3808139664348058,-0.40957918933540866,-1.6013248941592284
2018-01-01,0.0,-0.6327432869412578,1.379653343388382,-0.35372421940913756,-1.6009669756588092
2018-01-02,0.0,-0.6574651362237354,1.3838433549280629,-0.3893840355638315,-1.5994384847591863
2018-01-03,0.0,-0.6570828159538431,1.3541690029344648,-0.3586540610919753,-1.8445662263424638
2018-01-04,0.0,-0.6769300907217882,1.3793922819620712,-0.5172860549082908,-2.1464875649322046
2018-01-05,0.0,-0.6772155551942244,1.369613193471187,-0.4998566560682681,-2.14857335163256
2018-01-06,0.0,-0.6946094985440013,1.384497484896998,-0.4915247798159628,-2.151028839747061
2018-01-07,2.7,-0.5992735373431181,1.466084235703606,-0.45136621569270374,-2.048317475339958
2018-01-08,2.1,-0.5466404148387434,1.53911679604173,-0.41082109509106624,-1.9735447325059245
2018-01-09,3.0,-0.45471644301387937,1.6161066764282805,-0.3661992747279848,-1.9317731726712848
2018-01-10,7.3,-0.20613354843022194,1.870976171557885,-0.33309379413012696,-1.9507471367795675
2018-01-11,0.9,-0.2268026219080209,1.8224548838157413,-0.5019820040046875,-1.9194799519976546
2018-01-12,0.0,-0.266241321462834,1.8055080760505826,-0.472810232238918,-1.918933592270988
2018-01-13,0.0,-0.2857214927038639,1.8018599153319141,-0.4943108725330288,-2.0371003632031397
2018-01-14,0.0,-0.3072215589154784,1.8376020747981308,-0.5252780203142337,-2.033606759798397
2018-01-15,0.0,-0.3256238363005091,1.8599993364648504,-0.4952333739469356,-2.0325477301483383
2018-01-16,16.1,0.3072810228708772,2.4750172925766005,-0.3978028084675128,-1.4609116480568893
2018-01-17,5.6,0.4201696942298047,2.5375487365349647,-0.33985220751917344,-1.2843110817593097
2018-01-18,0.0,0.31047513925314313,2.3829463471051784,-0.3089794770309632,-1.28497039048314
2018-01-19,0.0,0.23822882637292492,2.2889808970526575,-0.27669265665796633,-1.2858075859290827
2018-01-20,0.0,0.18095133092318952,2.227833913063763,-0.24148210511015825,-1.2875645842982664
2018-01-21,0.0,0.1304971842750383,2.170967844743396,-0.212848465184556,-1.2903601208131206
2018-01-22,1.1,0.12523535976818245,2.1672966578930466,-0.1710758019258067,-1.2543589761506748
2018-01-23,0.0,0.08355444955564412,2.0725218890702215,-0.13643332183486065,-1.2485969770695124
2018-01-24,0.0,0.05856525792659855,2.0436863757580324,-0.1027457412029285,-1.2407018236543477
2018-01-25,0.0,0.0498000771555203,2.0652785146601347,-0.0687453783075602,-1.2326720902482902
2018-01-26,0.0,0.052493327896415753,2.0872007714630447,-0.1690088521593684,-1.2265058293676254
2018-01-27,0.0,0.07767411840877372,2.1224494865652885,-0.21991951626886896,-1.2192974326984967
2018-01-28,0.0,0.10017448622751217,2.0814301355993416,-0.19060820742123508,-1.2137743967145431
2018-01-29,0.0,0.1325467766959873,2.0830894850481427,-0.18424050898926495,-1.2084690028837248
2018-01-30,0.0,0.14291654858615827,2.069492557739514,-0.1514353538354014,-1.2025799344633512
2018-01-31,0.0,0.16002788624160397,2.0999866858120035,-0.11802530811857578,-1.1952987280725056
2018-02-01,0.0,0.14529211723504074,2.047530066226985,-0.08261294008278539,-1.2258974792144977
2018-02-02,0.0,0.1319277502417211,2.008626440031693,-0.0617987413264817,-1.2162733650328026
2018-02-03,0.1,0.1269392616150748,2.002056941629883,-0.02344952104770297,-1.2019004888634468
2018-02-04,0.7,0.15177511811989092,2.0168828158691543,0.01796559106089345,-1.1709745419300892
2018-02-05,0.2,0.15546718344711036,1.9979694711939946,0.04239031597987357,-1.1542607804091258
2018-02-06,0.2,0.16513882730989213,2.027870964407596,0.08323864549539337,-1.1363079279951618
2018-02-07,0.2,0.17384686423687842,2.0578226910029755,0.12419014442783023,-1.119254941637057
2018-02-08,0.0,0.17531821895129104,2.0854280886945302,0.08032246135634165,-1.1207734445241242
2018-02-09,0.0,0.16605276177407635,2.055777964197499,0.05479694360345942,-1.110289063466333
2018-02-10,0.0,0.14812624667822358,2.0248233520063197,-0.09966671607218756,-1.0986358700615388
2018-02-11,1.8,0.20036697207243603,2.1229242216328505,-0.07033505567792613,-1.0312621899492658
2018-02-12,2.1,0.23937484841576845,2.201909271749545,-0.017705648569342293,-0.9575363858729516
2018-02-13,0.0,0.19901018991081004,2.2242088448373507,0.02768458383333918,-0.9423083537167544
2018-02-14,0.0,0.15939959593695283,2.1964273672693824,0.04640908876354819,-0.9289384232910869
2018-02-15,0.0,0.12391603502681166,2.142347462977869,0.0925480477620746,-0.9170705448239134
2018-02-16,0.0,0.0882752415802761,1.9836395110274863,0.0852207785212801,-0.9044394786342489
2018-02-17,0.0,0.06253905298527265,1.9606767838705035,-0.4407795547053669,-0.8903943158066704
2018-02-18,0.0,0.04108424870417747,1.8581279873745014,-0.466720687847723,-0.8774497611829463
2018-02-19,0.0,0.04060032850309481,1.867858486097845,-0.42307602010061635,-0.8652920349088659
2018-02-20,0.0,0.02605994427811922,1.8284990450786793,-0.38440102083301275,-0.8533857816701889
2018-02-21,0.0,0.010471318695540306,1.9520313834134089,-0.9820471447301086,-0.8574721729055977
2018-02-22,0.0,0.00013011620485795658,1.8708451528951893,-0.9480342984582015,-0.8495544634952371
2018-02-23,0.0,-0.008024535274160189,1.7747725650545787,-0.9116013182534158,-0.8430434790734737
2018-02-24,0.0,-0.021075640240029805,1.7594739807270898,-0.8750151215321367,-0.8377363217116386
2018-02-25,0.0,-0.023304925605522792,1.8279030497563145,-0.9003836114043132,-0.8364909154490839
2018-02-26,0.0,-0.02315349889129346,1.8672679761363014,-0.8642505501003359,-0.8394055652895199
2018-02-27,0.0,-0.0344470231841504,1.8750216901336314,-0.8276188578436807,-0.8436548494688847
2018-02-28,16.7,0.5723948155621035,2.4075916598593086,-0.6358181566212775,-0.4241950808659829
2018-03-01,0.2,0.46952912749019055,2.2687024971621317,-0.5956807278695313,-0.4262784374228108
2018-03-02,0.0,0.41484231085662193,2.2400871630865278,-0.557560037769281,-0.4341278714865427
2018-03-03,0.0,0.37936462099748713,2.2145716710584167,-0.5203442167981599,-0.44392076751023773
2018-03-04,8.0,0.6453963046695675,2.407350938676125,-0.44394142998513886,-0.2774782338411796
2018-03-05,6.9,0.8517925395218849,2.623328530798562,-0.5834641929195811,-0.1387918679231369
2018-03-06,0.0,0.8133798392521134,2.6708393677967983,-0.5533743497773871,-0.1502415182875176
2018-03-07,8.0,1.0949958082748,2.965651395194596,-0.43886014651032973,-0.002241111821107384
2018-03-08,14.5,1.5782593618497969,3.399084912738893,-0.25710264930370663,0.2708742598096297
2018-03-09,0.0,1.4100608817767848,3.251001317563154,-0.2262732601856158,0.25782770558339213
2018-03-10,0.0,1.3535596840811506,3.2274641392105208,-1.0402348351642916,0.1923547257106037
2018-03-11,0.0,1.2831003837685677,3.1411156444118626,-1.0261753110084337,0.1780267103192847
2018-03-12,0.0,1.2249736603078611,3.0754493086489187,-1.012986821339309,0.16253710524404677
2018-03-13,0.0,1.1410994221450845,2.9943203041883963,-0.9988978083832567,0.14767259346528114
2018-03-14,0.0,1.1239654394267877,3.0226698672425507,-0.9853317492710456,0.131607871500031
2018-03-15,30.8,-0.559082136680072,-0.8147423515282327,-0.5663498611354872,0.6708379457339627
2018-03-16,0.0,-0.7845094767064602,-1.0317803983195546,-0.5461362572908401,0.6400011615704695
2018-03-17,0.0,-0.8964174557744398,-1.1189657889075528,-0.5276773892069444,0.6187660846421748
2018-03-18,24.1,-0.15528477030035168,-0.39707116800356085,-0.20382403431876375,0.9984176549388962
2018-03-19,15.6,0.179353313381923,-0.0709462671792013,0.008791554854100365,1.2231224696946787
2018-03-20,1.1,-0.01636037202383051,-0.2700617766194548,0.044114588843889836,1.2135454424359058
2018-03-21,6.6,0.07452681005623646,-0.1955347024774462,0.14524752396547086,1.2974710893918453
2018-03-22,0.0,-0.07134825770170876,-0.3414858902951547,0.16522518251653032,1.2787319426916413
2018-03-23,0.0,-0.20734666900838086,-0.4389021048077657,0.1831018497504558,1.258699935203158
2018-03-24,0.0,-0.31528924988318763,-0.6278146696502745,0.1998194862625034,0.8896913067198337
2018-03-25,0.0,-0.40285745624504804,-0.7295995060503394,0.21689971990449836,0.8679070553017617
2018-03-26,0.0,-0.4739554630690816,-0.7757587357345982,0.14250012601273138,0.8428092267947159
2018-03-27,0.0,-0.5212174275778518,-0.795365080221622,0.154502889484422,0.8204633362745972
2018-03-28,0.0,-0.5885409585110382,-0.848831389016483,0.1653974147659282,0.7963501168318062
2018-03-29,0.0,-0.624352244908663,-0.8536358122092772,0.17288309850618247,0.769863136778066
2018-03-30,0.0,-0.6878667762750769,-0.8822308806502338,-0.5001928393159122,0.7380687592930105
2018-03-31,0.0,-0.7448762226770929,-0.9243266808383566,-0.6500589485779995,0.7107493269973525
2018-04-01,0.0,-0.7648485131772047,-0.924037118558787,-0.6516684554066666,0.6834794071177944
2018-04-02,0.0,-0.8273188073176545,-0.988029621747534,-0.6535282229134425,0.6539713635106607
2018-04-03,0.0,-0.8643181731137094,-1.011376974641535,-0.7769136448859191,0.6254447020102267
2018-04-04,6.4,-0.6487625647693238,-0.7912117692852824,-0.8130045261831097,0.7013945323323453
2018-04-05,13.9,-0.33631492820258846,-0.521278588849201,-0.5983017486413936,0.8905432392097098
2018-04-06,23.9,0.3002851229098293,0.1232964889878914,-0.2448288053564431,1.2139149526765232
2018-04-07,0.6,0.11517859078497204,-0.07561214184855142,-0.2448615723099763,1.1526702061269185
2018-04-08,0.0,-0.029356927107670485,-0.23031963664413804,-0.2549148702076,1.0906589103791038
2018-04-09,0.0,-0.140830478566721,-0.3390711045175331,-0.29053471251723406,1.0153710063196648
2018-04-10,0.0,-0.22476358197724075,-0.4184656664812373,-0.41205154521478415,0.8767112449705663
2018-04-11,0.5,-0.2962874480619892,-0.48914787776867136,-0.41411571087042937,0.8381657223433986
2018-04-12,0.0,-0.37710555353278036,-0.5545922313983624,-0.42297173600760374,0.8071111009384371
2018-04-13,0.0,-0.46205054407069934,-0.6209924578402273,-0.4781925621697285,0.7744548260694657
2018-04-14,22.1,0.32441217084489715,0.11250913339472934,-0.17217505555198057,1.0513829682036433
2018-04-15,0.0,0.10093987353800177,-0.09817009854744169,-0.18594551142857282,1.0163230106007595
2018-04-16,0.0,-0.04954938997196367,-0.2378692236696857,-0.20278243760741443,0.757521081594919
2018-04-17,0.0,-0.13684438957486808,-0.3019112103501964,-0.2201569834989663,0.642904524936251
2018-04-18,0.0,-0.24877902323986645,-0.4122423103219316,-0.23787494586870622,0.6083539799880906
2018-04-19,0.0,-0.3660096875251285,-0.5278491149631698,-0.2575349326393232,0.5744896829776337
2018-04-20,0.0,-0.43452832255177143,-0.5893685128401215,-0.2780831778504243,0.5399166568503663
2018-04-21,0.0,-0.45517381428400205,-0.5944237448036878,-0.2998299548677241,0.5029417589394367
2018-04-22,6.6,-0.36159952926807243,-0.5085766882369467,-0.2329362393511815,0.5440761604254498
2018-04-23,41.8,1.1520202690019892,0.8784235024332095,0.26166083627317627,1.0535896766910904
2018-04-24,11.0,1.1263091409639912,0.8926950307539119,0.3672379907640071,1.1491266758914205
2018-04-25,0.6,0.8942759477001248,0.6755240264176101,0.35150176110526604,1.1178789787347005
2018-04-26,0.0,0.7172960547737784,0.5037798655386453,0.3276978040495868,1.0776617294048574
2018-04-27,0.0,0.5843185664512303,0.37173428491206534,0.30494909601959774,1.0383147426798853
2018-04-28,0.0,0.4054790601815037,0.2079613979112771,0.2807951768675623,0.9974080493826845
2018-04-29,0.0,0.24748707931914385,0.06740539225221602,0.2568445586143406,0.9583800330424003
2018-04-30,0.0,0.12242446000683167,-0.061499359852895875,0.233404565697674,0.9211024494118326
2018-05-01,0.0,0.0066597680435925375,-0.15952074187253232,0.20984952419319478,0.8837083465807202
2018-05-02,3.5,0.02672536086590355,-0.1382274768787719,0.21221430534351063,0.8872786168893838
2018-05-03,0.0,-0.07006283756068853,-0.23219012958367272,0.18998735319652332,0.852385928776052
2018-05-04,0.0,-0.16745198731358504,-0.33475172559906075,0.16705313857477733,0.8158585642279891
2018-05-05,0.0,-0.26503776515202054,-0.43539339311557895,0.14481653259180946,0.7732167853038573
2018-05-06,9.5,-0.04197112472343592,-0.21511584547222445,0.2253924940632839,0.8421285572574557
2018-05-07,22.8,0.5433795710515716,0.39725754124772067,0.4412099228773853,1.0487814732923249
2018-05-08,0.0,0.35244976450100834,0.19803761748034607,0.42128709961042116,1.017036225110837
2018-05-09,0.0,0.21769144749439012,0.054319122515248904,0.39858177937783246,0.9892351910146949
2018-05-10,0.0,0.10829122906100876,-0.06364923387286843,0.3810429771353094,0.9630587047021207
2018-05-11,0.0,-0.027242469316638568,-0.18602645559792833,0.36354160305946703,0.9387946890546268
2018-05-12,26.0,0.7124417305664555,0.5771874663451855,0.6013099598853491,1.1577090528090328
2018-05-13,4.1,0.5518078342085287,0.419676662394871,0.6240169603051475,1.1556614505234921
2018-05-14,0.0,0.4053485324653151,0.2645058552093597,0.6078608511355562,1.1336549735912316
2018-05-15,0.0,0.2760069196917182,0.12373153612159322,0.5917752539333597,1.1117919965370264
2018-05-16,0.0,0.14471579983573973,0.001434156643879598,0.5765913999957053,1.0916479330369442
2018-05-17,0.0,0.03447262083491351,-0.11513658101514643,0.5618212383540747,1.0707115758760615
2018-05-18,0.5,-0.05324484488393995,-0.19905896375277976,0.5517354966780187,1.053109549492472
2018-05-19,0.0,-0.11556730207432901,-0.2514371812489786,0.5376277554970074,1.0323173762074576
2018-05-20,0.0,-0.17763750332863154,-0.31570709000857483,0.5241894650195942,1.0135068584832139
2018-05-21,0.0,-0.2322463291490287,-0.3788190508878141,0.5109283353963728,0.9959846310207455
2018-05-22,7.0,-0.013008896193645824,-0.157346241888529,0.5587210142955846,1.0457517450172917
2018-05-23,12.0,0.3585862836177512,0.21416939368188204,0.6566806596066965,1.1412520456496031
2018-05-24,0.0,0.254267108407561,0.1034038424009677,0.6438476604850595,1.1257881445848574
2018-05-25,0.0,0.17350160369957773,0.019404064996783765,0.6292375367312762,1.1100757170460116
2018-05-26,0.0,0.11340355892087833,-0.04542799670445565,0.6135807323620872,1.0939096350404143
2018-05-27,0.0,0.04361046439798976,-0.12485534658090441,0.5984689534886483,1.0789408979719004
2018-05-28,0.0,-0.036051197809629024,-0.21395499857592193,0.5838488138568755,1.0648955743419524
2018-05-29,0.0,-0.10218824543957998,-0.27529465624829486,0.5704679751468699,0.90157253825796
2018-05-30,0.0,-0.16543316589255147,-0.32142679255078593,0.5559942870323717,0.8872849851881109
2018-05-31,0.0,-0.2838209752948403,-0.45282050061161894,0.5417124191108854,0.8750633971311272
2018-06-01,0.0,-0.36143390443709755,-0.5268514085390926,0.5278124048887104,0.863919213550906
2018-06-02,0.0,-0.4134840470944271,-0.5429295542433243,0.5108332104049726,0.779052808864859
2018-06-03,0.0,-0.48875638918439607,-0.6247841247012643,0.49584649493932165,0.7041107606519389
2018-06-04,0.0,-0.5534587398764482,-0.6852448465094989,0.4803056729059281,0.6925368175428365
2018-06-05,0.0,-0.5987794112619186,-0.7321376339022646,0.4586164476897526,0.6018971792640301
2018-06-06,0.0,-0.6162897941991979,-0.7344043024306718,0.44069951774414357,0.4471737993347524
2018-06-07,0.0,-0.678452558622721,-0.7915870901091916,0.4212635515866946,0.4322742621320965
2018-06-08,0.0,-0.7243045030118677,-0.8308190756720107,0.37547385904200936,0.4141435209949248
2018-06-09,0.0,-0.6139003937371815,-0.6799246863962215,0.3502875902577735,0.39296323301900454
2018-06-10,0.2,-0.6973380468853467,-0.7527230949893422,0.32285443512677037,0.36969329797029576
2018-06-11,7.1,-0.5523568914020397,-0.6119427974737157,0.35139616487677494,0.40918486647828617
2018-06-12,0.0,-0.6376272860468944,-0.6921142306247069,0.3175885238479617,0.3781287477058644
2018-06-13,0.0,-0.7040929059546425,-0.762908243187922,0.28128138221825977,0.04810427919987326
2018-06-14,0.0,-0.7189307726502575,-0.7874470645092209,0.23640995153203373,0.01671962438943105
2018-06-15,0.0,-0.7752817952963361,-0.8418792078021755,0.19598897481479285,-0.015791434202384453
2018-06-16,0.0,-0.8136194292464456,-0.8802874845777694,0.15653027968351232,-0.2908325451698536
2018-06-17,0.0,-0.8353256166676492,-0.8989863821549235,0.11748671771522141,-0.4857002393275571
2018-06-18,0.0,-1.0205270563599411,-1.077299419249994,0.07200814467258211,-0.5275405022187672
2018-06-19,14.4,-0.5263636565577264,-0.5992520606763463,0.14147754182627215,-0.47732332308113534
2018-06-20,0.0,-0.5001776679014764,-0.556866045837439,0.09899605000616407,-0.509296371804088
2018-06-21,0.0,-0.7002824320169283,-0.7223143647629442,0.05574349574001755,-0.5421522290240888
2018-06-22,0.0,-0.8337015664638676,-0.8477961607949671,-0.15472119978856705,-0.5765172268021755
2018-06-23,0.0,-0.8740986024262875,-0.9062841763202822,-0.1968248667270107,-0.6127874400226051
2018-06-24,0.0,-0.8474637307105995,-0.8720572003214354,-0.24023328516605558,-0.6484756021625878
2018-06-25,0.0,-0.8848038230701081,-0.8973306071313473,-0.281073168834264,-0.6812747782146834
2018-06-26,0.0,-1.0376767548041275,-1.0334686432806626,-0.3226278391929942,-0.7132456222687861
2018-06-27,58.4,-0.03172526386079453,-0.13199261113908442,0.033566537937757476,-0.2348830483912153
2018-06-28,67.6,0.636644647334143,0.459654929533709,0.4004710227986635,0.2295553918022012
2018-06-29,45.8,1.0915282424917474,0.8312126318083269,0.6073817702406413,0.4856182797060708
2018-06-30,28.9,1.297471377161163,0.9866060919314311,0.7057682915459553,0.6107487417222397
2018-07-01,57.2,1.9399036499292845,1.560219979268835,0.9369925859755195,0.8824776907113714
2018-07-02,17.2,1.8872425920317892,1.5225904345224504,0.9593745924013298,0.9175679146069481
2018-07-03,0.0,1.4711915387732346,1.1897216019156898,0.8996405981519622,0.8275091956274917
2018-07-04,0.0,1.2046846286154875,0.9647912253658596,0.8422194099289112,0.6995888732045785
2018-07-05,5.2,1.0598136152654127,0.835469527272304,0.8118314642030701,0.547460846676169
2018-07-06,4.9,0.9383974331984126,0.7289501536171723,0.7696476715479216,0.523217277838662
2018-07-07,0.0,0.7535498471140782,0.5534488358487969,0.7088975616972928,0.47620475201793644
2018-07-08,0.0,0.6893299586686111,0.4601590802205499,0.6451304763112207,0.43016811567959823
2018-07-09,0.0,0.47746822367356406,0.28616701035166714,0.5619949893954449,0.3847388467248723
2018-07-10,0.0,0.3210782313026102,0.14045468038941206,0.5092280234818812,0.3373901721690974
2018-07-11,0.0,0.12973854597005324,-0.01490396025041158,0.46245743832494257,0.2945408008417585
2018-07-12,0.0,-0.0030840959919782554,-0.14538718225775638,0.4169350521927738,0.25350687309764175
2018-07-13,0.0,-0.1666416989236502,-0.2934088747249261,0.37281859177012167,0.0930584058755588
2018-07-14,0.0,-0.28457111974657867,-0.4112440624416699,0.33002747264304066,0.05575857528380119
2018-07-15,0.0,-0.367911607037913,-0.48767027959810694,0.2119052932359249,0.019493267915819255
2018-07-16,0.0,-0.4359031787320103,-0.5354434530801211,0.1439087555207867,-0.015688890141413968
2018-07-17,0.0,-0.5226397283382856,-0.6112175308247361,0.10383380862368462,-0.04935315930984633
2018-07-18,0.0,-0.5505639519543872,-0.6422804351820833,0.06406421319829084,-0.0825906891895477
2018-07-19,0.0,-0.6228045254789516,-0.7153736525396,0.024676752783104525,-0.1155498209665071
2018-07-20,0.0,-0.6687456883004473,-0.7637566927201017,-0.013918098635505942,-0.1468725063046997
2018-07-21,0.0,-0.7126389452136711,-0.7986305822667383,-0.056953881384034157,-0.21495484135488158
2018-07-22,0.0,-0.7755134216794105,-0.8545690166087553,-0.09364891758553777,-0.4900457229974346
2018-07-23,0.0,-0.7991549147413537,-0.8765168878818433,-0.13018599475810488,-0.5869783377356951
2018-07-24,0.0,-0.7867467538159856,-0.8623289591151638,-0.16727219121814135,-0.6204598489481613
2018-07-25,0.0,-0.7341267925966012,-0.8246883552284151,-0.20410383060547488,-0.6491389018073389
2018-07-26,0.0,-0.7996085268723427,-0.8472135524778359,-0.24124567662005336,-0.6781206704578127
2018-07-27,0.0,-0.8900119841128037,-0.9066813085492603,-0.27490706760228073,-0.7027135109063686
2018-07-28,0.0,-0.935802294559118,-0.9541352762372756,-0.30711326062118777,-0.7255516536902799
2018-07-29,0.0,-0.9753632758492043,-0.9893396866493374,-0.33829268323935835,-0.74697653169931
2018-07-30,0.0,-0.9618259381907417,-0.996526388048275,-0.3688181765097154,-0.7668091950894312
2018-07-31,0.0,-1.0269986489017235,-1.0506218318688503,-0.39624085259326003,-0.8049065425216895
2018-08-01,0.0,-1.0780857695940478,-1.1029740377131352,-0.4227261173659628,-0.820810690433574
2018-08-02,0.0,-1.1033111997974072,-1.1336527116326744,-0.4492927308087335,-0.8362677651768149
2018-08-03,0.0,-1.134287422682616,-1.1679758990124058,-0.4776004390298487,-0.8501130042178711
2018-08-04,0.0,-1.0614901894116917,-1.1305492782771271,-0.5034710049822672,-0.9216568562179291
2018-08-05,0.0,-1.2056362062289843,-1.2258355192608426,-0.5295856913973149,-1.0776345365352233
2018-08-06,0.0,-1.3236600463794874,-1.3184772529425988,-0.5565880196179064,-1.090724885505356
2018-08-07,0.0,-1.3469988301421778,-1.3466073985855431,-0.5819258025842682,-1.1025312223972703
2018-08-08,0.0,-1.187540009843129,-1.2369525131140346,-0.6068976552398729,-1.1146387617349676
2018-08-09,0.0,-1.053799513974162,-1.0768320207831348,-0.6315656156158301,-1.12707236683498
2018-08-10,18.8,-0.9378201942719975,-0.9208484888874838,-0.5781233562925843,-1.1853362063850366
2018-08-11,0.0,-1.051111434915411,-0.9770255352868171,-0.613246321693599,-1.2255753063702515
2018-08-12,0.0,-1.1586790275470407,-1.0580864536158043,-0.6384190565961843,-1.2400933003272696
2018-08-13,0.0,-1.2064694962950124,-1.1018431400566884,-0.6637614768124622,-1.2559742800226894
2018-08-14,0.0,-1.2540004344196698,-1.133654936202592,-0.6894666467357621,-1.2728472229052286
2018-08-15,0.0,-1.3171190815455447,-1.1901465592419347,-0.7148468986857277,-1.2898884888288085
2018-08-16,0.0,-1.3573338895875557,-1.2351841188231445,-0.7403260945117652,-1.3098443717061723
2018-08-17,0.0,-1.4634547561594795,-1.3255849458300604,-0.765154884462496,-1.3260202511537227
2018-08-18,0.0,-1.4051043129602205,-1.3164798891492433,-0.7900917837125148,-1.3426599823408596
2018-08-19,0.0,-1.3286186223238285,-1.3001135417267342,-0.814784810069829,-1.3586395691886797
2018-08-20,0.0,-1.440547236337264,-1.343247710945696,-0.8398858615331126,-1.4185688053185874
2018-08-21,0.0,-1.4996955543831834,-1.3829834068418962,-0.865687700735102,-1.5116728893865128
2018-08-22,0.0,-1.5816301404365187,-1.4333681924649913,-0.8916563348138022,-1.5310908916638217
2018-08-23,57.0,-0.9595044453158543,-0.9437227236457605,-0.6729892137005065,-1.2158952181015876
2018-08-24,11.3,-1.0047621092689412,-0.9805951694314241,-0.6505947792693872,-1.1720670985699593
2018-08-25,2.5,-1.0992705305936727,-1.0750051609933349,-0.6645479238652326,-1.1782702562621408
2018-08-26,98.6,0.09622352200193177,-0.18812378311686884,-0.30129634896522134,-0.7093107008269721
2018-08-27,108.5,0.7679896259424087,0.3944540841128822,0.008478418872294164,-0.26525147290176554
2018-08-28,0.1,0.26694821757933396,0.10844544466347425,-0.015477599897299162,-0.2858487659549888
2018-08-29,0.9,-0.04417799223522574,-0.08047599620428049,-0.034696637128998425,-0.30210707076310955
2018-08-30,24.0,0.04226283974951697,0.009735720930537739,0.02662939623751112,-0.227110855695743
2018-08-31,75.4,0.6803370806168924,0.5467334130582303,0.23170957656958727,0.03594603349819065
2018-09-01,1.0,0.4840923642455008,0.36051898407424915,0.1904771172539356,0.020280212801224433
2018-09-02,0.0,0.33271567109012257,0.23021507120031598,0.16943059284541595,0.0022157403329574822
2018-09-03,12.7,0.3733435605231615,0.2498364565468964,0.16428879737434607,0.030577202537198696
2018-09-04,76.1,1.2255723273280432,0.9084613897997705,0.34357052504798624,0.2760650966319624
2018-09-05,0.0,0.9545691350421975,0.7144499253830895,0.32543500752741156,0.2618449015287006
2018-09-06,1.7,0.8441058936328601,0.6140238182581403,0.31345839091420946,0.25514719509278755
2018-09-07,8.2,0.8596876797172066,0.60854590806055,0.32225473576208785,0.2712529033112139
2018-09-08,0.0,0.7306667510659972,0.5022336618342045,0.306261595769499,0.2618964616494666
2018-09-09,0.0,0.6378745571693406,0.4273148716271353,0.29044867445182654,0.23103029699583655
2018-09-10,0.0,0.5397916020514715,0.34588352183547816,0.27608543798932245,0.22601010084698764
2018-09-11,0.0,0.45911285313802985,0.2733463368718891,0.16589151797254634,0.22327538131693017
2018-09-12,0.0,0.3446215380965716,0.18525509230395187,0.1536905490651958,0.22201163544905195
2018-09-13,3.9,0.3037002177159853,0.15318670973534387,0.15450757755631692,0.234991351042496
2018-09-14,3.4,0.26178509218072443,0.12158307296783519,0.07844557914324311,0.24867440003847854
2018-09-15,2.0,0.19660711214705917,0.07518940355665535,0.02546255364975706,0.2588010462186387
2018-09-16,0.0,0.11305356323894655,0.010614897980376393,0.013394177685036769,0.26356675657609896
2018-09-17,0.0,0.058664961840432864,-0.03613459337348052,-0.015996658105951057,0.2221537406722755
2018-09-18,0.0,0.011321929626763634,-0.07553057332821755,-0.023183229644868214,0.22975637646890185
2018-09-19,1.0,-0.024148245271515056,-0.10604281783980007,-0.026400798784594157,0.24232123194719205
2018-09-20,1.7,-0.04867647246656318,-0.1304772121106544,-0.02699407048082314,0.2585229683595731
2018-09-21,18.0,0.14061229782183796,0.020878033389995908,0.025237597771122517,0.32939627184545933
2018-09-22,0.0,0.06861767264127121,-0.04267211343783699,0.02043703360033131,0.3420079951022117
2018-09-23,0.0,0.014220582814541069,-0.09050823184617474,0.015973428141350974,0.3548703368733275
2018-09-24,0.0,-0.01887953406751153,-0.12202146213084769,0.011660574600073265,0.3701521677858386
2018-09-25,0.0,-0.04756535429823163,-0.14825888245128085,0.007908091688679024,0.192261458006415
2018-09-26,0.0,-0.06865069912632882,-0.16792864168719696,0.0042690210198287025,-0.02776699006438046
2018-09-27,0.0,-0.08931182482461973,-0.1865818051185088,0.0010185376752240584,-0.17838873653246387
2018-09-28,0.0,-0.12305825137641868,-0.21576323659171848,-0.0017622164492013053,-0.26776388591554623
2018-09-29,0.0,-0.1646254678377077,-0.2529444290017086,-0.004171083631860931,-0.47573763246859146
2018-09-30,0.0,-0.18576652038553837,-0.26355221172586185,-0.0058824206176403705,-0.5226860316689101
2018-10-01,1.0,-0.23614481800336246,-0.293952323131712,-0.023929432204644503,-0.4908498656589719
2018-10-02,0.0,-0.27926057000476223,-0.32925939545369903,-0.0683171248577997,-0.4633430845274279
2018-10-03,0.0,-0.3092450488068232,-0.35598769706794764,-0.1444594320626974,-0.45793836752167977
2018-10-04,0.2,-0.3378794622398634,-0.37989559598642,-0.14499117508514994,-0.4501348018651407
2018-10-05,63.3,0.6652220721190082,0.39292444144691546,0.05519481008304585,-0.1562639997082615
2018-10-06,47.5,1.2745742363835308,0.8754656791485931,0.20066783537572105,0.06046715399710151
2018-10-07,0.0,1.0437283028114122,0.6985708100058112,0.20229745122505569,0.09162449930669776
2018-10-08,0.0,0.9300628961374192,0.6045641736694589,0.2027703578668654,0.12332708576852319
2018-10-09,0.0,0.8408662443730179,0.5310067502937905,0.2048710199966771,0.15482387425641253
2018-10-10,4.3,0.8349301615485073,0.5287727044636014,0.22041656949899643,0.20329712181342915
2018-10-11,0.0,0.7398200075711262,0.46133253351534714,0.15715017910844706,0.23491151874867347
2018-10-12,0.0,0.6753163259217202,0.4062383243818357,0.16025431520250022,0.26589608611965837
2018-10-13,0.0,0.6144862230978535,0.35966152821751607,0.163693163195333,0.29715816682351404
2018-10-14,0.0,0.5713457317388664,0.3232445202323826,0.16704717622295803,0.32820267908952344
2018-10-15,0.0,0.5519327607365098,0.3012906126829701,0.1704676686353237,0.358844823383392
2018-10-16,0.0,0.5221890487801351,0.27482719646877973,0.17443663703355736,0.39061094005596514
2018-10-17,0.0,0.4876488410463065,0.24901671975312833,0.1789941427287521,0.42325954445016445
2018-10-18,0.0,0.4665841530133538,0.22851135316570653,0.18425770151275872,0.455988227145856
2018-10-19,0.0,0.44087877499203415,0.20510189965739237,0.16969439192739513,0.4885982174439466
2018-10-20,0.0,0.4175405735794999,0.18317433830966426,0.04811716483774437,0.5206371069880934
2018-10-21,0.0,0.38785733786243753,0.15792986391876135,0.019878059964267083,0.5531810477236344
2018-10-22,0.0,0.35406068051039197,0.12907625575941828,0.023824834230660785,0.5869976548978036
2018-10-23,0.5,0.32307273852838037,0.10902044843615682,0.03154956811546218,0.6232588433490426
2018-10-24,0.0,0.2939560570135318,0.08285088070240053,0.03755769635406143,0.657622367667423
2018-10-25,0.0,0.2548370745753948,0.05315868422798221,0.04394586793569788,0.6881667055746332
2018-10-26,7.0,0.3700016363282137,0.1451674151179167,0.07189065975607371,0.7451428065770014
2018-10-27,0.6,0.33005947694200494,0.10985827953225419,0.08030822885323918,0.7765377296053285
2018-10-28,0.7,0.2867587041925928,0.07901530717855856,0.0892306550757598,0.8097552146179448
2018-10-29,0.1,0.2371666762578638,0.04019523068101571,0.08557319461316473,0.8381237701367591
2018-10-30,0.0,0.19816952225042678,0.006770466480985965,0.09226318846459372,0.8648765891188805
2018-10-31,0.0,0.16206933527422887,-0.025398959712311514,0.0992495486068403,0.891744917365262
2018-11-01,0.0,0.13335589322505975,-0.05205592398706289,0.10590012671084895,0.9187342454721795
2018-11-02,0.0,0.11169594926465362,-0.07376581101751403,0.08350163318388056,0.9476969862019008
2018-11-03,0.0,0.08992123434995188,-0.09548055488959259,0.019686243106175578,0.9771599156609636
2018-11-04,0.0,0.06165008559409414,-0.12218016525019568,0.02540875128801769,1.0078345190654554
2018-11-05,0.0,0.02939369621426582,-0.15152421339759667,0.03093361486821914,1.0384833342815432
2018-11-06,0.0,-0.011797847824344766,-0.1814372398458475,0.03626795518425026,1.0703494380133154
2018-11-07,3.2,0.02143950554573186,-0.15978890215033675,0.05131159620878753,1.1140966432848602
2018-11-08,27.4,0.6547439785669954,0.355710731472955,0.06074238683669998,1.1773610309120548
2018-11-09,0.5,0.5186541393152743,0.24908130529940614,0.0544966006756822,1.211163884011278
2018-11-10,0.0,0.4237863149054922,0.18004813703503975,0.05927443859829376,1.2441330623428999
2018-11-11,5.5,0.4861064114410764,0.23671373829579276,0.08087691513071264,1.2977533593144785
2018-11-12,0.8,0.4265218602779119,0.19518364751954095,0.08774664415273241,1.3365209250909322
2018-11-13,0.0,0.3640920064962758,0.14543939489929927,0.09214592120421203,1.3747092289854115
2018-11-14,0.0,0.3100883464765887,0.10366029918140912,0.09522521506825883,1.4157825169225724
2018-11-15,0.0,0.2591045778190679,0.06268602842001181,0.09977185583926884,1.458495732857503
2018-11-16,2.6,0.2806729232426471,0.08274769816451825,0.1121812903838278,1.5115344041961924
2018-11-17,0.0,0.2168819635395988,0.0346895945467469,0.11645398343017517,1.5558268312781145
2018-11-18,0.0,0.16364554600346035,-0.0070679634795113066,0.09888539258248281,1.6031280980587832
2018-11-19,0.0,0.12163543721497681,-0.04263451306359576,0.06524365673805353,1.6523928130917913
2018-11-20,0.0,0.0758292087798705,-0.07864102723356234,0.0687058511335911,1.703823804256735
2018-11-21,0.0,0.03558641590170305,-0.11295019910511445,0.07256235137629105,1.5407335245570468
2018-11-22,0.0,-0.010343055638925963,-0.14814144294316128,0.07688416505043719,1.5486971950700898
2018-11-23,0.0,-0.053555311743265735,-0.18694086364462917,0.08098520282917533,1.5927114810747622
2018-11-24,7.2,0.11915066040878435,-0.05142988442095027,0.1072829941130577,1.260249785371152
2018-11-25,0.0,0.04769075237742721,-0.11507661429633825,0.11105261013120375,0.7852083728179472
2018-11-26,0.0,-0.007490465294694444,-0.1652944073106648,0.11501469994912773,0.8363192780570415
2018-11-27,0.0,-0.05552526430421555,-0.20604327320709204,0.11911915504183816,0.8837767703650747
2018-11-28,0.0,-0.11014227597859463,-0.25701509071519135,0.1231890259343018,0.8038566398992725
2018-11-29,0.0,-0.1624072468868455,-0.3066368677614818,0.1273469005830521,0.3954165132740562
2018-11-30,0.0,-0.20686960793966755,-0.3486826468918039,0.13166777696850682,0.4403140135043134
2018-12-01,0.0,-0.25832422137442806,-0.3927553228034773,0.13625000250202163,0.49222385278059466
2018-12-02,0.0,-0.30296665786890187,-0.4280916223944209,0.14165049580790345,0.4578569393862802
2018-12-03,10.0,-0.017375193699788544,-0.19229005488139841,0.17759397329250368,-0.00041184857792901127
2018-12-04,13.7,0.34204776140438464,0.1062733527675117,0.22510954379024878,0.16078037993070318
2018-12-05,0.0,0.20218640874596197,-0.010175098482736922,0.23215308084465036,0.19437199721268048
2018-12-06,4.6,0.2596862170683574,0.039202745919682445,0.2537878742077667,0.212232640696851
2018-12-07,0.0,0.16668049245414515,-0.03995628223432473,0.26244098012288597,0.2604311211655025
2018-12-08,0.0,0.09665362649939059,-0.10133139567383644,0.2513276233948154,0.30974585948209976
2018-12-09,0.0,0.03730031086383442,-0.15382047282247605,0.26239304387989404,0.35743122383774667
2018-12-10,0.0,-0.016509655937260913,-0.1952793828949426,0.27479078384848044,0.4047481243486738
2018-12-11,0.9,-0.030516821518151598,-0.20067169388116096,0.29044173124410366,0.45974389419311334
2018-12-12,0.0,-0.07791087718464773,-0.24008734323782574,0.3039150468547832,0.470367337293265
2018-12-13,0.1,-0.11745509422003132,-0.2725459231349801,0.3192376738719639,0.4847565218924163
2018-12-14,0.0,-0.1532680781477773,-0.29913931481409817,0.3346328488340856,0.5096483850481823
2018-12-15,0.0,-0.18489233569699962,-0.31954931657582003,0.3504866803784252,0.5526116734068882
2018-12-16,0.1,-0.2220031893943249,-0.3542483499171008,0.3245934307295707,0.5971687004354793
2018-12-17,0.0,-0.26226362796445196,-0.3912586918357328,0.33259338671384603,0.6264836957219698
2018-12-18,0.0,-0.30085663690587644,-0.42904191177016837,0.3507537576135357,0.6592536256657375
2018-12-19,0.0,-0.3376008318206841,-0.46329931208219527,0.3698450241862337,0.6838022272169515
2018-12-20,0.0,-0.36495924360750676,-0.4896447990401861,0.3901287539598031,0.5330748432068476
2018-12-21,0.0,-0.3942780866176334,-0.5122969384834649,0.41060435840393544,0.5728476332060392
2018-12-22,0.0,-0.42274605828658945,-0.5408551665297077,0.43205943178918527,0.6143206934566098
2018-12-23,3.0,-0.34864905175855515,-0.4798953794218218,0.46351443535136605,0.690493983296389
2018-12-24,0.0,-0.3980270135301038,-0.5145945278123298,0.3078672213007109,0.731663427378761
2018-12-25,0.0,-0.4317702558998045,-0.5498734770140562,0.11566669981428772,0.7747040694430684
2018-12-26,0.0,-0.4572930712094456,-0.5770583963585557,-0.01173601847670774,0.8182989945974217
2018-12-27,0.0,-0.47441958604511103,-0.5944001975632084,-0.08408580533421361,0.8624848512224945
2018-12-28,0.0,-0.49351449537174685,-0.6109471769590048,-0.2612103345876968,0.9074065205471431
2018-12-29,0.0,-0.5269280382970537,-0.6487405524308851,-0.2948501842299108,0.9481949979505871
2018-12-30,0.0,-0.5531887044385702,-0.6748163453591719,-0.2631608908183252,0.9757925366052363
2018-12-31,0.0,-0.591944290104075,-0.7109842201852504,-0.23119673476578154,1.0158509826434543
2019-01-01,0.0,-0.6103071868230174,-0.75100769527284,-0.1875419589193989,1.0896885988751266
2019-01-02,0.0,-0.6539821194064223,-0.7907070455220719,-0.17432665661560068,1.1202439167703269
2019-01-03,0.0,-0.6734671196069772,-0.8136160358903878,-0.14208229779183704,0.20483507869362247
2019-01-04,0.0,-0.7145442940550918,-0.8605490410449345,-0.10923817391209334,-0.7063440911097272
2019-01-05,0.0,-0.7354725929726255,-0.8902295480995276,-0.07624507888392057,-0.6960376814877429
2019-01-06,0.0,-0.7756592237730853,-0.9322839278525262,-0.04323447825741999,-0.6869117217239592
2019-01-07,0.0,-0.8040420273830268,-0.9536725666359926,-0.009616451468849995,-0.6784894755178688
2019-01-08,0.0,-0.8426700174539128,-0.9851410986052018,0.02375511805287622,-0.774194486558348
2019-01-09,0.0,-0.8678303496924799,-0.9833810757853736,0.057164552504316964,-0.7676317356884851
2019-01-10,0.0,-0.9043517151433785,-0.9879627780514806,0.09057109094901179,-0.7613086020861219
2019-01-11,0.4,-0.896229689773051,-0.9640115541487165,0.12578466552641926,-0.7437272844319093
2019-01-12,3.5,-0.8006381092811079,-0.9399559442395498,0.17315365453370388,-0.6483888412770785
2019-01-13,0.0,-0.836504651792912,-0.9846812672370026,0.20718206590416055,-0.6393401548255555
2019-01-14,0.0,-0.8868870155463779,-1.0395686580620176,0.24183021533335763,-0.6306846634695978
2019-01-15,0.0,-0.931583155876796,-1.0630665827716026,0.2765887501242702,-0.6239760809365227
2019-01-16,0.0,-0.9747502329675993,-1.0636040735207206,0.297819565549373,-0.6236604675612637
2019-01-17,0.0,-0.9848386232250047,-1.043420525681095,0.33301328141347053,-0.6195676428139153
2019-01-18,0.0,-0.9923990561537953,-1.0313096643577242,0.3686371151044436,-0.6160786546557993
2019-01-19,1.9,-0.9434431880515675,-0.9662847993866793,0.4136219912747062,-0.5661105494863354
2019-01-20,0.3,-0.9644313879751892,-0.9760507110667698,0.4538012708256223,-0.5563427724090024
2019-01-21,0.0,-0.992751063841372,-0.9972199743085075,0.4921615113138302,-0.5671147993070045
2019-01-22,0.0,-1.0195358686317688,-1.0199522905685423,0.5306618243950124,-0.5624619638494441
2019-01-23,0.0,-1.012303253669423,-1.0062948763969317,0.5661166414055429,-0.554286016964475
2019-01-24,0.0,-1.0179216751631013,-1.0105858875894504,0.6004709321313195,-0.7279244894394002
2019-01-25,0.0,-1.0336034607643114,-1.0338271540054,0.6349268882632739,-0.7355175741174464
2019-01-26,0.0,-1.0365313927913606,-1.042312546695856,0.668877826078504,-0.7473924496033509
2019-01-27,0.0,-1.0098369059285581,-1.0463065992820728,0.7014364318326547,-0.7420334388103644
2019-01-28,0.0,-0.9510325780395249,-1.0133392896189641,0.7332518262025135,-0.7352335694216319
2019-01-29,0.0,-1.0169741556763834,-1.006571208637384,0.7649398785635317,-0.7287162173290409
2019-01-30,0.0,-0.9942913091940835,-0.9981683730522163,0.7986889947187479,-0.7219526356699687
2019-01-31,10.3,-0.8282392930543149,-0.9908253690919466,0.8772888202216761,-0.4417207430269747
2019-02-01,0.0,-0.8890449329552579,-1.0456434086215995,0.912945479327086,-0.4329562921829574
2019-02-02,0.0,-0.9204297779250623,-1.0591042854989487,0.9499029457115112,-0.42296548921302735
2019-02-03,17.3,-0.30946801904159116,-0.5399387197948577,1.0610606746467297,0.003929461286850187
2019-02-04,0.0,-0.43683558868255773,-0.6530690820846436,1.0986298709588542,0.012862221430298438
2019-02-05,0.0,-0.4973804435601945,-0.7120628950145553,1.1372471213514945,-0.05143828122632362
2019-02-06,0.0,-0.5565982115036568,-0.7725205944189573,1.0949707163642863,-0.7390296085059356
2019-02-07,0.0,-0.6028019819959691,-0.8227325000545019,1.1334273642593709,-0.7429043387452211
2019-02-08,0.0,-0.6489829363306517,-0.8712420030635198,1.1730038923515345,-0.7322558819249563
2019-02-09,0.0,-0.6812337935550659,-0.9012206603937238,1.2134060186868794,-0.8807157981958912
2019-02-10,0.0,-0.7223846156298431,-0.9179961862382088,1.2555261062363163,-0.8934677948542848
2019-02-11,0.0,-0.7875619724456157,-0.9661802315480286,1.3002735034477375,-0.8829722270022147
2019-02-12,0.0,-0.8184471370475589,-1.0081406016992498,1.3470287299441395,-0.8738543659248275
2019-02-13,0.0,-0.8851211580744551,-1.0455682766131627,1.3953758973927595,-0.859297357436737
2019-02-14,0.0,-0.9537075083906795,-1.0629348783919046,1.444318184644239,-0.9229848234674818
2019-02-15,0.0,-0.9920151537005768,-1.0789115670189384,1.494745872294742,-0.9111635741184262
2019-02-16,0.0,-0.9493817398733839,-1.0312934964481526,1.5474329802492752,-0.898579897369832
2019-02-17,0.0,-0.977868960752176,-1.0557903842898584,1.6032853538650893,-0.8845811261324782
2019-02-18,0.6,-0.9371102047346905,-1.0089239161812087,1.66289177164357,-0.8544309718502495
2019-02-19,18.5,-0.4342359990749255,-0.5677168545849588,1.5470318183487235,-0.35577822475270526
2019-02-20,0.0,-0.5529734802141915,-0.6805630079099537,1.551262390482765,-0.3482304199473704
2019-02-21,0.0,-0.6929969513438782,-0.8180374458275586,1.5997520122054014,-0.34223748153973055
2019-02-22,0.0,-0.7317602273873307,-0.8478264709624971,1.1699691798479723,-0.5145809720240646
2019-02-23,0.0,-0.7444346900172307,-0.8586434829769356,0.6163997954439869,-0.5107157142910713
2019-02-24,0.0,-0.7970832079499125,-0.8912982067877753,0.6681269240021552,-0.5079440013341416
2019-02-25,0.0,-0.86286908514421,-0.945718798812766,0.7151326303668155,-0.5083760271658522
2019-02-26,0.0,-0.8964994084782995,-0.9813968643395642,0.617128091467554,-0.5121874417894715
2019-02-27,0.6,-0.9004982453492935,-0.9966290565412003,0.1548920898280394,-0.5023445539208737
2019-02-28,0.0,-0.9182105846552517,-0.9953515316555638,0.19690596638024013,-0.5084373155449688
2019-03-01,0.0,-0.9359467182302382,-0.9985500964469768,0.24779288092128413,-0.5151874668190678
2019-03-02,0.0,-0.9583814325681856,-1.0358478865062724,0.1988397767118059,-0.5229877995955267
2019-03-03,0.0,-0.9738418606477883,-1.0633926324481466,-0.40479251717929166,-0.7869109084934762
2019-03-04,0.0,-0.9634947398307229,-1.0423280807973383,-0.3671107584997639,-1.1871652346912667
2019-03-05,0.0,-0.9806820394487278,-1.0636617799487171,-0.3469923595656613,-1.2013921606681
2019-03-06,0.0,-1.0281588186387274,-1.1219827719470938,-0.3915972331927957,-1.3599790632087156
2019-03-07,0.0,-1.0606669207526978,-1.1458772720407282,-0.3573622480708372,-1.3722884340128285
2019-03-08,0.0,-1.0680366194866657,-1.1330578863131593,-0.3233800453258062,-1.386531087416482
2019-03-09,0.0,-1.0478134082864445,-1.1194672610838645,-0.29268618241955885,-1.4020486901602127
2019-03-10,9.9,-0.7136107935360028,-0.8022879020279328,-0.15906070367517874,-1.1150916742576964
2019-03-11,0.9,-0.7509997117206854,-0.8231671817978937,-0.11931211744324949,-1.1319595674042748
2019-03-12,0.1,-0.7941940308189966,-0.8508329224100892,-0.13148481783919014,-1.1459885362976485
2019-03-13,0.0,-0.8044702436363088,-0.8584323423735748,-0.14081093134394332,-1.1675246877124814
2019-03-14,0.0,-0.8650364349130747,-0.9007035849558108,-0.137988288910547,-1.187829367295596
2019-03-15,0.9,-0.8736641768623962,-0.9614351125197992,-0.10277408124556654,-1.180686954737487
2019-03-16,0.0,-0.9033192185882681,-0.9892128952139885,-0.07641192657328713,-1.2098879662798305
2019-03-17,0.0,-0.9079171611899866,-0.9904440151866016,-0.051997337567236186,-1.234954819106442
2019-03-18,0.0,-0.9357228032536995,-1.0241133259568715,-0.0402019419231811,-1.2606269188307064
2019-03-19,0.0,-0.9915633055241247,-1.0815282751820139,-0.03706886992103332,-1.2864688260960913
2019-03-20,20.6,-0.7644247766106618,-0.3660176135114465,0.016169089527969985,-0.7516440741748049
2019-03-21,0.0,-0.8897869633394258,-0.5018441796733881,0.03663577701078871,-0.7790293641308018
2019-03-22,0.0,-0.925613092690674,-0.5541733680100714,0.05530761727140659,-0.8079730822988852
2019-03-23,0.1,-1.0723111157968048,-0.5733823888664579,0.07305040171595456,-0.9135880308718713
2019-03-24,0.0,-1.1399972363474737,-0.7220920316666882,0.08859890412178267,-0.944499029644956
2019-03-25,0.0,-1.1615985543396437,-0.7646118007835767,0.10453013534243043,-0.9782779145694359
2019-03-26,0.0,-1.162827872873704,-0.7559714685735515,0.1177479367891445,-1.0145102730868645
2019-03-27,0.0,-1.132099185184322,-0.7293756133817175,0.12942520368027502,-1.0536235947746242
2019-03-28,0.0,-1.163500712047892,-0.7528106301215496,0.14003985745839823,-1.088954584196536
2019-03-29,0.0,-1.1320602846967645,-0.7359258191842079,0.1473021793256153,-1.117995276618292
2019-03-30,1.4,-1.10949511488763,-0.690241868618411,0.1577003871731943,-1.109514942708843
2019-03-31,0.0,-1.1559163614664982,-0.7164146165149616,0.16071917452671544,-1.1374771330650848
2019-04-01,0.0,-1.1476949133972585,-0.7058508341233273,0.16087211045001593,-1.164361290232959
2019-04-02,0.0,-1.201610128737012,-0.7456304471243702,0.15628531686556962,-1.1893816767737881
2019-04-03,0.0,-1.2165217238631774,-0.7581463636796915,-0.7849795989070067,-1.2125697274282832
2019-04-04,0.0,-1.1921861179408089,-0.7584321030503512,-1.6205283200048308,-1.2387806235866785
2019-04-05,0.0,-1.195589168913593,-0.7813405357137625,-1.627568655167653,-1.2643221817774124
2019-04-06,0.0,-1.1536070069698683,-0.7735405446014229,-1.635099198582347,-1.2924452890579028
2019-04-07,8.9,-0.9666728118565409,-0.5381962061478833,-1.4761323054816047,-1.092343548332861
2019-04-08,0.0,-1.0841266225319066,-0.6336570828104117,-1.5621336337706033,-1.119977834335482
2019-04-09,36.2,-0.18538944111672553,-0.28205162870793066,-0.9369396397864892,-0.34772929558848875
2019-04-10,2.5,-0.3381766860907609,-0.42472456533424874,-0.903054284466375,-0.325022887280534
2019-04-11,0.0,-0.5116864254704406,-0.5904948725766357,-0.9115410208446252,-0.35958860172124596
2019-04-12,0.0,-0.6272390092116181,-0.6904228306287079,-0.9195918045849427,-0.4550232688906158
2019-04-13,0.0,-0.7163859815534495,-0.7592004151772991,-0.9271232963064676,-0.4833870329650155
2019-04-14,0.5,-0.770766407089996,-0.8204672974980385,-0.9258751828347279,-0.5026060727522741
2019-04-15,0.0,-0.8602069120435911,-0.9044192581498407,-0.9336410564988353,-0.5329965052480647
2019-04-16,0.0,-0.8978628200056468,-0.9513379407653747,-0.9442797006757787,-0.5640447275615582
2019-04-17,0.0,-0.8081257592285843,-0.8730069529230092,-0.9557131255849626,-0.5953993093943408
2019-04-18,0.0,-0.9366174142835867,-0.9662428402965402,-0.9679568589659667,-0.6266678311685326
2019-04-19,0.0,-1.0585355352947035,-1.0696328908637012,-0.9829406127695145,-0.696882014014644
2019-04-20,0.0,-1.0892760547499079,-1.091873682886289,-0.9999497508876556,-0.736109721356726
2019-04-21,0.0,-1.0122874049534716,-1.044497313015233,-1.0254655146325755,-0.7690980462072321
2019-04-22,0.0,-1.254332395534475,-1.257060248286379,-1.0395514516404667,-0.798718726239659
2019-04-23,1.4,-1.1670257258913066,-1.2043312736369187,-1.031234113457726,-0.8004365805674298
2019-04-24,0.0,-1.105920149163838,-1.1599012943631872,-1.1510053016598771,-0.8300580787308528
2019-04-25,3.6,-1.0206325210042029,-1.081681315456667,-1.1206639768849507,-0.7910246363004472
2019-04-26,0.4,-1.0908040340231162,-1.1462971541042482,-1.140881527498198,-0.8122289805163623
2019-04-27,0.0,-1.2069380398328806,-1.2746479925285912,-1.157937508395562,-0.8399670245668862
2019-04-28,1.8,-1.1585912388175075,-1.2241204406888069,-1.1478870952647222,-0.835258419607986
2019-04-29,29.1,-0.18634696861470298,-0.2740690113321181,-0.7582591642036629,-0.3743828898448574
2019-04-30,0.3,-0.41538751691657255,-0.5001010332574949,-0.7745524156314402,-0.4006731645232468
2019-05-01,0.0,-0.5039377170765644,-0.584257022553311,-0.7951765940906939,-0.5965741628328152
2019-05-02,0.0,-0.5974490558279023,-0.6756406815811545,-0.8162323625934906,-0.6269594367695038
2019-05-03,0.0,-0.6694419146275137,-0.7411645632939284,-0.8373722940403273,-0.6574915663391203
2019-05-04,0.0,-0.7536958218715667,-0.8344489689002624,-0.8580057862363553,-0.9797085374963669
2019-05-05,0.0,-0.8257954852348697,-0.913445000212329,-0.876323409906505,-1.0056608100282638
2019-05-06,0.0,-0.9115183593622339,-1.0070888495371122,-0.9362449040503298,-1.0308914611967932
2019-05-07,0.0,-0.8797118408646567,-0.9687831616042875,-1.330718457684098,-1.055960893869894
2019-05-08,0.0,-0.9773852520930574,-1.071154727740383,-1.350603304366585,-1.0799052903580246
2019-05-09,0.0,-1.0883026395078947,-1.189137943451406,-1.3636447907034792,-1.1040593375505616
2019-05-10,0.0,-1.1838765307929326,-1.300719292949162,-1.4558482897792193,-1.1280525986346261
2019-05-11,0.0,-1.150185707420391,-1.2532442885647108,-1.4789791820698879,-1.1512576946996158
2019-05-12,0.0,-1.2310810497555378,-1.3393425258854337,-1.490753468146766,-1.1747339981508031
2019-05-13,0.0,-1.18620637036526,-1.266942933233071,-1.5026922264212876,-1.1967009944341438
2019-05-14,0.0,-1.3097565282957104,-1.4003460078725585,-1.5147425298890962,-1.2163328365612527
2019-05-15,0.0,-1.4427541327861613,-1.5352803474407881,-1.5637420929540213,-1.2330645778393006
2019-05-16,0.0,-1.3797202431514022,-1.4468009773713832,-1.575531657318083,-1.2487219224908772
2019-05-17,9.2,-1.1819254308775664,-1.2408813042791103,-1.4560855062216844,-1.1086190737190569
2019-05-18,40.1,0.10176364620636573,0.04062601193842274,-0.93678714829725,-0.5215819793654961
2019-05-19,0.0,-0.12601801262485424,-0.18336109821926622,-0.9480377131539995,-0.5453257395292217
2019-05-20,1.6,-0.19608606415952415,-0.2536404239186719,-0.9382661016826954,-0.8004120318313355
2019-05-21,0.0,-0.28873521894304677,-0.3486741995667946,-0.9478302938868194,-0.8132738340603616
2019-05-22,0.0,-0.3236506741981512,-0.3836447064471246,-0.9557312691879233,-0.8236278119344866
2019-05-23,0.0,-0.36176242389582053,-0.42374448482932986,-1.0540841339671352,-0.8316882587708369
2019-05-24,0.0,-0.4066064730156168,-0.46786884590621897,-1.0626427157929101,-0.8396934522155042
2019-05-25,0.0,-0.43315395339853213,-0.49643934076714497,-1.0729598430251288,-0.8507947606907121
2019-05-26,0.3,-0.44429542767142993,-0.5064573096996244,-1.0808115394370341,-0.8583829725106454
2019-05-27,25.6,-0.398921976096869,0.4598843181296155,-0.7839984857813698,-0.5172607786410092
2019-05-28,0.0,-0.6325369777616265,0.2666117739480888,-0.7964883250876054,-0.5362507658012567
2019-05-29,0.0,-0.7005503346680146,0.13716610764453452,-0.8080597200656418,-0.5462379055915629
2019-05-30,0.0,-0.7099678056432538,0.02967472654414078,-0.8189527770355577,-0.5562929501125324
2019-05-31,2.0,-0.79669105397669,-0.00788330921253569,-0.8068996004702885,-0.539446870170608
2019-06-01,0.0,-0.875671949308677,-0.10070784188108778,-0.9335958985603396,-0.5472213157710324
2019-06-02,0.0,-0.9078084337608324,-0.1589906331302189,-1.1069063499115324,-0.5550881745155191
2019-06-03,0.0,-1.0165035538775689,-0.23518897893965943,-1.1183843250890109,-0.5651671187950412
2019-06-04,0.0,-1.1106454197880506,-0.2927332970309893,-1.185404315586392,-0.5757484805781184
2019-06-05,0.0,-1.1899947644666673,-0.32870940588319625,-1.196999691393816,-0.5876920678829094
2019-06-06,27.2,-0.34253191878149974,-0.4267307936128062,-0.890129791720769,-0.2657247057361182
2019-06-07,5.5,-0.3833427354611757,-0.4621065612788304,-0.843084589031092,-0.21503874407147927
2019-06-08,0.0,-0.5663089731053955,-0.6393255903953158,-0.8601105990191382,-0.34628078740253165
2019-06-09,0.0,-0.5413699044080592,-0.5837788216448769,-0.8876544981828208,-0.3745466781713722
2019-06-10,11.8,-0.3205415271352575,-0.36402413375275516,-0.7789524890710378,-0.25967500816306
2019-06-11,0.9,-0.4340096566834284,-0.4723492361283454,-0.7920189517209637,-0.2729779722609006
2019-06-12,0.0,-0.5395357877993051,-0.5719167152159563,-0.81458012491711,-0.29734830288927744
2019-06-13,0.0,-0.6281090708969793,-0.6619673367264014,-0.8388611275629255,-0.3339652292326
2019-06-14,3.3,-0.56198804393069,-0.6072564216056702,-0.8318513482553499,-0.3256367637095308
2019-06-15,0.0,-0.6516307034772076,-0.6935198077907988,-0.85910858623025,-0.355016870721208
2019-06-16,0.0,-0.7170105779970454,-0.757860388799398,-0.8869584818190623,-0.3858098971863586
2019-06-17,0.0,-0.7629334979533693,-0.801029968294015,-0.9150508230937222,-0.4169931926825271
2019-06-18,0.0,-0.9601934952563184,-0.9893231353681115,-0.9432278580663785,-0.668199998711267
2019-06-19,0.0,-0.911503878331869,-0.950260487849265,-0.9720220648981445,-0.6974163753313164
2019-06-20,0.0,-0.7452965277815707,-0.7784014331212582,-1.0019206213835445,-0.7271822326664157
2019-06-21,0.0,-0.9660509720556315,-0.9464264625404494,-1.0606659494458175,-0.758960843572425
2019-06-22,0.8,-1.0753956457917846,-1.0476086467394727,-1.0844005188124413,-0.7827969451771841
2019-06-23,0.0,-1.0912957374190126,-1.0894979439813919,-1.1179189404331067,-0.8177167292643912
2019-06-24,0.0,-1.0284204642470687,-1.0237049325525183,-1.1510019353327459,-0.8518908217258873
2019-06-25,0.0,-1.0490164963181512,-1.0331277160669643,-1.183176078040907,-0.882836849811038
2019-06-26,24.8,-0.7442416769676805,-0.7553276399603509,-0.996508232240603,-0.6684552824708061
2019-06-27,0.7,-0.8164509485796642,-0.8301410276891809,-1.024306984550926,-0.6956211755337169
2019-06-28,0.0,-0.8580731828502164,-0.861912074098913,-1.059175205134361,-0.7433726528682908
2019-06-29,83.0,0.19105987382816733,0.0629481542631121,-0.468960717978797,-0.097512477782435
2019-06-30,0.0,-0.13484593163277694,-0.21015858152826833,-0.5130929397612931,-0.14275296848597918
2019-07-01,10.9,-0.14061998668634992,-0.21142353748435064,-0.484141687027082,-0.11029563866950481
2019-07-02,1.1,-0.32113941099699816,-0.36900205174355855,-0.5233530485910368,-0.15046961056630248
2019-07-03,0.0,-0.45955811823126463,-0.4925936518885652,-0.5712940635105375,-0.19907901655491245
2019-07-04,0.0,-0.576708502419444,-0.6021196214499701,-0.6183474078647746,-0.2459200474220591
2019-07-05,0.0,-0.6910910005885138,-0.7068748549827276,-0.6654239263419146,-0.2914752862685069
2019-07-06,0.0,-0.7725888820221827,-0.7900626120893113,-0.7115235551079481,-0.39701648093793424
2019-07-07,0.4,-0.8247715747197285,-0.834346508053716,-0.7573780657510512,-0.4394386436800344
2019-07-08,0.0,-0.9882552864958143,-0.9674772252275174,-0.806255770222743,-0.7479125256835881
2019-07-09,0.0,-1.0242810811824052,-1.0225951918687954,-0.8543913363468475,-0.8121648704300017
2019-07-10,38.8,-0.523896476898265,-0.580887057615975,-0.6612154391987639,-0.5740571454874517
2019-07-11,0.0,-0.6333899378648082,-0.6762941322428999,-0.7285774894743313,-0.6163020698100519
2019-07-12,0.0,-0.80886614234977,-0.8336319329333375,-0.7743795900565618,-0.6574205766284106
2019-07-13,0.0,-0.9680283276856728,-0.9893933975720107,-0.818620572915732,-0.7002338039722892
2019-07-14,0.0,-1.1060218027620141,-1.1226208318289594,-0.8617390666405549,-0.7378475807601407
2019-07-15,0.0,-1.1397558522382758,-1.158217606424641,-0.9045076040986225,-0.7744721351821222
2019-07-16,18.5,-0.9285670181439117,-0.9454471780944116,-0.8346729605385304,-0.6829822405202949
2019-07-17,5.4,-0.9844033709734853,-0.9876281219492463,-0.8433393867464976,-0.6805250526046246
2019-07-18,26.0,-0.6838145807695948,-0.7377403658741571,-0.7434593635455393,-0.5449452721057854
2019-07-19,4.0,-0.7753438806113214,-0.8257926668489064,-0.7631059789253403,-0.5534498364801237
2019-07-20,36.6,-0.3463118965131,-0.46155598584203866,-0.5983374295136885,-0.3613589509781996
2019-07-21,13.0,-0.3002366612197315,-0.4208422673813535,-0.5667994808698507,-0.3161452025244592
2019-07-22,0.0,-0.4400616631430607,-0.5432750634784718,-0.6047120596843316,-0.3541118063111329
2019-07-23,0.0,-0.530038899513859,-0.6202100083257288,-0.6422353175917028,-0.3833510482806803
2019-07-24,0.0,-0.5743006340276788,-0.6552092139708027,-0.679981510581176,-0.4341507751841325
2019-07-25,0.0,-0.5705523335165016,-0.6580741632381899,-0.717258862448196,-0.4651821019689367
2019-07-26,12.1,-0.4991318946770219,-0.5720622275500429,-0.6895702872373386,-0.4234878658632269
2019-07-27,61.6,0.027330241880691847,0.024554626137882406,-0.4049470214859734,-0.11715949637517827
2019-07-28,13.8,0.035346268301387804,0.029844542755879243,-0.3687327245947294,-0.22234137345590768
2019-07-29,0.0,-0.1067834189188525,-0.08520546427676626,-0.3998683824947207,-0.2462351393567951
2019-07-30,0.0,-0.21068494699621576,-0.17028121981863853,-0.4811816124677746,-0.26743222627440133
2019-07-31,0.0,-0.3086809363498642,-0.25153855870148256,-0.5083100546667689,-0.2857128413441108
2019-08-01,0.0,-0.3977391963407981,-0.32775583898253957,-0.5345518671764663,-0.3031675203779442
2019-08-02,0.0,-0.46908035985065516,-0.39066767584493417,-0.6464763307933938,-0.3201321509024025
2019-08-03,0.0,-0.5324308333292926,-0.4478240855201306,-0.670791544710713,-0.3362052389833001
2019-08-04,0.0,-0.5346819485886894,-0.4680303843861977,-0.694846419090753,-0.3524906458427946
2019-08-05,0.0,-0.6509427480117281,-0.5482372562878548,-0.7191079945909673,-0.36908866867966256
2019-08-06,0.0,-0.7622214749538723,-0.6345646444061837,-0.7443546483400675,-0.38714550167898165
2019-08-07,0.0,-0.8204740699922111,-0.6924232378456774,-0.7688251974619972,-0.4044841521691074
2019-08-08,2.9,-0.7268451844835522,-0.6465441464429597,-0.7786838938950811,-0.4072662609716877
2019-08-09,0.0,-0.6809484580699333,-0.6002321960736801,-0.8026285208030616,-0.4248328192959811
2019-08-10,0.0,-0.7720327650088112,-0.6351644124807105,-0.8270272848107779,-0.4429781950612965
2019-08-11,14.2,-0.6891421255645819,-0.5494524064548697,-0.7837715570918873,-0.3915879796622665
2019-08-12,1.7,-0.7793674762783573,-0.6163308927092731,-0.8002450080361289,-0.4029105888417226
2019-08-13,0.0,-0.8414316175210494,-0.6684315988100253,-0.825054305853023,-0.4231414648562138
2019-08-14,0.0,-0.9015564908087648,-0.711638568186361,-0.850231402383221,-0.4442539097523888
2019-08-15,0.0,-0.9738341425588992,-0.7713163344216494,-0.8749622354020591,-0.5099554882711468
2019-08-16,0.0,-1.0251296731151516,-0.8200682383257917,-0.8997199172269201,-0.730171114181235
2019-08-17,0.4,-1.1237989956228016,-0.8979181652385508,-0.9247500088591405,-0.7476472820017098
2019-08-18,0.0,-1.102593279877137,-0.9158042070775615,-1.0353089316897182,-0.7754455251375415
2019-08-19,0.0,-1.0642197298788452,-0.9286939482053478,-1.0591598078348279,-0.7945680202913613
2019-08-20,0.0,-1.171999729669433,-0.9793575518886724,-1.0836299821627497,-0.8147290706435765
2019-08-21,11.7,-1.1018237515186091,-0.9208905786655247,-1.0546051368585143,-0.7785224604275778
2019-08-22,24.2,-0.9105116365851974,-0.7648114137548198,-0.9703034967126789,-0.6843220170046445
2019-08-23,0.0,-1.038439463786544,-0.8465512647425818,-0.9951500821972237,-0.7049011963957372
2019-08-24,0.0,-1.1602651754877122,-0.9337971345039887,-1.0190003338436804,-0.7256213126323179
2019-08-25,0.0,-1.2378628976554478,-1.0144147253601745,-1.0429729136235704,-0.868055912459601
2019-08-26,0.0,-1.298778841392482,-1.0780149661804763,-1.0693181493481105,-0.8878145649614226
2019-08-27,8.5,-1.1779394436134458,-1.0166035495872605,-1.0558441393719828,-0.8678824159073953
2019-08-28,1.2,-1.3118650816989026,-1.112680598238699,-1.0741991499019687,-0.8830395055872311
2019-08-29,0.0,-1.3987971864367663,-1.1955514930127802,-1.096129723500972,-0.9122689632438241
2019-08-30,0.0,-1.3143059564384505,-1.1843429647793817,-1.1179212279341042,-0.9317601929487077
2019-08-31,0.0,-1.2766472496748116,-1.1741046575409566,-1.139561884373903,-0.9509398117593575
2019-09-01,0.4,-1.4205625993881241,-1.2518393897855242,-1.158675373478626,-0.9673529153299766
2019-09-02,5.5,-1.4304573555171574,-1.2561962246959504,-1.154108716675117,-0.957851258013554
2019-09-03,10.6,-1.3727674676177772,-1.1943141094013443,-1.127506468445235,-0.9246191137329134
2019-09-04,6.1,-1.3570276491512008,-1.1915289280480126,-1.1197342359902869,-1.0402157921765365
2019-09-05,0.4,-1.368709055293212,-1.2342311747545383,-1.1352558107855866,-1.0789313992466956
2019-09-06,1.4,-1.4242950700396755,-1.2673128732436834,-1.1877858035535174,-1.0845438372993284
2019-09-07,25.9,-1.1642552883054034,-1.0468772020031967,-1.0961786733976402,-0.9729742238970059
2019-09-08,1.4,-1.194158644788669,-1.06491377226397,-1.1054210963790627,-1.0307282664675645
2019-09-09,11.9,-1.08787359555517,-0.987469897097871,-1.0697738941140766,-0.9866287447805762
2019-09-10,0.0,-1.168350130569174,-1.0498050807651804,-1.0818876243973583,-0.9921228275109424
2019-09-11,0.3,-1.251099757578207,-1.1048905605353436,-1.0949928632732138,-0.9937456477138185
2019-09-12,0.0,-1.2337443405165658,-1.0771493242933372,-1.1051061473529105,-1.010215972324518
2019-09-13,0.0,-1.2575295142606944,-1.0919899449286643,-1.1146866938383662,-1.0088473623836707
2019-09-14,0.0,-1.283743989126131,-1.126836317233318,-1.122634213582302,-1.0050424589421496
2019-09-15,0.0,-1.246150657293844,-1.1147957320319395,-1.1300601665583114,-1.0003682614821314
2019-09-16,0.0,-1.2335189031314737,-1.1204930434762268,-1.223269100643236,-0.9950896177916172
2019-09-17,0.0,-1.2638837441234954,-1.1508241590406159,-1.2303562497645766,-0.9892578310533922
2019-09-18,0.0,-1.24872967243772,-1.1523598014758991,-1.2363811323574088,-0.981322949697256
2019-09-19,0.0,-1.258733222480819,-1.15795270689249,-1.2424015472299508,-0.9717251507137438
2019-09-20,0.0,-1.3148654062959826,-1.2023615940530772,-1.2472699518377819,-0.9644382451797477
2019-09-21,49.7,-0.7191975944994519,-0.6999711347071992,-1.0474392333502975,-0.7286272621869886
2019-09-22,52.2,-0.13644991580516566,-0.21676574204637092,-0.8470551707754795,-0.49567751976495483
2019-09-23,0.0,-0.3025793899776867,-0.35729183258952585,-0.8499169571739659,-0.4823064062076402
2019-09-24,0.0,-0.39588261505924954,-0.43475252040111756,-0.8528751320055021,-0.5696765281325159
2019-09-25,0.0,-0.4595706368294944,-0.486195342504527,-0.8551743572265292,-0.5549869584249931
2019-09-26,0.0,-0.5061887005840165,-0.5223055558435082,-0.862654443708037,-0.5359907229882799
2019-09-27,0.0,-0.5426282845889598,-0.5493591561095122,-0.8643567158760427,-0.8833845213702747
2019-09-28,0.0,-0.5863130868356644,-0.583529610330742,-0.8658562369347381,-0.8602395658859917
2019-09-29,0.0,-0.6238333231177525,-0.6184247219944896,-0.8672711959721452,-0.8870126458575206
2019-09-30,0.0,-0.5874415060749807,-0.6026511256806049,-0.86819281484713,-0.8660830362707428
2019-10-01,52.3,0.11668222815333015,-0.0021603836957462914,-0.6763182712059781,-0.5986766438470786
2019-10-02,88.1,0.8092848316683515,0.32207497286963177,-0.37009503766409063,-0.20252257461074555
2019-10-03,0.9,0.49035758578449756,0.0953202283450155,-0.36698737001267995,-0.1709173006486273
2019-10-04,0.2,0.3116624197834267,-0.039965348407554196,-0.3955507738100546,-0.14167146176349896
2019-10-05,0.0,0.1708271195678964,-0.14036586978696003,-0.3944356908965068,-0.11380336439324439
2019-10-06,0.0,0.06543468496299479,-0.21920397310928758,-0.5172861214305563,-0.08377988701075592
2019-10-07,6.9,0.09405756179746756,-0.19292948001730126,-0.5001477475809273,-0.025421178776999495
2019-10-08,0.5,0.01398009268583874,-0.25979574150666584,-0.4962910451853316,-0.14963585931090434
2019-10-09,0.0,-0.06430023856965732,-0.32517298289424185,-0.4937901374398193,-0.11879108900037848
2019-10-10,0.0,-0.13003513140888062,-0.3728147891884437,-0.4904657142896344,-0.08735013331906576
2019-10-11,0.0,-0.18627901380390796,-0.4119446257195767,-0.488390538763884,-0.0561242951931213
2019-10-12,0.0,-0.24089916878959816,-0.4479012422626364,-0.4845654895895815,-0.02556728513529814
2019-10-13,0.0,-0.28707343339378966,-0.4806798398868729,-0.4800558138638544,0.004975152394633214
2019-10-14,0.0,-0.3182182202481728,-0.49754291118498734,-0.47559235239125175,-0.04344167131964089
2019-10-15,0.0,-0.34881141937207116,-0.5286853576350753,-0.47126429324150554,-0.036866266720771
2019-10-16,0.0,-0.37193567391070115,-0.5500932274680593,-0.46661993518114253,-0.12125206389931525
2019-10-17,0.0,-0.3858648801640053,-0.5648357795783733,-0.46143253814668433,-0.1085147776236892
2019-10-18,1.0,-0.3876917691346712,-0.5689018830164272,-0.45194018703604366,-0.2423566362106478
2019-10-19,0.0,-0.4171100298392175,-0.5944328992133366,-0.44592391561532374,-0.27422485753527515
2019-10-20,0.0,-0.446628303085337,-0.6216178265984467,-0.4443670287997442,-0.2441213747675347
2019-10-21,0.0,-0.4796321113033581,-0.6515836586528961,-0.437849951901456,-0.21253374977355324
2019-10-22,0.0,-0.5137169849362262,-0.6772160328573719,-0.4434457071496609,-0.17936557564643968
2019-10-23,0.0,-0.5311750442540505,-0.69466819581449,-0.43787373730427476,-0.14516956563321493
2019-10-24,0.0,-0.5646361444612713,-0.7247584912138232,-0.43115680912109816,-0.16910665433194527
2019-10-25,0.0,-0.5862450112823662,-0.7414248612602224,-0.4302271406080408,-0.4547917030145412
2019-10-26,0.0,-0.6105906670685693,-0.7620524592132678,-0.5228297719438836,-0.49625627711737247
2019-10-27,0.0,-0.6438483633821741,-0.7877300105509275,-0.5163496346086539,-0.46101713691666624
2019-10-28,0.0,-0.6581375735844786,-0.8032469630997586,-0.5087361467187923,-0.42767423701212487
2019-10-29,0.0,-0.6793696481281003,-0.821850687635259,-0.5014012341052848,-0.3959611968205177
2019-10-30,0.0,-0.707652459676148,-0.8488026297168716,-0.4941694543633312,-0.3644438898568596
2019-10-31,0.0,-0.7309902297267304,-0.8722806586471932,-0.4865653637074895,-0.33273255026852966
2019-11-01,0.0,-0.7485674820025646,-0.8893254215592311,-0.47924109784975594,-0.3018873893603061
2019-11-02,0.0,-0.7660454944252696,-0.9041886811960114,-0.4720772558431854,-0.2703403662018833
2019-11-03,0.0,-0.7817707152372279,-0.9209299407636002,-0.46555893233653933,-0.2375716229484502
2019-11-04,0.0,-0.8052686656639256,-0.9404217687611762,-0.45953670684507536,-0.20310361914112127
2019-11-05,0.0,-0.8351652271332144,-0.9695300499845608,-0.4537098102984617,-0.16844890933820394
2019-11-06,0.0,-0.8378088771078495,-0.9706141628665264,-0.4482023031891598,-0.14892863448873594
2019-11-07,0.0,-0.8967963017560944,-1.0243479425456583,-0.4429373059320766,-0.11400269977526571
2019-11-08,0.0,-0.9374608784330295,-1.0517193491900043,-0.43769221514724427,-0.07760125096909855
2019-11-09,0.0,-0.9716473369173625,-1.069898645532202,-0.43283640786927197,-0.11757037548383435
2019-11-10,9.8,-0.7511455083209293,-0.8867480202316137,-0.3945085377675019,-0.035977895914056174
2019-11-11,1.0,-0.784877404209621,-0.8942201996755584,-0.38652141982357663,0.0075290387231107345
2019-11-12,0.0,-0.8370875787208668,-0.9261367913932175,-0.38210308413090316,0.046499770063382975
2019-11-13,3.5,-0.7905430431862708,-0.8943742023089558,-0.397239419579521,0.10506826776941836
2019-11-14,0.1,-0.8411884168842085,-0.9322349842427876,-0.5317954114766682,0.14717890361654906
2019-11-15,0.0,-0.8782506643734854,-0.9624526746218534,-0.5272108098970195,0.18691843128315594
2019-11-16,0.0,-0.8905740216802738,-0.9753183142024935,-0.5283726290844238,0.22937549844850358
2019-11-17,0.7,-0.8834352844957796,-0.9735066263597577,-0.5212907638585369,0.2760068676590657
2019-11-18,7.7,-0.6896885625988612,-0.8196801257950351,-0.48979993922262177,0.36005229803910455
2019-11-19,0.0,-0.7470907582201446,-0.8689171276182794,-0.4860598791863248,0.3435685230150798
2019-11-20,0.0,-0.7812620664872247,-0.885288392290558,-0.4823334307376272,0.25707327288249787
2019-11-21,0.0,-0.8114817803510244,-0.9178100473967692,-0.4779542778160883,0.30177226380684413
2019-11-22,0.0,-0.8253467605138175,-0.926734480116475,-0.4741165954922629,0.346367007867865
2019-11-23,0.0,-0.8746432314770043,-0.9681626788143192,-0.5598481054095154,0.3916151452028904
2019-11-24,0.0,-0.9101118616937646,-1.004531956399395,-0.5551086454215995,0.4369851516257281
2019-11-25,0.0,-0.9590000540764423,-1.0508388676161409,-0.5507276811444574,0.43446053856456335
2019-11-26,0.0,-0.9771694181696668,-1.0741942558406958,-0.5464497887011655,0.4757146168542516
2019-11-27,0.0,-0.9647640026940858,-1.0675541484553117,-0.5493269182114024,0.5244776274125784
2019-11-28,0.0,-1.0048844808584905,-1.1115412192840086,-0.544989307335813,0.5749152906342361
2019-11-29,0.0,-1.023820815607362,-1.1480313630083363,-0.5404964446717042,0.6274348380507878
2019-11-30,0.0,-1.0566253447015763,-1.1826907616455047,-0.5356083130769496,0.6787673485431548
2019-12-01,18.3,-0.5006826689385134,-0.7195807149586224,-0.46583271560195355,0.8121507724840522
2019-12-02,0.0,-0.6093931021717917,-0.8076062795081135,-0.4599849681479268,0.8031726950905401
2019-12-03,0.1,-0.6757529067336273,-0.8625271919478317,-0.5499145528167613,0.8204161566339125
2019-12-04,0.0,-0.7241216661682807,-0.9098227669344169,-0.5626049658623214,0.8736153153769394
2019-12-05,0.0,-0.7607092912691109,-0.9294019115335833,-0.5549042255421948,0.9201821346937692
2019-12-06,0.0,-0.785960169764031,-0.9545732809750385,-0.546307004102784,0.7995385886285221
2019-12-07,0.0,-0.8169783898140558,-0.9830391524747211,-0.5786263612044127,0.8452940139707479
2019-12-08,0.0,-0.8574721723775295,-1.0235486110742695,-0.571091898470163,0.8151319386081768
2019-12-09,0.0,-0.8915276767880244,-1.0596654917739372,-0.5599711814530677,0.8699351465919043
2019-12-10,0.0,-0.882555648228724,-1.0553292338956923,-0.5478476140507265,0.9223609897566657
2019-12-11,0.0,-0.8659031123530405,-1.0372714880207325,-0.5468286885106698,0.976512005570917
2019-12-12,0.0,-0.8866908207840383,-1.053234834285322,-0.5328048663036052,1.0313845705750029
2019-12-13,0.0,-0.908636677179114,-1.0638014433794183,-0.5174835099460965,1.085746512512753
2019-12-14,0.1,-0.8900804323759031,-1.0448722580369036,-0.5016056943199599,1.1383960767711958
2019-12-15,0.0,-0.8438140672885777,-1.0030303639883158,-0.48538141732957046,1.1881528670115147
2019-12-16,0.0,-0.8598618235772331,-1.0220166758717426,-0.46847109038510837,1.237873096820807
2019-12-17,2.6,-0.7948587102485716,-0.9664875299294128,-0.4496248000273784,1.2927746260360415
2019-12-18,0.0,-0.8275487856491407,-1.0017772230200235,-0.43167429687147674,1.342239812939269
2019-12-19,0.0,-0.8502961330136639,-1.025549069660842,-0.41592637019579665,1.3906624332212925
2019-12-20,0.0,-0.8532272485729305,-1.0337323927054485,-0.39603248479206626,0.9872718549786909
2019-12-21,0.0,-0.8539362406607304,-1.028768106570537,-0.3762615807439782,0.48300688244651074
2019-12-22,0.0,-0.8523782018043263,-1.033054606490604,-0.35589062911751185,0.5235709769313663
2019-12-23,0.0,-0.8567868285860161,-1.0454594900360046,-0.4259151161252166,0.5648834790241836
2019-12-24,0.0,-0.8741110775087734,-1.0378759635631454,-0.405268152228998,0.6044762659424082
2019-12-25,0.0,-0.8796654931275508,-1.051165142044874,-0.3795487963692304,0.6458104983586002
2019-12-26,0.4,-0.8609782759994854,-1.0412429790297395,-0.6731587214081484,0.6923662894874378
2019-12-27,0.0,-0.847634241750225,-1.0325651615831555,-0.645639136542907,0.734574317721725
2019-12-28,0.0,-0.8367021493160721,-1.0204895700828827,-0.6611041156877365,0.7773436743972562
2019-12-29,9.8,-0.4759722465617504,-0.7125449049916195,-0.5955587269582666,0.9383946307417881
2019-12-30,0.3,-0.5179971559373535,-0.7498481902462101,-0.563239552793136,0.26831859228609445
2019-12-31,0.0,-0.557475882557815,-0.7857119718488547,-0.5320432024068243,-1.4641035902979889
2020-01-01,0.0,-0.5670870876722433,-0.8172002445871935,-0.47069736816900426,-1.4858477400799823
2020-01-02,0.0,-0.5969155261542559,-0.8440828650150067,-0.43979608970354467,-1.4888506378988335
2020-01-03,0.0,-0.6017456712479579,-0.8505272840338658,-0.4105725117600727,-1.4863655707409407
2020-01-04,0.0,-0.6238670183226577,-0.880568788077784,-0.3790941464144088,-1.4816021033883227
2020-01-05,0.0,-0.6276677807911915,-0.8913982836546093,-0.3474973803599347,-1.6942237626913665
2020-01-06,15.5,-0.07035750436665633,-0.36351363656440655,-0.4153035220911342,-1.2401004374796927
2020-01-07,32.0,-0.32197466135324515,-0.6787098745627332,-0.24708474070875278,-0.45186895851921727
2020-01-08,2.8,-0.46737285036214243,-0.8142026867519019,-0.2030678299716231,-0.38242793643555767
2020-01-09,0.0,-0.620717109294803,-0.9519863333181522,-0.17075457309747427,-0.3726842342893912
2020-01-10,0.0,-0.7361856936620197,-1.0527168842278072,-0.13871356084589254,-0.36280158404114726
2020-01-11,0.0,-0.805373437990958,-1.0995956014167088,-0.10667255636283157,-0.3516677843540371
2020-01-12,0.0,-0.8806610129141539,-1.1594704690838717,-0.15543795388599776,-0.3396728890512095
2020-01-13,0.0,-0.9325389988078105,-1.2041582306886194,-0.1472528873633678,-0.3288357081762684
2020-01-14,0.0,-1.005978897770892,-1.266839645607932,-0.23261401715231192,-0.31899943135273384
2020-01-15,0.0,-1.054576561086939,-1.3166505632548489,-0.2192973220810748,-0.31100617377310225
2020-01-16,0.0,-1.0991969609903411,-1.3361706426685092,-0.3739678582134641,-0.33163909294232474
2020-01-17,0.0,-1.1049330317760684,-1.3274423193455134,-0.4072243099085383,-0.3258243297738305
2020-01-18,0.0,-1.1051296823577854,-1.323739972130148,-0.3768217650152959,-0.3204893894376446
2020-01-19,0.0,-1.1171422063533112,-1.3333636764527437,-0.34499249605982324,-0.3166581079947175
2020-01-20,0.0,-1.12883459101578,-1.3540689991160533,-0.3101408081140923,-0.31297837128052636
2020-01-21,0.0,-1.1626967332045997,-1.378367001211609,-0.2753221248683985,-0.3096336533829286
2020-01-22,9.2,-0.8710703921318317,-1.094822636959832,-0.2540461143165857,-0.09336878687456866
2020-01-23,1.1,-0.8853419245660459,-1.0954875561421182,-0.5406453646686791,-0.059053627734584696
2020-01-24,0.0,-0.9283832916066442,-1.134307859709176,-0.5841951123353035,-0.048785674029778
2020-01-25,0.0,-0.9685829749546563,-1.184395083419471,-0.5504459596632701,-0.039478568251933056
2020-01-26,0.0,-0.9915723646197461,-1.214494985668969,-0.5172466936247476,-0.031015538522653555
2020-01-27,14.3,-0.6870621963068487,-1.020574442964377,-0.40522724002933136,0.2853944450656022
2020-01-28,0.0,-0.7448620093720866,-1.092377126150915,-0.3732241745831795,0.29500971093071054
2020-01-29,0.0,-0.8649147513637743,-1.1345459709792145,-0.3413578034460992,0.3041998986099609
2020-01-30,0.0,-0.9020920925386874,-1.1605326690676294,-0.3086905810750129,0.31290649782403235
2020-01-31,0.0,-0.9494120193156327,-1.200600546805833,-0.27539952036514875,0.32224861396275345
2020-02-01,0.0,-0.9698227671808369,-1.2015321139977904,-0.2400053402356397,0.3319741968252885
2020-02-02,0.0,-0.9714618758903383,-1.206844116306354,-0.20256663047110038,0.34237255630665214
2020-02-03,0.0,-0.9799349785735839,-1.2247779622028419,-0.16469485591683664,0.35250319266534963
2020-02-04,0.0,-0.9892389408354004,-1.2302726696320776,-0.14303000447726838,0.3615953864857416
2020-02-05,0.0,-0.9740079437791733,-1.2240909510657834,-0.10472263840111372,0.3705776789875765
2020-02-06,0.0,-0.9912620533474124,-1.2469322234919056,-0.06463441547482772,0.3798581884311828
2020-02-07,0.0,-0.9996518712682515,-1.2655803394685226,-0.10371162930444633,0.3887300467138966
2020-02-08,0.0,-1.0152999141227046,-1.287316947763548,-0.07179245128244148,0.18896854735166227
2020-02-09,0.0,-1.010737157244874,-1.283046484649264,-0.029846782208826268,0.17661746838777168
2020-02-10,0.0,-1.0194759684046815,-1.2668541268580829,0.012635488687187724,0.18406722367647801
2020-02-11,0.1,-1.0587810542503204,-1.2913489074117879,0.05811988480217505,0.11628493910534876
2020-02-12,10.9,-0.8505317897528722,-0.935183052866508,0.16472301909859124,0.3559260365694097
2020-02-13,0.1,-0.9668387072438612,-1.0222745719246173,0.20880806347907677,0.3627375157376199
2020-02-14,0.0,-1.0426019377386768,-1.0661041487179275,0.25529167962661614,0.3656903647832036
2020-02-15,4.8,-0.922694220593423,-0.9313012047004887,0.32874295578653634,0.45038077752865413
2020-02-16,7.4,-0.7185009004065691,-0.6864532229116594,0.4174048991444569,0.4461037246574058
2020-02-17,6.2,-0.6118486551780601,-0.8759710434355589,0.4367299574372953,0.5699608458234319
2020-02-18,0.0,-0.6867537467828623,-0.9317710102433733,0.3491842545091502,0.5723462714562338
2020-02-19,0.0,-0.7506947600703567,-0.9733545589368348,0.3975565863531972,0.5741092807879842
2020-02-20,0.0,-0.7955264900246865,-1.0004942533994492,0.44511955687346916,0.5737143623740564
2020-02-21,3.0,-0.8220256843954654,-1.0183988288243613,0.512534266088873,0.6275658146200522
2020-02-22,2.1,-0.784534227110965,-0.9571445312125177,0.5743520435377725,0.6621618477841467
2020-02-23,0.0,-0.8023995538751921,-0.9550216465912492,0.5746222342171163,0.6567060522996391
2020-02-24,0.9,-0.8134688075406311,-0.9659330199930206,0.6246722194228388,0.6664254288089747
2020-02-25,7.8,-0.6552354778769882,-0.7828338647631243,0.7249888022418326,0.7943027762470054
2020-02-26,2.1,-0.676388181602299,-0.7914263148415295,0.7923321157789948,0.8221417514643118
2020-02-27,0.0,-0.7563021516572381,-0.8599307838265764,0.8492203753453637,0.8147301433951775
2020-02-28,2.4,-0.7297466407479736,-0.8037805061199567,0.9211296513451385,0.8462649299060165
2020-02-29,0.0,-0.7954684426049149,-0.8377469006304301,0.9475457903485329,0.5241811450427657
2020-03-01,0.0,-0.8377822779223665,-0.8915419869966185,0.9362792492409976,0.5157621691947214
2020-03-02,0.0,-0.869247625376588,-0.9329897561267286,0.9534792535555825,0.5041586506689829
2020-03-03,0.0,-0.873868222515524,-0.9277468614492705,1.0085666697448887,0.4936824155922321
2020-03-04,0.0,-0.9016113058867724,-0.9583518598358904,1.0563005748951342,0.4825206790049303
2020-03-05,0.0,-0.9566700225541167,-1.0218339348986214,0.9255336630578747,0.4723833479075398
2020-03-06,0.0,-0.9976664403585809,-1.0533386830505012,0.9722808744811561,0.46142298088298783
2020-03-07,9.1,-0.67816817254268,-0.7424890895769759,1.0088260172705414,0.6101300291374006
2020-03-08,0.0,-0.7258051103009012,-0.786678150995003,1.0631429069293004,0.5975427921854486
2020-03-09,4.5,-0.7775831495111409,-0.6779644031218454,1.1514495756906378,0.6614545605489068
2020-03-10,7.1,-0.5988366782881237,-0.8242892557518693,1.263686945045237,0.7668157201985919
2020-03-11,0.0,-0.7024278578924974,-0.906384910351119,1.3168377208602307,0.7518941529570163
2020-03-12,0.0,-0.7548197238920276,-0.9330588175026635,1.3688487440572648,0.7386342886823813
2020-03-13,0.0,-0.8493507326034627,-0.992706363719535,1.4153891968357213,0.7227266759788108
2020-03-14,0.0,-0.9062745214685144,-1.1074789457159109,1.4619932609569595,0.7076095656766351
2020-03-15,0.0,-0.9432673505375181,-1.1423065674559705,1.5093382754294027,0.6939507225153583
2020-03-16,0.0,-0.9548625842270754,-1.1473356027553951,1.5540694765763872,0.6358282682198353
2020-03-17,0.0,-0.990587145474661,-1.1885590687104808,1.5977738614834764,0.6208683415978238
2020-03-18,0.0,-1.0561446023861656,-1.2581468238520825,1.6415399172458358,0.6052046620272378
2020-03-19,0.0,-1.1023711571230284,-1.3113490691847762,1.209663582145984,0.5874510350300053
2020-03-20,0.0,-1.097383576837253,-1.327968762593093,0.6990255725055575,0.5690588248706593
2020-03-21,0.0,-1.0805561860930992,-1.3063548031974959,0.7256770230209156,0.5468363735670693
2020-03-22,0.0,-1.2151254335745703,-1.2603946710511482,0.7506915424180245,0.5231253986966143
2020-03-23,0.0,-1.2635210358813715,-1.5149365884950157,0.7734519083492668,0.4996477410496231
2020-03-24,0.0,-1.266937465221341,-1.5474738327496893,0.7964713195009464,0.4753718969968599
2020-03-25,0.0,-1.2528636425275557,-1.5059669064309837,0.8182142621255287,0.4433628813364781
2020-03-26,17.7,-0.5428562179802048,-0.7691600387843431,1.043727286272165,0.726949165313562
2020-03-27,5.1,-0.4630707636800199,-0.6927457063314393,1.1229581018834995,0.7880321453178885
2020-03-28,0.0,-0.5328433324861611,-0.7473507869615469,1.1388912236190754,0.5950918246130465
2020-03-29,0.0,-0.5960574395081865,-0.7925857495156678,0.514893861257822,0.5613913556020518
2020-03-30,0.0,-0.6584049493642486,-0.8399095468058371,-0.7389193250707394,0.5340407056535722
2020-03-31,0.0,-0.6818295442433012,-0.8429598267181018,-0.7551708676815287,0.5068375026898536
2020-04-01,0.0,-0.7407024198324054,-0.902355203059526,-0.7602485607130309,0.4777896625042766
2020-04-02,0.0,-0.7757214845636307,-0.9241180005095866,-0.7624251479233637,0.44980318886204695
2020-04-03,0.0,-0.7851206832670009,-0.927615849730643,-0.7677381797764198,0.4214434848849361
2020-04-04,0.0,-0.8127776295473701,-0.9531514841073726,-0.8865597176936382,0.39257334556036483
2020-04-05,0.0,-0.8028512885442667,-0.9427100695826995,-0.9022981222517044,0.08868480962841419
2020-04-06,0.0,-0.9027951061644729,-1.0223641885981516,-0.9102770568791696,-0.5737729069691078
2020-04-07,0.0,-0.9757996974747006,-1.0962725773863882,-0.9184990741940441,-0.6628271628759482
2020-04-08,0.0,-1.0310508834219885,-1.1335685694983155,-0.9254843540012732,-0.6903391114837423
2020-04-09,0.0,-1.058155937288712,-1.152636296847929,-0.9323188990378218,-0.7153255495408536
2020-04-10,0.0,-1.0961742117499573,-1.195643270917005,-0.9407482927682892,-0.7402624842245181
2020-04-11,5.3,-0.8933847336843568,-0.9916708633214353,-0.863346529258908,-0.6537978254375273
2020-04-12,1.5,-0.8973511731181942,-0.9790848451053714,-0.847271122694405,-0.6505006544639345
2020-04-13,0.0,-0.9503100964363299,-1.0421037103853252,-0.8545595152923555,-0.67898815509222
2020-04-14,0.0,-1.0145628462435548,-1.1025450389917786,-0.8628919520928127,-0.7088851242353388
2020-04-15,0.0,-1.0242925266744245,-1.1232795221872944,-0.8896252794995542,-0.7393618208089398
2020-04-16,0.0,-0.8989606731531042,-1.00581823679212,-0.9014950501513478,-0.7702779747651471
2020-04-17,21.2,-0.26415176124806194,-0.3832133276445047,-0.59966813980263,-0.39389551773119846
2020-04-18,0.0,-0.44733759126643363,-0.5568716819702042,-0.6170046524676511,-0.4272357818556863
2020-04-19,27.3,-0.1527510806284723,-0.32585146471891263,-0.2608085338978507,0.0069001908168996665
2020-04-20,0.0,-0.35147397963717436,-0.5041854956987717,-0.28264782131798194,-0.028358013958565572
2020-04-21,0.0,-0.5906942417124241,-0.7237045035147285,-0.30193905972985413,-0.21208287650806934
2020-04-22,0.0,-0.6578669796088752,-0.7961813051038148,-0.31939722591610775,-0.26202237813935053
2020-04-23,0.0,-0.6791608317695362,-0.8155582559031477,-0.33754744290794936,-0.29383259220077057
2020-04-24,0.0,-0.7522730907503912,-0.8880213805856648,-0.35648665290805626,-0.3250916747431199
2020-04-25,0.0,-0.8396103329321841,-0.9703493682375884,-0.37638721162407335,-0.356454182601412
2020-04-26,0.0,-0.9552165935924576,-1.0993637888058894,-0.39566889171778924,-0.6273532541222218
2020-04-27,0.0,-0.9944706590523549,-1.1306607159178148,-0.4161202750440927,-0.6568025082197939
2020-04-28,0.0,-1.0182690297872286,-1.1614497276594402,-0.43749810260826105,-0.6869111605564979
2020-04-29,0.0,-1.1444194638242278,-1.2847288516686752,-0.4587916823156687,-0.7165068098912346
2020-04-30,0.0,-1.1025635848754725,-1.241849365331035,-0.4803228819383607,-0.7465220153397953
2020-05-01,0.0,-1.1567804662527579,-1.2938036621716356,-0.501951224862626,-0.7763553588523289
2020-05-02,0.3,-1.192227046829632,-1.319263766600038,-0.5196559227499759,-0.8014218547471634
2020-05-03,25.4,-0.4206746517989495,-0.5632494334417156,-0.23312969142933615,-0.42758706500420324
2020-05-04,0.0,-0.6042340067317578,-0.7522741494128987,-0.2538242225181372,-0.4561821025175224
2020-05-05,0.0,-0.7353634772709089,-0.8922828675518248,-0.27374113429695857,-0.4838898506071289
2020-05-06,0.0,-0.747567991627529,-0.8923575165642494,-0.2925827225646967,-0.5109750003313173
2020-05-07,0.0,-0.8594006759509825,-1.0116362275813346,-0.3094902481694609,-0.536319369360691
2020-05-08,4.4,-0.8285087820479313,-0.987917392447543,-0.38854590995370547,-0.49663858660121585
2020-05-09,22.4,-0.1379680731292482,-0.2891367278718042,-0.16037856138880635,-0.20804332602687792
2020-05-10,0.0,-0.3254569885165132,-0.46655248865070076,-0.17609641126252026,-0.23161936580941275
2020-05-11,0.0,-0.472015015889202,-0.6183882393469267,-0.2301360042364817,-0.25602886425019405
2020-05-12,0.0,-0.5374473028446465,-0.6635254405783313,-0.24578290930539676,-0.42699882509145587
2020-05-13,0.0,-0.6593546279856571,-0.7962451205121223,-0.2602221439273625,-0.4487092022843602
2020-05-14,0.0,-0.7858800099239003,-0.9296737597624686,-0.27437253163700037,-0.46702875045471776
2020-05-15,14.5,-0.323352202269181,-0.4432852207557765,-0.13776983664555606,-0.3515518530289041
2020-05-16,0.0,-0.4854146791649513,-0.6066472267148195,-0.23472725698269264,-0.46843376349800087
2020-05-17,0.0,-0.5719773279115777,-0.6914596516645239,-0.24787536658016066,-0.5702661583393218
2020-05-18,14.3,-0.1373839369851018,-0.24894663302922335,-0.10746467620877909,-0.3910932266820442
2020-05-19,4.2,-0.11709873172198189,-0.22933702938468223,-0.07544413764945528,-0.35107819616830155
2020-05-20,0.0,-0.20370103267348846,-0.32265052916035003,-0.08717518674207254,-0.3650598846638633
2020-05-21,0.0,-0.23532310244893254,-0.3543629141357343,-0.09765572904341756,-0.41587586423011097
2020-05-22,0.0,-0.2669424299379875,-0.3905567355564115,-0.10782430368554187,-0.45287342381923706
2020-05-23,0.0,-0.30636690040846376,-0.43193036669838236,-0.11872824652967831,-0.46228393825667347
2020-05-24,8.0,-0.029890320228100467,-0.15491041193599195,-0.04959890934849301,-0.38254579804459
2020-05-25,0.0,-0.09494711601961271,-0.22258437379864207,-0.06360936682141775,-0.49608561815452246
2020-05-26,0.0,-0.15843270655999156,-0.29539652098358615,-0.0768714659649927,-0.5342999245745089
2020-05-27,0.0,-0.2235757249258713,-0.36948118398154156,-0.09043597811078043,-0.5454192985339499
2020-05-28,0.0,-0.2572332121794866,-0.4011911307214489,-0.10291916908602537,-0.5869788962399545
2020-05-29,0.0,-0.28387413938670014,-0.41387199211367914,-0.30269209339374625,-0.5969693455401969
2020-05-30,0.0,-0.38947058004393015,-0.5304086151452797,-0.314887269811701,-0.6059933982404834
2020-05-31,3.3,-0.3258825835805424,-0.4607388888840096,-0.2937245424380266,-0.5705186230268496
2020-06-01,0.0,-0.3765758440927239,-0.49448000619178506,-0.30567436202862935,-0.5783362417598902
2020-06-02,0.0,-0.4554688673101579,-0.5792458407593641,-0.3188684177206155,-0.5884143185273836
2020-06-03,0.0,-0.5211495252732968,-0.6404435355577613,-0.3321796046313526,-0.5989787690714309
2020-06-04,0.0,-0.5656283841499635,-0.6858669684984174,-0.3471301174178544,-0.6108748491869147
2020-06-05,0.0,-0.584206584783516,-0.6898830792564025,-0.36187444829512405,-0.7414732782240513
2020-06-06,0.2,-0.6385923433141092,-0.7392782873471171,-0.37630417367876284,-0.7509151712480987
2020-06-07,0.0,-0.6861287290372181,-0.7805166877014222,-0.3953179854574513,-0.8250320091704899
2020-06-08,0.0,-0.5835552878978022,-0.6410908852584849,-0.4157691338607418,-0.9369544862369583
2020-06-09,0.0,-0.6698716478073417,-0.7167836600655628,-0.43833833923929133,-0.9530704352722715
2020-06-10,3.5,-0.629503264122552,-0.67568256078601,-0.42855749800083587,-0.9240019360302258
2020-06-11,0.5,-0.6819167234560544,-0.7240362116593566,-0.4508118164967033,-0.9354677130063839
2020-06-12,15.9,-0.21079027340079753,-0.28332263720126843,-0.3295778536735581,-0.7532625091063029
2020-06-13,36.3,0.04732259266236056,-0.057671833055036745,-0.038757824677406814,-0.3581482979538011
2020-06-14,50.3,1.4228676722740814,1.2693513860234742,0.3160529258122883,0.11972741176753271
2020-06-15,0.0,0.9885781443886386,0.856008926987437,0.2752590261069186,0.08362967938027016
2020-06-16,0.0,0.6878850523735758,0.5711344920902377,0.23495527978762895,0.04783036279566961
2020-06-17,2.0,0.5547773723043885,0.42873782246212794,0.2096240841382133,0.030778056490968028
2020-06-18,33.8,1.2650034738926403,1.1413520712922618,0.4148964288228048,0.2876241751801952
2020-06-19,2.4,0.7348812711575701,0.6459912922990128,0.3861782455035738,0.2676730908209201
2020-06-20,0.0,0.6129748071586468,0.4767314405286086,0.3395346380707888,0.22701599948830684
2020-06-21,0.0,0.4176098046464958,0.28407432662441123,0.2925059649357799,0.18523839752058324
2020-06-22,0.0,0.1926708597457276,0.07853724628515979,0.24619156814804402,0.14383997469604093
2020-06-23,0.0,-0.002466477445976876,-0.09704264718927665,0.1972334004208878,0.10241950997113347
2020-06-24,8.6,-0.003345426249377215,-0.09839874100905621,0.20918726791480566,-0.009790246974912521
2020-06-25,0.0,-0.17769137286059816,-0.268366388632591,0.16107213588810254,-0.09157622786649508
2020-06-26,0.0,-0.2852740961192786,-0.36856209853522903,0.04921199437049261,-0.13303838180192434
2020-06-27,0.0,-0.3568728325957655,-0.4302913037323422,-0.001212993012107918,-0.17524214208113267
2020-06-28,0.0,-0.48496703342078623,-0.5378341773633885,-0.04931655846476296,-0.218009134354089
2020-06-29,41.5,0.08715997405576038,-0.04791084609535456,0.1549051622894105,0.040760993039432654
2020-06-30,4.9,-0.03510386514759204,-0.154280395046075,0.1310864023333249,0.02642119134106072
2020-07-01,0.0,-0.21230543119865286,-0.3050371838582541,0.07847192603871608,-0.022756312936687048
2020-07-02,0.0,-0.33643013358169643,-0.4141724141520776,0.02583136202703994,-0.07224285383493798
2020-07-03,7.4,-0.3237190033799912,-0.4052091378053093,0.01652585232194275,-0.07078110624955988
2020-07-04,0.0,-0.45108211028965645,-0.5207452690487415,-0.12150696779913506,-0.11730074915155352
2020-07-05,0.0,-0.5394771603462217,-0.6077750114113523,-0.3559721834645143,-0.16191017853566728
2020-07-06,0.3,-0.600961393307244,-0.6606486439019245,-0.41983567921817627,-0.2055938230419503
2020-07-07,0.0,-0.7412453000205393,-0.7812938871319807,-0.46887377364784993,-0.2513137859051458
2020-07-08,0.0,-0.7956438360799376,-0.8455263657424994,-0.5171739359802553,-0.29658485306207194
2020-07-09,0.0,-0.8943056119689962,-0.9400225883115028,-0.5649448418989227,-0.3410113421102137
2020-07-10,68.1,-0.03864947030291812,-0.10386091520527077,-0.22439835695577962,0.003224859325628171
2020-07-11,0.0,-0.2951173684944271,-0.33413409274439665,-0.2700338907461167,-0.04656908817618152
2020-07-12,37.0,0.005211853147609993,-0.06449537210645237,-0.11763712255763487,0.12471923610925081
2020-07-13,121.2,1.5016543416920123,1.1843291867452803,0.42999983752339394,0.7064976875692577
2020-07-14,1.3,0.8463473841215052,0.7646191445993794,0.3937812340508141,0.676534123712299
2020-07-15,9.8,0.6116491127372434,0.603409361782586,0.3972615479187402,0.6875286536366906
2020-07-16,0.0,0.37639597797377405,0.4192036439469299,0.3573365295534477,0.5534029251285023
2020-07-17,0.0,0.2122955769387051,0.2869525938836866,0.317785414894673,0.5202636712886355
2020-07-18,0.0,0.11125101219845318,0.20661520355066657,0.27883170144712893,0.3551823433934246
2020-07-19,0.0,0.019196743984278238,0.12725967342714473,0.24066658219143708,0.32459763232761424
2020-07-20,6.1,0.02561129329046431,0.13127984962828693,0.18932611213789885,0.3251194796103644
2020-07-21,9.4,0.0653576408562258,0.16487518111122706,0.1911741875864755,0.34276646702126506
2020-07-22,19.7,0.22671290377392014,0.29924318487583934,0.24430199090176827,0.4096727781182793
2020-07-23,54.1,0.791795068057367,0.7840561771590647,0.44487132687114417,0.6319208870727869
2020-07-24,21.9,0.7737309272176,0.7728567562931868,0.5015416412350739,0.7008826142777085
2020-07-25,1.6,0.6615869171443315,0.6254326713004347,0.4111067879867485,0.6785850921581505
2020-07-26,0.0,0.5900281685990193,0.5334768143788705,0.3776064537962349,0.6534071509267634
2020-07-27,8.9,0.6343985178425279,0.5551179646872653,0.38314665954172766,0.6684996117838854
2020-07-28,47.8,1.2207412311096528,1.0175703412478316,0.5494763492628317,0.847893076755549
2020-07-29,115.5,2.5441697660761244,2.1350665211558857,0.9672223954821252,1.2791312602636395
2020-07-30,3.2,2.116714464253478,1.8979663527972255,0.9480720067815349,1.267043556108522
2020-07-31,0.0,1.8093699353294133,1.7178357242071547,0.9185298583576692,1.2435990851689347
2020-08-01,2.9,1.6012389945341614,1.5887597410376078,0.8998556593197642,1.137613117679412
2020-08-02,0.7,1.4370009883756396,1.468535153072076,0.8730158065190302,1.1176730183133423
2020-08-03,0.0,1.1979342760055658,1.2897510529919047,0.8419447523841564,1.0923546569112896
2020-08-04,0.0,1.1907437697412966,1.2469630756796237,0.81029545030543,1.0654517569849107
2020-08-05,6.6,1.224053590012219,1.258798795676053,0.8022633995705024,1.0612990324518854
2020-08-06,38.8,1.631544487020874,1.5879491205029272,0.9081711598314447,1.155588902493658
2020-08-07,259.5,4.416649906923678,4.031522829016467,1.714500397206982,1.8920574501317304
2020-08-08,255.5,5.278517375805818,5.200939568937397,2.401617771618838,2.566655838060179
2020-08-09,17.6,4.067158754243979,4.644813817444681,2.410790126174955,2.5723873178186296
2020-08-10,72.3,4.12599856068556,4.870198022093419,2.534266809550312,2.71556020529384
2020-08-11,9.3,3.703196961443016,4.727561191578584,2.5195870613332403,2.6986029846062576
2020-08-12,4.6,3.3107765343810986,4.520495952747258,2.494769938045629,2.672235242879132
2020-08-13,0.0,2.970622236232223,4.253660609667611,2.445852114006374,2.599152678461167
2020-08-14,0.0,2.721843412304897,4.08658417593959,2.3884023101861245,2.5606080911903817
2020-08-15,0.0,2.5115941222407567,3.937059271954307,2.332589295835826,2.5210722325615156
2020-08-16,0.0,2.411321945813804,3.9022382728506493,2.2930470164483028,2.4474482221383362
2020-08-17,0.0,2.0478690199806757,3.5469549195400947,2.255751204724652,2.3995137359436747
2020-08-18,0.0,1.6942039287362551,3.177576962932744,2.219867762574813,2.3615181549303594
2020-08-19,0.0,1.63785383015229,3.0160881685750667,2.178777361594368,2.3254939225549536
2020-08-20,0.0,1.5157214705967919,2.8501935044521907,2.1404232556430878,2.290035292919059
2020-08-21,0.0,1.4563482823066047,2.756125145488559,2.1083840276332206,2.2561189666444363
2020-08-22,0.0,1.3842653033306915,2.626496599504854,2.07597839271657,2.2060901900547387
2020-08-23,0.0,1.350995187372076,2.6055437618957358,2.0282222883189513,2.1771534061248556
2020-08-24,0.0,1.248959192949008,2.5490618405896903,1.9966036030214354,2.1512590099502282
2020-08-25,0.0,1.156937487046443,2.4789658299426915,1.9721969998225748,2.1275609022163504
2020-08-26,33.6,1.3930870368462822,2.6083747524798797,2.0255329053083084,2.181885375263026
2020-08-27,0.0,1.3089698839004078,2.5569282223040695,2.0016962427214673,2.1598431024481735
2020-08-28,0.0,1.1842390553401925,2.46155979008054,1.9781202458651612,2.1384864462197095
2020-08-29,26.7,1.279792465737896,2.4793234238984434,2.0196379737596875,2.169545020991388
2020-08-30,0.0,1.0681647088418391,2.228922457939675,1.996614808873475,2.147573574456668
2020-08-31,10.0,1.1845702469050685,2.307999119395717,1.997425862000291,2.148176025187253
2020-09-01,0.1,1.1380045275327801,2.2762704020690783,1.9744671239436462,2.126823532224534
2020-09-02,49.4,1.7291439422169865,2.7146433770885903,2.0693227082012244,2.2173212853201165
2020-09-03,17.0,1.7959022438974073,2.778398137017915,2.0673587714992374,2.2375489917705544
2020-09-04,0.0,1.622762356534546,2.680113350939014,2.047938746403176,2.2223430048749435
2020-09-05,0.0,1.5683132754289564,2.635543264642518,2.018026099704092,2.2097644751691847
2020-09-06,11.3,1.7076447707842974,2.7536883819548463,2.008975162357259,2.2234426654424664
2020-09-07,30.1,2.0056221438970216,2.940957059514764,2.061014788541727,2.279456176076758
2020-09-08,0.0,1.8869146961722214,2.867215084307691,2.043056728723431,2.2645994853974414
2020-09-09,25.3,2.139975970173568,3.0571168212229307,2.083451705667751,2.312926613046393
2020-09-10,0.0,2.0400766535654578,2.9662599681181274,2.0663125347786715,2.276884581798706
2020-09-11,26.6,2.174842759290506,2.964586135375342,2.1108010172829266,2.2545884243299437
2020-09-12,5.8,2.046239870870388,2.8272631738930794,2.1091071263316143,2.156750064911946
2020-09-13,4.2,1.9486206292130748,2.7679802112438043,2.1040896320069975,2.166346593556143
2020-09-14,0.0,1.731941027214851,2.5770538061960377,2.09105057577465,2.16827879113034
2020-09-15,0.0,1.566700339361465,2.4351177799341013,2.080298751365894,2.168049862220917
2020-09-16,2.8,1.53931634722903,2.4231950670408464,2.0764315751094147,2.1071827606666167
2020-09-17,2.0,1.4593192915019666,2.356059561030859,2.071549251242839,2.113564617949612
2020-09-18,3.7,1.425445915579737,2.307227862612423,2.0717432371423246,2.1305880319789288
2020-09-19,0.0,1.4045909606689964,2.3058005002066393,2.0635392078440473,2.1407065807906225
2020-09-20,0.0,1.4032729424709478,2.3189047809278835,2.05542807761855,2.1523037713455087
2020-09-21,0.0,1.3917411635356582,2.3346868996705537,2.04704260968218,2.164487259596452
2020-09-22,0.0,1.3489421446325582,2.3230016227087686,1.9997736488093878,2.157624143772938
2020-09-23,0.0,1.3633101699411394,2.3543960067927383,1.9810310693673232,2.173178614732915
2020-09-24,0.0,1.3633654539856255,2.3635051044868858,1.9739127048990168,2.1894609522676944
2020-09-25,0.0,1.3745827090569398,2.3810602942674732,1.9669044910807318,2.206939028425454
2020-09-26,0.0,1.3752964012787328,2.381473111395959,1.9600998063037176,2.2256314094631384
2020-09-27,0.0,1.3581585212499283,2.373279680206926,1.9543765209608792,2.1543779612689846
2020-09-28,0.0,1.2987984299944253,2.324512536019867,1.949681596517194,2.166067004555831
2020-09-29,0.0,1.0966645851572963,2.0915612697944943,1.9461566015553973,2.1917581591163553
2020-09-30,0.0,1.1618702835954364,2.120080030638576,1.9439037484400299,2.21903715301692
2020-10-01,0.0,1.1498956658065813,2.10707706813106,1.943074688672982,2.2322346893080343
2020-10-02,0.0,1.1359672220195856,2.1017543803817036,1.9425710801675211,2.263559585239795
2020-10-03,0.5,1.1574955058831213,2.13983520753154,1.9439348765097306,2.2964219196861904
2020-10-04,0.9,1.132372458271493,2.1155373813014693,1.9467396988382482,2.332034351445734
2020-10-05,0.0,1.0998234144980015,2.0893317045136333,1.9475131080182009,2.3668581630848484
2020-10-06,0.0,1.0603656690376102,2.0548912930072434,1.9485801989300477,2.4029571907706013
2020-10-07,0.0,1.052776874875164,2.0625804247947745,1.9501812066847832,2.441584496964957
2020-10-08,0.0,1.0390681389817227,2.06414678771818,1.9397166457172825,2.3215915354975047
2020-10-09,0.0,1.0134998345374129,2.0523381555564804,1.937659867851309,2.357719210563504
2020-10-10,0.0,0.9698753138071065,2.019624445212915,1.9386177676529142,2.304747710961873
2020-10-11,0.0,0.9477555212001676,1.992026807336355,1.9397645047223535,2.0388652031056522
2020-10-12,0.0,0.9192094517417398,1.9710926766021533,1.9402835172799804,2.0716552512169377
2020-10-13,0.0,0.9029886674839094,1.9414996890951497,1.9406101855122844,2.0830337561468593
2020-10-14,0.0,0.9185349251033694,1.9784610328037266,1.8953329695048207,2.1176601999388476
2020-10-15,0.0,0.9140739071024668,1.9794027749339553,1.8975262317875103,2.1555639246357057
2020-10-16,0.0,0.8958570562456969,1.9657610972895874,1.8405007879568276,2.195084055451677
2020-10-17,0.0,0.8983762631379761,1.9760922483121197,1.843720255976121,2.2318801085116187
2020-10-18,0.0,0.8957696249043539,1.9851109117397114,1.84676504037804,2.2536648533137997
2020-10-19,0.0,0.896689235199051,2.0044639987966137,1.8485346305701937,2.265862917216533
2020-10-20,0.0,0.8892679909566841,2.0198947055962995,1.850795843209553,2.2484707630130716
2020-10-21,10.7,1.0962838567488262,2.1892524147252557,1.8765631481835519,2.166020760005139
2020-10-22,0.0,1.0240991098723797,2.1387763680883483,1.8798523428968945,2.1402129164012442
2020-10-23,0.0,1.0061547042271146,2.145333437634694,1.8831326183067914,2.168197395216631
2020-10-24,0.0,0.9635287516896931,2.107162177261464,1.8870053691164093,2.193121342168001
2020-10-25,0.0,0.9347152023344263,2.0862416673980473,1.8908236136137684,2.19236147685183
2020-10-26,0.0,0.9163187784506429,2.076606432985192,1.8946483046950435,2.0802645895147442
2020-10-27,0.0,0.8628001271178588,2.0293120360756296,1.8990336228629785,1.7670446504247026
2020-10-28,0.0,0.8199207357078826,1.9901553843684174,1.9037607580652964,1.7826418110127351
2020-10-29,0.0,0.7975549775120808,1.9857096372918843,1.9082007959810936,1.8060349047831088
2020-10-30,0.0,0.7740553616426071,1.9733771358045622,1.8583511144119136,1.8206486570891838
2020-10-31,0.0,0.7574373326171373,1.9620021553543872,1.8630498239375637,1.8428681747734719
2020-11-01,1.7,0.7905494971239269,1.9921947620426466,1.871112159473147,1.8753359464174177
2020-11-02,0.3,0.7845366662301159,1.9960369194007397,1.8765782709279755,1.9035016982182902
2020-11-03,0.0,0.7676274052960435,1.9846838178422637,1.8812190755848968,1.9116400301914793
2020-11-04,0.0,0.7500122691188088,1.9898317067326918,1.876116747359213,1.8206832553106473
2020-11-05,0.0,0.693221150697068,1.9193079793204124,1.8320872715599703,0.9559296713288843
2020-11-06,0.0,0.676329205771939,1.944001102272839,1.8370325316129799,-0.17423299213164825
2020-11-07,0.0,0.6452955935613506,1.9363506748862862,1.841780340924751,-0.23522304622194148
2020-11-08,0.0,0.6092254195983803,1.9106969890771441,1.8465866085815614,-0.6367756089719407
2020-11-09,0.0,0.5754267027637393,1.9050081324352222,1.8512802654491907,-0.6585646603856755
2020-11-10,0.0,0.5347572300157091,1.8527126135136331,1.8564208518833483,-0.6488347735930056
2020-11-11,0.0,0.5069189280380947,1.8454131778193603,1.829080644637894,-0.6079660223466298
2020-11-12,0.0,0.48533925563517955,1.8629815085506998,1.8338322847908917,-0.5666527357384872
2020-11-13,0.0,0.46357418833164915,1.866382869197342,1.8389284359850122,-0.5244373905914634
2020-11-14,0.0,0.4388897976917432,1.8573744465592121,1.8118874188116103,-0.48267522191409734
2020-11-15,0.0,0.40648563936504184,1.8244606343251462,1.8069065911136235,-0.44045699025146645
2020-11-16,0.0,0.36955910977690404,1.7875210718208128,1.8103373209096638,-0.39784885241568946
2020-11-17,3.1,0.4227833689001018,1.8331345141888695,1.8198670103466124,-0.33503138945236094
2020-11-18,0.5,0.4023467232222421,1.8298630679503962,1.8233902604084604,-0.28802625795522036
2020-11-19,21.1,0.9593464516069464,2.248220907008906,1.8724223356026346,-0.10593592600503533
2020-11-20,0.0,0.8421539424220267,2.1743913860759885,1.8570877018005114,-0.06305139174984545
2020-11-21,0.0,0.7463254438568218,2.0717782656125565,1.8596251439912241,-0.020611249851563398
2020-11-22,1.6,0.7512782420428427,2.100563304735334,1.865409598543845,0.03250086163689706
2020-11-23,0.0,0.7012543812914659,2.084880400320917,1.867923316732048,0.07461373964270071
2020-11-24,0.0,0.6666788872438185,2.091816428143871,1.8701112685938441,-0.11178104896793431
2020-11-25,0.0,0.6179265939811028,2.0512606274555525,1.8732801978394065,-0.06821331070583399
2020-11-26,0.0,0.5538534719565209,1.955809032151018,1.877048062956744,-0.024639724165673473
2020-11-27,0.0,0.5107490629251824,1.945059798773903,1.8732563344983468,-0.18178919239525418
2020-11-28,0.0,0.4555721028837551,1.9180807148639374,1.8765853204214127,-0.13620583769642255
2020-11-29,0.0,0.42298292470653837,1.9132352444882426,1.879470463808285,-0.17126157518651067
2020-11-30,0.0,0.3896899670887735,1.917364690218785,1.8825241684994463,-0.12572190936275052
2020-12-01,0.0,0.3488791024288897,1.885135578191887,1.8866886502537898,-0.5334937079570439
2020-12-02,0.0,0.3119821993341369,1.8637047144251175,1.8910440958863886,-0.6701063279106048
2020-12-03,0.0,0.2647481656200077,1.8300693808572857,1.894948729388333,-0.6306933517004998
2020-12-04,0.0,0.21892522248237634,1.75851137727026,1.9006806294779974,-0.5915199453236689
2020-12-05,0.0,0.17425122650270475,1.7107560174367782,1.9070889877007493,-0.6838843846505872
2020-12-06,0.0,0.1381804992680835,1.6858111795320712,1.9145964669408984,-1.0408589525862921
2020-12-07,0.0,0.10584292705870034,1.69285122952614,1.915923181397608,-1.009263544120594
2020-12-08,0.0,0.0763818765160216,1.7022800751521563,1.9259220882940673,-1.3845491504032772
2020-12-09,0.0,0.04500506312335209,1.6513236057012586,1.9043749419729217,-1.361071597957418
2020-12-10,0.0,0.01813147311950701,1.5919226025473063,1.8375323733046007,-1.8852269972804545
2020-12-11,0.0,-0.007375677152449269,1.5873513656637357,1.7375745148486044,-2.01699048379158
2020-12-12,0.0,-0.032086991014269026,1.574364370602521,1.7522292178033443,-2.120118323283442
2020-12-13,1.3,-0.010572632340371263,1.5617755234692727,1.7705011222459768,-2.0693110635262566
2020-12-14,0.0,-0.0459329116352601,1.4511815207070504,1.7813519919750556,-2.0518204445910344
2020-12-15,0.0,-0.07777545443508352,1.4341256932720647,1.7220001991618494,-2.1115728254275132
2020-12-16,0.0,-0.10704594443266201,1.4277792445567086,1.7220114630128036,-2.1568582767843356
2020-12-17,0.0,-0.1350393714097812,1.4295632671487752,1.7407059918555012,-2.2560675403213195
2020-12-18,0.0,-0.1618681306682729,1.428223174531324,1.7607742092456808,-2.2387584798835682
2020-12-19,0.0,-0.18253544086990584,1.415743729608842,1.7819288092801981,-2.2223598196298
2020-12-20,0.0,-0.20704550898650548,1.375718497461866,1.8038341897758994,-2.206587638290872
2020-12-21,0.0,-0.23185612783602788,1.3419911599677123,1.8075749516178778,-2.191184364185047
2020-12-22,0.0,-0.2561892991399788,1.3251227465917614,1.8326185886509285,-2.179230788924695
2020-12-23,0.0,-0.28282473328565527,1.2866986966915284,1.860331655403443,-2.17211153977867
2020-12-24,0.0,-0.302857532735159,1.2854445009502078,1.8884425855052807,-2.16599651084093
2020-12-25,0.0,-0.31845303296853295,1.276431487931088,1.9189527442490364,-2.1632390173653406
2020-12-26,0.0,-0.3289282815552605,1.2568485338699598,1.85246421529394,-2.1638871474852692
2020-12-27,7.9,-0.05708369207765969,1.4769581234413405,1.8925739245057325,-1.8984291648312261
2020-12-28,0.0,-0.12234852993451845,1.443006120573666,1.9272565014948138,-1.896533957259225
2020-12-29,3.8,-0.03756026383197123,1.4910610777731368,1.9729323541148265,-1.7741684945947407
2020-12-30,5.1,0.0740036243323561,1.591006837446058,2.005718754774922,-1.6190325333032707
2020-12-31,0.6,0.009205273113637226,1.448204234230865,2.047391961313249,-1.6023661471330723
2021-01-01,0.0,-0.059898217864135385,1.4477263736456916,2.0882096880806897,-1.6161151769274618
2021-01-02,0.5,-0.10088237993660286,1.4229785926962955,2.131236898608304,-1.6270830624387278
2021-01-03,0.0,-0.14886642154578553,1.3477613672853932,2.1759423435832326,-1.626108804152623
2021-01-04,0.0,-0.19449265016698716,1.3298717934223132,2.22121677447144,-1.622504514207475
2021-01-05,0.0,-0.23464904256938704,1.2788162297069174,2.2669095390573246,-1.620141035423924
2021-01-06,1.2,-0.2342362684279544,1.292824869675653,2.1454846837445807,-1.580313484187982
2021-01-07,2.0,-0.2070804711015042,1.2979326892752034,2.196006819886487,-1.5160376548997803
2021-01-08,0.0,-0.2582771333831469,1.2528876861833766,2.144603967368615,-1.5164624624464218
2021-01-09,0.0,-0.2999296086677256,1.1932614640876074,1.8609572534264065,-1.515854731967644
2021-01-10,0.0,-0.33899610708862,1.1565416093747414,1.9019053611742431,-1.5161999925989793
2021-01-11,0.0,-0.36721997013217833,1.0968386260553762,1.9203683815481876,-1.5150701069325443
2021-01-12,0.0,-0.40248026634214273,1.0667129042492274,1.9651341673233496,-1.5116151012425911
2021-01-13,0.0,-0.42739590733444005,1.0405490041012175,2.010174873427744,-1.5074910225681135
2021-01-14,0.0,-0.4640635021276714,1.0335937198868144,2.056954718249601,-1.5020728463597641
2021-01-15,0.0,-0.500441031060818,1.0159298263866865,2.103342569171297,-1.4989004272165345
2021-01-16,0.0,-0.5380488211240801,0.9733044067325185,2.114291897719063,-1.5034349515354155
2021-01-17,0.0,-0.5577684282754515,0.9136869836415946,2.1342362738877947,-1.5044802466149372
2021-01-18,4.0,-0.43390223293598423,0.9817667793168211,2.1358544839152187,-1.3760643072360912
2021-01-19,0.0,-0.4887211972776625,0.9002371467910576,2.0185792871279475,-1.7422006869872788
2021-01-20,0.0,-0.5317924664299244,0.8373482394595448,1.9971947096617537,-1.746494074829174
2021-01-21,6.8,-0.3440928085668509,1.0042852364137411,2.059681899296289,-1.512207782530635
2021-01-22,2.9,-0.3300624687231313,1.0087385932835062,2.112812077126883,-1.4146955132033365
2021-01-23,4.0,-0.258416461052053,1.0340581343867072,2.1347512230421724,-1.2801080708824601
2021-01-24,0.0,-0.3299603821427231,0.9533292758095925,2.015359168247905,-1.2722737877409498
2021-01-25,0.0,-0.3807415221774499,0.9115107760604281,1.6563443439983252,-1.2642761402734615
2021-01-26,8.7,-0.10488580230371611,1.1750219150802559,1.7106165342627446,-0.992765611946512
2021-01-27,0.0,-0.15660355055614195,1.113408930242073,1.7436467581536754,-0.9851324572149319
2021-01-28,1.0,-0.14192917641701058,1.0702773489437174,1.7687744388381503,-0.9497067278190363
2021-01-29,0.0,-0.184478503819954,1.017395318078138,1.798022564709711,-0.9437350149143352
2021-01-30,0.1,-0.21124633172212448,0.9658507216206303,1.8333496800522164,-0.9845431333143986
2021-01-31,1.8,-0.16933162299490373,0.9974428719632056,1.8750796589443761,-0.9326703769615646
2021-02-01,11.6,0.22472251454504927,1.3094345778891991,1.928885564778909,-0.59986488864651
2021-02-02,0.0,0.1047450717430272,1.1791323951958748,1.8268149989758267,-0.5899561991320383
2021-02-03,0.0,0.028878216952383195,1.1002912835392942,0.8288658340255992,-0.5792414635139645
2021-02-04,1.1,0.013683642399734202,1.072978757561209,-0.42821534512152887,-0.5412952714912113
2021-02-05,0.0,-0.035635815668573954,1.0047558294353276,-0.495937893428995,-0.5315424434806243
2021-02-06,0.0,-0.07858027472986238,0.9670268997849809,-0.9226403062901806,-0.5209185083984542
2021-02-07,0.0,-0.11748906386962403,0.9327385720088005,-0.9455613771068362,-0.510975653451127
2021-02-08,0.0,-0.15583931508356594,0.9018516322834774,-0.934794707346551,-0.5006362675489416
2021-02-09,0.0,-0.1951153491460097,0.8438038157464587,-0.8915147830059501,-0.4905948289982681
2021-02-10,0.0,-0.24252714400030193,0.7912534903865913,-0.8485107716460308,-0.4809788406737563
2021-02-11,0.0,-0.3006393085724894,0.7617497335084529,-0.8031794964917436,-0.4717234220176457
2021-02-12,0.0,-0.347752988744455,0.7220235215582969,-0.7578343089681928,-0.4636449748457708
2021-02-13,0.0,-0.41045203799974617,0.6893586906925349,-0.7137905942447402,-0.4523724556083089
2021-02-14,0.0,-0.47731247714711433,0.6353605002478554,-0.6688957650489364,-0.4429194687586641
2021-02-15,0.6,-0.5163857287149092,0.5883899443590435,-0.620458800521701,-0.4991957812419494
2021-02-16,0.9,-0.502243070126315,0.5251283429066597,-0.5702193854807553,-0.47962082471035583
2021-02-17,1.5,-0.507491201401162,0.5136767704120729,-0.5144549519958556,-1.0120744734728824
2021-02-18,0.2,-0.5319753987877328,0.44051785260177323,-0.4674325382729424,-0.9922395655613643
2021-02-19,0.0,-0.5674046342060841,0.4070389342664056,-0.4237918868043565,-0.9792556226433653
2021-02-20,0.0,-0.5973985251846781,0.354437861049492,-0.3822372061562528,-1.0140095902779624
2021-02-21,0.0,-0.6971936430584034,0.3294876053546363,-0.34020143125527186,-1.0026725910801064
2021-02-22,0.0,-0.708912626441242,0.27464243079186496,-0.5550159875521594,-0.9936567001149242
2021-02-23,0.0,-0.7046776920834495,0.22122472775577953,-0.5147305263864111,-0.986008749512844
2021-02-24,0.0,-0.7434871136645897,0.1751880922986688,-0.47413708262053283,-0.9796123979333643
2021-02-25,14.8,-0.3063965241811423,0.6199075740262001,-0.5318548628055523,-0.5782487701323692
2021-02-26,0.0,-0.4182935456628462,0.5261090045220994,-0.49168938232100784,-0.5818685612658446
2021-02-27,0.0,-0.49539331507991446,0.4495954715533326,-0.536618246818262,-0.5865951646120993
2021-02-28,0.4,-0.5399825248277177,0.3845102188207903,-0.49403218629991763,-0.5825361840190257
2021-03-01,39.7,0.7732329948136772,1.5663834511792012,-0.5413475901160303,0.27418015016993874
2021-03-02,0.0,0.5121375410461603,1.3297160956929908,-0.6632791169273629,0.265918552567043
2021-03-03,0.0,0.36321921928984896,1.1848118347301686,-0.6275602857227767,0.2561186236617782
2021-03-04,8.9,0.5602407272734593,1.3263846755628281,-0.5056822187767004,0.41223815874773473
2021-03-05,0.0,0.4377369710777334,1.211646953711713,-0.5844785400920657,0.40093589145535813
2021-03-06,0.0,0.3550221543406989,1.1616827670496264,-0.8750798615513418,0.39062856170290894
2021-03-07,0.0,0.2723186514177138,1.0905073886516494,-0.8492197793490912,0.37961646389482584
2021-03-08,0.0,0.19200419283304124,1.0058004541281838,-1.1278018524000792,0.3678764963528353
2021-03-09,0.0,0.11965292652565708,0.931833824267354,-1.1111640847160529,0.3549627410153696
2021-03-10,0.0,0.05351714151421564,0.8811420493875083,-1.4561023578121755,0.3412787195930368
2021-03-11,1.6,0.04256641024132217,0.8613084303589151,-1.5105801187052392,0.3567113662675082
2021-03-12,16.2,0.5620914428784336,1.325450591745402,-1.3309986356817354,0.627838429198007
2021-03-13,0.0,0.39222570335567863,1.1664744344029685,-1.3220074667963204,0.59197738015933
2021-03-14,0.0,0.28820017309406915,1.088048011279657,-1.3128710658659681,0.5772834964212928
2021-03-15,2.4,0.28011296496922733,1.1617987352231627,-1.3101153266733414,0.6030903973832226
2021-03-16,3.5,0.2995314119772994,1.1831564756282609,-1.2771157218462623,0.6484791123540896
2021-03-17,0.0,0.17528626311938741,1.0376287303391345,-1.3244709450446268,0.6341253285998688
2021-03-18,0.0,0.0808927728627873,0.9309981174353292,-1.3163719259186744,0.619155901789787
2021-03-19,0.0,0.001499303899083573,0.8631441858171278,-1.3080812607332237,0.6034832168664305
2021-03-20,11.1,0.3260429491875545,1.1887641706667074,-1.1269319532520141,0.7736140210149123
2021-03-21,0.0,0.20612830100762264,1.0286734490905491,-1.1200140592741055,0.7564469858280792
2021-03-22,0.0,0.12293131187852994,0.9020903087037418,-1.1151805416884795,0.7351298343789557
2021-03-23,0.0,0.05409164372526482,0.7705248478246491,-1.1135186340254357,0.7123750840363744
2021-03-24,0.0,-0.010046603571932908,0.8366847590746741,-1.1105200532722481,0.6898448500368364
2021-03-25,0.0,-0.07209862714134556,0.7685765436891895,-1.1069205065504957,0.6667876658204398
2021-03-26,0.0,-0.12865353068981364,0.6984472787119954,-1.1085619596479654,0.643429678301067
2021-03-27,38.5,1.2655108951565417,2.021508727691273,-0.5085023661021023,1.1194161113094476
2021-03-28,0.5,1.0376932060251527,1.8044810393051582,-0.4975046193924252,1.1048033388078486
2021-03-29,0.0,0.8317632555596183,1.5763382191120097,-0.49585198962395144,1.0191650661377614
2021-03-30,0.0,0.7220590157978864,1.4544797500545024,-0.4956252287264659,0.9096621627581322
2021-03-31,0.0,0.6157690667247588,1.3658935938887578,-0.4964025958597623,0.8727327246375196
2021-04-01,0.0,0.5057756078804719,1.2448824068952784,-0.5053537732679718,0.8453966208568897
2021-04-02,0.0,0.42437002413399755,1.2030055740915488,-0.5210542343366384,0.8074417751849119
2021-04-03,11.6,0.7528314959475992,1.5084818509724842,-0.3476021463876744,0.9604262314483494
2021-04-04,3.3,0.6756785900286774,1.406128347728722,-0.3032544932311671,0.9817072967908274
2021-04-05,0.0,0.5087638431976054,1.2040672830850094,-0.30948405841443016,0.951583540225867
2021-04-06,0.0,0.373464510648625,1.0204930459133545,-0.316985642261713,0.9035164352847466
2021-04-07,0.0,0.3067654643977709,0.96279264115902,-0.3256906105887062,0.8422086579532929
2021-04-08,0.0,0.23910925707402553,0.9054923864762944,-0.33552046909832545,0.8109398805743625
2021-04-09,0.0,0.1794538827761325,0.8504215483988837,-0.3446817326044663,0.7796148429050231
2021-04-10,0.0,0.13092831522837162,0.8090376347673619,-0.3530859910550869,0.7482982628993908
2021-04-11,0.0,0.06590902447684406,0.7617350265232424,-0.3626569253698934,0.716261487291247
2021-04-12,16.9,0.6471065642575328,1.2866273218556812,-0.12988607917649264,0.9325769636629784
2021-04-13,0.3,0.49037688482164876,1.137182268052528,-0.13637381793128378,0.9037271493292106
2021-04-14,0.0,0.3724013229034779,1.0372590393170462,-0.14859600073266077,0.8700230168798845
2021-04-15,0.0,0.2529198304514371,0.9221385630674044,-0.16255489231805267,0.8355356965522748
2021-04-16,0.0,0.13840714424565248,0.788283271636548,-0.17958642452420978,0.7997760450718138
2021-04-17,0.0,0.04288368011098172,0.5997206098825941,-0.19714754517647176,0.7647488633455123
2021-04-18,0.0,-0.03844835915692251,0.5330789499136491,-0.21503747920252547,0.6737481266393022
2021-04-19,0.0,-0.13107828844571226,0.4634316226671614,-0.37926167000297106,0.6398414885034334
2021-04-20,0.0,-0.19184017956193236,0.39271716101870086,-0.39921257968490803,0.6051957653184598
2021-04-21,0.0,-0.23200983476515472,0.30020431364797767,-0.4203115017394405,0.47148577008466425
2021-04-22,0.0,-0.3590288538903089,0.26468726348409327,-0.4386340926812622,0.3939243731194195
2021-04-23,0.0,-0.4044204081083322,0.1910055702045914,-0.45520145397816275,0.3013282521161683
2021-04-24,0.0,-0.43240427426172867,0.11002968094482675,-0.4726444370335446,0.2671496385175631
2021-04-25,0.0,-0.4760785895746871,0.0384166537349627,-0.4908993054785062,0.23318634567676674
2021-04-26,0.0,-0.5347873710515019,-0.03822819901127345,-0.5100642017584516,0.07214645852693466
2021-04-27,0.0,-0.6152170358942699,-0.12527272907209436,-0.528692831171503,0.03908404227176944
2021-04-28,0.0,-0.6529684110400454,-0.2128179225821136,-0.5484467624516973,-0.00944055804262346
2021-04-29,1.8,-0.6213513780955502,-0.2356412099542184,-0.5460546479359942,-0.01690055312230425
2021-04-30,0.3,-0.7173232859171812,-0.34076952802149907,-0.5850647540473226,-0.04667286089609483
2021-05-01,12.8,-0.2980656195154253,0.012838047035515969,-0.44776386260471257,0.07459146456300604
2021-05-02,0.0,-0.4080334447942266,-0.12236221981397691,-0.4694519928634612,-0.1205084700378558
2021-05-03,0.0,-0.47659093732806684,-0.21473725855958126,-0.4909470206543262,-0.1524377843255105
2021-05-04,13.6,-0.32259285958220857,0.13475575636836054,-0.34615063384896855,0.003596532604274195
2021-05-05,0.0,-0.47984973512744655,-0.030840972814739662,-0.3664124028652055,-0.04195829252180245
2021-05-06,0.0,-0.586370594403965,-0.1590018248943608,-0.3858859321328385,-0.07158198608949069
2021-05-07,0.0,-0.6001527867536124,-0.23976109545443988,-0.40428256569791254,-0.10023318675910926
2021-05-08,0.0,-0.6961415119469335,-0.3475552338518148,-0.4207349188634402,-0.12667529690116278
2021-05-09,0.0,-0.7998071628181349,-0.46136260512707944,-0.4366977764650183,-0.1523809383252337
2021-05-10,0.0,-0.8882045705768833,-0.5367928349839038,-0.4520870636634127,-0.17726507732098878
2021-05-11,0.0,-0.8848544017679714,-0.5617750736855963,-0.4668528534211704,-0.20085624062037302
2021-05-12,0.0,-0.9684266957450969,-0.6457689184702905,-0.48126860516633546,-0.22391117978289268
2021-05-13,0.0,-0.9496526920506819,-0.6460277233601576,-0.4952772322679592,-0.24558023616008517
2021-05-14,0.0,-1.062527785568582,-0.7436489875016158,-0.5092332617675724,-0.266070670755511
2021-05-15,30.2,-0.37091761648147237,0.03680024150040244,-0.1832586376285538,0.0978723730637887
2021-05-16,59.6,1.3605838403988413,1.7415241359037403,0.3838527060227967,0.7393599910810249
2021-05-17,1.4,1.0190707697066794,1.400080220551266,0.3781325777736847,0.7247083971315398
2021-05-18,0.0,0.7216481299802907,1.0914425032248554,0.1550526477405846,0.6882947062571475
2021-05-19,0.0,0.499158717242518,0.842612961424522,0.14171904637659552,0.66670110521925
2021-05-20,11.2,0.7327083188801979,1.08059041468305,0.24046644625465732,0.7625949987180588
2021-05-21,0.2,0.6397745445268175,1.0084656351601142,0.21418015640493035,0.747738781162114
2021-05-22,0.0,0.5458833085774588,0.9143658676075582,0.20278743054840118,0.7325793157032005
2021-05-23,0.0,0.49030064169594495,0.8722350505118891,0.19216794338854082,0.7190167157582357
2021-05-24,0.4,0.4403090892434633,0.8283747977998246,0.1844153431323166,0.7091324921407586
2021-05-25,0.0,0.3581860854040547,0.7344182417630338,0.1709781630461022,0.6944282177926185
2021-05-26,0.0,0.29072949740557136,0.6526881497393101,0.15643591991437328,0.5311454528722642
2021-05-27,0.0,0.2158857313935804,0.5865409926664433,0.1425758165106491,0.5177032809471278
2021-05-28,10.0,0.5321989815866268,0.9061131013499729,0.22449868131913991,0.6048137228704058
2021-05-29,0.0,0.35867137954591194,0.7026190978866409,0.21159937540946244,0.5898618840016117
2021-05-30,0.0,0.20580189695479123,0.5029089409812653,0.19806880667056054,0.16682855449782596
2021-05-31,0.0,0.08183259883994155,0.390070494968879,0.18466199392317226,0.15618051129195906
2021-06-01,0.0,-0.026031051044794515,0.266718422303003,0.17160595626941624,0.1467662737085919
2021-06-02,0.0,-0.11169586993222931,0.15894420251958238,0.15830732036388095,0.04017840673349769
2021-06-03,22.7,0.6018175743781271,0.8767740574962832,0.35263696267983025,0.2736926836910002
2021-06-04,1.4,0.465170253449907,0.7460898816194483,0.350058769337641,0.2770305467259229
2021-06-05,0.0,0.35583466590449064,0.6493542151184913,0.33238330117801734,0.26330366496874086
2021-06-06,0.0,0.2185394319878326,0.49955279066427305,0.31496663938920455,0.2501816549352507
2021-06-07,0.0,0.07362110619329854,0.3530747972476628,0.29600219366189884,0.23575667805979006
2021-06-08,0.0,-0.06326703682776315,0.20352279385020455,0.2740863398405635,0.2183156798746374
2021-06-09,0.0,-0.14141304540316357,0.05933606342218869,0.24952663699885652,0.18165125121364759
2021-06-10,9.7,0.0412956744378911,0.24114994144289964,0.3049150293703219,0.09107291914718527
2021-06-11,27.4,0.7491846356682108,0.9139515465278555,0.4908185878556686,0.3375629333491571
2021-06-12,0.0,0.5456152555672804,0.7137638820910318,0.45562589948549126,0.30721356948408857
2021-06-13,0.0,0.42598980597964,0.6060525951713363,0.41783765527633704,0.25132687603738846
2021-06-14,0.0,0.3030770470477725,0.48696564063303854,0.37969474537733355,0.18484759296559267
2021-06-15,21.2,0.8944407887917366,1.0564295564980388,0.5043622539304958,0.344825439622823
2021-06-16,0.0,0.6742991493112515,0.8408529089078975,0.4614686858596808,0.30618891597935366
2021-06-17,0.9,0.5158397314869946,0.6763328485281264,0.42585310003128096,0.27604490666410425
2021-06-18,4.1,0.5033916515931898,0.6684787407558057,0.41320609837421457,0.17749570452024493
2021-06-19,0.0,0.2668735530688199,0.4104635277477771,0.3690295450744272,0.13930326260520037
2021-06-20,0.0,0.07920165417536441,0.17965589844044502,0.3239409304418767,0.10105638176083798
2021-06-21,0.0,-0.055217214312273284,0.04916477732606193,0.27803384495791106,0.062089827234713554
2021-06-22,0.0,-0.20403421451037126,-0.09769121824514865,0.23171007998834234,0.021919829825097725
2021-06-23,0.2,-0.32556425133390055,-0.236508542951791,0.1873480333686142,-0.016687456587166683
2021-06-24,0.0,-0.3977702104317234,-0.3232171437661764,0.14166290522118738,-0.056873795337515305
2021-06-25,6.4,-0.3706382962509821,-0.3083111830241897,0.0869867928202378,-0.36929235592050885
2021-06-26,0.3,-0.5206436781380579,-0.4468125228110899,0.042514832508489316,-0.4072503847077382
2021-06-27,0.9,-0.5633027210550392,-0.5019876030815128,-0.023600349200820794,-0.43667540886626277
2021-06-28,18.8,-0.30532522144940594,-0.2741838792726123,0.017386788232688265,-0.31855783882697664
2021-06-29,1.1,-0.4478299372266514,-0.394156075452064,-0.027770066636732867,-0.3508204423457555
2021-06-30,3.0,-0.5239058920709272,-0.45701379540638165,-0.058327611676634826,-0.3692344221501102
2021-07-01,0.0,-0.6150109944415406,-0.5449313328572305,-0.11145098554291001,-0.4126004316043699
2021-07-02,0.0,-0.7356631068112113,-0.6541569500868885,-0.1616481208314835,-0.5483032449288302
2021-07-03,27.0,-0.34725008378632455,-0.31912384697357227,-0.05214553149862141,-0.41304326159310417
2021-07-04,1.6,-0.4673759094568724,-0.4316727465133084,-0.09352853516615157,-0.44667511326605625
2021-07-05,29.1,-0.12583023318118208,-0.1254789081173456,0.014117691930177942,-0.28458383294132245
2021-07-06,119.5,1.4320884331276171,1.2545945535041896,0.5711678815496803,0.408178884180247
2021-07-07,17.9,1.061327294605934,1.0805637697887518,0.606163205902401,0.4599349980652185
2021-07-08,0.9,0.7806934013238112,0.8919822860417673,0.5606791654549763,0.4187932956921279
2021-07-09,4.2,0.4965109373165638,0.6739411490231615,0.5314799372313589,0.39607627162366793
2021-07-10,0.0,0.2551795353989687,0.46272289296353847,0.4829497549667658,0.3514254262376291
2021-07-11,0.0,0.03031504602238463,0.22627520615693428,0.4362004182713132,0.2164854650521485
2021-07-12,0.0,-0.13634500743134031,0.07418095540932666,0.39067600254623075,0.17380168941657165
2021-07-13,0.0,-0.310053212154467,-0.10263248694496345,0.34656078800213,0.1346627386417901
2021-07-14,0.0,-0.44411897073509826,-0.24222562411300053,0.30376631180505087,0.09737356748837064
2021-07-15,0.0,-0.5265312251171953,-0.33979798689633894,0.2615542281491708,0.06112148043021039
2021-07-16,1.4,-0.5747884602051787,-0.39130837111662364,0.22687835931419204,0.03366902035550372
2021-07-17,0.2,-0.6682570034142444,-0.474802721500696,0.1689495467437178,0.001104614428291144
2021-07-18,0.0,-0.6957970195679779,-0.5170384601386303,0.12923740802997152,-0.032120886062259164
2021-07-19,0.0,-0.7812808938672039,-0.5893391903193195,0.08996267767360668,-0.06498745563034605
2021-07-20,0.0,-0.8333698945470587,-0.6405029743087114,0.019131842006647384,-0.09622820231240302
2021-07-21,0.0,-0.8823759535524597,-0.6792750624822711,-0.0324201112267879,-0.12693883820811375
2021-07-22,0.0,-0.9513171044250387,-0.737035968498814,-0.08833418316933551,-0.15636696086433316
2021-07-23,0.0,-0.9687420763945029,-0.7665816595988527,-0.12486127571443342,-0.18538324959463268
2021-07-24,0.0,-0.9434197450544327,-0.7636536551631374,-0.16194088455153066,-0.21490355248159915
2021-07-25,0.0,-0.8729768675630444,-0.7376690346786465,-0.24113341583656916,-0.2435776071775812
2021-07-26,0.0,-0.9446253669219093,-0.7641441492181003,-0.2783035418039815,-0.2726262897941403
2021-07-27,0.0,-1.0467013851983287,-0.823102823756752,-0.31687552229145555,-0.297356199667937
2021-07-28,0.0,-1.0972363784586523,-0.8707324469201548,-0.3490836980913361,-0.33047965854384914
2021-07-29,0.0,-1.1403169048897237,-0.9068260816641474,-0.38072312402237146,-0.3542339031360322
2021-07-30,0.4,-1.1140172208993453,-0.9130217867201836,-0.4180444187819692,-0.4445380781179466
2021-07-31,25.4,-0.825603359162966,-0.6718188501690192,-0.3783823327220443,-0.3218687525839631
2021-08-01,1.0,-0.9147853595280663,-0.7529117859713289,-0.40010203562370833,-0.3338121238338905
2021-08-02,45.3,-0.3271381298069826,-0.2693119901305113,-0.21404903840354694,-0.1837948028893999
2021-08-03,9.9,-0.33183515472931774,-0.2780247783539443,-0.1997370169907752,-0.15001679356901015
2021-08-04,0.0,-0.3998554924801988,-0.351399044997974,-0.2258971410981958,-0.16744122931855968
2021-08-05,0.0,-0.5298786774832192,-0.4498706681442809,-0.25237687875125475,-0.1853404466971202
2021-08-06,59.4,0.0217691190028395,-0.02514374781939794,-0.02130869256590623,0.07921042096895894
2021-08-07,0.0,-0.2083288886954069,-0.22444449775010494,-0.04914872174848309,0.05815195480388066
2021-08-08,5.0,-0.2495749338408985,-0.26907542545909396,-0.05591735288425615,0.05944348769971714
2021-08-09,0.0,-0.3142575668384747,-0.31919166109632596,-0.08293571824449564,0.038435943034925486
2021-08-10,0.0,-0.4116340146903549,-0.3831162798832076,-0.1100873346801194,0.01707349970399143
2021-08-11,0.0,-0.504232297135871,-0.4454364513478421,-0.13719059536666697,-0.004671639184199552
2021-08-12,0.6,-0.5914562745646962,-0.5146172983510854,-0.1617738657714675,-0.024046579240210773
2021-08-13,4.0,-0.6024257366067358,-0.5297571934846529,-0.17235866723375656,-0.16240766557661535
2021-08-14,12.8,-0.5115984579683465,-0.4631371321838116,-0.15033551843173432,-0.4007299386056794
2021-08-15,13.7,-0.439419696224866,-0.4150007933336792,-0.12688792121193448,-0.3646625689185363
2021-08-16,0.0,-0.5379075771875774,-0.4956986069737216,-0.16097815281658387,-0.3867088525179017
2021-08-17,17.2,-0.42437696361681027,-0.4151117520032284,-0.12206207639325306,-0.33001710283927
2021-08-18,22.7,-0.23372177912101105,-0.2779577574832933,-0.06256119955355688,-0.30091918726764827
2021-08-19,19.2,-0.13761517787804697,-0.20827306280829644,-0.017751911557751864,-0.24039747832819583
2021-08-20,0.0,-0.2803008353798906,-0.3217059511797495,-0.04497591951069043,-0.2631953314811718
2021-08-21,19.9,-0.16160022977226027,-0.23402675614765242,0.0006043140963567186,-0.20363705412963715
2021-08-22,0.0,-0.28404658949064093,-0.33448475743044553,-0.026984463599901826,-0.22933777529890834
2021-08-23,30.6,-0.11741244883844568,-0.13595409489368715,0.056709476652582434,-0.1275724572736216
2021-08-24,29.6,0.10569648037499779,-0.05943127907706944,0.08366372738683105,-0.03305445196197016
2021-08-25,10.7,0.06238562615053476,-0.09818353438174421,0.09634949974923802,-0.013748734031056897
2021-08-26,0.0,-0.08550898322922929,-0.2166846958670245,0.07253612982791435,-0.072576668161637
2021-08-27,10.6,-0.0750119686792807,-0.20618379237260726,0.08412576460881624,-0.053588664134053
2021-08-28,0.0,-0.21508912871571687,-0.31837098827539956,-0.07877338690514238,-0.07463808412588135
2021-08-29,24.6,-0.020745245865653,-0.17151975817848217,-0.014384968312681608,-0.0026280479547158555
2021-08-30,1.9,-0.12854680881413458,-0.2540017739135829,-0.029909119231656515,-0.015669641639419335
2021-08-31,0.0,-0.22014658007556903,-0.32668484515847807,-0.08304376293725721,-0.03551200921897702
2021-09-01,45.7,0.222114666720683,-0.005169364846479622,0.05312140595369778,0.028921013498570517
2021-09-02,3.4,0.12427528995758842,-0.09455875004695398,0.0437478221293783,0.01801846382037832
2021-09-03,1.3,0.03675660375223556,-0.17002905158803241,0.027620196755514536,0.005615701443659476
2021-09-04,0.0,-0.05501237011301259,-0.24096939164042266,0.008442096869073348,-0.010253081459577875
2021-09-05,1.1,-0.11038011575152712,-0.2839258915660271,-0.005760495842323948,-0.02049487985308576
2021-09-06,2.1,-0.15128552335620396,-0.3126032072788608,-0.01565928893555321,-0.025335498589439044
2021-09-07,2.4,-0.19510612411426695,-0.3456961833538511,-0.029594419980206583,-0.027854903691607123
2021-09-08,0.0,-0.23491120167006307,-0.3733616324714949,-0.09992893346033792,-0.07127855937225896
2021-09-09,0.0,-0.2815160704980924,-0.4143742416642831,-0.11527665270112919,-0.1784191060510744
2021-09-10,0.0,-0.33570597036831107,-0.4574917480127391,-0.12895471406578254,-0.18359146942327684
2021-09-11,0.0,-0.3952612881021701,-0.503643927873699,-0.1495763034087308,-0.1864181943719188
2021-09-12,0.0,-0.42522186774635545,-0.5127009563613922,-0.1730793548607275,-0.18761520891543673
2021-09-13,0.0,-0.4693222625379697,-0.5421467180624427,-0.18407884997780877,-0.2660981770511291
2021-09-14,2.5,-0.4759525823941758,-0.5527979055767255,-0.18540476673784143,-0.25369488352435693
2021-09-15,0.0,-0.49352091699120193,-0.5685938461600395,-0.19441058879845005,-0.25307171723943694
2021-09-16,2.0,-0.49434206329423713,-0.5723218930845532,-0.2333774639777975,-0.25599131672549147
2021-09-17,3.2,-0.49070882004745725,-0.5726477621594459,-0.2305217044393516,-0.23798450135089172
2021-09-18,0.0,-0.5088364013577885,-0.5917943617044861,-0.2374988309549684,-0.23026718986685868
2021-09-19,0.0,-0.5349063301320262,-0.6112668112355216,-0.24378291334337712,-0.22090120018351053
2021-09-20,0.0,-0.577108110684268,-0.6486806601062921,-0.24962066906351862,-0.2101783191895068
2021-09-21,32.0,-0.20194413482193746,-0.34040706885658156,-0.1482455970173827,-0.08120026080478882
2021-09-22,1.9,-0.26619257265603263,-0.3979525273305789,-0.1465225479810152,-0.061565792636462495
2021-09-23,0.0,-0.32061294331726853,-0.44851535108786916,-0.27810761385580096,-0.07168875723724591
2021-09-24,0.0,-0.3579858879871785,-0.48235227965285565,-0.2836331492436191,-0.05750854810162471
2021-09-25,0.0,-0.3841161079141446,-0.5049317572096735,-0.2868874206362399,-0.04348390328738118
2021-09-26,0.0,-0.40215193622358664,-0.5200945238307364,-0.2900276106674661,-0.09390812245831914
2021-09-27,0.0,-0.41630865747453205,-0.5310302470976133,-0.29275087926336507,-0.07799733255419214
2021-09-28,0.3,-0.4372471448867062,-0.5485342754869396,-0.29409698441408144,-0.06569952185640111
2021-09-29,31.2,-0.14705839545304508,-0.17628251332958456,-0.19359370641281667,0.07229263225574992
2021-09-30,2.0,-0.20252071119142198,-0.2194427557632774,-0.2264285577961872,0.1052832034583955
2021-10-01,0.0,-0.3041006230209773,-0.2870654161955777,-0.23826015102027723,0.034378932608335785
2021-10-02,0.0,-0.36836564674372535,-0.33601907865202857,-0.23887663907507029,0.05628915657131202
2021-10-03,0.0,-0.4138311942841317,-0.3723196480678125,-0.23883212948085963,-0.024669670081708107
2021-10-04,0.0,-0.4605251247553725,-0.4061885105661408,-0.23805733197057113,-0.4841899006499121
2021-10-05,0.0,-0.4822445515021964,-0.42415754288653584,-0.23696189166738882,-0.5348959422733266
2021-10-06,0.0,-0.503966330213888,-0.4411440296928752,-0.23565752232247886,-0.5096020349403513
2021-10-07,0.0,-0.5205045146152479,-0.45491437896963466,-0.2338836992967695,-0.49849286336272147
2021-10-08,0.0,-0.5488153589301732,-0.4753758537812015,-0.23181847074583495,-0.46832665327400497
2021-10-09,0.0,-0.5789703454218303,-0.4973636286632272,-0.2850532770795906,-0.4382143019930565
2021-10-10,2.1,-0.5608172659530147,-0.4833622595789096,-0.27596594679239006,-0.39767030368844025
2021-10-11,9.9,-0.401825032732433,-0.3575799442622562,-0.23988645311758544,-0.3219071431175162
2021-10-12,5.9,-0.34487803123706084,-0.30731266082423986,-0.2170797612239385,-0.2651911127534094
2021-10-13,0.0,-0.38650191767308045,-0.34157551081380094,-0.21301518275640832,-0.23522129941016737
2021-10-14,0.0,-0.403114112519116,-0.35319890658836905,-0.20901281541331954,-0.21200776742820485
2021-10-15,12.3,-0.20181600933720498,-0.1893339640804903,-0.16535169304052294,-0.1281846577259214
2021-10-16,4.3,-0.3082438282250321,-0.16072756592890547,-0.14724081044470624,-0.07883732956433535
2021-10-17,0.0,-0.3504694358821683,-0.18837298104536884,-0.1423684753990489,-0.04787342826662988
2021-10-18,0.0,-0.3774236573940183,-0.20687154830922647,-0.13670137423858095,-0.016081988551646064
2021-10-19,0.8,-0.3906342252216882,-0.21277812735870252,-0.12854929863789355,0.018857755388973788
2021-10-20,0.0,-0.42033130089830734,-0.23172145710539155,-0.1228568055431989,0.04968394042184678
2021-10-21,0.0,-0.4514555555410372,-0.25168997813708105,-0.11694500925727876,0.08161753297406216
2021-10-22,0.0,-0.48266133189139887,-0.2702052679777404,-0.11089179801938003,0.11501240944146958
2021-10-23,0.0,-0.49750675587514187,-0.2838580961253168,-0.10449059094007661,0.14921940215521098
2021-10-24,0.0,-0.5267893572963566,-0.30149733046135074,-0.09827777009682827,0.1843204484922669
2021-10-25,0.0,-0.5449389367081001,-0.3145917163491504,-0.09170026558577128,0.21675486310198042
2021-10-26,0.0,-0.5653229478530348,-0.32863215365728987,-0.09061403691990727,0.24831836578515712
2021-10-27,0.0,-0.5939419089292316,-0.3452423733009025,-0.08471526154626377,0.27980082305930504
2021-10-28,0.0,-0.6053393172667072,-0.35913295044852783,-0.11815115137909361,0.3096260658314608
2021-10-29,0.0,-0.6232095669047758,-0.3744790358428741,-0.11125285071183529,0.22540176146419225
2021-10-30,0.0,-0.6471310714176398,-0.39132239358318127,-0.10438261950043533,0.2499282185340573
2021-10-31,0.0,-0.6663363460951138,-0.4064497306538401,-0.1404335669992986,0.06799230284599839
2021-11-01,0.0,-0.6797374757211736,-0.4160015216522541,-0.13350890092652312,0.04969196205160792
2021-11-02,0.0,-0.692514289235984,-0.42200308841880785,-0.1267686215149974,0.08044347855040526
2021-11-03,0.0,-0.7036777971116179,-0.42884132814322873,-0.1205123147225783,0.11220727364541627
2021-11-04,0.4,-0.7129641343968776,-0.43195998957012655,-0.11343108553089903,-0.1528156034092964
2021-11-05,0.0,-0.7391638653287933,-0.44914140824135085,-0.107820504859676,-0.1183383707179237
2021-11-06,0.0,-0.7415578496938703,-0.45610770047351773,-0.10243732344378925,-0.10985596801686898
2021-11-07,0.0,-0.7940602370993659,-0.489218674629564,-0.09723016613858554,-0.07504028429254543
2021-11-08,21.2,-0.2921345182141032,-0.06465182384587148,-0.02519769402180621,0.07112348453900652
2021-11-09,0.5,-0.3856791102717169,-0.13012089869277946,-0.018795501144910493,0.10972480916068507
2021-11-10,20.6,-0.2362627712835859,-0.4550474166667943,0.05002225523552284,0.2460412146141828
2021-11-11,7.3,-0.18848404288172857,-0.4024717519041129,-0.01655219898904463,0.2991755847665642
2021-11-12,2.2,-0.2523842455892059,-0.4456277323713457,-0.19576498694064576,0.28569682244754063
2021-11-13,0.0,-0.3527298678982013,-0.5291589603156662,-0.19599002114272177,0.2573481336761116
2021-11-14,0.0,-0.43314089595860156,-0.5793544966923455,-0.19144770001035838,0.2988254992887116
2021-11-15,0.0,-0.500373815582281,-0.6211678774472875,-0.18688501355157955,0.25321029156415736
2021-11-16,0.0,-0.5486060168920791,-0.6484025771236945,-0.21918820346818174,0.17608895378142145
2021-11-17,0.0,-0.5946774996159798,-0.6750789161207686,-0.2154021341334481,0.1138180865149743
2021-11-18,0.0,-0.6428469120015976,-0.7038867837678531,-0.21124006629360242,0.15698506538040907
2021-11-19,0.0,-0.6770029533798855,-0.733060673470625,-0.2076644959002127,0.08807484141387058
2021-11-20,0.0,-0.7044066078858393,-0.7454569507968799,-0.205387880140115,0.13336350529347968
2021-11-21,0.0,-0.7319816909866803,-0.7740599613469746,-0.20127224316508038,-0.008488970084602615
2021-11-22,1.9,-0.6934726768236418,-0.7411636550998247,-0.19043680182918266,-0.14657769333436066
2021-11-23,8.5,-0.5764517580678737,-0.5847930305158066,-0.1583058086713623,-0.11965509357647157
2021-11-24,0.0,-0.666266002262588,-0.6485159507309537,-0.18658003843055615,-0.07889523478448258
2021-11-25,0.0,-0.7478167293754185,-0.7036115419619922,-0.182540397277327,-0.1110659978431151
2021-11-26,0.0,-0.7825854854808532,-0.7385429051843605,-0.17843948150734756,-0.06749205101544252
2021-11-27,0.0,-0.7887102097989953,-0.7497130468141461,-0.17427211703408613,-0.20913005150770647
2021-11-28,0.0,-0.8366603382711663,-0.7955826112935507,-0.1700860745895225,-0.17941877953713972
2021-11-29,0.0,-0.8658042053534941,-0.8354280900855754,-0.1657825378343846,-0.13381438982767568
2021-11-30,23.2,-0.258348620395764,-0.5017101496220709,-0.1595821037664097,-0.27443551534280525
2021-12-01,1.5,-0.3732534933389805,-0.6005764373650961,-0.15441178188519775,-0.24554474686023628
2021-12-02,0.0,-0.47928812002802684,-0.6868253515773588,-0.14879684058613463,-0.21134285727409416
2021-12-03,0.5,-0.5509542505821824,-0.7315775323888439,-0.1414539343365367,-0.16123464353979328
2021-12-04,0.0,-0.6261427683028888,-0.7850664528938932,-0.1349028678474312,-0.1263937902970562
2021-12-05,0.0,-0.6894892302130363,-0.8133252568729485,-0.12756229380384126,-0.10118347968991176
2021-12-06,0.0,-0.7412249974886016,-0.8453542582275657,-0.119365589229167,-0.0790260200337871
2021-12-07,0.0,-0.7974491236524106,-0.8791831434468758,-0.14125571380516466,-0.03450591933238775
2021-12-08,0.0,-0.8447741525741764,-0.9230855029264928,-0.22112493810948533,0.010673489204020054
2021-12-09,0.0,-0.8855627593350061,-0.9625190336693792,-0.21003348132127847,0.054226396016873714
2021-12-10,0.0,-0.8831767301734593,-0.9647426227436727,-0.19779967013419597,0.09723259802892757
2021-12-11,0.0,-0.8724171373897516,-0.9535156353856052,-0.1848410224631083,0.139722446090908
2021-12-12,0.0,-0.8989856055746197,-0.9731564813840888,-0.24221172098017088,0.18174789796852156
2021-12-13,0.0,-0.9266538739776675,-0.987642553021852,-0.2270014313761416,0.1971849799469789
2021-12-14,0.0,-0.9163283626207617,-0.9772076848031481,-0.2145804542693529,0.2380229786413953
2021-12-15,0.0,-0.8724268083788713,-0.9420522941984556,-0.21238396142139662,0.25657552091444996
2021-12-16,0.5,-0.8765688253409181,-0.9496467989701676,-0.19372254932328692,0.26775144264571377
2021-12-17,3.5,-0.790314681629988,-0.8739640917540842,-0.17293548180710458,0.33365090439401973
2021-12-18,0.0,-0.8328415150961787,-0.9158102070546149,-0.1549188674855506,0.37372302886534503
2021-12-19,0.1,-0.8593327669880315,-0.9411389629210778,-0.13579182647021792,0.4141992915867379
2021-12-20,0.0,-0.8687869950994094,-0.9543135050050482,-0.11644457955481746,0.07164201697034973
2021-12-21,0.0,-0.874947913683372,-0.9548202777183747,-0.09643231328873546,0.08271305362004072
2021-12-22,0.0,-0.8781532634976245,-0.963572609277038,-0.09743627676104373,0.11927364993037945
2021-12-23,0.0,-0.8871893514297478,-0.9793916292535864,-0.07705951225023806,0.15595273433338425
2021-12-24,0.0,-0.9095243330250184,-0.9761155898008163,-0.05625024704343231,0.19045955273015458
2021-12-25,0.0,-0.9197431010839322,-0.9919746525018399,-0.0951097372538657,0.2262874789662729
2021-12-26,0.0,-0.9202199373159705,-0.9980449353648488,-0.07198186282512484,0.2619388490880956
2021-12-27,0.0,-0.9081546680823342,-0.9907952524802786,-0.054236594447484084,0.29325941360671365
2021-12-28,0.0,-0.8994916710797191,-0.981209142831786,-0.024495917323694893,-0.1452536222419336
2021-12-29,0.0,-0.9133098085562416,-1.0033649775353957,0.006598851344081151,-0.1527884503376923
2021-12-30,1.0,-0.8693623967161022,-0.9692875428139266,-0.053550406132931605,-0.11140633389469463
2021-12-31,0.0,-0.8874359955744849,-0.9880901795521132,-0.026807629815294793,-0.08787454497844535
2022-01-01,0.0,-0.8824082089053407,-1.0099477049457626,-0.0688655527540121,-0.0455431475484415
2022-01-02,0.0,-0.9052507601043367,-1.03072569753142,-0.5092637867037021,-0.025942799047513416
2022-01-03,0.0,-0.8969326358396547,-1.0287345236673802,-0.5549429410823599,-0.00713950663108407
2022-01-04,0.0,-0.9185366463712087,-1.058103485900543,-0.5280814885528115,0.010185917453312926
2022-01-05,0.0,-0.9132518871117763,-1.0649327425592416,-0.5155431826530489,0.02683428665759329
2022-01-06,0.0,-0.9325062424546063,-1.0865648930883318,-0.4849351252652635,0.0418828494881433
2022-01-07,0.0,-0.937093297111595,-1.0837268258149089,-0.45357146610604576,0.05609303016849533
2022-01-08,0.0,-0.9542241086310458,-1.0930660662157374,-0.4223297471816581,0.029566851989754634
2022-01-09,0.0,-0.9556019696770492,-1.0880991196267311,-0.391064883862576,-0.15273882898105076
2022-01-10,0.0,-0.9698961754814768,-1.090770780927762,-0.36033251279053996,-0.2638167434347266
2022-01-11,0.2,-0.94457022035613,-1.0697355335411864,-0.3288755452150339,-0.2475363438103647
2022-01-12,0.0,-0.9525457291545829,-1.0817622455778544,-0.3049863492135122,-0.23476562546450594
2022-01-13,0.0,-0.9447968202596356,-1.0858019565259565,-0.2747006879533106,-0.500417762091113
2022-01-14,0.0,-0.9642319503535942,-1.11024351947557,-0.2431832348206369,-0.5940592237656714
2022-01-15,0.0,-0.9796553404729867,-1.1262713324425087,-0.21142048359369076,-0.5872001985834024
2022-01-16,0.0,-0.9942370958630519,-1.1195165787805794,-0.19215088544541337,-0.586679759485856
2022-01-17,0.0,-0.9765771370543515,-1.092202933470329,-0.16024506748414835,-0.6021574068152157
2022-01-18,0.0,-0.9586470567814798,-1.0738278231080545,-0.1281138449160184,-0.598559220269566
2022-01-19,0.0,-0.9539730566519876,-1.0685809109438158,-0.0946020118363806,-0.5960802686787509
2022-01-20,0.0,-0.9512065804941444,-1.074047580599903,-0.05842922574438216,-0.5939746836537979
2022-01-21,0.0,-0.9693885861844886,-1.084529090482232,-0.022458340398858488,-0.5924070632313481
2022-01-22,0.0,-0.9888294630948804,-1.0996232754681103,0.01439314859182504,-0.5878672826173368
2022-01-23,0.0,-0.9764493100904265,-1.0776858630798873,0.04924018985618285,-0.5797808630370503
2022-01-24,0.0,-0.9770919614836922,-1.0764772863409948,0.08309411295278198,-0.5705689929191696
2022-01-25,0.0,-0.9873706419267302,-1.0961269465942554,0.11720493564982676,-0.5618364061436666
2022-01-26,0.0,-0.9852741499316203,-1.1009613374096805,0.14886255101442175,-0.5543933159381749
2022-01-27,0.0,-0.9541781543444646,-1.1016495613059811,0.057006084240619655,-0.5459495586377934
2022-01-28,0.0,-0.8931528198451426,-1.0636633594854994,0.08393887848165998,-0.5386191710388588
2022-01-29,0.0,-0.9494482233236248,-1.0532770391495956,-0.11513090645541554,-0.5315982127118336
2022-01-30,0.0,-0.9234966773673982,-1.041190088239749,-0.13443505137655642,-0.5244699681415637
2022-01-31,0.1,-0.911748170989492,-1.0443541863200954,-0.10048122767001896,-0.5136922724736783
2022-02-01,0.6,-0.8620007638407285,-1.0020749018567339,-0.06188390326289064,-0.48945180528429716
2022-02-02,0.0,-0.844564269112881,-0.9910244823740284,-0.35167082521607546,-0.48986271294390477
2022-02-03,0.0,-0.834124991346142,-0.9908258194531845,-0.3137332522907757,-0.4792142710529281
2022-02-04,0.2,-0.8175807695590813,-0.9736513688060058,-0.30355157733423016,-0.46529817227783854
2022-02-05,0.3,-0.7791454480196023,-0.9458680330029012,-0.26352721007134017,-0.4478496500174824
2022-02-06,0.2,-0.7729401977606516,-0.945920852730992,-0.2219496012556597,-1.0269759440750947
2022-02-07,0.0,-0.7680372643396131,-0.9496800898371286,-0.181581728949007,-1.0317760496303923
2022-02-08,0.0,-0.7686033311250335,-0.9554584430419839,-0.14340020831245948,-1.7306009085499126
2022-02-09,0.0,-0.7560153952551025,-0.9438809582537521,-0.12431676959136338,-2.0193982781258226
2022-02-10,0.0,-0.756576488711781,-0.9225105293876733,-0.15612271556487975,-2.1016259192875917
2022-02-11,0.0,-0.7841337024783466,-0.934619650019074,-0.19222064450380183,-2.087431265870327
2022-02-12,0.0,-0.7797598375322318,-0.9415469045180825,-0.1466165815146077,-2.075209906412018
2022-02-13,0.0,-0.8115370042991897,-0.9643216714611745,-0.2059203065015388,-2.0509859959805485
2022-02-14,0.0,-0.8459466704172774,-0.9697876970337105,-0.3026719022181736,-2.028723785729479
2022-02-15,0.0,-0.8725905749087706,-0.9758017700228796,-0.38259668713678047,-2.0082300826954835
2022-02-16,1.1,-0.7901113592905062,-0.8884949067187972,-0.3305086083791336,-1.939743674855696
2022-02-17,0.0,-0.8149862282880073,-0.9094651420978127,-0.4193020991760534,-1.9174773431584742
2022-02-18,0.0,-0.795329796934207,-0.8822552572998351,-0.3732273362828963,-1.897052261364198
2022-02-19,0.0,-0.7982475742906062,-0.8803232159444595,-0.5490070548247034,-1.877538553573081
2022-02-20,0.3,-0.7819194181991431,-0.8662569022204308,-0.7335960381747166,-1.9236284511021353
2022-02-21,0.0,-0.866536642815887,-0.9458379650459214,-0.7813721514089775,-2.291122237388608
2022-02-22,0.0,-0.8417938319153299,-0.9162974784478631,-0.7453550080509033,-2.2723778440773903
2022-02-23,0.0,-0.802184759503986,-0.8791702586939447,-0.7966590522935331,-2.2546773372444475
2022-02-24,0.0,-0.8131437285883154,-0.8901251600321403,-0.7589187092658327,-2.2386616755585074
2022-02-25,0.0,-0.8591884904285969,-0.925107954814143,-0.9438302733022919,-2.2303664186529435
2022-02-26,0.0,-0.8741419595647634,-0.9428860297592753,-0.926076127922524,-2.2295669263582756
2022-02-27,0.0,-0.8826230070523448,-0.9617745244522683,-0.8901804560507084,-2.231335503889177
2022-02-28,0.0,-0.8824089196224247,-0.9444749328171272,-1.327473823625807,-3.090232306167813
2022-03-01,2.9,-0.7822363114415596,-0.8401099741821133,-1.3050731297653346,-3.090232306167813
2022-03-02,0.0,-0.8062585501605137,-0.8769408282937405,-1.2911597136129342,-3.090232306167813
2022-03-03,0.0,-0.8169635909126088,-0.8988690963978864,-1.2642474244012063,-3.090232306167813
2022-03-04,0.0,-0.8028271149416701,-0.8764689759676793,-1.2519957123496885,-3.090232306167813
2022-03-05,0.0,-0.8110054291163797,-0.8892017560238508,-1.2542472866538836,-3.090232306167813
2022-03-06,0.0,-0.8441274291392308,-0.9326623685362193,-1.2623286413796166,-3.090232306167813
2022-03-07,0.0,-0.86530126341567,-0.9467510906477102,-1.2431237534399728,-3.090232306167813
2022-03-08,0.0,-0.8659423529062588,-0.9295077184856317,-1.225058894789149,-3.090232306167813
2022-03-09,0.0,-0.843894235859571,-0.9116062939311637,-1.210108853589357,-3.090232306167813
2022-03-10,0.0,-0.8643796738141982,-0.9210343912475973,-1.1974388634597901,-3.090232306167813
2022-03-11,0.0,-0.8727482893651454,-0.9144270614124033,-1.1862435243266392,-3.090232306167813
2022-03-12,0.0,-0.880600264694769,-0.9094479772940958,-1.175810170774779,-3.090232306167813
2022-03-13,16.4,-0.25675829082263657,-0.3336776929255923,-0.9748229397403795,-2.7369029578100146
2022-03-14,1.0,-0.3338838533016365,-0.39414523349759045,-0.9474256849338951,-2.7068899300902505
2022-03-15,0.0,-0.405279998283349,-0.4815504295118497,-0.9611199849835435,-2.729887741406193
2022-03-16,0.0,-0.4531271083328498,-0.5223982013910164,-0.9909134921217956,-2.794950890033371
2022-03-17,5.6,-0.2783570467037974,-0.34054948968763815,-0.8989744765107621,-2.7138299318248014
2022-03-18,4.6,-0.1787590258797835,-0.2433729631189151,-0.8209329714845585,-2.513021143068543
2022-03-19,10.0,0.1184360103212728,0.050657469717342654,-0.6672679793196185,-2.106242547572298
2022-03-20,0.0,0.00933589187370699,-0.059812826937691015,-1.1192629541906418,-2.141004707693995
2022-03-21,0.0,-0.04163453839341373,-0.13039070263129365,-1.1418093015826618,-2.178102252005786
2022-03-22,0.0,-0.07535497552750482,-0.16928873700899547,-1.1372352938590087,-2.2144646559147847
2022-03-23,0.0,-0.12238474637718834,-0.1993108108758114,-1.1358514723942643,-2.2531178716948683
2022-03-24,0.0,-0.15014975234353575,-0.26620365553118663,-1.1330880719137437,-2.2913977652985973
2022-03-25,27.5,0.9654395531576738,0.8483804912807377,-0.6999821441793105,-1.3681624077742205
2022-03-26,37.2,0.18765717049619396,-0.06606666277071824,-0.1605705080626385,-0.44468463511547246
2022-03-27,0.0,-0.14188677072136813,-0.37742522598437883,-0.15672273223802352,-0.47857116384564025
2022-03-28,0.0,-0.3288760427119848,-0.564804321197674,-0.6064201559890259,-0.5103778324184863
2022-03-29,0.0,-0.45229264712505035,-0.6722771338085846,-0.6366425423935741,-0.5385532199127685
2022-03-30,0.0,-0.568046713656596,-0.7706460529041574,-0.6374516311877819,-0.5905036230330083
2022-03-31,0.0,-0.6810949934346298,-0.8492770884075066,-0.6390524051744934,-0.6182107356178286
2022-04-01,0.0,-0.749821510730528,-0.8791691440427585,-0.6406379898774999,-0.6451297578389297
2022-04-02,0.0,-0.83514711237708,-0.9645819587416982,-0.6424975731054713,-0.6713341723796293
2022-04-03,0.0,-0.8904291163553434,-1.0065853741000546,-0.6447380627311193,-0.695948707029652
2022-04-04,0.0,-0.91217913100259,-1.0248860585305495,-0.6498873168523623,-0.7227613464237418
2022-04-05,0.0,-0.9509478595754938,-1.0627182984406864,-0.6563263718562039,-0.7492705505501059
2022-04-06,0.0,-0.9455875494087068,-1.0593093735089947,-0.6638306968799651,-0.7776975852433735
2022-04-07,1.2,-1.0283944938378802,-1.1166612812112024,-0.6532413739450386,-0.7791409013273959
2022-04-08,0.0,-1.1265620588352239,-1.2124719079305697,-0.6951298985704053,-0.8073050519937718
2022-04-09,0.0,-1.2029432251980567,-1.2663900120757605,-0.8604942636200866,-0.834469401865611
2022-04-10,0.0,-1.247570149703966,-1.300202185075678,-0.9633857252478599,-0.8588606088971698
2022-04-11,0.0,-1.301256257457705,-1.358428105224997,-0.9717542843596938,-0.8876144983854357
2022-04-12,0.0,-1.3125509866336467,-1.354999049518872,-0.9797082366114285,-0.9127804079024922
2022-04-13,2.4,-1.2626857588784086,-1.2894690962195834,-1.1506823325358644,-0.8865395797224968
2022-04-14,0.1,-1.3122710594856863,-1.3533677973972746,-1.2264238822713818,-0.9120947785311437
2022-04-15,0.0,-1.3799237948252163,-1.4169808279484144,-1.2318058628770219,-0.9413520824515603
2022-04-16,0.0,-1.3773600316823877,-1.4315360860747137,-1.2399853536076801,-0.971086291148285
2022-04-17,0.0,-1.2003277688859406,-1.2748006828806917,-1.2622883979573416,-1.0014357057490633
2022-04-18,0.0,-1.35067487466619,-1.372145398546325,-1.2722643482347857,-1.0317128583949458
2022-04-19,0.0,-1.4880237779259378,-1.4829824399812035,-1.2853138835979827,-1.0648517952202368
2022-04-20,0.0,-1.5081358551853492,-1.4916956124351484,-1.3008628814135759,-1.097942531899302
2022-04-21,0.0,-1.3806135771584844,-1.4072484186646577,-1.317186484574662,-1.1298814015132201
2022-04-22,0.0,-1.6831494051089193,-1.669287380845266,-1.3292430193950002,-1.1577313898245563
2022-04-23,0.0,-1.6188209622568779,-1.6491091024643159,-1.3400472746048535,-1.184583610947336
2022-04-24,0.0,-1.5032184873159096,-1.5598971714927385,-1.3529231368443186,-1.2126913322544293
2022-04-25,24.4,-0.6753848293369107,-0.7668246029690772,-0.9963432765607133,-0.7576006927243867
2022-04-26,5.8,-0.6515956212504241,-0.7415542495756482,-0.9291820364964914,-0.681348250191821
2022-04-27,0.0,-0.8288911358223823,-0.9260042148983095,-0.9457744008208634,-0.7098612513886174
2022-04-28,0.0,-0.9069939830505296,-0.9971563046461641,-0.963353530361182,-0.7387617780312331
2022-04-29,15.5,-0.42724959475078644,-0.529533784433515,-0.7690414549145137,-0.5061007161616032
2022-04-30,0.0,-0.6234619335371521,-0.7227194212801926,-0.7893272412268257,-0.536507386616952
2022-05-01,0.0,-0.67348466143528,-0.7693777623731409,-0.809909236798376,-0.5689205086343306
2022-05-02,0.0,-0.757076420977835,-0.8507564674630621,-0.8309384644165173,-0.6091088744911582
2022-05-03,0.0,-0.823404586736467,-0.909528014397298,-0.8574168047894697,-0.6396891282279861
2022-05-04,0.0,-0.9061783400788285,-1.0033606715536618,-0.8780064723516501,-0.6706718295037258
2022-05-05,0.0,-0.9748397932160785,-1.080078914210494,-0.8962486654037797,-0.7012997040568023
2022-05-06,0.0,-1.0614555103070877,-1.1758725866314483,-0.9136520595051179,-0.7326856463858055
2022-05-07,0.0,-1.0141496146805435,-1.1207463891066773,-1.218501787389858,-0.7620316950427194
2022-05-08,0.0,-1.116668872864222,-1.2289094775348886,-1.2386630789764705,-0.786722891852572
2022-05-09,0.0,-1.2344023564122708,-1.35514403505638,-1.5489849839979986,-0.8113336917534908
2022-05-10,0.0,-1.336319207065702,-1.4757267152535256,-1.6714433592651021,-0.8355814017174892
2022-05-11,0.0,-1.2890564125742479,-1.4122125565623684,-1.715846045564142,-0.8588868988734819
2022-05-12,0.0,-1.3703515675606293,-1.4992777870739424,-1.7270138939565536,-0.8822159899633618
2022-05-13,0.0,-1.3130967567329426,-1.4105096048952626,-1.7384793943765031,-0.9040747970181922
2022-05-14,0.0,-1.4437725760236413,-1.5525608468925698,-1.750094722356271,-0.9239547140108199
2022-05-15,0.0,-1.5842736543087756,-1.6955852113881449,-1.7610449883585277,-0.9412801594770968
2022-05-16,0.0,-1.5110602824408732,-1.5936218799955404,-1.7725399832385131,-0.9574544128742759
2022-05-17,0.0,-1.6347317661021727,-1.7076258899665777,-1.7839321493684852,-0.9895337553717086
2022-05-18,0.0,-1.6367272896248095,-1.7123664127288645,-1.794021573022759,-1.0034621216083375
2022-05-19,0.0,-1.5145011855031663,-1.601038794753209,-1.803690103136822,-1.0173682873629257
2022-05-20,0.0,-1.565433901071734,-1.648661789730014,-1.811921182043543,-1.0309910396910844
2022-05-21,0.0,-1.6800897716774823,-1.765076615457434,-1.8479487224750388,-1.047981432570045
2022-05-22,0.0,-1.6570586044279418,-1.7472051753219864,-1.9832466099700568,-1.0576347538351538
2022-05-23,0.0,-1.7048730173152649,-1.8010641802830587,-1.990688066685449,-1.0648868962970868
2022-05-24,0.0,-1.761183612265542,-1.8516091136366795,-1.996975985245611,-1.072034000552786
2022-05-25,0.0,-1.7482831656613205,-1.838454372277248,-2.005022694668604,-1.082616654686196
2022-05-26,0.4,-1.7334361679395147,-1.8094891837286267,-2.0083066753428573,-1.0878942998789602
2022-05-27,0.0,-1.811042167282779,-1.9045992386725712,-2.0164236452470723,-1.097105136896267
2022-05-28,0.0,-1.8763270847621243,-1.9835344853889,-2.02712285391558,-1.1072616187779496
2022-05-29,0.0,-1.7680687402104405,-1.888505469946444,-2.4089654302647867,-1.1167851165131326
2022-05-30,0.0,-1.5937532426444354,-1.7061109896975497,-2.4410805366651442,-1.1706242325344038
2022-05-31,0.0,-1.7582241429562957,-1.8829887725950045,-2.448286937637741,-1.178461579161087
2022-06-01,0.0,-1.7685464108115736,-1.8817949455253093,-2.4637716064287707,-1.1847623987259381
2022-06-02,0.0,-1.7255724780894084,-1.7909022247188309,-2.469619951660287,-1.1912972545501694
2022-06-03,0.0,-1.8327283064523225,-1.9072390901483771,-2.478288265611873,-1.2013686635351732
2022-06-04,0.0,-1.924032623158501,-1.985683018278225,-2.4859216482321895,-1.2115051606290774
2022-06-05,22.2,-1.1207633415663656,-1.1877530816537827,-2.13960680329416,-0.8970016851773592
2022-06-06,0.0,-1.2216849011717108,-1.2737236211022283,-2.147486021343402,-0.9077838902373618
2022-06-07,7.1,-1.0440801754791904,-1.0965543116505916,-2.0517599469115613,-0.8220011872711728
2022-06-08,3.2,-1.0150675036768866,-1.0650902423126216,-2.0171847091373474,-0.7928732575763753
2022-06-09,0.0,-0.8754464391525031,-0.8928018996594207,-2.027904925079812,-0.8084993248270267
2022-06-10,0.0,-1.0023126565843852,-1.0011998971206195,-2.0369166078380765,-0.8254787171340316
2022-06-11,0.0,-1.099624965170305,-1.087065767930687,-2.0476356123417556,-1.0661753435211545
2022-06-12,0.1,-1.1738203020790243,-1.1519975583611795,-2.056701064042609,-1.0953763740757223
2022-06-13,0.0,-1.2528201282787046,-1.2351256302517426,-2.0680634202228805,-1.113719642092713
2022-06-14,1.1,-1.2105218143728906,-1.2139066431209846,-2.073368510513852,-1.118344831979725
2022-06-15,2.1,-1.2068032026394133,-1.2086159276825426,-2.1084078608910604,-1.187902889225017
2022-06-16,0.0,-1.2484682824476752,-1.252387948238254,-2.122830918951204,-1.2721183410628094
2022-06-17,3.3,-1.1479344110955274,-1.1552800593119836,-2.09576036790037,-1.3873014987749064
2022-06-18,1.3,-1.3336131442099415,-1.3273275377900973,-2.094630924100806,-1.3910318844657188
2022-06-19,0.0,-1.227892294272861,-1.2406125340629044,-2.110719152227611,-1.4127780571882127
2022-06-20,24.3,-0.4357105197359595,-0.460411466476606,-1.831244466284588,-1.1232996731009743
2022-06-21,0.0,-0.6932684613591713,-0.6798693093421033,-1.8522479260386098,-1.1501480234908135
2022-06-22,0.0,-0.8561243350856291,-0.8318192805018702,-1.8747669780424292,-1.1788162183039232
2022-06-23,28.7,-0.22712655764932338,-0.2695366418900144,-1.5884847257479562,-1.1969301430808699
2022-06-24,27.2,0.14674528306561468,0.07733975805943516,-1.3455848836396225,-1.348434035973788
2022-06-25,0.0,-0.09604667355856,-0.15046465530311887,-1.375938383466985,-1.374928512970427
2022-06-26,0.0,-0.28024613346978805,-0.3267459005548389,-1.4030961473948098,-1.3976385236469082
2022-06-27,0.9,-0.37152782894306713,-0.4158494398845052,-1.4232734689103512,-1.4111143744883399
2022-06-28,0.0,-0.4440699828486268,-0.4799541330975639,-1.4623554075288931,-1.4368244069181912
2022-06-29,8.5,-0.43275603037992727,-0.4632837265197413,-1.4174198104218798,-1.3690138566158696
2022-06-30,1.7,-0.5375600665237668,-0.5528389354672977,-1.4358161160715708,-1.3800481050962632
2022-07-01,0.0,-0.6285043854076812,-0.6400867531793112,-1.4705654208979615,-1.412289901666871
2022-07-02,0.0,-0.7503161136206009,-0.7526571926522156,-1.5076015856706806,-1.4486912205142908
2022-07-03,0.0,-0.8087480435042308,-0.8133864693043408,-1.5481423392563227,-1.4888790868915809
2022-07-04,2.1,-0.843065267717705,-0.8519104994834859,-1.5709801621035755,-1.5054866013283579
2022-07-05,7.3,-0.8075604381826549,-0.8212188642492555,-1.5527328829910678,-1.4693985883993006
2022-07-06,0.0,-0.882052581124021,-0.8983780956822778,-1.5953932148848675,-1.5206571377320868
2022-07-07,4.9,-0.8504011000992354,-0.8652989912875386,-1.6026766206684488,-1.5149270908098322
2022-07-08,4.8,-0.9335860990566878,-0.9274744957174302,-1.6126053789542003,-1.513183624802782
2022-07-09,0.0,-0.9799352019943477,-0.989784390971521,-1.660503283180084,-1.5587121954197296
2022-07-10,0.0,-1.0760818891974904,-1.0822960136370818,-1.7094455529677792,-1.6032710653681237
2022-07-11,14.3,-0.8308200279756568,-0.8604285680776123,-1.6422341864941299,-1.508416461558289
2022-07-12,0.0,-1.0024246626075464,-1.0113623956138658,-1.6885343995698308,-1.5724581004811085
2022-07-13,0.0,-1.146599428900364,-1.1544706624975385,-1.7331444455159222,-1.6132339832670857
2022-07-14,13.0,-1.0837963125697883,-1.1068863411052574,-1.67697097301566,-1.531387879771846
2022-07-15,0.0,-1.1336585619018147,-1.1564047004385414,-1.7203457088267307,-1.5685917156595597
2022-07-16,0.0,-1.1657634257792502,-1.1563159431738195,-1.7631950817512603,-1.6045010138713713
2022-07-17,0.0,-1.2604452383715274,-1.2282706727914856,-1.8048924698316724,-1.638507179043418
2022-07-18,54.1,-0.5353820766892575,-0.6107179079208235,-1.4567133292154004,-1.218668097288821
2022-07-19,0.7,-0.6994419264866636,-0.7622085974428696,-1.4942070785121175,-1.248445632094298
2022-07-20,0.8,-0.7837189230985705,-0.8435558233410949,-1.5301771569141267,-1.2755467683612616
2022-07-21,3.8,-0.8031453994125726,-0.856274173395163,-1.5455936131906312,-1.279701109785462
2022-07-22,0.0,-0.8970447083054758,-0.938217183360212,-1.5859976547715837,-1.3114248066106353
2022-07-23,22.6,-0.5950716351213039,-0.6780547837630452,-1.4734430115077972,-1.171044546784752
2022-07-24,14.2,-0.4588413438791117,-0.5543405197393002,-1.4195680953496363,-1.2772555866036865
2022-07-25,0.0,-0.4958781027496211,-0.5908677243183257,-1.4575847090436829,-1.350094656151137
2022-07-26,0.0,-0.5826928285314926,-0.6440657553487549,-1.495840144543401,-1.3790587259763982
2022-07-27,0.0,-0.6797449958331829,-0.7159904283303141,-1.5300278495832884,-1.4034981826164623
2022-07-28,0.0,-0.7378549907727763,-0.7738942347421807,-1.5624287163730868,-1.5467503167973502
2022-07-29,0.0,-0.7880561726278952,-0.8186323551675848,-1.5928469512305279,-1.5669005001315925
2022-07-30,0.0,-0.7942913042747383,-0.8388632212514575,-1.6224218123241065,-1.584605071736302
2022-07-31,26.4,-0.47770396700043866,-0.5784042881360744,-1.483517614343548,-1.3966924570393469
2022-08-01,1.5,-0.565598078542981,-0.6578625502314822,-1.4984541277040684,-1.3998419925115333
2022-08-02,1.7,-0.6098133791509451,-0.6994518169266777,-1.5116180934253083,-1.401231163557486
2022-08-03,11.4,-0.5016689128990776,-0.6133646533609564,-1.465218964450914,-1.330891601879467
2022-08-04,0.0,-0.5223083728944135,-0.639457959870876,-1.4876000647326886,-1.3411917485568923
2022-08-05,0.0,-0.6410794647550075,-0.7322256449950878,-1.5093854589247773,-1.3509422846059633
2022-08-06,0.0,-0.7510176983722557,-0.8249913876071007,-1.531328344366237,-1.3621444309678257
2022-08-07,0.0,-0.8066379784563047,-0.8770598464535209,-1.5522270568314331,-1.3718440503842686
2022-08-08,0.0,-0.7483084673757262,-0.8372168431743315,-1.572364541814455,-1.3818535179370932
2022-08-09,0.0,-0.6912051892624583,-0.7521299837822527,-1.5930292878079924,-1.3923758388351735
2022-08-10,0.0,-0.7767625363955352,-0.7791563810742895,-1.6145003319462243,-1.4039457693211712
2022-08-11,9.1,-0.744444658912452,-0.7319426324937582,-1.583988193164295,-1.3567905621228562
2022-08-12,0.5,-0.8370724577042254,-0.804979464845493,-1.6025833783825374,-1.3672589596304807
2022-08-13,0.1,-0.8858339346243137,-0.8487010969457712,-1.6242421059319743,-1.3818442729433826
2022-08-14,0.0,-0.9367811569577649,-0.884315281537256,-1.6468668174774408,-1.3980911623724888
2022-08-15,0.0,-1.00127978355473,-0.9401505066097215,-1.674683681699161,-1.4144910321399675
2022-08-16,17.0,-0.8179827834790461,-0.8138870494437914,-1.6009936557385007,-1.3239931920859596
2022-08-17,0.1,-0.9404575044089293,-0.915006998295877,-1.6214111109256697,-1.3394757608357124
2022-08-18,0.0,-0.943468991488439,-0.9391320200846652,-1.643141131461302,-1.3560451867736134
2022-08-19,0.0,-0.925250364060584,-0.9538694769079039,-1.6665844896637731,-1.371951612659577
2022-08-20,32.2,-0.6417451827176857,-0.7016638394464594,-1.5181517824828348,-1.201155778255759
2022-08-21,0.0,-0.7635796108725342,-0.7964774625670755,-1.5424883055278136,-1.2212898239318553
2022-08-22,0.0,-0.8597179535328485,-0.8682430778860232,-1.5672753273191176,-1.2416969645960638
2022-08-23,24.7,-0.634583075841404,-0.6881887413712638,-1.4653137535288954,-1.124994783811844
2022-08-24,2.4,-0.7371976956143657,-0.7696120998295021,-1.476551123029052,-1.1323793097314643
2022-08-25,0.0,-0.8323315148925489,-0.860318597586182,-1.5002597604378538,-1.152088766566509
2022-08-26,0.0,-0.903879936906372,-0.9299550528147088,-1.5239122219854464,-1.1715627946200313
2022-08-27,0.0,-0.9184750876029257,-0.9605500487247572,-1.5485716828947569,-1.1925391555722722
2022-08-28,0.0,-1.0421319107438645,-1.0579112925253003,-1.586850852797511,-1.2134190975565131
2022-08-29,0.0,-1.1210794969867857,-1.1350210949748676,-1.6086158543714806,-1.2329834046301449
2022-08-30,1.3,-1.0454097668893245,-1.1115243224703535,-1.6237722166115942,-1.2454216577456276
2022-08-31,4.4,-0.9752099248525034,-1.062948804429101,-1.6233345919103335,-1.24120228803911
2022-09-01,0.0,-1.1049801895657423,-1.1461462837410175,-1.6439576028693081,-1.2592853945144387
2022-09-02,0.0,-1.174370168755579,-1.2045407091963625,-1.6631676691543857,-1.275565921719294
2022-09-03,0.0,-1.2369520270679226,-1.2426338096330005,-1.6825244623801827,-1.4106967126812244
2022-09-04,3.5,-1.2271778911804636,-1.2470461800898762,-1.6835833468436037,-1.4073073313736635
2022-09-05,50.7,-0.5453845470499549,-0.731957003793969,-1.4574931353144291,-1.1939472605614236
2022-09-06,32.8,-0.22499227384667944,-0.4769270523631773,-1.3232296360753815,-1.0609279827254119
2022-09-07,0.0,-0.3792737656109793,-0.6039636919370001,-1.3385986398086145,-1.0722905391435655
2022-09-08,0.0,-0.444634011091317,-0.6486484999572908,-1.3531354738787922,-1.0812552830767046
2022-09-09,0.0,-0.508283046735619,-0.7055587575037844,-1.4411191098715177,-1.0887776610251125
2022-09-10,0.0,-0.570849013378898,-0.7552733435566923,-1.4571907925722503,-1.0947953125048435
2022-09-11,0.0,-0.6393543219703127,-0.8074720069868281,-1.467073309771745,-1.0978409799541413
2022-09-12,2.0,-0.6264985972965383,-0.7751884868712163,-1.4675333512169764,-1.0945715398570548
2022-09-13,0.2,-0.6656276655679647,-0.7982164070457825,-1.5010428663105126,-1.10224173735965
2022-09-14,0.0,-0.7029087280796311,-0.835193907443461,-1.5291739874945252,-1.0983360102132915
2022-09-15,0.0,-0.7008266981128033,-0.8354755381303258,-1.5817034214481327,-1.1094600222315902
2022-09-16,0.0,-0.7126379354682476,-0.8490776283868294,-1.5886402490862825,-1.1104099377531185
2022-09-17,0.0,-0.7414892555993341,-0.877899407033782,-1.5954250950647826,-1.1046006518921705
2022-09-18,0.0,-0.7409792395404046,-0.8835094448324913,-1.6011127048159215,-1.216296821435971
2022-09-19,0.0,-0.7564178542034753,-0.8927790803359404,-1.6064728700335227,-1.2066164339579126
2022-09-20,0.0,-0.7978670259180968,-0.9311232160297047,-1.6109967048805713,-1.1954987262104297
2022-09-21,0.0,-0.8420811370735554,-0.9694097822602041,-1.7418684553015686,-1.3308495923282242
2022-09-22,0.0,-0.879265867020108,-1.0075202400786731,-1.9232855455583824,-1.4641516510876007
2022-09-23,0.0,-0.8937604564146697,-1.032368380916811,-1.9241885795939155,-1.4500886612225
2022-09-24,0.0,-0.9208387486850471,-1.0577287562682083,-1.9254933542687618,-1.4346754254091718
2022-09-25,0.0,-0.9350452149185036,-1.0702895006765665,-1.9260137420616794,-1.4213604365311892
2022-09-26,0.0,-0.9460635925580223,-1.0787567136628777,-1.9264153323281377,-1.4016382830352292
2022-09-27,0.0,-0.9513441950906812,-1.0809412066749413,-1.926239241809261,-1.4277696169754301
2022-09-28,0.0,-0.9680358502298683,-1.0953216164486936,-1.9261848368635786,-1.4135154654767867
2022-09-29,0.0,-0.9742919340487247,-1.1075623612235554,-1.926395810135775,-1.3883029542741083
2022-09-30,0.0,-0.8741756769989955,-1.0347011533691943,-1.9263596127934448,-1.3618586215265704
2022-10-01,0.0,-0.9873291560433589,-1.091181195036286,-1.9264571517577824,-1.3338590264141936
2022-10-02,0.0,-1.0342193389549186,-1.122592631651973,-1.9269203986560843,-1.3184847461889326
2022-10-03,0.0,-1.061777963721705,-1.1465602225100355,-1.926453069290349,-1.3328638709461673
2022-10-04,33.4,-0.514546932416678,-0.7181824336493491,-1.7713093496869319,-1.120528319261756
2022-10-05,0.0,-0.5952015596669904,-0.7823152583414873,-1.7700165095419325,-1.1190024030890071
2022-10-06,0.0,-0.6363051749034522,-0.8156421157779074,-1.7683218538765675,-1.1166607909226998
2022-10-07,0.0,-0.659002214089108,-0.8344790693179234,-1.7660279860319068,-1.087463705981849
2022-10-08,0.0,-0.6918938815451228,-0.8631732596853001,-1.7636079212272726,-1.058718298212767
2022-10-09,2.3,-0.6807511810547724,-0.8567121341309509,-1.7496192579850427,-1.0967269158948634
2022-10-10,2.2,-0.661882236204481,-0.8452460186052723,-1.7461105078253547,-1.054303168658459
2022-10-11,0.0,-0.6730599895015349,-0.8588137959845183,-1.741267245402217,-1.0241792119410082
2022-10-12,0.0,-0.6931469138087882,-0.870093415781076,-1.7360228476495272,-1.0689561756450852
2022-10-13,0.0,-0.701777424036589,-0.8804200010890643,-1.7294127563163697,-1.0407726940594417
2022-10-14,0.0,-0.6972778202480313,-0.8726325613250547,-1.7227745246455606,-1.0133865471741101
2022-10-15,0.0,-0.7142203449087813,-0.8926979501812868,-1.7166628894161566,-0.9852242221482548
2022-10-16,0.0,-0.7167161197933338,-0.8970713214631867,-1.710681683989427,-1.2909738905336305
2022-10-17,0.0,-0.7055604399953659,-0.8929549826714718,-1.7042417472143536,-1.268618195391631
2022-10-18,0.0,-0.7093743224099831,-0.8979543850736853,-1.6965701262502073,-1.2441819528687492
2022-10-19,0.0,-0.7202919024007777,-0.9080570025442011,-1.6888819247260367,-1.2409275893184049
2022-10-20,0.0,-0.7343080060651819,-0.9229162362739235,-1.6800172759765313,-1.2130053580750815
2022-10-21,0.0,-0.7516539434264359,-0.9410753503770325,-1.6711444572509415,-1.3375885178761324
2022-10-22,0.4,-0.7608645841353663,-0.9456039980028038,-1.7736980120043586,-1.4043155787656272
2022-10-23,0.0,-0.7573809490597452,-0.9480184572953296,-1.792021110433553,-1.369824666493118
2022-10-24,0.0,-0.777842765372044,-0.9680855484004016,-1.783217771437318,-1.3318160633020708
2022-10-25,0.0,-0.7810973675008384,-0.969682572827678,-1.7742366086447696,-1.2928274819084078
2022-10-26,0.0,-0.7894628508696101,-0.9772446234412347,-1.8388242964408619,-1.254682636301641
2022-10-27,0.0,-0.8090750445049907,-0.9912958503346644,-1.8292017796632625,-1.2154163623841097
2022-10-28,0.0,-0.8044801946905357,-0.9921503219605733,-1.8197394347418818,-1.180085449784377
2022-10-29,0.0,-0.8093675907882694,-0.9973556577016018,-1.8108946072540895,-1.3420133510403942
2022-10-30,0.0,-0.8240977091162528,-1.0138647621846502,-1.8024045469122347,-1.3180581960719657
2022-10-31,0.0,-0.8335955158388001,-1.026359370665656,-1.7933706354552301,-1.2953398943455856
2022-11-01,0.0,-0.837619194603257,-1.032300410698715,-1.7844943557962551,-1.3504444555462094
2022-11-02,0.0,-0.8422719549209126,-1.036610792584309,-1.7756894267915453,-1.3162467697221327
2022-11-03,0.0,-0.8449806345442621,-1.0431468772709505,-1.7681419191473517,-1.2801940969333505
2022-11-04,0.0,-0.8555346136659658,-1.0521629635772896,-1.761274760167759,-1.242001018086521
2022-11-05,0.0,-0.8725473930808398,-1.0717548564814758,-1.7545981350751494,-1.2034358826862956
2022-11-06,0.0,-0.8611558712218541,-1.0600049142593813,-1.7485877399117515,-1.1650689523171804
2022-11-07,0.0,-0.9077407324343421,-1.1055836356771667,-1.743070607399651,-1.1270328777184009
2022-11-08,0.0,-0.935402409174218,-1.1229748121473062,-1.7374730961336826,-1.085999999560662
2022-11-09,0.0,-0.9565775613040487,-1.1306041236340325,-1.7325236072808925,-1.1165828215802835
2022-11-10,0.0,-0.9794905564953686,-1.1441438639229884,-1.727574733915878,-1.0785484199001636
2022-11-11,0.0,-0.9883826979995192,-1.1286564817377616,-1.7232600765168136,-1.0368527834114587
2022-11-12,21.1,-0.4097032372516226,-0.660032549398703,-1.6196716577752732,-0.833676820890975
2022-11-13,10.5,-0.20227061542647673,-0.500917927609463,-1.5671911074123266,-0.7157029858726321
2022-11-14,0.0,-0.2932971243345195,-0.572854280070395,-1.5629604812525382,-0.7976758372064123
2022-11-15,0.0,-0.34590578862090354,-0.6159360280246263,-1.5582891874542977,-0.756616103751234
2022-11-16,0.0,-0.3748683875077217,-0.6382405079619247,-1.5536713068149652,-0.7144098553672578
2022-11-17,0.0,-0.39917447054881816,-0.6574714547597431,-1.5485038407464136,-0.6718478816926184
2022-11-18,0.0,-0.42242020117892914,-0.6775361252068017,-1.5433148750863264,-0.8857451608322046
2022-11-19,0.0,-0.4425753289767673,-0.6970425487817392,-1.538937982635303,-0.8432212016716595
2022-11-20,0.4,-0.44647365633475705,-0.6906798871397051,-1.532863951953237,-0.7974454819922079
2022-11-21,0.0,-0.46234945796725896,-0.7102461756067069,-1.527468854582291,-0.9763948570387789
2022-11-22,1.9,-0.41380799363803433,-0.6662682557519688,-1.514660773808259,-0.9435958995846656
2022-11-23,0.8,-0.4232537277361818,-0.679234640865144,-1.5052461732581552,-0.8991632867646607
2022-11-24,0.0,-0.44882695200182987,-0.7076987733777746,-1.4996013842207718,-0.8650598701173206
2022-11-25,0.0,-0.4780864593236353,-0.7408864935549169,-1.4943311150604883,-0.8293105530208721
2022-11-26,0.0,-0.4894140376112046,-0.757226844635393,-1.4895840732906673,-0.7917666019302328
2022-11-27,0.0,-0.48480492205071857,-0.7520987546363838,-1.4851085856581516,-0.7547459306259087
2022-11-28,4.8,-0.3505936153186359,-0.6528633972765916,-1.4587439904960933,-0.68011502113468
2022-11-29,7.2,-0.15000416013396273,-0.4965284872726256,-1.4215776019837274,-0.6117934993181393
2022-11-30,0.0,-0.20441252925856668,-0.5496162613294717,-1.4159226596331833,-0.5693855892739192
2022-12-01,0.0,-0.24529746460314383,-0.5886211140387498,-1.4099203945264582,-0.5264481803387567
2022-12-02,0.0,-0.27196888367974315,-0.6086895943890452,-1.5032742622724367,-0.483627526569086
2022-12-03,0.0,-0.2967805139091834,-0.6310333747093498,-1.49657949816032,-0.4756948218054739
2022-12-04,0.0,-0.318684923101032,-0.6535485464272823,-1.5209512275302184,-1.0165471101217043
2022-12-05,0.0,-0.33625988784864647,-0.6591712724093969,-1.5271343853308226,-1.463972477371685
2022-12-06,0.0,-0.3487332995857686,-0.6702103494239467,-1.5175906024375154,-1.4352469557109475
2022-12-07,0.0,-0.3613298868224878,-0.6832036790787149,-1.5063068232129075,-1.4069321852123178
2022-12-08,0.0,-0.37696113317993946,-0.7038504552268119,-1.4947240275566775,-1.3800539704706134
2022-12-09,0.0,-0.3873035941422292,-0.7203977518034084,-1.4839417944583753,-1.354813565085607
2022-12-10,0.0,-0.378297390582508,-0.7092819597045575,-1.4720601250204741,-1.3309496292458194
2022-12-11,0.0,-0.364596325462297,-0.6881618761156957,-1.4640521771067083,-1.3434842730400645
2022-12-12,0.0,-0.3666920113230873,-0.6897195955416181,-1.4590235568626866,-1.3267781458059749
2022-12-13,0.5,-0.34925438949366744,-0.6718135946102648,-1.4409869057548943,-1.2975347008674167
2022-12-14,1.7,-0.27551999177351916,-0.6016249635027704,-1.4326299985090354,-1.2424296555732093
2022-12-15,0.1,-0.2654116874019014,-0.5772211689520353,-1.4214437776671458,-1.2153846611792225
2022-12-16,0.0,-0.27295638383115284,-0.5874814551240568,-1.4046526456931756,-1.1878004005817226
2022-12-17,2.9,-0.1744766712449962,-0.5057261837574442,-1.4934718016432416,-1.1141797019502504
2022-12-18,4.6,-0.02089147977150178,-0.37874603022152864,-1.4539393609936426,-1.0029826831014115
2022-12-19,0.1,-0.044118719497008525,-0.4032376949411602,-1.4353059069784917,-0.9738802146108108
2022-12-20,0.0,-0.052313483185691526,-0.4112202481209799,-1.553784768310304,-0.9472860331651646
2022-12-21,4.2,0.09819809088745887,-0.27348415498893064,-1.6496472592468585,-0.8445101875003136
2022-12-22,2.5,0.1627928331030451,-0.21442001864806784,-1.6181650686929632,-0.7720476650868142
2022-12-23,13.9,0.6591060443698982,0.2275590273493049,-1.5295660804707358,-0.5063237034153913
2022-12-24,0.1,0.5915489811293736,0.15482109984559742,-1.5121867187511167,-0.478223681684678
2022-12-25,0.0,0.561463014088311,0.12416180014235867,-1.4873178580332769,-0.4511197312259587
2022-12-26,0.0,0.5452923698452654,0.10790684110340827,-1.5051143727499618,-0.42509456312609856
2022-12-27,0.0,0.5327114615140167,0.10048464137144947,-1.4870648776534545,-0.40014685762970786
2022-12-28,0.0,0.523352466667582,0.09341351898358821,-1.4592997249167026,-0.37618499735992794
2022-12-29,0.0,0.5227441606325435,0.08779643843193954,-1.4304019484294694,-0.3535941339260249
2022-12-30,0.0,0.49104541306850813,0.070983603977509,-1.4008291456184212,-0.33196682712418885
2022-12-31,0.0,0.4674973287431266,0.05668808834857373,-1.3823938050059092,-0.31174055544571894
2023-01-01,0.0,0.46407137701380013,0.04480371470254932,-1.364834592389709,-0.2757146028587996
2023-01-02,0.0,0.4495271497472976,0.03574699146512344,-1.337657516943691,-0.9742779901249883
2023-01-03,0.0,0.4290067835651548,0.024505957472613485,-1.337101456257479,-0.9661192690375856
2023-01-04,0.0,0.4287361271209344,0.020164004772270837,-1.3358254195514772,-0.9569964077850242
2023-01-05,0.0,0.41171181628910614,0.013066697342281983,-1.3090335949755771,-0.9488825917791177
2023-01-06,2.4,0.503544994882054,0.09846413901625169,-1.2696770759741658,-0.8821853537685092
2023-01-07,0.0,0.47994134821058126,0.07995890890527262,-1.32054172295564,-0.9328572100120881
2023-01-08,0.0,0.47711660074735224,0.07405392188684214,-1.29332082976386,-0.9848506502238975
2023-01-09,0.0,0.4653529382606701,0.0669149718423604,-1.2661049275296052,-0.9799878043095963
2023-01-10,0.0,0.4698429096041575,0.06732677328527457,-1.3142741711160542,-0.9755675676112656
2023-01-11,0.0,0.45403931327704283,0.06377043137960657,-1.2899794189822549,-0.9697791683559263
2023-01-12,0.1,0.45665928289840857,0.06736420684225902,-1.2650261393357227,-0.9596692267323439
2023-01-13,24.2,1.4110540905743776,0.9856763155164804,-1.1006454871067664,-0.3579702234699893
2023-01-14,0.0,1.3110694497444786,0.8862501259734773,-1.3939964087655647,-0.3482452231631191
2023-01-15,0.0,1.2666750206671034,0.8405313998427653,-1.3734719657501417,-0.3403729262712508
2023-01-16,0.0,1.2377598663232368,0.7955658943471425,-1.3637345147514706,-0.3384758973846657
2023-01-17,0.0,1.1805903639762307,0.7477312393462803,-1.3634465514210452,-0.33270153619033277
2023-01-18,0.0,1.1064210991388668,0.6956538129182162,-1.3396006049917215,-0.3274098993247272
2023-01-19,0.0,1.049266032733279,0.6566111974279359,-1.4620753676284508,-0.32361233349491947
2023-01-20,0.0,0.9970627405539271,0.6256757713091573,-1.5295323054799734,-0.3293176540177429
2023-01-21,0.0,0.9600857192871761,0.5930562393352199,-1.5000725344862065,-0.326076411287934
2023-01-22,0.0,0.9246901422160965,0.5640688554300977,-1.4676001946732864,-0.3203436739196813
2023-01-23,0.0,0.878824665802856,0.5300114096104355,-1.4341662005409923,-0.3113112583757071
2023-01-24,0.1,0.8662222926955624,0.5213869955306369,-1.4007305992005041,-0.2991808190930956
2023-01-25,0.0,0.8816924899026262,0.5238028364439257,-1.3672848006545832,-0.2901522610375874
2023-01-26,0.0,0.9058684261904705,0.5336569599747979,-1.3344220396641044,-0.28218137020198436
2023-01-27,0.0,0.9454000371696657,0.5523567073927175,-1.4906398535057748,-0.2732254838141755
2023-01-28,0.0,0.9526821914336132,0.5507429085405438,-1.4692075734999157,-0.2651517398279036
2023-01-29,0.0,1.0786567965899794,0.5575864218679976,-1.4494183948992991,-0.2574250942309392
2023-01-30,0.0,1.0916330110807524,0.557430437018235,-1.5026699416424536,-0.24978468995383685
2023-01-31,0.0,1.1325818145082973,0.5708372137190689,-1.470091322197233,-0.24122934371502774
2023-02-01,0.0,1.094308197053478,0.5556053912707904,-1.4346338124037434,-0.23221720461732986
2023-02-02,0.0,1.0616244571914972,0.5437288772889912,-1.3963437365822606,-0.2221243222121852
2023-02-03,0.0,1.0448386271977672,0.540428205518859,-1.357776370017542,-0.21164885629241706
2023-02-04,0.0,1.0429157208470656,0.5419172699966212,-1.3195553017428623,-0.2028102093646784
2023-02-05,0.0,1.0266883144887256,0.5412291492496776,-1.2811683789268657,-0.19335347865382208
2023-02-06,0.0,1.045167568965972,0.5531106097040582,-1.2383920749059885,-0.1832406926498538
2023-02-07,0.0,1.0552540954033673,0.566466144013699,-1.2652162662574131,-0.17370651802142095
2023-02-08,0.0,1.072122297980704,0.5809661255336149,-1.2253604167302328,-0.16380862149553158
2023-02-09,2.1,1.1374786690347236,0.6524108707655368,-1.1663372039713176,-0.10394522626145239
2023-02-10,6.6,1.3616457403631148,0.8793402532353015,-1.0733353470693467,-0.4548226504015346
2023-02-11,0.0,1.325586058091944,0.8568286946064598,-1.0278542479179218,-0.7298459271433878
2023-02-12,0.8,1.274408064678433,0.871452557110553,-1.1059972538378224,-0.6986626937780229
2023-02-13,0.0,1.2480220024964408,0.8677136689776824,-1.0632939916504076,-0.6855094032086484
2023-02-14,0.0,1.2164111973689078,0.8438303736751678,-1.0189183611787362,-0.6741934800437418
2023-02-15,0.0,1.1820722034952877,0.8059579792391113,-0.9755983049835993,-0.6643201438828298
2023-02-16,0.0,1.0702637354931912,0.7337482515065986,-1.1949303454227498,-0.6537159666357567
2023-02-17,0.0,1.0450856820892886,0.7114152194992247,-1.152655362130115,-0.6416544806115915
2023-02-18,2.1,1.0569972466166928,0.7361516956577371,-1.0922814010580975,-0.5854714709779748
2023-02-19,1.4,1.1045798326701812,0.7799564278202524,-1.257079043162327,-0.539050027305142
2023-02-20,0.0,1.0566979401692087,0.7458643404078275,-1.2433631245380723,-0.5789628194660069
2023-02-21,0.0,1.1253324371426718,0.780850675732251,-1.2089807445030392,-0.5918232951158573
2023-02-22,0.8,1.0996803363248475,0.7677552364599739,-1.1697275274416468,-0.5653670092662386
2023-02-23,1.0,1.0614839174228496,0.7507701244300259,-1.1260139711683095,-0.535805667130757
2023-02-24,0.0,1.0403646806082363,0.7278163045335533,-1.0915662900040564,-0.5328423657642075
2023-02-25,0.0,1.0950808047668286,0.7498996377166918,-1.0581933753706405,-0.5331475375961066
2023-02-26,0.0,1.1151906679456456,0.7622519026158469,-1.036416920709284,-0.6583536873681632
2023-02-27,0.0,1.1007481780019404,0.7557952324307293,-1.0454843477775053,-0.8546439010886273
2023-02-28,0.0,1.0736291194206244,0.7239259213693855,-1.012428089343979,-0.8601823215019464
2023-03-01,0.0,1.0435170337409594,0.6935103638895008,-0.979758918107542,-0.8666290937024054
2023-03-02,0.0,1.032453541777075,0.685922239224572,-0.9467338033360335,-0.8742428714457688
2023-03-03,0.0,1.0247628510807223,0.6773738673289114,-0.9521079559155505,-0.8840590002032978
2023-03-04,0.0,1.0102103692983602,0.6567170333458802,-1.5152958497749287,-0.8950948315874784
2023-03-05,0.0,1.0257356594485898,0.6637249221405598,-1.9476696969024185,-0.9087625582414514
2023-03-06,0.0,1.0683871700842935,0.6909864712218774,-1.9371159537914595,-0.9218990079180892
2023-03-07,0.0,1.0873459040798867,0.7010735892802378,-1.9293882053831029,-0.9338472647973406
2023-03-08,0.0,1.0808089650646402,0.6987828063122715,-1.9234860859887564,-0.9474247156076686
2023-03-09,0.0,1.0533939282321783,0.6987776653369311,-1.9205768292724905,-0.9622479766420088
2023-03-10,0.0,1.0682006449160162,0.7115826889373611,-1.9207307159377478,-0.9787232603101567
2023-03-11,0.0,1.055777929802644,0.7021787545396685,-1.9554039669366277,-0.9953136773667068
2023-03-12,10.7,1.4768501550427255,1.0882120600856011,-1.7863654563496578,-0.728463948124852
2023-03-13,0.0,1.3647206276660755,1.0203114929757446,-1.7846368583958867,-0.7585560959813497
2023-03-14,0.0,1.357828943210479,1.0103398825408463,-1.781809638423073,-0.8212607938964984
2023-03-15,0.0,1.3313313288508504,1.0607701073587978,-1.779493321369551,-0.8422644774493782
2023-03-16,0.0,1.2789944730509113,1.0338435068425433,-1.7752028611281179,-0.8662232015736198
2023-03-17,0.0,1.192460517105716,0.9774636470091351,-1.7721736763137654,-0.9666003144313523
2023-03-18,0.0,1.1516735213239724,0.9415726135354294,-1.7695125175196589,-1.118334951997713
2023-03-19,0.0,1.1609227749594313,0.9401090911700487,-1.7666389599379475,-1.146237452710489
2023-03-20,0.0,1.1444824394010247,0.9246603736337001,-1.7641215087711424,-1.1748088239482315
2023-03-21,0.0,1.1211802863711793,0.8886405771223358,-1.7646924832096187,-1.329071789912064
2023-03-22,1.6,1.151943503197412,0.9130579156787606,-1.7385790527306195,-1.3882689085984108
2023-03-23,22.5,2.2139867050269877,1.6661819677882626,-1.3517577334508004,-1.168794106948945
2023-03-24,0.0,2.141857777729924,1.8371102301919107,-1.3512659147205093,-1.2039187765463308
2023-03-25,0.0,2.0567217860863765,1.7797863307604675,-1.3501290395577223,-1.2394557285032177
2023-03-26,0.0,1.968072350855094,1.7053879721477174,-1.354742514272452,-1.2777895170648752
2023-03-27,0.0,1.852215924828098,1.578656968340732,-1.3623718612613347,-1.3193447878111222
2023-03-28,0.0,1.8633432012177051,1.5883813417381942,-1.3683551069428033,-1.3563312473327598
2023-03-29,0.0,1.7559518587257146,1.5108381446903538,-1.374344825934834,-1.3857986630272716
2023-03-30,0.0,1.758273090425554,1.4959765310088489,-1.3805745598540615,-1.4152120799017442
2023-03-31,0.0,1.7467575831774502,1.4985558174765765,-1.3864855057278893,-1.4433544561154728
2023-04-01,0.0,1.6773517897096482,1.4523762075566677,-1.3896953459269463,-1.4702476259983102
2023-04-02,0.0,1.68891094148215,1.492374770733765,-2.0382635696141334,-1.4946014714449838
2023-04-03,0.0,1.6314014016778768,1.4387651903341439,-2.0397561954352303,-1.5169788121356924
2023-04-04,12.8,2.0052045383885173,1.8426460141407464,-1.7885323570665475,-1.1885375677956953
2023-04-05,34.2,3.0985600280029892,2.9397260512604664,-1.1651313344447392,-0.4163302216136582
2023-04-06,6.9,2.9167050772532424,2.780680658511511,-1.0543554549764762,-0.35188290313225956
2023-04-07,0.6,2.9894442298552217,2.752028070730139,-1.0910094635590284,-0.3689111212020604
2023-04-08,0.0,3.0182601512389393,2.7367742242595665,-1.1362226485032054,-0.39780539700468853
2023-04-09,0.0,3.0550194790595597,2.7127810628784337,-1.1423990119340124,-0.4259678092670131
2023-04-10,0.0,3.075242860508776,2.7094431375083996,-1.148650621196635,-0.4520585308182229
2023-04-11,0.0,3.0727447846380977,2.7257008559153126,-1.1566572460005111,-0.47823773942252595
2023-04-12,0.0,2.9620817555571386,2.6135476325147913,-1.1643147369562887,-0.5067443281224017
2023-04-13,0.0,2.923050960840545,2.5671864052836293,-1.1708792733623814,-1.0530299149053426
2023-04-14,4.0,3.060740582724275,2.7319953394003154,-1.109376743855896,-0.9895679823819978
2023-04-15,0.5,3.0098069750799463,2.685564235001164,-1.1074930685633344,-1.0074734644333256
2023-04-16,0.0,2.818914817776913,2.544410652878587,-1.1166969451996795,-1.036999220318104
2023-04-17,0.0,2.34303653323604,2.1547517648384464,-1.1267555214833642,-1.0671901359050884
2023-04-18,0.0,2.498150977711629,2.188028346794677,-1.1377329927556106,-1.0973109951118427
2023-04-19,0.0,2.6075646668931554,2.2321607042653233,-1.1516365127611823,-1.1304355098972054
2023-04-20,0.0,2.579328699390863,2.182026692060656,-1.1741586380668347,-1.1634817422295438
2023-04-21,0.0,2.2898376038925794,1.9933467558670939,-1.1911481190057933,-1.1952346464644363
2023-04-22,0.0,2.672699959232116,2.266574276862535,-1.2040804002858478,-1.2227678669454694
2023-04-23,0.0,2.4954162161934463,2.178621089496721,-1.215690175117911,-1.2492973274786245
2023-04-24,0.0,2.234818338807238,1.9918445267521974,-1.229203483140873,-1.2793241381854688
2023-04-25,1.3,2.2373767206484834,2.0064886850941868,-1.223703639905192,-1.2780535907825272
2023-04-26,0.0,2.2174535948426994,1.9844096090196122,-1.2388898675134075,-1.3038612997067864
2023-04-27,0.0,2.267089645739931,2.04709127914448,-1.2539888254123919,-1.3287312937710825
2023-04-28,0.0,2.1033133635436196,1.8992291157877095,-1.2699728545483007,-1.3535790618770127
2023-04-29,6.2,2.159284243556213,1.9962600830032753,-1.195999346793802,-1.2527767063150383
2023-04-30,0.0,2.1539239543943784,1.9783994790657646,-1.2150044497047103,-1.2798927739726156
2023-05-01,0.0,1.9003978869780596,1.763264298059058,-1.2343812736514113,-1.3075332415656815
2023-05-02,0.0,1.8571011707591707,1.7206497070790792,-1.2546557067697384,-1.335357043827386
2023-05-03,0.0,1.8286282762921624,1.6824504988818934,-1.27536422594375,-1.364049218141698
2023-05-04,19.1,2.5210041609791034,2.3915473455839447,-1.0244875502671626,-1.0345211615101566
2023-05-05,95.7,1.1262743985519637,0.9494821176727735,0.12409033733237605,0.33878285090812893
2023-05-06,5.7,0.5654041814208016,0.5618240720939021,0.1643762048031835,0.3768103324429023
2023-05-07,1.4,0.15700373515064206,0.22650847302683064,0.1587741919524059,0.363234088302648
2023-05-08,0.0,-0.12263741004345974,-0.015719246885748096,0.14001700708417614,0.33551213169779176
2023-05-09,0.0,-0.35184075869099934,-0.22406620788218043,0.122258510656427,0.30898840235054964
2023-05-10,0.0,-0.5416914692744795,-0.40706169832530686,0.10543640056391321,0.25849802223746404
2023-05-11,0.0,-0.6452353961761398,-0.5362883211765059,-0.13852957076298597,0.1548180337097743
2023-05-12,0.0,-0.7896926769657665,-0.6882053629365824,-0.2704014543363293,0.13188015833882025
2023-05-13,0.0,-0.8336352718352238,-0.7370017453104069,-0.28485173591775254,0.10049656056324878
2023-05-14,0.0,-0.9823619582039503,-0.8893989515681711,-0.2992150225216909,0.07965786424127551
2023-05-15,0.0,-1.1386470719230233,-1.0449903777490288,-0.3132796405664766,0.06019320800600906
2023-05-16,0.0,-1.1318673953742322,-1.0372054679856777,-0.32700097146017376,0.042151044375961205
2023-05-17,0.0,-1.2701066205952385,-1.166825379469175,-0.3404293194161695,0.024468896047752636
2023-05-18,17.8,-0.7210083777596445,-0.6287109801999435,-0.15944247244158197,0.2164398179580003
2023-05-19,0.0,-0.7814505036548154,-0.7082738117716769,-0.1764396649576095,0.17435961892057963
2023-05-20,0.0,-0.877174019491849,-0.8034146282983994,-0.1882560860757625,0.14164301638625795
2023-05-21,0.0,-0.9902141686071095,-0.911587655232108,-0.21993929354353242,0.1264060603805859
2023-05-22,0.0,-1.008466803146723,-0.935414960749372,-0.23853856997973227,0.11318798460818791
2023-05-23,0.0,-1.065767016410368,-0.9936474452012489,-0.24849715824990226,0.09267522459758289
2023-05-24,0.0,-1.1317787387734886,-1.0545658567412275,-0.25904937250775045,0.0697759368303132
2023-05-25,0.0,-1.152351579165038,-1.0800461347093937,-0.2713660015509898,0.05658802615798142
2023-05-26,0.0,-1.1780211024617437,-1.101048914592156,-0.2848449855997342,0.042752617427070386
2023-05-27,0.0,-1.2596131966016337,-1.1927742232405918,-0.3483296520480773,0.030613232582976883
2023-05-28,1.3,-1.2834757630359859,-1.2264078177848046,-0.42455672500211245,0.033230903550281334
2023-05-29,43.7,0.1541096401160441,0.2230585273857409,0.012549598308531003,0.48975163061863874
2023-05-30,4.1,-0.01274566901706823,0.04269961184104786,0.03964787122611659,0.5192565592790895
2023-05-31,1.3,-0.20294677990914062,-0.15031332569913275,0.03924945472695922,0.5208143044022732
2023-06-01,10.4,0.004121807000715834,0.057514954433190026,0.12622011926579507,0.6126994759256419
2023-06-02,3.5,-0.05106984889894305,-0.0020961183639051813,0.14608900089596885,0.6361203561869747
2023-06-03,0.0,-0.2178456860984463,-0.16764033158420685,0.1319083072195502,0.6259415651585959
2023-06-04,0.0,-0.35413110289359573,-0.29678935707705356,0.11736884634550297,0.6144324607875523
2023-06-05,0.0,-0.4601853439199296,-0.3971230025231186,0.1006267822001137,0.599980070309506
2023-06-06,0.0,-0.526238710279598,-0.4732351634148044,0.08412551338993904,0.586154715158092
2023-06-07,0.0,-0.6256683953264476,-0.5856632895670462,0.06602339923871518,0.570918029658006
2023-06-08,0.0,-0.7031861871339528,-0.6644674545456365,0.04510526300439818,0.5522978397997894
2023-06-09,0.0,-0.6173729645507642,-0.5746865144913836,0.021956564488605237,0.5304678312722827
2023-06-10,0.0,-0.7255211466125019,-0.6679123801945294,-0.004357375334185008,0.4025388912753162
2023-06-11,0.0,-0.8145196359893996,-0.747815362363521,-0.03711407295870473,0.3740022031561382
2023-06-12,0.0,-0.889488146719618,-0.8152232691778538,-0.08226148179369781,0.3432933978896492
2023-06-13,0.0,-0.9641252655622267,-0.8908865091146009,-0.11518109689051532,0.30971990905352453
2023-06-14,0.0,-0.9742748619968168,-0.9175918449296546,-0.14794869043819905,0.2756189470718599
2023-06-15,0.0,-1.0402095999994274,-0.9798410149866044,-0.2067893249157805,0.24071876158909034
2023-06-16,0.0,-1.0805103880162399,-1.0232489222174035,-0.28165383495777896,0.2032582443088172
2023-06-17,0.0,-1.095772778851655,-1.0421644541613602,-0.31693211127878174,0.16627184548892956
2023-06-18,0.0,-1.3107493300737842,-1.2389128613597715,-0.35149257297491765,0.1297906557333844
2023-06-19,0.0,-1.2011994062582962,-1.1580550811224546,-0.4224628543334922,0.09211082234030481
2023-06-20,8.9,-0.7601040381614629,-0.7381869588629884,-0.4051331214041709,0.11735701837612147
2023-06-21,0.5,-0.9983347076198656,-0.9175922416006379,-0.5537134544871974,-0.11295674759425403
2023-06-22,0.0,-1.1424575817273261,-1.050253056896586,-0.5914273334408896,-0.15143110901316115
2023-06-23,0.0,-1.1562193680441668,-1.0964083177504456,-0.6294689116621861,-0.19053647977543772
2023-06-24,0.0,-1.0854969979398434,-1.0324008330271672,-0.667213153225407,-0.22939694506797872
2023-06-25,7.1,-0.9758391638699732,-0.9270847606148759,-0.6469840108476853,-0.20536570423020326
2023-06-26,74.3,0.08298695440725005,0.037685322510727336,-0.1356771917230982,0.3301003427229549
2023-06-27,130.2,1.9845027139584288,1.754160317657442,0.6348101687418767,1.1117591367097366
2023-06-28,153.3,3.5479544465583848,3.3741955870509317,1.3827378720886307,1.8513750145635792
2023-06-29,38.3,3.108241448757282,3.3556383596088657,1.4993008027774195,1.9618196329570166
2023-06-30,14.7,2.684530024535042,3.1848067089370047,1.4988967338158554,1.9554711101536948
2023-07-01,1.6,2.1221058656690213,2.8222462570043807,1.4379739335419932,1.8916963381040983
2023-07-02,0.0,1.7739462684902918,2.5988125196017053,1.3720188811924003,1.8244857956023885
2023-07-03,0.0,1.3870209858672564,2.2533411709138624,1.308881613652177,1.706113203584799
2023-07-04,27.0,1.5644775222166378,2.4044032961909023,1.3648578814186823,1.6146317978286975
2023-07-05,32.0,1.7778942245356375,2.5635381593327065,1.4312521805349043,1.6653797466402545
2023-07-06,0.0,1.475310631550741,2.261755412975063,1.3760119055974593,1.6097437388128455
2023-07-07,60.0,2.143049537388567,2.789812455017719,1.5650864700999423,1.8052315442308455
2023-07-08,0.0,2.042747504005877,2.6711450882279464,1.5144090691556455,1.7580631318908773
2023-07-09,0.0,1.6410810581594408,2.2837615334629255,1.464458142455324,1.711819755058662
2023-07-10,6.4,1.5101289384629162,2.133838637041114,1.4400320169628174,1.6915888709808526
2023-07-11,87.6,2.238857753595272,2.684259942222323,1.7233747283054859,1.9809707539385237
2023-07-12,2.8,1.9867944226759515,2.459589836341853,1.598621807477159,1.9496496883828516
2023-07-13,4.4,1.7396741454285958,2.248127447827565,1.5706369496404833,1.9116283377497072
2023-07-14,51.6,2.289509935055574,2.7373803871073092,1.7161515541686394,2.0584327519096615
2023-07-15,56.3,2.633040564063363,2.99858317416086,1.8728310879350478,2.2176769877361475
2023-07-16,54.2,2.909582574380136,3.119798446799993,2.0172869969110883,2.363719319724568
2023-07-17,66.6,3.515622393949238,3.5845409032690387,2.1979390168986295,2.5440151076327004
2023-07-18,64.7,3.897171440401692,3.9238667845685278,2.366031660420561,2.711433589198851
2023-07-19,2.9,3.840379695266946,3.8765222180194976,2.33922632271103,2.6915343522150295
2023-07-20,3.7,3.724158053618101,3.790281470706895,2.315707705864173,2.675171825641104
2023-07-21,0.0,3.582584869157864,3.6428611431141364,2.2828184034132724,2.6502324079610036
2023-07-22,13.9,3.6912297583198743,3.737902294781917,2.2947132122905693,2.667448735278925
2023-07-23,48.0,4.017733427220079,4.039954861192948,2.410406697941989,2.784573441961238
2023-07-24,100.3,4.763244065045099,4.684449292755528,2.675969628160444,3.041709208148972
2023-07-25,0.0,3.78397966822182,3.9429649679026193,2.640762681418012,3.0118623471022
2023-07-26,0.6,3.677900014847348,3.671630325278996,2.60683258615619,2.9827369146610057
2023-07-27,0.0,3.754448744905227,3.6259648063076018,2.5733925870548915,2.9558574445138044
2023-07-28,0.0,3.69458540741459,3.567234067796399,2.540696172768187,2.912096188975717
2023-07-29,0.0,3.626536163488582,3.4880758529927727,2.5068785606437434,2.8836190221264526
2023-07-30,0.0,3.331399775634269,3.2954460880556375,2.471828526632693,2.85299061603755
2023-07-31,0.0,3.2985545039435946,3.250243002997819,2.436394303185129,2.822738238770153
2023-08-01,0.0,3.2014834086233903,3.188993217997368,2.4032062685723674,2.79523440526127
2023-08-02,3.4,3.0877274654087605,3.117328314507931,2.379716583013054,2.724812095290705
2023-08-03,0.0,2.972032629717562,3.0293680553203104,2.3451461652228156,2.4224676956567537
2023-08-04,0.0,2.640495711153857,2.795167420330911,2.3071025092164716,2.3722678643441473
2023-08-05,0.0,2.7995795662894625,2.8481928544191737,2.2681227004410034,2.3319531006199936
2023-08-06,0.0,2.8332958212045187,2.8470002211638956,2.2295514699667995,2.2941742877533047
2023-08-07,8.4,2.7686570505696797,2.7880093232237844,2.214413633809701,2.2787744082509596
2023-08-08,5.5,2.2566985384893163,2.375974948249784,2.1842286916834537,2.2545634518442252
2023-08-09,1.0,1.8157346944280244,1.884893977884833,2.131649939434661,2.2196580324701825
2023-08-10,92.4,2.8785116288344423,2.589323157173739,2.3468419757819086,2.431185659024416
2023-08-11,0.0,2.7044028132497124,2.3715662346610937,2.3088804095878936,2.39415472651498
2023-08-12,0.2,2.647609881140236,2.315780114001543,2.2722264119045863,2.357134779799095
2023-08-13,0.0,2.522443575336503,2.231039111376087,2.2366640062629886,2.321600222969609
2023-08-14,3.7,2.4410391214699962,2.156890513924221,2.210534243217374,2.294999345861018
2023-08-15,0.0,2.320264709954177,2.0786304995633498,2.1727872706506006,2.2582404590387175
2023-08-16,0.0,2.2022278324270195,2.0089070468834858,2.133630974980158,2.175363031736767
2023-08-17,0.0,2.1593732205959286,1.9893022436779333,2.089647744632488,2.138049734366565
2023-08-18,74.5,2.7709876973540997,2.5083033797053353,2.238765122540747,2.286387617349899
2023-08-19,0.0,2.253336104427176,2.1593294568856076,2.2029473576195873,2.2490951741883483
2023-08-20,0.0,2.1853004950117767,2.008417081440376,2.1693447140426123,2.2136668372374375
2023-08-21,0.0,2.0455517511472623,1.8685187706148612,2.1342303380606804,2.1787309080820836
2023-08-22,0.3,1.993622624084235,1.7894324436969633,2.100473523967173,2.1459939899128515
2023-08-23,58.9,2.6415817211054,2.217359911870939,2.214054544559322,2.2529978484366606
2023-08-24,34.9,2.9909437292339893,2.4482419820891654,2.2688136744424408,2.303681027080403
2023-08-25,0.0,2.7637773058621704,2.3185265001507065,2.24213993355104,2.277514750765396
2023-08-26,0.0,2.5983246808622606,2.2143309381030964,2.217629373812302,2.2506820161552628
2023-08-27,0.0,2.2898950076161313,2.0205462407703134,2.1944509761471025,2.1280340632996437
2023-08-28,6.4,2.3637480244965805,2.049964240079489,2.1857500659182167,2.1113164270074596
2023-08-29,37.5,2.7155932229353192,2.3329048674180033,2.2501741714907384,2.1725235217936203
2023-08-30,14.0,2.434165149606363,2.1930173037192304,2.259413272785443,2.158727661597527
2023-08-31,0.1,2.128752156098954,1.958177792461287,2.2364762901987185,2.1291011203462187
2023-09-01,0.0,2.198826691119863,1.932547897200966,2.2130511353480107,2.1073190821171606
2023-09-02,2.5,2.2208573704303185,1.9299426144292882,2.195359405674137,2.091437364356586
2023-09-03,0.0,2.202692653936846,1.8806725688837147,2.17294430737108,2.072935019453879
2023-09-04,8.0,2.2430365306880917,1.921728958023198,2.1708372821466453,2.0741748715664667
2023-09-05,0.0,2.1155892200050337,1.8716436616592371,2.151333045086563,2.0594622499530475
2023-09-06,0.0,2.1076041887763517,1.8495128403023475,2.1318030985790735,2.0469155040062423
2023-09-07,0.0,2.1383465441635257,1.849663150579213,2.1128173787799738,2.036151439826766
2023-09-08,0.0,2.0543753176232227,1.7734261902018507,2.0704532712556234,2.0276180626377402
2023-09-09,0.0,2.0230513460745576,1.7589395688762393,2.0524831289478556,2.020236554265456
2023-09-10,0.0,1.9680078748919336,1.7134397660002267,2.0350205140418254,2.0158075014594674
2023-09-11,0.0,1.9535850824739014,1.6844695103883582,2.0179856126236553,2.0134346539733445
2023-09-12,0.0,1.777292863426664,1.528407374040571,2.002548831296586,2.011860601398583
2023-09-13,30.1,2.076784259849122,1.7549215073119704,2.056315342388408,2.076867958846541
2023-09-14,14.1,2.117176970700344,1.8106995329917235,2.0736996021390266,2.1084117871861308
2023-09-15,42.8,2.43109569264272,2.0943407863674977,2.1556962720731194,2.2032244487770773
2023-09-16,34.0,2.5802156306503923,2.251652973227011,2.219246915481823,2.2798941761684475
2023-09-17,3.2,2.4700902609105273,2.1729247313409523,2.215979393129418,2.2934311693308858
2023-09-18,0.0,2.2945297924638304,2.0562434253961106,2.203049936500776,2.281782282692883
2023-09-19,0.0,2.182165492375221,1.9583032020127165,2.146002721745951,2.2896121849826656
2023-09-20,11.0,2.3081007654942964,2.057332816830716,2.1616767628819655,2.323032797617823
2023-09-21,3.0,2.346240409299115,2.074305802423785,2.159931819101835,2.3409770879659946
2023-09-22,0.0,2.333746141431886,2.0670919089588105,2.1513594054635337,2.3531321183133405
2023-09-23,0.0,2.274410792786897,2.04175631352142,2.1428872587844983,2.3500344648064715
2023-09-24,0.0,2.304484407386518,2.0589205361673373,2.1351761120129558,2.205818582360536
2023-09-25,0.0,2.3111878134573884,2.058724236887581,2.127791438721102,1.9297624455703875
2023-09-26,0.3,2.338342004426129,2.0716073286825423,2.1211615401173933,1.5807349738386327
2023-09-27,0.9,2.358048098227206,2.0774605155172154,2.1160054358495444,1.5057587840041031
2023-09-28,0.0,2.34291346165265,2.0627890127641035,2.110045784033879,1.4893821192991321
2023-09-29,0.0,2.2650265471687723,2.0129783449294973,2.10516704879247,1.5082305681579014
2023-09-30,2.6,1.9739934521343603,1.8349162282009308,2.1070497184655035,1.5405089820809976
2023-10-01,0.0,2.118571604631547,1.8493119207742659,2.077333859141773,1.5677150753694913
2023-10-02,0.0,2.1250733051022674,1.8300833924192308,2.002772775751817,1.5273085943043403
2023-10-03,1.4,2.143169972124469,1.8368163468054322,1.9903199871926223,1.4773784265352132
2023-10-04,0.9,2.199563728739861,1.8685622285500374,1.9912302545657798,1.5102926370415601
2023-10-05,0.0,2.141308022143651,1.8307769428391478,1.9920611607131382,1.3810103164097174
2023-10-06,0.0,2.1016884962514717,1.8045679829037622,1.9928238182363731,1.4138015250181164
2023-10-07,0.1,2.0490914324937974,1.7724504171022566,1.99409357938731,1.4479807381085381
2023-10-08,1.4,2.0781295010932705,1.7943589617264832,1.9987215556976774,1.469741138195745
2023-10-09,0.0,2.0720932868837894,1.789301275673638,1.999816609416508,1.2542929989964122
2023-10-10,0.0,2.041883193118035,1.7745004713588142,2.000989209843742,1.2799301601606312
2023-10-11,0.0,1.9760727198752566,1.7422272112029131,1.9932173108171898,1.3001591169090148
2023-10-12,0.0,1.9540509345381494,1.7147673778152375,1.9932229706606843,1.1768833983976892
2023-10-13,0.0,1.9164303912695895,1.6934748751089972,1.9936549981173495,1.0331663721022397
2023-10-14,0.0,1.8917777017054518,1.6661996268790833,1.9938914327448023,0.8878084111609247
2023-10-15,0.0,1.9327540316374323,1.696273895256565,1.9947691479567546,0.6884655075454548
2023-10-16,0.0,1.9332045819537151,1.6954145086527892,1.996861639336386,0.4823508229552151
2023-10-17,0.0,1.9033168841073562,1.6822794804454597,1.9996785888619584,0.5042340067082238
2023-10-18,0.0,1.9171255200770294,1.6898549074870788,2.002705641192862,0.5228893642839882
2023-10-19,5.4,2.031563666433135,1.7790461510650795,2.0171163248212265,0.5765050220213233
2023-10-20,1.9,2.074319957794373,1.812623171558315,2.0226085470602806,0.5622268121749268
2023-10-21,0.4,2.079058543476665,1.8208729510076442,2.025404120746535,0.40416500638142694
2023-10-22,0.0,2.070050977024836,1.8061947192843142,2.024714907662289,0.0005053305389346115
2023-10-23,0.0,2.0081299916743838,1.778042721141214,2.0277764528779105,0.03470454739936533
2023-10-24,0.0,2.019758522376465,1.7876231910698197,2.030842341252771,0.06721622413312134
2023-10-25,0.0,1.975818521364916,1.756586768276974,2.0345179813198406,0.10012892070129022
2023-10-26,0.0,1.953101514905364,1.7386768562750052,2.0249938959566,0.13217348248673114
2023-10-27,0.0,1.9519397109177552,1.7292290499438223,2.028618400333628,0.16422996850557378
2023-10-28,0.0,1.8787473082125232,1.687371873305721,2.0328297760509657,0.19608230017090408
2023-10-29,0.0,1.827202007024346,1.6518948686299266,2.0374173692254534,0.22585659833719318
2023-10-30,0.0,1.8143791629602106,1.6456698851371252,2.0423908620683076,0.25491541210142876
2023-10-31,0.0,1.796236458191974,1.632712389228559,2.007020209329157,0.26875062036521824
2023-11-01,0.0,1.7857375542551286,1.6211934225325069,1.8051767456760388,0.29764343052394643
2023-11-02,0.0,1.7938699166245629,1.6187233305421562,1.7971083127920504,0.32785967860922144
2023-11-03,0.0,1.797600525067443,1.6192791839570533,1.7989011170520737,0.3589413072018807
2023-11-04,0.4,1.8063654595989316,1.6173000277093799,1.8044633245706256,0.393272182735054
2023-11-05,1.8,1.8487457181897937,1.6537560474029638,1.8128860319215119,0.39628409702765155
2023-11-06,26.8,2.3903144070059175,2.102086573381093,1.8760811374143334,0.5241739253719849
2023-11-07,0.0,2.3324810692132876,2.0527101837101394,1.8810215440991644,0.55292702833031
2023-11-08,0.0,2.2737509505875377,2.007252555297437,1.8857610570375474,0.15851163090107026
2023-11-09,14.7,2.58933172011541,2.2575433662475186,1.922367697641277,0.2659344634356904
2023-11-10,3.5,2.5830069667986413,2.264553673510771,1.934605471754433,0.31808683724174885
2023-11-11,0.0,2.4729400491340043,2.160324132555842,1.9397691000517927,0.35491472197778784
2023-11-12,0.0,2.4254366408256995,2.1241013667493447,1.944216843574522,0.3753458705532363
2023-11-13,0.0,2.410049200032815,2.1241765138900988,1.9489940909514218,0.4148354488789079
2023-11-14,0.0,2.3926641885427524,2.111672693847398,1.915614546100129,0.45621687713355874
2023-11-15,0.0,2.36111364770048,2.08831813891638,1.9201058241968847,0.4981984910082967
2023-11-16,12.7,2.638802150169488,2.3237050567188806,1.9519134664406699,0.23095942086215135
2023-11-17,9.3,2.757571947342322,2.4376149104396156,1.9753223807808427,0.32261998767992156
2023-11-18,1.5,2.676857945582475,2.3860845649971267,1.9811065544659348,0.37411703885518116
2023-11-19,0.0,2.621135073776601,2.3440525778924366,1.9834370206784517,0.4195554908511141
2023-11-20,0.0,2.5416069362924554,2.2523374325626104,1.9860234617953632,0.464450704879907
2023-11-21,0.0,2.492585168618233,2.2303521762568206,1.9881092628188552,0.1833093143230598
2023-11-22,0.0,2.383707415262671,2.1443234279511953,1.9905182847884673,0.013337774642683984
2023-11-23,0.0,2.3961103348925286,2.144929987899543,1.9926697101469586,0.056315415952774624
2023-11-24,0.0,2.379265325718312,2.1392759420937946,1.992288525368338,0.09864154989133199
2023-11-25,0.0,2.3957060916534174,2.1517983026836385,1.900174987717194,0.14282680311306428
2023-11-26,0.0,2.344622111218058,2.113242259350129,1.8944190152933817,0.14618514125939452
2023-11-27,0.9,2.250945722813387,2.0389081517137586,1.8973131854192813,-0.06645702302507983
2023-11-28,0.3,2.2345211731422925,2.0336768757203476,1.8787157583408505,-0.12469658999344582
2023-11-29,0.0,2.158379608473166,2.004152087905355,1.8744011035460624,-0.0793861868848354
2023-11-30,0.0,2.147322707207036,1.9981697966889251,1.8772879989334057,-0.03222827430940504
2023-12-01,0.0,2.1531099092662918,2.0017629936887,1.8803435690099735,-0.004569237604575381
2023-12-02,0.0,2.1116359526785313,1.9672200379315725,1.884509542896989,0.04370465992915707
2023-12-03,0.0,2.0917990652885785,1.9440820974369573,1.888866382484679,0.025644738068477467
2023-12-04,0.0,2.030425281352435,1.9084642844189221,1.893208332674048,0.07249822666782575
2023-12-05,0.0,1.9658585883133697,1.8333198980866225,1.898941547991214,0.11924433502693801
2023-12-06,0.4,1.9055091479308954,1.79402249140026,1.9062202433875888,0.17015913550930495
2023-12-07,0.0,1.8696762424503643,1.7657576990211596,1.913728604469942,0.2178223706769024
2023-12-08,0.0,1.8668008073392206,1.771676504036153,1.9226489646033043,0.26653572516064405
2023-12-09,0.0,1.8643633073530552,1.7802040967405168,1.9337338716511807,0.3136202266077869
2023-12-10,1.4,1.827491717392768,1.7666061164296945,1.9498730780750062,0.37307150746204326
2023-12-11,21.4,2.449227791852066,2.3108788659046335,2.009161941258722,0.6109912453587255
2023-12-12,0.2,2.344669505028584,2.222047621164104,2.022105032060805,0.38508151955481906
2023-12-13,0.0,2.295821802546357,2.162216280525472,2.036705632328629,0.28919097450605363
2023-12-14,19.4,2.8397737956102684,2.633671938999007,2.093605106582411,0.08006663440776568
2023-12-15,27.1,3.3656594789393894,3.1265928663170413,2.1664337322247182,0.03954360716992245
2023-12-16,7.5,3.397900969542793,3.167226165682185,2.2000200766352007,0.12818551140676174
2023-12-17,0.0,3.2798732548933676,3.0566873275183837,2.1859303704044364,0.15475471369018085
2023-12-18,0.0,3.2081159123878686,3.0038159641040436,2.203787741008486,0.19312352681399098
2023-12-19,0.0,3.1511021806639476,2.9610110774750216,2.2242241656177173,0.09835390232546709
2023-12-20,0.9,3.0921743805005883,2.9309987209796056,2.2476185891793006,0.10816808159710263
2023-12-21,0.5,2.997279539231575,2.8415955620675386,2.271107225862385,0.15027967208559814
2023-12-22,0.0,2.8825291012766585,2.7596807314700875,2.280350245566585,0.18751055321804402
2023-12-23,0.0,2.8108869419064773,2.7164537214066704,2.145875972946783,0.2249661500121056
2023-12-24,0.1,2.8037937706730203,2.6353457168176533,1.8813936735071524,0.2616299937064929
2023-12-25,0.0,2.7807036723719216,2.625124200513943,1.5430827396295483,0.29443401540655484
2023-12-26,0.0,2.742795849417941,2.599784643044963,1.4772029357046148,0.3189701644167883
2023-12-27,0.0,2.6775050825294557,2.552567402367942,1.4703077736156605,0.3553508223348297
2023-12-28,0.0,2.615303244259594,2.489122365151155,1.498517441578497,0.39177557789672657
2023-12-29,0.0,2.6009343634874535,2.4927978605766103,1.5324094093227645,0.38833528187557653
2023-12-30,0.5,2.4934516081449165,2.418855502752805,1.5693735211933961,0.4275967896139584
2023-12-31,0.8,2.440187385086485,2.3904235058206633,1.5387298880679605,0.47096798939400714
2024-01-01,0.0,2.373157333472063,2.3500266929514795,1.5313988952298216,0.5080982875034149
2024-01-02,0.0,2.321078907015744,2.3172790762983677,1.5713006200878326,0.520517094854186
2024-01-03,4.8,2.38289739150316,2.386959539092264,1.4622391342389156,0.6192640674171361
2024-01-04,0.0,2.3390423203736592,2.3640286937096135,1.5035747121749523,0.6420510586426337
2024-01-05,0.0,2.2295641714431613,2.2937308686103575,1.5452447532651332,0.6628265488083268
2024-01-06,0.0,2.1933639649754615,2.266502833322056,1.5694411299969495,0.6612349939226381
2024-01-07,0.0,2.121248214673025,2.187162312816837,1.3568881530043035,0.6804307108386989
2024-01-08,0.0,2.0951086588481833,2.1486355706889153,1.3886909956122024,0.699241490001069
2024-01-09,2.1,2.104346428992241,2.1480001248607725,1.421988139640085,0.7515697149304578
2024-01-10,0.0,2.0727079147575598,2.0966890727843324,1.3046737502687604,0.7717168487952392
2024-01-11,0.0,1.9677171348897842,2.0098004629527106,1.166040169799464,0.7929091856985354
2024-01-12,0.0,1.922028804133714,1.9764968455176017,1.0245625478427163,0.8135226654462296
2024-01-13,0.0,1.8634477079679486,1.9461729197458673,0.8302722097004729,0.831153054409021
2024-01-14,0.7,1.8883028165494924,1.9777056181752295,0.6321923275824064,0.8570646604850407
2024-01-15,0.0,1.8697806135944646,1.9624536431051474,0.6583185807432432,0.8699883172836177
2024-01-16,0.0,1.8441713837012255,1.9032813570302363,0.666873383396568,0.8786787096418693
2024-01-17,0.9,1.794136385855617,1.8428794288113446,0.708066199238186,0.8155751903688365
2024-01-18,4.1,1.8251032124935316,1.8756963426459403,0.7079763363214504,0.865777174183003
2024-01-19,0.1,1.7075354325942647,1.772179338957995,0.5537225375674676,0.8702919288494673
2024-01-20,15.7,2.157473156739551,2.225168475154097,0.22926265110333616,1.1432819924506576
2024-01-21,0.2,2.0027871588899377,2.070192529729783,0.26746744941047895,1.159180631017375
2024-01-22,0.0,1.8857908860224502,1.958880625930217,0.3025339765932813,1.1716576314817382
2024-01-23,1.3,1.797610295818145,1.8647275250353412,0.34358267084010846,1.2074494227298196
2024-01-24,0.0,1.7154078266732191,1.784852152521753,0.3777149463108692,1.220385909706466
2024-01-25,0.0,1.691287358214418,1.7543148729081144,0.41201566243099014,1.2311787460230943
2024-01-26,0.0,1.6757161426338578,1.7267093126181925,0.44580319552651854,1.2422058782067553
2024-01-27,0.0,1.6709054391957512,1.7117693633836866,0.47828614118063306,1.2541409044612424
2024-01-28,0.0,1.612386413950725,1.6366349192619052,0.5101201925539411,1.2664842926737134
2024-01-29,0.0,1.7546578028128423,1.5960317801554238,0.5264211010069921,1.278264987083023
2024-01-30,0.2,1.7231807052988477,1.550455653531363,0.5608242786574341,1.292197561136049
2024-01-31,1.0,1.7647190774278407,1.5651919677325996,0.5993841853674907,1.3195881105597014
2024-02-01,0.4,1.6691293972506742,1.4916473193206166,0.6367678942082252,1.337276666443355
2024-02-02,0.0,1.5706325153131184,1.416867761575965,0.6738128591623271,1.3416344065363814
2024-02-03,4.5,1.6658130959751807,1.51558613631853,0.6936749235990589,1.395880830826771
2024-02-04,7.4,1.8623646041527273,1.6900536093301743,0.7398977797899124,1.0745003783796565
2024-02-05,13.8,2.228060907197025,2.0370005320702735,0.8362569540284169,1.3205688668675395
2024-02-06,0.0,2.1095535450048577,1.927016336530628,0.4405524927444059,1.3284992580993966
2024-02-07,0.0,2.020485196932037,1.8581754301427669,0.479903278453636,1.0833499168504248
2024-02-08,0.0,1.9621427060178664,1.8083288780301698,0.519455591634003,1.0294033934189317
2024-02-09,0.0,1.8550619993808275,1.7158762134643142,0.5606156755296133,1.0384871114466043
2024-02-10,0.0,1.75384438070802,1.6303571157810806,0.5846918722005233,1.0431766229751944
2024-02-11,0.0,1.7039555208360306,1.597861137577753,0.6294767189175613,1.047938068686065
2024-02-12,0.0,1.57327737403926,1.5489204135956982,0.6756295021408594,1.0522540816322905
2024-02-13,0.0,1.5133125823506104,1.5196830628875047,0.7224503100799222,1.0514550640781397
2024-02-14,5.8,1.6543186700632568,1.65353559879695,0.41639635546948206,0.9266580223582019
2024-02-15,0.0,1.545273121589132,1.5311890799607126,0.4636097182994302,0.7548242433562449
2024-02-16,0.0,1.352093200394681,1.3561909834626353,0.5118104175481254,0.7263573474812784
2024-02-17,0.0,1.276639335489584,1.282484763421393,0.5622202126010664,0.7275475812543233
2024-02-18,37.7,2.391106128266454,2.335739484907904,0.8128791748765924,1.3661873028198954
2024-02-19,4.2,2.312235651941043,2.2539732402447505,0.5673977731230956,1.4273572989775902
2024-02-20,7.1,2.325662794222812,2.2771325983696133,0.45627010408297103,1.5266651490171765
2024-02-21,14.3,2.85680031999016,2.7556109782387885,0.5898237679091518,1.7240546252018167
2024-02-22,4.6,2.7082502651541156,2.6099109064424266,0.6668345508152053,1.7764001278869126
2024-02-23,1.7,2.4604853640624875,2.3863659206290766,0.7294693331582904,1.7853276854931608
2024-02-24,6.6,2.5387506251397114,2.45222982751327,0.7841912898064336,1.8589191304972992
2024-02-25,0.9,2.574400770353756,2.4403522635878687,0.6128590671448367,1.8462956115689602
2024-02-26,0.0,2.5095136839240952,2.377607843496339,0.5756739396296208,1.8318976365525046
2024-02-27,0.0,2.394582887593905,2.2903653107656883,0.6291994724462857,1.8224811039441202
2024-02-28,0.0,2.263268510380717,2.1324380253897277,0.6852815327052321,1.8124897962925473
2024-02-29,2.3,2.216788027693888,2.065967779122975,0.742318041435943,1.8335600126817493
2024-03-01,0.0,2.1176932122996672,1.9893804419602983,0.7985937709582421,1.8242392494545876
2024-03-02,0.0,2.030508597841573,1.9120359033544385,0.7991734332140112,1.8142562966901503
2024-03-03,0.4,1.9406019593458932,1.799135999468779,0.8575860414472806,1.809330379159783
2024-03-04,0.0,1.8962381911485344,1.7511672065699093,0.9128525643373944,1.8003429212592987
2024-03-05,4.1,2.0520953258594967,1.8959938858156875,0.9995874567075462,1.8409020252766113
2024-03-06,0.0,1.9996397192451076,1.8361006199117182,1.0582896508521227,1.8307092121654858
2024-03-07,0.0,1.912576086330198,1.7462875120080308,1.1181616574668407,1.8207695297678412
2024-03-08,0.0,1.793944186597226,1.666829174651632,1.1744345378875072,1.8097131053887816
2024-03-09,0.0,1.754749088839882,1.6274770382711885,1.2310417279236805,1.7806414362933107
2024-03-10,0.0,1.675868991357738,1.5466221651871177,1.2870795951736627,1.480936782481313
2024-03-11,0.0,1.600186152694265,1.4738636442496775,1.0885495400087721,1.4638570507159676
2024-03-12,0.0,1.4831255051537036,1.395647466108775,1.0126789025308984,1.452476589239998
2024-03-13,0.0,1.4498423640451767,1.3632902493925878,0.6538082672755009,1.1599674986869646
2024-03-14,0.0,1.385249689028388,1.3993715732226504,0.3443084177417288,0.7192386388740944
2024-03-15,0.0,1.2900456146483186,1.3266686145651807,0.34248488764658624,0.5784176994461538
2024-03-16,0.2,1.1677269789454878,1.2231849325511057,0.3744038635037544,0.567135817075329
2024-03-17,0.0,1.0830106775388153,1.139056722400973,0.4033933815297347,0.5517923441644002
2024-03-18,0.0,1.0448306362952064,1.0941060073737823,0.3089535132216274,0.5357650673717498
2024-03-19,0.0,0.9815664898626723,1.031139233129523,0.299690963827117,0.5017062615219666
2024-03-20,0.0,0.9160366613530863,0.9450011649483633,0.3235390645245798,0.4738359988029087
2024-03-21,0.0,0.8465797442663665,0.8587842609522819,0.345662528019626,0.45115096640897345
2024-03-22,1.2,0.9230463181049052,0.7941636390432755,0.3802013328030552,0.44852029809558014
2024-03-23,0.0,0.8958822919786649,0.8805259138990458,0.3990149246513841,0.42286517681991165
2024-03-24,7.6,1.1389587127007896,1.1314890794853616,0.5066106003625857,0.5337163890780917
2024-03-25,19.0,1.7604551622294624,1.7618218317974566,0.7411862799089194,0.8329701968216363
2024-03-26,23.0,2.369219674452422,2.3342812169761453,1.0289228012868745,1.1763416226003938
2024-03-27,0.0,2.1653410541391347,2.133188345276316,1.0495920941266195,1.1542775685778062
2024-03-28,24.0,2.7876962060825363,2.768958394047793,1.3091536759465343,1.4842325658505666
2024-03-29,0.0,2.563011230027794,2.5130489832078946,1.322694248066906,1.4487086142018584
2024-03-30,0.0,2.4021682189944182,2.3688539445590027,1.3324939601358334,1.4099798476976466
2024-03-31,0.0,2.1930777684342386,2.177064794062747,1.3192452905522005,1.3823912614903697
2024-04-01,0.0,2.1096970473566845,2.134154848091389,1.3071324036137115,1.3510052500877272
2024-04-02,16.3,2.5525936256070443,2.5650740011651694,1.4873996189299667,1.4817435588147487
2024-04-03,31.8,3.3267267210962252,3.3650456091759775,1.8303047542785444,1.8725455371593853
2024-04-04,0.5,2.8969600699891465,2.932602812250349,1.8295473982868549,1.8466485923945637
2024-04-05,0.0,2.5128106607727134,2.555254853719646,1.807153475611201,1.8158114329335762
2024-04-06,0.0,2.535555078385039,2.495554877370306,1.7957202214426407,1.7836268014232592
2024-04-07,0.0,2.515347778181171,2.441830651013717,1.779943201182971,1.7503122588053883
2024-04-08,0.0,2.4911683919934893,2.370269428283787,1.7627748571051258,1.6898770508785508
2024-04-09,0.0,2.450002214523927,2.3134436754579726,1.7485765240670785,1.6544304608985807
2024-04-10,0.0,2.3843901148487854,2.2679654781255816,1.7347574381027961,1.6177843845462194
2024-04-11,0.0,2.233899804129648,2.11468430970671,1.7223232556988686,1.5838773326183477
2024-04-12,0.0,2.1381214285552423,2.01708864355411,1.704186409428753,1.548417123795624
2024-04-13,0.0,2.0454724652832796,1.954800227582896,1.6790699341524036,1.5037344000513946
2024-04-14,0.0,1.9376537316279645,1.8522530657201113,1.6504063772610928,1.467217304582506
2024-04-15,2.3,1.8395417393326972,1.77814746763988,1.6415283284359987,1.4573579120756817
2024-04-16,0.0,1.4663929897297008,1.4431193046771196,1.5546822810211518,1.4094204799903782
2024-04-17,0.0,1.496553015689708,1.4008253180410961,1.5044409530562006,1.322440455494203
2024-04-18,0.0,1.4905519475567193,1.3612691981317686,1.4694264117725817,1.286833669748983
2024-04-19,0.0,1.4141044224708497,1.2725205107191069,1.440265939051522,1.0545758110420365
2024-04-20,10.0,1.5377835244234759,1.4244104915674192,1.5076561911984405,1.1392520952889797
2024-04-21,2.8,1.7794803797213856,1.6045843881143038,1.5027307747840928,1.1342007671736773
2024-04-22,2.4,1.649321129720691,1.529752769233014,1.49636748926433,1.1086843553152432
2024-04-23,3.4,1.5028393854320887,1.4224068652287596,1.5008820017027085,1.1120156967072146
2024-04-24,1.4,1.4213753049867588,1.3498604920629949,1.4856447900340677,1.0905522408044885
2024-04-25,0.0,1.3179985867954163,1.247636018667417,1.4554951447326308,1.0505071078445816
2024-04-26,0.0,1.2586355355556136,1.1997976637014054,1.4271037749401292,1.0113327854908745
2024-04-27,0.0,1.0801077272536044,1.0272891732243523,1.3969246023720463,0.9706169949642656
2024-04-28,0.0,0.9060181110191893,0.8725720083822124,1.3687584431944435,0.9317386484268098
2024-04-29,8.7,1.1310506627413477,1.0890443252070283,1.4211707537949663,0.9918315724155918
2024-04-30,0.0,0.8931682878229464,0.8659475247238905,1.39403797129614,0.942821604923147
2024-05-01,2.4,0.8662607499484137,0.8378148522944485,1.3904195540169504,0.9288905057046727
2024-05-02,0.0,0.7690136634639619,0.735128144314739,1.3632365972474734,0.8938705976579134
2024-05-03,0.0,0.6816558126323998,0.6529413533386822,1.32139896178652,0.8079910803834403
2024-05-04,0.0,0.5763134576200946,0.5491567934604175,1.0499849584436156,0.6896424051957843
2024-05-05,61.9,2.584713678722748,2.5857911778782388,1.573871558132711,1.1722300171970768
2024-05-06,0.4,1.987299834595998,1.989352872704801,1.550928905609777,1.1426797609367252
2024-05-07,3.0,1.936235596753393,1.9382899295810396,1.427091653904,1.1428520109518248
2024-05-08,5.3,2.019302740115922,2.0268503680091436,1.4204486843616775,1.1674909797385276
2024-05-09,0.0,1.926120949915857,1.949647406232283,1.4002146206111257,1.1410929428932672
2024-05-10,0.0,1.589103667002456,1.6000068317385798,1.3793017658929005,1.1167053285858906
2024-05-11,17.0,2.0008580173667085,2.028941222111496,1.50154634525427,1.2589229523066927
2024-05-12,8.8,1.8833947218750602,1.881442648564463,1.555214085871167,1.3206946567129654
2024-05-13,0.0,1.7846792283051864,1.784897177946086,1.537168363845313,1.2984921465189525
2024-05-14,0.0,1.7103997230130166,1.7004270575868314,1.4153227557411894,1.2217183752645187
2024-05-15,0.6,1.4761278047776092,1.4439174949930078,1.3268891834997198,1.2070036311919516
2024-05-16,0.0,1.4064141240900327,1.3594100637036077,1.2985111496855508,1.1857017346443175
2024-05-17,0.0,1.245113166411967,1.2015163162388713,1.2821882041849793,1.1628259372232523
2024-05-18,0.0,1.0578206942546435,1.0279874912134153,1.2666327222046676,0.7767178993062039
2024-05-19,0.0,1.0100157158915966,0.9752207751209944,1.2515114038898343,0.7162210519429435
2024-05-20,0.0,1.0303243950922134,0.990955788206408,1.2363698750255643,0.6271639641725546
2024-05-21,0.0,0.9970802866287445,0.960773929795109,1.2218511989409866,0.4635604613613681
2024-05-22,0.0,1.0057016844686113,0.9691825643094266,1.2096725027801032,0.40218132268416634
2024-05-23,0.0,0.9960493488742079,0.9524401063478335,1.195426685858093,0.3714520953518441
2024-05-24,0.0,0.9413917126806622,0.8909940738659675,1.1793930499061336,0.28672941892125264
2024-05-25,0.0,0.9003966090749729,0.8350375767182779,1.1550529644528464,0.2626661041649676
2024-05-26,2.5,0.9661888146374761,0.8986600249008748,1.1562919964516936,0.2768383001752674
2024-05-27,0.0,0.8962260435235099,0.8230912864993875,1.1407798843198873,0.2642765312718316
2024-05-28,0.0,0.7602815016188331,0.6910112015707325,1.1266392205471674,0.25359349698098843
2024-05-29,0.0,0.5904039769625801,0.526349763696027,1.11068971521587,0.21761137135664424
2024-05-30,0.1,0.5163905463119244,0.4449091053450719,1.0958411323958803,0.20792521749315487
2024-05-31,0.0,0.4168664742195336,0.34006296901800914,1.0806175399521838,0.19838761494028662
2024-06-01,0.0,0.3258087090456751,0.24338117000452875,1.0646479578258463,0.18465538658195033
2024-06-02,0.0,0.2550895161477061,0.16900367238510985,1.0484221228168775,0.1745267784011847
2024-06-03,0.0,0.1898047885885626,0.1034613928629145,1.0281639809621819,0.11941862017452187
2024-06-04,0.0,0.14926105349204216,0.06170011682867357,1.0077459377941171,0.10602690264432721
2024-06-05,0.0,0.07185211102563802,-0.006982373265359725,0.9876395382273525,0.09322987300299572
2024-06-06,0.0,-0.03275724734683853,-0.10515318201447654,0.9661379380830813,0.07918014711567264
2024-06-07,0.0,-0.13654733305105665,-0.20329745476680328,0.9303192876299666,0.06228525211137765
2024-06-08,6.7,0.0032589071099879646,-0.04832653335950668,0.7859739156955969,0.11330658599938108
2024-06-09,0.0,-0.10175495077788685,-0.15294977546988725,0.7514886033681963,0.09003613738512822
2024-06-10,0.0,-0.1882188138979181,-0.23960418769236141,0.7165558662744613,0.06393439056655649
2024-06-11,0.0,-0.26428286441627197,-0.31505462657488703,0.5269098460507727,0.036274966604592826
2024-06-12,0.0,-0.3320101613583348,-0.3862224935649758,0.2706278353932028,0.005996990044785589
2024-06-13,0.0,-0.35043222567147114,-0.40832662294262617,0.17270554990624742,-0.024952117912615195
2024-06-14,0.0,-0.3944278372183456,-0.4508989535451808,0.13610081736069454,-0.05905744507006355
2024-06-15,0.0,-0.4335888865680186,-0.4886806100447056,0.09730708465772102,-0.09314938076699669
2024-06-16,0.0,-0.46897011719014475,-0.5205912053320823,0.0588910787936408,-0.12720239439938918
2024-06-17,0.0,-0.6177044999396153,-0.6650961223960545,0.013183285223457937,-0.16083685107082038
2024-06-18,0.0,-0.6035146287479985,-0.654201613975482,-0.03031613733346795,-0.19540956983595542
2024-06-19,0.0,-0.5089188663523124,-0.5503573245857678,-0.07083705925611963,-0.2302348867950459
2024-06-20,0.0,-0.6825471061871702,-0.6896759578152002,-0.11209336807263708,-0.2770397542213802
2024-06-21,0.0,-0.796587624982654,-0.7974388788321629,-0.15472119978856705,-0.3139348724200026
2024-06-22,37.6,-0.15323005774771398,-0.03595800265191342,0.07591482042332567,-0.08678368205139544
2024-06-23,0.3,-0.3553626469414362,-0.23501235002317858,0.033416071570054405,-0.28818568515832094
2024-06-24,0.0,-0.4804046518775626,-0.3646072864666715,-0.010071349971781834,-0.5319430133079149
2024-06-25,0.0,-0.6429271902858973,-0.5112776345246255,-0.05524424946110548,-0.5659359863815532
2024-06-26,0.0,-0.691547135031206,-0.5766816210723502,-0.1009574418827914,-0.8259029368088914
2024-06-27,0.0,-0.7234562842034309,-0.6111084564237201,-0.1508477175049623,-0.8590661976300049
2024-06-28,0.0,-0.8557375563100483,-0.7098755916373065,-0.20247991354337308,-0.8939087003355267
2024-06-29,43.3,-0.2172313967416689,-0.15142867313658337,0.023052010833032592,-0.5483869344469523
2024-06-30,61.2,0.5457353428120654,0.3518942155410928,0.3273472829617783,-0.12240644029735549
2024-07-01,5.2,0.32665232167759506,0.1601750190638716,0.27497385239296374,-0.2496030067508103
2024-07-02,10.6,0.2602901986838671,0.11196077246425472,0.2785223139479788,-0.4534550032803575
2024-07-03,24.9,0.45926256118996456,0.29479167923762306,0.3574992025153489,-0.32095950425852404
2024-07-04,0.0,0.22138190835220936,0.08023803682482139,0.30537383988452993,-0.36610601518552904
2024-07-05,9.6,0.2060601324307957,0.0642939013043703,0.30460078110838895,-0.34288785353530504
2024-07-06,0.0,0.04817024275246557,-0.08140598194783302,0.25446808347014443,-0.38819767138553124
2024-07-07,0.0,-0.07847754075640999,-0.2092867256646842,0.19426811292490492,-0.433866924282049
2024-07-08,8.9,-0.08546585877259721,-0.205868882128747,0.19082110217533932,-0.418534497740781
2024-07-09,8.5,-0.1165997259320938,-0.2291064732482118,0.18537274698560194,-0.4060740696447829
2024-07-10,22.7,0.03622337161999464,-0.0985936230545644,0.25116897924183734,-0.30108192710729176
2024-07-11,0.0,-0.15465701868066636,-0.27972403310230565,0.2056251919682428,-0.34213558831339935
2024-07-12,0.0,-0.33387160960727774,-0.44955590318409344,0.15809004228681348,-0.38135978399634357
2024-07-13,0.8,-0.45872736432751987,-0.5732550359524861,0.1191800018353335,-0.41373772569679124
2024-07-14,8.6,-0.42624256214439404,-0.545716535115585,0.11878170578777837,-0.41039381007811204
2024-07-15,0.0,-0.5142644449207947,-0.6092947190700376,0.07307192601265798,-0.4456901910812144
2024-07-16,49.7,-0.004889442892395789,-0.1294199411408502,0.24946206540477617,-0.179997667670982
2024-07-17,3.9,-0.11212009720916963,-0.21787425442311512,0.22744190461881927,-0.19078462138805133
2024-07-18,5.0,-0.14987039533949284,-0.26038160269163974,0.13846403084693576,-0.1952627809677756
2024-07-19,28.4,0.145384442881541,-0.06337528025870529,0.23062674499344296,-0.12285712637333554
2024-07-20,37.1,0.5459650505447677,0.27950696876304176,0.3604489181267187,0.03314525623439282
2024-07-21,6.8,0.4659701513568001,0.20647950279491994,0.3490539172780889,0.02737197115583672
2024-07-22,0.0,0.28616445659819734,0.061946044722547236,0.31333011693160895,-0.01950473660585618
2024-07-23,0.0,0.14250547534433633,-0.05128295683492157,0.2767739054781348,-0.056402290688462274
2024-07-24,4.8,0.09484479586105635,-0.07887391900988386,0.26151197583637237,-0.05955402788358655
2024-07-25,0.2,0.015413701599701726,-0.15555677445641342,0.22558631103656324,-0.08758608481894936
2024-07-26,7.1,0.0389816591162967,-0.14365934589544954,0.22330227185247692,-0.07496330400766515
2024-07-27,7.6,0.07063022858736082,-0.12468323059554778,0.2243388932957577,-0.05860185621379666
2024-07-28,0.0,-0.007073911917048935,-0.1898202463631784,0.19188510505642914,-0.12649180841379035
2024-07-29,0.0,-0.07995999434494172,-0.24290305345383628,0.1562523624374683,-0.14802198054030452
2024-07-30,0.0,-0.15718815306527414,-0.3049679437311734,0.12569245439825177,-0.17925322924606307
2024-07-31,0.0,-0.2258465701679509,-0.3665008176048682,0.09804954103996866,-0.19703106017573196
2024-08-01,0.0,-0.28500521002842405,-0.41734545382342514,0.05121482552638403,-0.21430987503335364
2024-08-02,0.0,-0.33695426839031606,-0.4650128325915925,-0.007479119457677496,-0.23084480857486311
2024-08-03,0.0,-0.346583477115776,-0.4768910112244643,-0.09469203077809217,-0.5802040279564226
2024-08-04,0.0,-0.4359880866354001,-0.5510103972742577,-0.12179828204003033,-0.5974425984637632
2024-08-05,14.3,-0.3101076392161122,-0.4510607873551604,-0.087826388134219,-0.5517595320048342
2024-08-06,0.0,-0.4057044886891671,-0.5340562435317684,-0.11535311797079953,-0.5965709134039008
2024-08-07,0.0,-0.42530867487653706,-0.5478833382146803,-0.14270381506807225,-0.6126626017932602
2024-08-08,2.1,-0.4029084783028345,-0.4986685361400235,-0.1604684568576839,-0.6174716365080133
2024-08-09,0.0,-0.48143978980486674,-0.5388774899510835,-0.18731973629677479,-0.7258534747279286
2024-08-10,16.3,-0.3630481309456221,-0.4379571063140063,-0.14627930188607519,-0.7026491299189399
2024-08-11,0.0,-0.46372931750168056,-0.5211475925682174,-0.17329233215326093,-0.7203353562699241
2024-08-12,0.0,-0.523582822533294,-0.5723508639885092,-0.2240573412282045,-0.7388983215587288
2024-08-13,0.5,-0.5778148538641741,-0.6118102905369492,-0.24916767413926355,-0.7589115922807326
2024-08-14,0.0,-0.649964745986572,-0.6715723323047651,-0.2763479417690747,-0.7786264873017963
2024-08-15,1.6,-0.682898612010339,-0.7048405136288484,-0.2973109061149056,-0.790001118633912
2024-08-16,29.8,-0.38188907738146877,-0.4853845596811025,-0.3562789003725383,-0.6584496786198214
2024-08-17,3.6,-0.4345180222863318,-0.5320562280770308,-0.38522818389390956,-0.6609767442229172
2024-08-18,0.0,-0.49581367059032927,-0.5931522621109877,-0.44017617943532555,-0.6807432797596142
2024-08-19,0.0,-0.6004674288975967,-0.6620155049199914,-0.524758660981068,-0.701439896036454
2024-08-20,24.9,-0.3922633494487943,-0.5002943291030281,-0.46863820915122567,-0.6056215112565094
2024-08-21,18.2,-0.2891481330625312,-0.42510933028195114,-0.429383844423032,-0.5448320185557276
2024-08-22,9.6,-0.29687324808902626,-0.4296286624265063,-0.4432045268991744,-0.522870274012739
2024-08-23,0.0,-0.4155906700101964,-0.5257054995367532,-0.47135651064790135,-0.5427395582731669
2024-08-24,0.0,-0.5118754572648168,-0.6124771485594983,-0.4956848659738413,-0.5744961907826659
2024-08-25,0.0,-0.5883341790339973,-0.6826582181803247,-0.5193990095591483,-0.5945667087037637
2024-08-26,3.6,-0.5844067711522916,-0.691186498769731,-0.5293022530873666,-0.5997802927239023
2024-08-27,7.6,-0.6037383322122444,-0.7119999779480733,-0.5321100475362482,-0.5873050643864671
2024-08-28,0.0,-0.7039878300074988,-0.8025989655054973,-0.5542527910190891,-0.6074925100307687
2024-08-29,0.0,-0.6994533435014456,-0.8205534705907798,-0.5762097377937443,-0.627152649453934
2024-08-30,0.0,-0.710267769113211,-0.834417470711615,-0.5995769778237547,-0.6465353652072292
2024-08-31,0.0,-0.8170266793460041,-0.9088314395987055,-0.6207832741546253,-0.6651350674428146
2024-09-01,0.0,-0.8790627131809006,-0.963433946501582,-0.65702414724536,-0.6822088785221881
2024-09-02,0.0,-0.9366465179863764,-1.001774245147959,-0.6770282521794511,-0.6989092669293749
2024-09-03,0.0,-0.9766818830427735,-1.0433336725357112,-0.6958489909869779,-0.7146234107647885
2024-09-04,0.0,-0.9807001038119595,-1.0726792657378843,-0.7133312980086987,-0.7287249312684566
2024-09-05,0.0,-1.0318240624636035,-1.108826510748027,-0.7295425596184547,-0.7410842932593878
2024-09-06,5.6,-1.0291628863190974,-1.102577704688384,-0.7236301117355023,-0.757140295350905
2024-09-07,6.3,-0.9444984095059894,-1.0290479183361598,-0.714264507764205,-0.7386491497286514
2024-09-08,0.0,-0.9893867070552617,-1.0733636597304168,-0.7289336259486604,-0.7461270896318933
2024-09-09,0.0,-1.0322269543182114,-1.1073314542158093,-0.7415979888766632,-0.7515223375338796
2024-09-10,0.0,-1.0936806651277668,-1.1497895941352545,-0.7528802379690248,-0.754483107187541
2024-09-11,0.1,-1.0681045996445622,-1.1064155737271049,-0.7631656594812133,-0.7551575409153786
2024-09-12,0.0,-1.0840635436674964,-1.1119784294347033,-0.7740273998964912,-0.7540563003198113
2024-09-13,0.0,-1.1032727464357883,-1.1398635953515313,-0.7826297156088685,-0.7505254497477499
2024-09-14,0.0,-1.0686503986237705,-1.1217467779585082,-0.7906234611818944,-0.7460820045874931
2024-09-15,0.0,-1.05736415607222,-1.1226297140465762,-0.7983314689621763,-0.7409123844733984
2024-09-16,0.6,-1.073891963829884,-1.1427170760013243,-0.8034903805496382,-0.7324392533096966
2024-09-17,2.2,-1.0330907797743176,-1.1190981869204906,-0.801545927601354,-0.7151099626545103
2024-09-18,0.0,-1.0454817458488737,-1.125694405104783,-0.8120004654205272,-0.7055998093238479
2024-09-19,0.0,-1.0936989564758735,-1.1684218671746267,-0.8172824319804359,-0.6946947182300623
2024-09-20,87.1,0.007860719729343922,-0.2601864015426664,-0.5293715520766092,-0.4764853311411004
2024-09-21,60.2,0.19439770905984546,-0.12260184647854165,-0.38915712773317673,-0.22924756021082238
2024-09-22,16.9,0.1841576841707099,-0.1209041766741364,-0.41387312726382497,-0.1526346299346914
2024-09-23,2.4,0.05882262029679772,-0.2263870984157592,-0.40924622207051825,-0.12844464821106394
2024-09-24,0.0,-0.052423084283326364,-0.3127687997862961,-0.4954659152628864,-0.11110078088503537
2024-09-25,0.0,-0.13107773583043617,-0.3731123015814427,-0.49825423096596383,-0.09242539891474362
2024-09-26,0.0,-0.19504818850935787,-0.41997409666440394,-0.5006054767068115,-0.07243816590728573
2024-09-27,0.0,-0.2628020080694282,-0.47034618853750565,-0.5026420159402667,-0.2139495774248041
2024-09-28,0.0,-0.32008599320108017,-0.520305816772272,-0.5044734397384046,-0.4348575242627937
2024-09-29,0.0,-0.33294698992664207,-0.5243315378486615,-0.5626812896397619,-0.43051703234443
2024-09-30,0.0,-0.42192754138086697,-0.5891639938108924,-0.6766785892240813,-0.4474858502804566
2024-10-01,0.0,-0.48213902700842676,-0.6377130790243816,-0.6790561002043752,-0.5268686051474478
2024-10-02,0.0,-0.5267889490867904,-0.6771440257630039,-0.6789012145691411,-0.499169608164399
2024-10-03,2.7,-0.5320152130753216,-0.6850885377464494,-0.668305923919184,-0.5013480859437893
2024-10-04,0.0,-0.5602778307928135,-0.7089036273171795,-0.6671564933210706,-0.47246709309046314
2024-10-05,0.0,-0.5862336863387893,-0.7307917236037162,-0.6657442091440884,-0.4430173656789718
2024-10-06,4.2,-0.5354292684633427,-0.6916451738491368,-0.6487642646369836,-0.43364751096698156
2024-10-07,2.4,-0.5367816044555048,-0.6953481443504222,-0.6380230672679797,-0.43070224948131824
2024-10-08,0.0,-0.581179046088199,-0.7329850390027152,-0.6354403460212042,-0.5046676229086471
2024-10-09,2.9,-0.5581080907531725,-0.7179528067659354,-0.6216575911946579,-0.46030698019016747
2024-10-10,3.4,-0.5213479366562723,-0.6923549509362315,-0.6056284814253344,-0.4137534912141548
2024-10-11,0.0,-0.5588216464442057,-0.7188171812045266,-0.6016717770060067,-0.38740041361372746
2024-10-12,0.0,-0.5814730034350897,-0.7401622018203207,-0.6051059355217627,-0.39798821379000576
2024-10-13,0.0,-0.5892247961641809,-0.7432734342198667,-0.6004261158259486,-0.36891491324562176
2024-10-14,29.9,-0.23390218764775483,-0.3293318235485678,-0.49157268044836144,-0.43468588520579765
2024-10-15,0.7,-0.32261960992805955,-0.3931960617344082,-0.48449513222320534,-0.421082429739916
2024-10-16,0.0,-0.3770235789136102,-0.4310785033763187,-0.4792900266911443,-0.41602073876940576
2024-10-17,0.0,-0.4136625590607534,-0.4607697447759668,-0.5076938235558331,-0.5292229695234102
2024-10-18,3.4,-0.38482455036829033,-0.43641950892277526,-0.4995291151073486,-0.6796679457788588
2024-10-19,0.4,-0.4203216417253975,-0.46504296589428545,-0.499993684033355,-0.6860840658758041
2024-10-20,0.0,-0.4617919559610572,-0.49842039005879507,-0.5051121413562047,-0.6549631881674413
2024-10-21,14.2,-0.26485971917798623,-0.2903097544086579,-0.45436780038502206,-0.543583777415394
2024-10-22,33.3,0.33830757791149463,-0.05600713711575267,-0.33521393228753277,-0.3574380153166994
2024-10-23,0.1,0.18604491648383034,-0.18416931954458624,-0.32832033421076434,-0.32198388346608947
2024-10-24,0.0,0.08254588857411702,-0.26505078684735156,-0.3214207563798731,-0.32441412719683127
2024-10-25,0.0,0.004655954478843309,-0.32900330428556807,-0.314307962862883,-0.3304519370614538
2024-10-26,0.0,-0.06432829633753917,-0.3870044272580068,-0.3359847480000831,-0.29606546541160306
2024-10-27,0.6,-0.11465874443961309,-0.4256276576401534,-0.32662558997830987,-0.2599870815996015
2024-10-28,0.0,-0.17516280168903905,-0.46381232457321453,-0.3274682506687183,-0.22880773100054067
2024-10-29,0.0,-0.22919164394861818,-0.5014045792148907,-0.32039836846036523,-0.19796352275031728
2024-10-30,0.0,-0.2778033433730056,-0.5347804158004754,-0.3129787373010924,-0.16693614763823342
2024-10-31,0.0,-0.3185071928207004,-0.5607176468407146,-0.3058554404087155,-0.13664105793349504
2024-11-01,18.3,0.061645315285279334,-0.29701829532434526,-0.44564652245568487,-0.012664872930250455
2024-11-02,8.0,0.15430373035922976,-0.22741240052244283,-0.41323607133240897,0.058988038821856534
2024-11-03,0.0,0.06089079996018908,-0.3079972047720641,-0.41745044965985967,0.021528650688262246
2024-11-04,0.2,-0.007458561882515481,-0.3691176214823207,-0.4290404180932758,0.056398308617988585
2024-11-05,0.0,-0.07765972441482562,-0.41888881577844367,-0.42354190202322606,0.0908549115202146
2024-11-06,0.0,-0.14987696095238584,-0.4879078004490329,-0.41828115142820244,0.11465870753662101
2024-11-07,0.0,-0.21655337245471443,-0.5389791290191518,-0.4714692578528061,0.1500806458442529
2024-11-08,0.0,-0.27955795424128077,-0.5716491009541722,-0.4971661127422644,0.10414347074196265
2024-11-09,0.0,-0.3405130494269154,-0.6036132949196008,-0.49234565899277766,0.14109520705515505
2024-11-10,0.0,-0.3942650924854934,-0.6182044271145153,-0.4877859531226216,0.17858531119456597
2024-11-11,0.0,-0.448186508968685,-0.6411569077306316,-0.4854572820271366,0.21458491015304137
2024-11-12,0.0,-0.5035426088887328,-0.6779229891694496,-0.48115806225923774,0.2543361771296207
2024-11-13,0.0,-0.5549983877089719,-0.7046670426128251,-0.4766851141493834,0.2877743841335737
2024-11-14,0.0,-0.6008883301744832,-0.7291863655055654,-0.4721042771525053,0.17581358748148024
2024-11-15,0.0,-0.6313726896883115,-0.7421204729705316,-0.46761671142916933,0.19911966199342548
2024-11-16,0.3,-0.6398095518481297,-0.7508974937604592,-0.4619953495005834,0.24363424365664216
2024-11-17,0.0,-0.6635602056170966,-0.7722983448045428,-0.4576465625936422,0.28712401083693034
2024-11-18,0.0,-0.6897120511164353,-0.795667293897209,-0.4539255688746182,0.19566836861250325
2024-11-19,0.0,-0.7101935137734197,-0.8017587539592702,-0.45021469300924594,0.1368724688014594
2024-11-20,0.0,-0.7319673681490367,-0.8264649246351716,-0.4458661898223317,0.12400732326563597
2024-11-21,0.0,-0.7422453457602859,-0.832500480973966,-0.44101235159544,0.16754083133764455
2024-11-22,0.0,-0.7856241747152216,-0.8687974553547188,-0.44504792702659174,0.21156033269983213
2024-11-23,0.0,-0.8173491970895126,-0.9012101792031877,-0.44041682892326844,0.2552863192783906
2024-11-24,0.0,-0.8618867360266897,-0.9431961271515632,-0.4361424173672748,0.2785763167227002
2024-11-25,2.3,-0.8075785780182502,-0.9070502210809079,-0.42395446728645964,0.2921020793366748
2024-11-26,10.5,-0.6756406268231944,-0.6519573655101897,-0.38390601086431114,0.4057069056292704
2024-11-27,4.7,-0.6374136268654357,-0.6115769369491636,-0.3635483427689206,0.48477151547652153
2024-11-28,3.8,-0.6083692482950934,-0.5841572426458368,-0.34619092212625147,0.5603801840069488
2024-11-29,18.3,-0.12483587029873477,-0.4879358147969743,-0.2796611552892083,0.7274388073489102
2024-11-30,0.1,-0.28227848681053364,-0.6246794392388498,-0.2743731052784047,0.7826593359959501
2024-12-01,0.2,-0.38045025286997164,-0.7045382648985526,-0.2679993525855641,0.8408179509654503
2024-12-02,0.0,-0.4710022179424009,-0.7655008807530153,-0.26220030490393087,0.89692092581044
2024-12-03,0.0,-0.5477761011647035,-0.8195016469391383,-0.2555133628638111,0.9536156044772135
2024-12-04,0.0,-0.6140610450016638,-0.8484715429495371,-0.2480720393945132,1.0103712997097087
2024-12-05,0.0,-0.669370679759847,-0.8818049183788015,-0.26216725245840405,1.032446931685205
2024-12-06,0.3,-0.7178767834972564,-0.9089721238585992,-0.2513395832959193,1.0509422706764167
2024-12-07,1.7,-0.7279693984753396,-0.9075002976686526,-0.23513404589038572,1.1232958453866186
2024-12-08,0.3,-0.7872153782785147,-0.9472584590065413,-0.22303950339911607,1.1845986101209156
2024-12-09,0.0,-0.8147669456646268,-0.9563744740290673,-0.21080996340766045,1.2439652922379585
2024-12-10,0.0,-0.8303594292114983,-0.9498347242571513,-0.19785091737924912,1.302051634252653
2024-12-11,0.0,-0.8605463290079068,-0.9730388351369085,-0.18406378053408998,1.362025324307015
2024-12-12,0.0,-0.8911476997836314,-0.9905835410002151,-0.16887473173546189,1.4214709803727672
2024-12-13,1.2,-0.843615785355449,-0.9475503713710719,-0.1494151601993434,1.4865086964059178
2024-12-14,0.1,-0.8096366862603369,-0.9182640903341429,-0.13302224473869906,1.5408571033943308
2024-12-15,1.5,-0.7865719862625391,-0.9020973775866832,-0.11104414687053292,1.6009127335159072
2024-12-16,0.0,-0.8245795859389846,-0.9354528062577374,-0.10224774550879323,1.6194989228532457
2024-12-17,0.0,-0.8561244183777841,-0.9684543966110541,-0.0842127882639331,1.6722548051398767
2024-12-18,0.0,-0.8825126117648944,-0.9942759207105827,-0.06538337028236568,1.723853677600057
2024-12-19,0.0,-0.8897598638786989,-1.0058859285475403,-0.1722773934904875,1.0208903499067687
2024-12-20,0.0,-0.8948336707344096,-1.0051009008507406,-0.1533431990681111,0.4313946034210048
2024-12-21,0.6,-0.8767579385843406,-0.9949916307576281,-0.13061309817281544,0.27544576516396846
2024-12-22,0.0,-0.8889390437407039,-1.0138698338697025,-0.10927144469231316,0.28368571061857073
2024-12-23,0.0,-0.913123355753193,-1.0118455475643393,-0.08544265410409124,0.31977325441412546
2024-12-24,0.0,-0.9248285922416006,-1.0295240472892497,-0.05943538943241717,0.35731285030853416
2024-12-25,0.0,-0.9266088439348108,-1.0370227136659673,-0.032415780231898346,0.3948504735720542
2024-12-26,0.0,-0.9156787494143965,-1.0307290555203845,-0.15658503127778547,0.4324107439772409
2024-12-27,0.7,-0.8826285881340631,-0.999363009561605,-0.3499830011024549,0.4796218025191025
2024-12-28,3.2,-0.7826403538876747,-0.9210596251050183,-0.32701857041216487,0.5580085444175231
2024-12-29,0.0,-0.7983947326424472,-0.9386672907547672,-0.3359446312763414,0.5924619478267518
2024-12-30,0.0,-0.8221623069773356,-0.9621311211534579,-0.40128231573649137,0.6266517113950433
2024-12-31,0.0,-0.7999760263803594,-0.9270839210867623,-0.36989027922329726,0.6593657411515951
2025-01-01,0.0,-0.8620672230183349,-1.025122086448409,-0.3773327978254249,0.650263520932567
2025-01-02,0.0,-0.8873516442772708,-1.0483579364800113,-0.34603122295145483,0.6781578293519549
2025-01-03,0.0,-0.8817264274409209,-1.0482104169172668,-0.31466995700379896,0.7050035709984607
2025-01-04,0.0,-0.9052336414204964,-1.079952179287674,-0.3191014165952448,0.6649983894663382
2025-01-05,1.1,-0.8626075067508614,-1.0508547080884232,-0.3178605410523302,0.6674702606680576
2025-01-06,1.2,-0.8453474110854813,-1.0378452137530156,-0.3770792252344526,0.7065180305968994
2025-01-07,4.6,-0.6943617146124634,-0.8867559933957909,-0.32545199093861715,0.7526007638413771
2025-01-08,0.3,-0.7294405259694814,-0.914682439872536,-0.2923115545991594,0.7231298854380471
2025-01-09,1.7,-0.6887557418072179,-0.8702860940354123,-0.25654389332780936,0.7691019505027283
2025-01-10,0.0,-0.7222829869297184,-0.8935093551980743,-0.26248222498446394,0.7894105664209108
2025-01-11,0.0,-0.7248125538615764,-0.896131764291117,-0.23127247752485597,0.8107612741488225
2025-01-12,0.0,-0.7422712730554183,-0.916213348383138,-0.4267021907394079,0.31192721558974223
2025-01-13,0.0,-0.7446943589930893,-0.9273501790399566,-0.4146080736018408,0.3134879786234197
2025-01-14,0.0,-0.7672477706669353,-0.9549931390509733,-0.4078436197673588,0.32580174756682007
2025-01-15,0.0,-0.7863205573592723,-0.9749287035370185,-0.516086114470761,0.3364827955416927
2025-01-16,0.0,-0.8046324368464959,-0.9748196407758649,-0.6877542331440583,0.27704766797088903
2025-01-17,0.0,-0.7962341523554163,-0.9561211979601459,-0.6951146926656732,0.27869603454187963
2025-01-18,0.0,-0.7889619184861079,-0.9458979874375039,-0.666709456227673,0.28785265726928383
2025-01-19,0.0,-0.7922828766758195,-0.946729410995573,-0.6368230316960309,0.0045612947534312736
2025-01-20,0.0,-0.796771153046413,-0.9567881615507676,-0.629577990012279,-0.7806310843569174
2025-01-21,0.0,-0.8191868107468088,-0.9714898994839338,-0.597295121221001,-0.782924625043131
2025-01-22,0.0,-0.8425288913810378,-0.9901164578560083,-0.6014075269078498,-0.779234822022773
2025-01-23,0.0,-0.837112981352095,-0.9742971846068438,-0.6096250575257804,-0.7718206414034738
2025-01-24,0.0,-0.8413558079066865,-0.976287043847093,-0.5763277144071429,-0.7629915721365068
2025-01-25,0.0,-0.8520839814381368,-0.9968139130955748,-0.5425748735144507,-0.770790331212866
2025-01-26,0.0,-0.850712157758422,-1.0029703649658956,-0.50937160907634,-0.7637490753489061
2025-01-27,4.1,-0.6708607109499892,-0.8597866486095684,-0.45412177531086895,-0.6452521417414679
2025-01-28,2.3,-0.5590765290946326,-0.7706232287323604,-0.40927336219199,-0.5775860367755575
2025-01-29,2.5,-0.510715633240554,-0.6977931054972751,-0.36349874453729475,-0.5057914567781402
2025-01-30,0.0,-0.5183780774446379,-0.715328923297544,-0.3308505203146436,-1.0053983004378688
2025-01-31,1.2,-0.47512907705531116,-0.6926047900253174,-0.2909105149132795,-1.2080530856615903
2025-02-01,10.6,-0.0679901529409822,-0.3307449147874804,-0.27610526585248546,-0.8778267350015554
2025-02-02,0.0,-0.14299581160605765,-0.3937353855892338,-0.2386463582992929,-0.873849971441078
2025-02-03,0.1,-0.17820180833700486,-0.4269573322853316,-0.20020198490031926,-0.8600425378306913
2025-02-04,0.5,-0.18269470635578383,-0.42851322774149425,-0.17140178292247887,-0.8369986379566284
2025-02-05,1.6,-0.13497584272314914,-0.3852218162456266,-0.12417448276156022,-0.7811435358049592
2025-02-06,0.3,-0.14505603585815727,-0.3994879631648283,-0.17395203176691781,-0.7616241733333464
2025-02-07,2.9,-0.0506755251494462,-0.31616361105131063,-0.11724705136924414,-0.6702853418857362
2025-02-08,0.0,-0.07823085646856423,-0.3447280106393723,-0.07573808991730864,-0.6597341485440568
2025-02-09,0.0,-0.1001644622429987,-0.3614903860861603,-0.03660347617053099,-0.6495823283147633
2025-02-10,0.0,-0.1275363852881275,-0.3661657247451421,0.005881974080252509,-0.6394460782788813
2025-02-11,0.0,-0.16072946150452,-0.38390314637058404,0.04178757983542984,-0.6297155230860046
2025-02-12,9.4,0.15471767806378747,-0.06892924580711485,-0.029308934961666096,-0.373434688943007
2025-02-13,0.0,0.06999355106485375,-0.13574217074868786,-0.004951977278080056,-0.36288340332835356
2025-02-14,0.0,0.005311535251710262,-0.1794075848363043,0.041136687698733056,-0.36166562906799105
2025-02-15,0.0,-0.04779738471808091,-0.22111798830831994,0.087260674084663,-0.35423745301330706
2025-02-16,0.0,-0.08403173090196313,-0.23922833375492836,-0.015776596852045775,-0.3461176106441421
2025-02-17,0.0,-0.1207639652763033,-0.2719237754855834,-0.08159407759964334,-0.3364860411306972
2025-02-18,0.0,-0.14340979491052236,-0.2845540219627025,-0.09536310125033105,-0.3275567568497439
2025-02-19,0.0,-0.15338909626096978,-0.29131562881104467,-0.049596900843028646,-0.3193503169269178
2025-02-20,0.0,-0.17114645617379465,-0.3057273036083079,-0.005334564291950912,-0.31211394992035363
2025-02-21,0.0,-0.21129082838861896,-0.35142737628141074,0.04014241176565306,-0.3064108465030708
2025-02-22,0.2,-0.21282269969393008,-0.34602624694693085,0.06176256293643457,-0.297952022582696
2025-02-23,0.1,-0.21284668473773552,-0.3412716404124552,0.05704040341695349,-0.34759251574065425
2025-02-24,0.0,-0.23227645217734721,-0.36102459764064826,0.10351286066002756,-0.603652916617515
2025-02-25,0.0,-0.25274844253266004,-0.3828341658370571,0.14979132339646373,-0.7256928667513262
2025-02-26,0.0,-0.26296349876894326,-0.39649601800877715,0.19754977833552986,-0.8311761252245068
2025-02-27,0.0,-0.27931507174748016,-0.4170146784867435,0.24705252554797127,-1.3872109668054962
2025-02-28,0.0,-0.29324505463377004,-0.4206559374638794,0.2977910848401771,-1.3952790032655107
2025-03-01,3.3,-0.1927112753749769,-0.3208769942942827,0.3745466859996089,-1.2996044254937467
2025-03-02,6.3,-0.00029576549505719687,-0.15081188187762973,0.4724789295339065,-1.1118017797254183
2025-03-03,13.4,0.4264371933566915,0.24117211418988335,0.6236892307752203,-0.747374692087845
2025-03-04,5.1,0.5069831520474919,0.311722790203158,0.7143789543976384,-0.6276953830148382
2025-03-05,0.0,0.4363355397220197,0.24087301645439388,0.7252752209738205,-0.6408614884639161
2025-03-06,0.0,0.40184887523700485,0.19994276596231111,0.7300604386965381,-0.660962335189476
2025-03-07,0.0,0.36622191109703267,0.16532904787973218,0.7839826736127088,-0.7159398777374719
2025-03-08,0.0,0.32905262930730983,0.13943942643704862,0.8387986839161171,-0.7369025234474713
2025-03-09,0.0,0.2936755586106749,0.12051504507069978,0.8900787350333369,-0.7514035280012887
2025-03-10,0.0,0.2703455562959774,0.10320211095100709,0.9405487333806013,-0.7674144383965025
2025-03-11,0.0,0.23830971055897765,0.08028683947633741,0.9911610013360961,-0.7835809402124498
2025-03-12,0.0,0.20911104064702196,0.06070332972770104,1.039506819336391,-0.8001125483188014
2025-03-13,0.0,0.1772933373241594,0.04721174763543521,1.0869559495661214,-0.8490330265930894
2025-03-14,0.0,0.1500129317825469,0.028985859318089287,1.1295277985351988,-0.8709182631568849
2025-03-15,1.0,0.15708882063874957,0.04678218240473641,1.1757241183995424,-0.9026703214963899
2025-03-16,0.0,0.11508644550577553,0.01755303663974199,1.1990439104644102,-0.9270385413679518
2025-03-17,0.0,0.07060951243305964,-0.012873909153651095,1.2397758555096527,-0.9504377420633289
2025-03-18,3.9,0.17626270122626794,0.09229215786005043,1.3161508269495006,-0.8708255885744638
2025-03-19,0.0,0.131028785849919,0.042474585974314784,0.4679218125771097,-0.8945088061572908
2025-03-20,0.0,0.09075511628691459,0.0008092507196246051,-0.2218257786647111,-0.9214894015046449
2025-03-21,0.0,0.07418221830490286,-0.03451504019177746,-0.42695699068510934,-0.9660512058652191
2025-03-22,0.0,0.060891122973226325,-0.05288513205313573,-0.4466715792091533,-0.9959587455493644
2025-03-23,0.0,0.04727464808242676,-0.07265466418104803,-0.4365606053730456,-1.0277892246314269
2025-03-24,0.0,0.040130612014494,-0.10032679995924136,-0.42641484887925984,-1.0593108807957805
2025-03-25,0.0,0.030478908046689283,-0.11587235467354856,-0.41579290394656687,-1.0938657903959526
2025-03-26,0.0,0.02063757643830076,-0.10668715821702653,-0.4089680918393461,-1.1310260771332286
2025-03-27,0.0,0.013235908672966961,-0.10452107493337806,-0.40421002911243875,-1.19076679435891
2025-03-28,0.0,0.012146297253927565,-0.10569338063664381,-0.3995443918044587,-1.3184186551050638
2025-03-29,1.2,0.04617671880504562,-0.058892188976261285,-0.37925101570982833,-1.3131645829462966
2025-03-30,0.0,0.03232200392926713,-0.06476538225803953,-0.3781660693224822,-1.3425280728762508
2025-03-31,0.0,0.009234935665357614,-0.0724798081417259,-0.3782613125756169,-1.37062553186084
2025-04-01,0.0,-0.006857345997524321,-0.07107516489008937,-0.4199823197456399,-1.397514510672438
2025-04-02,0.0,-0.02845848710328026,-0.08098521341092906,-0.421838394939441,-1.4220246964209393
2025-04-03,0.0,-0.05565872920878241,-0.10021825638565258,-0.4241990157865701,-1.4445927499028342
2025-04-04,0.0,-0.08688900633092343,-0.12294316631194417,-0.4930029075302508,-1.470554447425171
2025-04-05,2.3,-0.04590712575240509,-0.08294596630930909,-0.5008795578964699,-1.4616050514613632
2025-04-06,0.0,-0.0842828834682167,-0.12272288735013279,-0.5083822387252638,-1.5236910356012614
2025-04-07,0.0,-0.12366358020126965,-0.16173711323343012,-0.5614267861835699,-1.6857530979871587
2025-04-08,0.0,-0.1514219753954766,-0.1959400762348238,-0.6231852524078643,-1.7213768839963401
2025-04-09,0.0,-0.1666851315015776,-0.20852661838414735,-0.6312710064800006,-1.7974149784828795
2025-04-10,0.0,-0.1653502937530445,-0.20515302937191413,-0.6388991246117692,-1.8179602641018704
2025-04-11,0.0,-0.17914560804153987,-0.2168539133483332,-0.647905071999309,-1.8378806123519078
2025-04-12,20.1,0.6181004556449753,0.5389943771637263,-0.809271145103062,-1.3107105050144843
2025-04-13,0.9,0.5195444804904592,0.45304555284350506,-0.8140880620675426,-1.3139050931457028
2025-04-14,12.6,0.9550802270658936,0.8720940022663097,-0.6280519015769638,-1.0414266528154557
2025-04-15,0.4,0.8217264459474558,0.7478405047755886,-0.63220215799484,-1.0612851512685366
2025-04-16,0.0,0.6877371193643752,0.6291367286818537,-0.6959886335736115,-1.090642169607725
2025-04-17,0.0,0.5223233231655571,0.4823211416218531,-0.7153496867410868,-1.1207049899573485
2025-04-18,0.0,0.5044975815413375,0.4372086912727464,-0.7293772174982477,-1.1506995428500586
2025-04-19,6.5,0.7292187382736903,0.6286937071862742,-0.8600360776529042,-1.0411104324661593
2025-04-20,0.8,0.6900843526039557,0.583406633523015,-1.3877656123083706,-1.0570635798482828
2025-04-21,0.0,0.5664045143595634,0.488507911119005,-1.4052797513354625,-1.0891190913772084
2025-04-22,12.6,1.139365367635043,0.9934214527630937,-1.2150402576885027,-0.859394965225405
2025-04-23,0.0,0.9593288100284922,0.8580489772516624,-1.2265794381508943,-0.8877430813197078
2025-04-24,0.0,0.7956588171383717,0.7247994147237824,-1.2400368692658483,-0.9170169437300839
2025-04-25,0.0,0.7244109103620813,0.6613939776729262,-1.2636962164796686,-0.9453657485346987
2025-04-26,0.0,0.6668247310146752,0.6069304533890988,-1.278666920318277,-0.9730836133567985
2025-04-27,0.0,0.6292248209806408,0.5759418687025243,-1.293574788204364,-1.079678716206619
2025-04-28,0.0,0.5261359401572181,0.47920312424888606,-1.309354709219423,-1.1514297648875547
2025-04-29,0.0,0.42567219853708166,0.39159897875988925,-1.327508683392201,-1.2286758587516626
2025-04-30,0.0,0.368398214210837,0.334545653126047,-1.6313870252704974,-1.2558956656697156
2025-05-01,29.2,1.2648789461950902,1.2390091825562055,-1.3216363434973906,-0.7686978267088689
2025-05-02,0.0,1.0792484204885553,1.055102751850805,-1.3417580321454456,-0.9838916307189322
2025-05-03,5.5,1.1644581601315414,1.1346605269343606,-1.2841395982286383,-0.9163073203847987
2025-05-04,0.0,1.0651801275838093,1.047612951749481,-1.3038064633816344,-0.9482706051224453
2025-05-05,1.7,1.0202605355483514,1.0105537341432336,-1.2957772946199526,-0.9536655171882087
2025-05-06,0.6,0.967760844459889,0.9631648275104918,-1.3029938401735046,-0.9962968252490654
2025-05-07,0.0,0.8058692435257805,0.8050755910279799,-1.3177960252511183,-1.0266401775684209
2025-05-08,0.0,0.770928217122717,0.7719573743701726,-1.3305662821862307,-1.1007007207235355
2025-05-09,24.3,1.6212063785260138,1.6470183628055688,-1.0100185868305271,-0.7266109634956618
2025-05-10,0.7,1.5450796445300334,1.5877200195860042,-1.0147170213302252,-0.7401060400527588
2025-05-11,0.0,1.2778641292713069,1.310845780458375,-1.0276650020953844,-0.7634479306565646
2025-05-12,0.0,1.1668461204370035,1.2021835768747977,-1.0406073276314216,-0.7867324328202383
2025-05-13,0.0,0.9738630816044452,0.9895833853785552,-1.0534597383552256,-0.9568230140369239
2025-05-14,0.0,0.9511563728045573,0.9715489283652817,-1.0663506115517338,-0.9766571248711251
2025-05-15,0.3,0.9379381247691995,0.9561772138270118,-1.0787493234524659,-0.9890609713074644
2025-05-16,40.1,-0.257890247150546,2.1884836112757204,-0.5957912249464401,-0.4138324826242201
2025-05-17,0.4,-0.5466101431044748,2.0219759967768196,-0.6041395655989769,-0.42470503880712585
2025-05-18,0.0,-0.6936222982110949,1.8173629072677369,-0.6165437531310506,-0.44089424209828715
2025-05-19,0.0,-0.7242153050621091,1.5971649734269244,-0.6283977131322407,-0.4566284871004018
2025-05-20,0.0,-0.8124263285020314,1.5697647167378745,-0.6392022469442298,-0.4716189370793544
2025-05-21,0.0,-0.919464338132832,1.6517673496637122,-0.6495126435524291,-0.48529780599614386
2025-05-22,0.0,-0.9379086509081653,1.651778798418021,-0.6583033097959219,-0.4966410017407886
2025-05-23,0.0,-0.9926216715731193,1.723660950146973,-0.667641919427096,-0.5085075316652244
2025-05-24,0.0,-1.0561320839400898,1.7685523094761693,-0.7037668966120939,-0.5190404171747754
2025-05-25,0.0,-1.077099625072953,1.7401846134310255,-0.8380584079220383,-0.5308674078568283
2025-05-26,0.0,-1.1021911379211697,1.7194469340204448,-0.906199470364195,-0.5434520130181595
2025-05-27,0.0,-1.18053407280662,1.7651276326982523,-0.9628487887738244,-0.5540570043971528
2025-05-28,0.0,-1.2549511061258611,1.7726934319570637,-1.2010625497279053,-0.5651420301974457
2025-05-29,0.0,-1.2094997839727302,1.6339515666666438,-1.2133897018918378,-0.5751050318111901
2025-05-30,0.0,-1.1180651880438321,1.4027150718076031,-1.2257762497028506,-0.6287690358630403
2025-05-31,0.0,-1.2702838023515244,1.418011140234345,-1.235779199610546,-0.7223515042764664
2025-06-01,0.0,-1.3055720140278388,1.3331490998900934,-1.2455529165039834,-0.9161222238327613
2025-06-02,3.5,-1.1754434257103177,1.339785970466238,-1.2111538083409852,-0.9460933609569102
2025-06-03,0.0,-1.2935869329311198,1.336832548993012,-1.2224118436910159,-0.9561636262848223
2025-06-04,0.0,-1.3896709120023552,1.3395000278472373,-1.2370095626517639,-0.9664671007185559
2025-06-05,0.0,-1.4725693064582885,1.3921927573680275,-1.2693793966995273,-0.9776196491845199
2025-06-06,0.4,-1.4361883534040594,1.3162239797516675,-1.279324370853057,-0.9825373771476504
2025-06-07,0.0,-1.4809976524223438,1.2342867282126369,-1.2924280874074068,-0.9940880232206295
2025-06-08,0.0,-1.4868257054046163,1.1144173382922908,-1.3075627912694665,-1.0073279986838262
2025-06-09,0.0,-1.2020965117697613,0.795832744060059,-1.322499387843437,-1.021991961149134
2025-06-10,0.0,-1.3239353382804597,0.7832105511368669,-1.3373956605394777,-1.0375381858376298
2025-06-11,0.0,-1.4162087447516907,0.7676909841416901,-1.3684299379598137,-1.0550262258548395
2025-06-12,0.0,-1.4893844432247276,0.7541155356987457,-1.3865902000538544,-1.0718665697224958
2025-06-13,28.1,-0.6405727293856293,1.7043934377027443,-1.1033719527485693,-0.7396988829253586
2025-06-14,49.1,0.37136081245617986,0.25186843281474197,-0.6237957416631499,-0.20982724710730757
2025-06-15,7.0,0.25107795882875905,0.13378218679019194,-0.5862908542599197,-0.16837306460302193
2025-06-16,11.1,0.3570617310427232,0.23966594349325773,-0.514456691496726,-0.12949820784668215
2025-06-17,0.0,0.10263565382457149,-0.0017004242984054656,-0.5464319167748246,-0.16319333764015787
2025-06-18,0.0,-0.1325064936284217,-0.23762898014234057,-0.578533613402638,-0.1964805050473281
2025-06-19,0.0,-0.2833519867905098,-0.3760359883769109,-0.6167371021168279,-0.23067405916899
2025-06-20,3.8,-0.2389472866229058,-0.31130459045547787,-0.6174406918295867,-0.22929608984441055
2025-06-21,133.5,2.856625273430051,2.538308369015002,0.3713817110929554,0.810075591891136
2025-06-22,0.3,1.7975003555978049,1.9521540397245227,0.32603382634118633,0.7646417280499155
2025-06-23,0.0,1.056271450759363,1.4392400170149378,0.2794017666999073,0.719205091460088
2025-06-24,9.0,0.7163274436532361,1.1022753229705176,0.2926305590331655,0.7349109333949461
2025-06-25,0.6,0.38687777424896586,0.7651817635524246,0.24596352147884068,0.6931354076856172
2025-06-26,0.0,0.1756622693900542,0.5787474631463336,0.17665551944206978,0.6422112677727927
2025-06-27,0.0,-0.010436034832956362,0.36432007775593317,0.12793285649387995,0.582817079272411
2025-06-28,0.0,-0.13305166759733617,0.21298698894315007,0.07842203737967832,0.5310508138369121
2025-06-29,0.0,-0.26985165406331035,0.08216191676733933,0.02939548658902657,0.4798760424473386
2025-06-30,0.0,-0.39100840747561194,-0.030757238331675985,-0.020535952175093807,0.4272946442458384
2025-07-01,0.0,-0.4827765843382391,-0.13635316996758587,-0.07101169311447951,0.3747938480383183
2025-07-02,0.0,-0.6039905529720455,-0.24591418496638534,-0.12161052233996587,0.3223621353506812
2025-07-03,0.0,-0.6746668230966358,-0.33748218981868994,-0.17267482718618435,0.27046560736550457
2025-07-04,0.0,-0.7519426876422323,-0.425847935130089,-0.2290172815628241,0.20643700409794563
2025-07-05,0.0,-0.8378626513762324,-0.5179009278206523,-0.2851899669285224,0.15836177346460664
2025-07-06,0.0,-0.8970760878656486,-0.5926863301619908,-0.3601362900003213,0.1125206195340777
2025-07-07,0.0,-0.9365902585148367,-0.6425604613953533,-0.4109092758125202,0.06635592275892811
2025-07-08,0.0,-1.0972904068430864,-0.7555528858110607,-0.47006476829335725,0.02053316334398586
2025-07-09,0.0,-1.1145027588541614,-0.8168453065330602,-0.5183642850281752,-0.024777895427974
2025-07-10,0.0,-1.2010285074993845,-0.9085141563643762,-0.5661345167722556,-0.06926920292992715
2025-07-11,0.0,-1.1276265783784836,-0.8870174612121443,-0.6121912031103127,-0.23499079189468824
2025-07-12,0.0,-1.280965459183221,-1.0137026920024457,-0.6579482921098536,-0.28165303252058144
2025-07-13,50.2,-0.7123018840393049,-0.5201592040803393,-0.4136175680977383,-0.09334893617552747
2025-07-14,0.0,-0.9266508606128225,-0.7199457107189714,-0.45658333277772706,-0.1330507170261389
2025-07-15,0.3,-0.9978318631992564,-0.8043024548721955,-0.4974506884559127,-0.16762153613857256
2025-07-16,8.9,-0.93479012726379,-0.742651505657836,-0.4899612137898893,-0.1509630197280388
2025-07-17,426.4,4.455813870618951,3.916851520322437,1.3755019679506046,1.7459646198102217
2025-07-18,20.7,2.210696126197107,3.2811461298980578,1.4135067781215789,1.7647683943087549
2025-07-19,80.1,2.2054841256146394,3.98105660814993,1.664463648913434,2.016173188900599
2025-07-20,0.0,1.3742015701234844,3.6271632635505835,1.6284200663382764,1.9877904713548333
2025-07-21,3.4,0.9324425776290922,3.4025285391693276,1.6061580549529817,1.9295980673063764
2025-07-22,0.0,0.600034846931977,3.2252273339382227,1.5730968484726546,1.9035179507508337
2025-07-23,0.0,0.32534518962999576,2.9078023517396505,1.5394401721241646,1.876327641800997
2025-07-24,0.0,0.12542761149312037,2.5165029091885427,1.5041645725394288,1.8474711215015556
2025-07-25,0.0,-0.005953013701633163,2.1448306990201194,1.468446827710336,1.8182751632563656
2025-07-26,0.0,-0.10211887667808225,1.9810372392848112,1.417816189416004,1.7883316768523883
2025-07-27,0.0,-0.19002601073707828,1.9344070658058174,1.376276712154244,1.7624320858822977
2025-07-28,32.8,0.19166181282161782,2.2468858066540047,1.4504051588543576,1.8504511575469644
2025-07-29,0.0,0.06753260760580637,2.1275194544417206,1.417729724288817,1.824232001634762
2025-07-30,0.0,-0.030735537153214056,1.9639247399225368,1.3803730296784593,1.6970044115653387
2025-07-31,0.0,-0.12080798808913921,1.8957610039289654,1.3112843043172462,1.6713295004221933
2025-08-01,0.0,-0.20803571992818704,1.8204489090385951,1.2808760023006651,1.6287740915164073
2025-08-02,10.7,-0.13300006232959477,1.8464955762671196,1.2872179775028367,1.6424535436857022
2025-08-03,186.7,2.4150835894893223,3.9785827780394762,1.8639854462605918,2.2099712650856795
2025-08-04,22.6,1.6228797630612355,3.6378721440143775,1.8927805043287331,2.243512702509951
2025-08-05,1.9,1.2539427017092282,3.5568543205278753,1.8607636850987237,2.2137956426687464
2025-08-06,0.7,0.959552552582359,3.4590261000029816,1.8174183178927792,2.1789502126304563
2025-08-07,0.0,0.6773569412252516,3.191696677277042,1.7806776114011726,2.06971786365642
2025-08-08,0.0,0.38903543735151336,2.6210067929266563,1.7433423837352007,2.0298152655707606
2025-08-09,24.3,0.46622718645844163,2.272145878402658,1.780425813640559,2.06374792508844
2025-08-10,33.8,0.7382820170644555,2.388304360598312,1.8442441777278307,2.122849948421078
2025-08-11,11.2,0.7321492444321568,2.3118385329125797,1.81543375979701,2.1187121812627114
2025-08-12,47.0,1.204096424886955,2.679299007413857,1.9134799693782314,2.209851380531854
2025-08-13,2.1,1.0375538166138045,2.543959690110506,1.8850944962640162,2.179934767633091
2025-08-14,8.7,0.9933775981744297,2.4715676540527585,1.874667859144826,2.0612871028826905
2025-08-15,0.0,0.8423021238985086,2.3586227816294443,1.8384096388961266,2.0248266382358953
2025-08-16,0.0,0.7171926841620357,2.2627437096278746,1.8008947051099027,1.9886063431070136
2025-08-17,0.0,0.6152621115096187,2.228459948418773,1.7639878385700378,1.9524837352364024
2025-08-18,0.0,0.44514226747283075,2.005491722289607,1.7289179659756915,1.9174881939958912
2025-08-19,0.0,0.2875110864861259,1.7713365167986168,1.6950562586865292,1.8824751896899312
2025-08-20,0.0,0.20056794700992045,1.65835286381307,1.6629666029273404,1.8489765609196396
2025-08-21,0.0,0.10274445044425974,1.5417424708480132,1.6306127500811998,1.8157312278212168
2025-08-22,0.0,0.02739810672244303,1.4701354349096292,1.599417382081434,1.7837799541067245
2025-08-23,0.0,-0.05487717162921938,1.3780952648765836,1.5701959315721585,1.7542195242393823
2025-08-24,0.0,-0.13200493834211421,1.3461727394424623,1.5425230350819257,1.726868335738077
2025-08-25,0.0,-0.21614644934738997,1.2910360162875427,1.5165535241162582,1.7019235200329885
2025-08-26,31.0,0.10858748148049775,1.5322692333549217,1.574636470523843,1.7567953887971959
2025-08-27,0.0,-0.03293831544100091,1.35628557925093,1.551315421924815,1.734249752337596
2025-08-28,0.0,-0.14529500000180073,1.3056257446114836,1.518864143287191,1.7124662775665438
2025-08-29,0.0,-0.24962578755914522,1.2240223575455855,1.4789632973353752,1.691446687399591
2025-08-30,6.0,-0.22473805102712813,1.1347084758717658,1.4364819204843537,1.684884995758302
2025-08-31,45.9,0.20619666702619088,1.4136055163177015,1.521021175298793,1.7672793116993875
2025-09-01,2.8,0.1132626133854704,1.361396028898381,1.5055110848781483,1.7527455863249883
2025-09-02,20.3,0.2742236053673217,1.5055562167703915,1.5353902699642559,1.7806028387140156
2025-09-03,0.0,0.1678191196310108,1.4219089184043876,1.5135995795533548,1.762349957519288
2025-09-04,38.1,0.5747294428982729,1.7472622217543574,1.5905930372655144,1.8349703603608192
2025-09-05,2.8,0.45911612238921845,1.6710129186903333,1.5786181508773707,1.826897400544073
2025-09-06,0.0,0.3705902024486422,1.6132573261337615,1.5598017619640108,1.8143925689745255
2025-09-07,26.3,0.6653433839551103,1.8710297656012413,1.6072986248474757,1.8647727989921195
2025-09-08,14.3,0.7376217772520515,1.890931531349757,1.62548367507594,1.889180722560365
2025-09-09,22.5,0.943379316446521,2.0690818349675406,1.6633702891920583,1.9332173178843473
2025-09-10,4.7,0.8662061815406583,2.0051508016177024,1.6580742699250908,1.9394399160536568
2025-09-11,0.0,0.7649320413421113,1.9281111556802544,1.639414180242193,1.8728658745135676
2025-09-12,0.1,0.6209501863619412,1.7240692192317997,1.6248962981062438,1.7574289198057007
2025-09-13,26.6,0.873203642874931,1.8837350097337835,1.6751725237927837,1.801713059350282
2025-09-14,0.0,0.7278483966867406,1.7760930280259013,1.6523366209491512,1.7766979554584974
2025-09-15,5.2,0.6592098583281087,1.685514478183503,1.6525442422122916,1.7910786032956523
2025-09-16,0.3,0.5422740943755127,1.5691148680692137,1.6429921803584682,1.7959992717895008
2025-09-17,6.9,0.5630925778646914,1.594673910507915,1.6497537476903688,1.8186294473548257
2025-09-18,0.0,0.4812570862388102,1.5160399885083036,1.6408858155437454,1.817102447364394
2025-09-19,0.0,0.41643132147558026,1.4446890660339369,1.6332272086580155,1.5055402043941752
2025-09-20,9.3,0.49181378498240563,1.528387032042572,1.64748508559407,1.538057176656922
2025-09-21,0.0,0.44608838845164184,1.5133199564618312,1.639975049914378,1.5496642221573367
2025-09-22,0.0,0.4056604615571337,1.5069572166587835,1.6323306056646918,1.53968460881201
2025-09-23,0.0,0.3603382699987317,1.4852764904148807,1.6248435026980808,1.5504565203521017
2025-09-24,5.3,0.4174622164826254,1.5585439016263056,1.6303877764015984,1.5790099399237416
2025-09-25,35.5,0.900823429775055,1.971089374363319,1.7034964257798955,1.682502812717523
2025-09-26,0.0,0.8193487509087576,1.916836482551872,1.6969556067227667,1.7001850917072734
2025-09-27,0.0,0.7709852839616003,1.8817481578473503,1.6906433982834015,1.7190988671874927
2025-09-28,17.7,0.9936585157430327,2.0712933363075234,1.7258028388336832,1.7827342643724757
2025-09-29,0.0,0.879368539923017,1.9767239176948768,1.7213773428067776,1.8055304508948653
2025-09-30,0.0,0.6989677891889077,1.748315275416591,1.7180659264265303,1.8311823269094203
2025-10-01,0.0,0.6998073400369286,1.7475620451330767,1.7159425722405421,1.8584114430475074
2025-10-02,1.2,0.6748835357820198,1.7310496553697554,1.7126358570175744,1.89070315154554
2025-10-03,77.8,1.876508934900558,2.6899452485835442,1.8865034543601342,2.105405790262189
2025-10-04,0.7,1.7220867275480753,2.5862425390519204,1.888331626497666,2.138516814658887
2025-10-05,0.0,1.570559406533875,2.466149776117898,1.8891742361795112,2.172423777724424
2025-10-06,1.2,1.4875415026105854,2.4024687678102823,1.8926090859759261,2.2096939852161657
2025-10-07,3.3,1.443617738711467,2.3676008141902027,1.9009667061074205,2.2531294826318207
2025-10-08,0.9,1.4053449973120864,2.3516615322355094,1.9045590909299908,2.2933783233607183
2025-10-09,0.0,1.353163638412974,2.323679376456875,1.8613193882063999,2.330759375662807
2025-10-10,0.0,1.292224785414693,2.2861990718609295,1.8606161721685484,2.366907303565474
2025-10-11,0.0,1.2139942553102347,2.2295590194259636,1.8337201218681947,2.282350563000553
2025-10-12,0.0,1.166760146733669,2.181700589242307,1.8340927058139382,2.316961293617456
2025-10-13,0.1,1.1157801388932436,2.144798635019827,1.83500548485633,2.353427736571986
2025-10-14,22.3,1.4700133827892365,2.4132209887816733,1.8846659136884012,2.423564312499462
2025-10-15,0.3,1.4284379820880215,2.404270420306954,1.8863519203134174,1.2999234912066875
2025-10-16,18.5,1.7222073828391609,2.6446614476203423,1.9147763557355986,1.3280571773764265
2025-10-17,3.8,1.6814326995428828,2.618899466934217,1.924202006098596,1.1198797450851057
2025-10-18,1.7,1.6622142783747216,2.6110413240685704,1.9310139720628603,1.1597223592855184
2025-10-19,0.0,1.619576629366991,2.5872364685994533,1.906552258628813,1.1830491499646936
2025-10-20,0.0,1.5940390912012894,2.5854137690430607,1.9082045222248687,1.216994154859404
2025-10-21,0.0,1.5638847348087443,2.584128851863862,1.9103567252516669,1.2505568189539633
2025-10-22,0.0,1.5292442344227422,2.559002054730801,1.9126430325988069,1.285118609140627
2025-10-23,0.0,1.4574441935616536,2.513941995257848,1.915876736215866,1.319641428016589
2025-10-24,0.0,1.4409913925585243,2.5222214745698155,1.9191047517440416,1.3530482574982958
2025-10-25,0.0,1.3850834884298746,2.4748865508960076,1.9229294465737192,1.3809321964487353
2025-10-26,0.0,1.346068207042216,2.446577382039584,1.926695309123602,1.2980487888979422
2025-10-27,0.2,1.3264745424325555,2.434832545531147,1.930896667295454,1.3252008918618023
2025-10-28,0.0,1.2528285212840389,2.3756247289762964,1.8721717776159073,1.3546155391903643
2025-10-29,0.0,1.1953062171855113,2.3265740617508457,1.8769269897485283,1.3810980716293906
2025-10-30,0.0,1.1657686035182662,2.3177747999632627,1.8701063081466558,1.4058920993416582
2025-10-31,0.4,1.1428475938971814,2.307250394487592,1.8761635955193199,1.3962540205862097
2025-11-01,7.2,1.2780187463443862,2.4202743053366884,1.8927475387709884,0.7693138257127075
2025-11-02,0.0,1.2455103357966515,2.395618589789253,1.8957905950798988,0.7081698911369558
2025-11-03,0.0,1.2223818959216146,2.3860037172590722,1.900589334513835,0.7305616073991794
2025-11-04,0.0,1.1983277130020438,2.367734350025858,1.905216764878877,0.7591380500995392
2025-11-05,0.0,1.1755799096105632,2.369898806960125,1.8570015232016943,0.7905663449041334
2025-11-06,0.0,1.0968155489597198,2.2838548564826464,1.8602204567891492,0.8230527475638238
2025-11-07,0.0,1.0841002678464764,2.3122734819643043,1.8651626080303254,0.7567477076025583
2025-11-08,10.5,1.3133182351713986,2.514639314838385,1.8926981323620424,0.6926748493383806
2025-11-09,4.4,1.3452958679268392,2.541498676478427,1.907029921581636,0.6977008013808917
2025-11-10,0.0,1.2735931733428776,2.506659223380914,1.9117220433252504,0.5281486122983944
2025-11-11,0.0,1.2011281187094827,2.422900729466255,1.9162302098069615,0.5548186257680089
2025-11-12,0.0,1.1583727963878516,2.4022404102676083,1.8332554290043248,0.553283491989937
2025-11-13,0.0,1.130959407889722,2.417978963370235,1.837129145149851,0.592498882724365
2025-11-14,0.0,1.1030404842408086,2.4160451150603164,1.8422262733180128,0.6337882273788878
2025-11-15,0.0,1.0688603889031336,2.400042806578808,1.8467183591232257,0.6758695652180053
2025-11-16,0.0,1.0150800281561,2.354000261235995,1.8510293663899815,0.7186729945348835
2025-11-17,0.0,0.9574349413339531,2.3048114151276202,1.8544389721929906,0.7620204140445435
2025-11-18,0.0,0.9111981419151632,2.2729394854841036,1.8570843861673794,0.8069018439365897
2025-11-19,0.0,0.8841585408944665,2.2652528483721714,1.8594831656449924,0.8535892556974518
2025-11-20,0.0,0.8417974880159967,2.197977670131547,1.8621243418154256,0.9017016166588855
2025-11-21,0.0,0.809734606806976,2.192949232890385,1.8643225304405069,0.9498349218653872
2025-11-22,0.0,0.7528152369296435,2.121247610383044,1.86685287289346,0.9984693641366542
2025-11-23,0.0,0.7350594912082569,2.132826382148195,1.86912811978461,1.0483712618344097
2025-11-24,0.0,0.7081829901825176,2.1367635906684717,1.8716385183616269,0.9510334528981106
2025-11-25,3.7,0.8034811859022996,2.249789532848247,1.8818938824041225,1.0215285570860286
2025-11-26,0.0,0.7489688481084172,2.205269355825873,1.8850577030482096,1.0753902498767685
2025-11-27,7.0,0.8923699748410759,2.278658040518133,1.9040525325079853,1.1651174250755407
2025-11-28,0.0,0.8237198414682605,2.2491335731086095,1.9074565624112139,1.1906457870637213
2025-11-29,0.0,0.7521139069033997,2.213896041824152,1.9031666322122056,1.006331862686015
2025-11-30,0.0,0.71573641986491,2.2070486892794636,1.9060304617932473,1.0483377160623903
2025-12-01,0.0,0.6838238233111356,2.21247071726229,1.9090614732743554,0.9902141320378364
2025-12-02,0.0,0.6388295455406974,2.1766253047494812,1.9132078056769772,1.0494758081480726
2025-12-03,0.0,0.601503952228162,2.154211236691474,1.9166792955570373,0.874152400130449
2025-12-04,0.0,0.5493492968174789,2.11891585013574,1.9209918864372308,0.912560852274581
2025-12-05,0.0,0.49833196435542104,2.0398398977288297,1.9267041175399104,0.9688386283668344
2025-12-06,0.0,0.44721426902426303,1.9883435341341715,1.9330906155907508,0.8486691202850171
2025-12-07,0.0,0.4099089331631098,1.9628473084302758,1.9405717164811718,0.8026359998928327
2025-12-08,0.0,0.3809677049934503,1.9742637420690692,1.9494737727306206,0.6893901116381004
2025-12-09,0.0,0.354607616596351,1.9881353982587024,1.9605602799764883,0.7051792804002371
2025-12-10,0.0,0.3139350680276059,1.9314233551720625,1.9126741993398957,0.7575127016751472
2025-12-11,3.5,0.3941981767501053,1.9646723474363836,1.825327375299301,0.8370575617066328
2025-12-12,0.0,0.3542571925116373,1.9475382880301066,1.822369539731076,0.662850020745528
2025-12-13,9.7,0.6629029622988184,2.214359575686573,1.8338902072113443,0.7973846385680502
2025-12-14,0.8,0.5947272092740163,2.127414802612459,1.8510081721931808,0.8064812223397563
2025-12-15,0.0,0.49353149531769513,1.9667362936717192,1.8663548502209275,0.8499157400742179
2025-12-16,0.0,0.4469200220672105,1.938881662766212,1.883980042301862,0.832753824934004
2025-12-17,0.0,0.4133326412899633,1.927739022074449,1.8807481693537875,0.8634760710349617
2025-12-18,0.0,0.3828699321656703,1.9291553038782399,1.5939469064686977,0.9086851479254615
2025-12-19,0.0,0.3538665352135084,1.927024057745531,1.613195990115243,0.8632309511865638
2025-12-20,2.7,0.41793879843033577,1.9924573032880337,1.6406090676774157,0.932833085386414
2025-12-21,0.0,0.36690901580800217,1.9276000231661476,1.6411047331696225,0.9764181544381619
2025-12-22,0.0,0.3220648152980607,1.879946150724036,1.6629897101700286,1.0220188008772493
2025-12-23,4.9,0.45644737596398105,2.0089319646431623,1.69936838738856,1.0651007297680586
2025-12-24,8.9,0.7232691037778997,2.206872250983701,1.747898785244536,0.8280273256077416
2025-12-25,0.5,0.6641446057242869,2.1754233998224213,1.7770576787207548,0.8779639505760704
2025-12-26,0.0,0.610779985770795,2.136630317954075,1.8073527708104717,0.9230683162874733
2025-12-27,0.0,0.5642815953581479,2.0890895347458147,1.8382213469457944,0.759050458128923
2025-12-28,0.0,0.522539354759764,2.0316003234252356,1.8711835173019153,0.8022312003140827
2025-12-29,0.0,0.4896265408444766,2.0301914179793092,1.9058225333354573,0.84150695423783
2025-12-30,0.0,0.42727535396027044,1.9516862258943795,1.9423991915378926,0.8800058133995713
2025-12-31,0.0,0.3727950847463698,1.9048352662271193,1.9805839398430682,0.9030152705483906
